disease,taluk,district,latitude,longitude,date,candidate_source,source_evidence_score,source_confidence
acute_diarrheal_disease,Pattambi,Palakkad,10.8,76.2,2020-01-01,False,0.5402038928447892,MEDIUM
acute_diarrheal_disease,Aluva,Ernakulam,10.1075,76.3516,2020-01-03,False,0.538951549506862,MEDIUM
acute_diarrheal_disease,Mukundapuram,Thrissur,10.3333,76.2167,2020-01-03,False,0.519331637948196,MEDIUM
acute_diarrheal_disease,Kothamangalam,Ernakulam,10.0667,76.6333,2020-01-04,False,0.5817052753945277,MEDIUM
acute_diarrheal_disease,Nedumangad,Thiruvananthapuram,8.6036,77.0031,2020-01-04,False,0.4800823852570103,MEDIUM
acute_diarrheal_disease,Neyyattinkara,Thiruvananthapuram,8.4004,77.0872,2020-01-04,False,0.4652796272783353,MEDIUM
acute_diarrheal_disease,Kochi,Ernakulam,9.9312,76.2673,2020-07-06,False,0.5105604884645116,MEDIUM
acute_diarrheal_disease,Perinthalmanna,Malappuram,10.9667,76.2167,2020-07-07,False,0.5031506689457564,MEDIUM
acute_diarrheal_disease,Iritty,Kannur,11.9333,75.7,2020-08-08,True,0.8268966746638382,MEDIUM
acute_diarrheal_disease,Varkala,Thiruvananthapuram,8.7379,76.7163,2020-08-08,False,0.4714249573948569,MEDIUM
acute_diarrheal_disease,Kunnamkulam,Thrissur,10.65,76.0667,2020-09-09,False,0.4691056205493004,MEDIUM
acute_diarrheal_disease,Alathur,Palakkad,10.6333,76.55,2020-09-09,False,0.4675308171016287,MEDIUM
acute_diarrheal_disease,Cherthala,Alappuzha,9.6833,76.3333,2020-09-10,False,0.4939051614220096,MEDIUM
acute_diarrheal_disease,Tirurangadi,Malappuram,11.0,75.9333,2020-09-11,False,0.7103993930628707,MEDIUM
acute_diarrheal_disease,Kondotty,Malappuram,11.15,75.9667,2020-09-11,False,0.4660050952115487,MEDIUM
acute_diarrheal_disease,Kozhikode,Kozhikode,11.2450558,75.7754716,2020-09-11,False,0.4522405067621434,MEDIUM
acute_diarrheal_disease,North Paravur,Ernakulam,10.1333,76.2,2020-09-12,False,0.4509855338887134,MEDIUM
acute_diarrheal_disease,Thrissur,Thrissur,10.5256264,76.2132542,2020-10-14,False,0.4271223968128911,MEDIUM
acute_diarrheal_disease,Meenachil,Kottayam,9.7167,76.6833,2020-10-14,False,0.4917212826672894,MEDIUM
acute_diarrheal_disease,Thodupuzha,Idukki,9.8955,76.7241,2020-10-15,False,0.4455864049776811,MEDIUM
acute_diarrheal_disease,Vellarikundu,Kasaragod,12.4167,75.2333,2020-10-15,False,0.4085990581974542,MEDIUM
acute_diarrheal_disease,Koyilandy,Kozhikode,11.4333,75.7,2020-10-15,False,0.407584174363786,MEDIUM
acute_diarrheal_disease,Karthikappally,Alappuzha,9.2833,76.4667,2020-10-17,False,0.4299932378559812,MEDIUM
acute_diarrheal_disease,Mavelikkara,Alappuzha,9.2667,76.55,2020-10-17,False,0.4376866700013057,MEDIUM
acute_diarrheal_disease,Chalakudy,Thrissur,10.3,76.3333,2020-11-19,False,0.3874229429564803,MEDIUM
acute_diarrheal_disease,Ambalappuzha,Alappuzha,9.5006651,76.41241429,2020-11-19,False,0.4458524724016993,MEDIUM
acute_diarrheal_disease,Mannarkkad,Palakkad,11.0,76.4667,2020-11-21,False,0.3612459980528498,MEDIUM
acute_diarrheal_disease,Thamarassery,Kozhikode,11.2667,75.9333,2020-11-21,False,0.4567440685015905,MEDIUM
acute_diarrheal_disease,Nilambur,Malappuram,11.2833,76.2333,2020-11-22,False,0.364142370703771,MEDIUM
acute_diarrheal_disease,Peerumade,Idukki,9.5667,76.9667,2020-11-23,False,0.7052742685583533,MEDIUM
acute_diarrheal_disease,Thiruvalla,Pathanamthitta,9.3833,76.5833,2020-11-23,False,0.44392068020009,MEDIUM
acute_diarrheal_disease,Thalassery,Kannur,11.75,75.4833,2020-11-23,False,0.3698576091734942,MEDIUM
acute_diarrheal_disease,Muvattupuzha,Ernakulam,9.9833,76.5833,2020-11-24,False,0.3694630414429021,MEDIUM
acute_diarrheal_disease,Chenganoor,Alappuzha,9.3167,76.6167,2020-11-24,False,0.4124829601282076,MEDIUM
acute_diarrheal_disease,Kollam,Kollam,8.8879509,76.5955013,2020-12-26,False,0.3127763641626738,MEDIUM
acute_diarrheal_disease,Palakkad,Palakkad,10.78789845,76.47408711,2020-12-28,False,0.3300972573202939,MEDIUM
acute_diarrheal_disease,Devikulam,Idukki,10.0667,77.1,2020-12-28,False,0.3207406391346621,MEDIUM
acute_diarrheal_disease,Kodungallur,Thrissur,10.2333,76.2,2020-12-31,False,0.3188828066505091,MEDIUM
acute_diarrheal_disease,Adoor,Pathanamthitta,9.1667,76.7333,2020-12-31,False,0.3350613396483115,MEDIUM
acute_diarrheal_disease,Kanayannur,Ernakulam,9.98408,76.2741457,2021-01-03,False,0.3015848332932833,MEDIUM
acute_diarrheal_disease,Tirur,Malappuram,10.9167,75.9167,2021-01-04,False,0.3029893800386696,MEDIUM
acute_diarrheal_disease,Ernad,Malappuram,11.1201,76.1197,2021-02-05,False,0.3099634077103186,MEDIUM
acute_diarrheal_disease,Hosdurg,Kasaragod,12.3167,75.1,2021-08-08,False,0.2849301931346778,MEDIUM
acute_diarrheal_disease,Changanassery,Kottayam,9.45,76.5333,2021-09-08,False,0.4023158073275215,MEDIUM
acute_diarrheal_disease,Kottarakkara,Kollam,9.0002,76.7788,2021-09-10,False,0.2651022334878579,MEDIUM
acute_diarrheal_disease,Talappilly,Thrissur,10.6667,76.25,2021-09-12,False,0.2608858746026092,MEDIUM
acute_diarrheal_disease,Vaikom,Kottayam,9.75,76.4,2021-10-13,False,0.2842124004590687,MEDIUM
acute_diarrheal_disease,Pathanapuram,Kollam,9.1,76.87,2021-10-15,False,0.2594660098439521,MEDIUM
acute_diarrheal_disease,Manjeshwaram,Kasaragod,12.7167,74.8833,2021-10-15,False,0.2030904671682594,MEDIUM
acute_diarrheal_disease,Kasaragod,Kasaragod,12.5035577,74.9907022,2021-11-18,False,0.2108905159829198,MEDIUM
acute_diarrheal_disease,Chirayinkeezhu,Thiruvananthapuram,8.6963,76.8153,2021-12-27,False,0.2031039661253256,MEDIUM
acute_diarrheal_disease,Kuttanad,Alappuzha,9.5833,76.4167,2021-12-29,False,0.2457723818325415,MEDIUM
acute_diarrheal_disease,Kanjirappally,Kottayam,9.5667,76.7833,2022-01-02,False,0.3294520456269511,MEDIUM
acute_diarrheal_disease,Konni,Pathanamthitta,9.2667,76.9333,2022-07-07,False,0.2552052796960601,MEDIUM
acute_diarrheal_disease,Kottayam,Kottayam,9.6287383,76.64553257,2022-07-07,False,0.2735467022306154,MEDIUM
acute_diarrheal_disease,Kannur,Kannur,11.8763836,75.3737973,2022-08-07,False,0.2408457739205924,MEDIUM
acute_diarrheal_disease,Payyanur,Kannur,12.1,75.2,2022-09-10,False,0.5455703889980099,MEDIUM
acute_diarrheal_disease,Nileshwaram,Kasaragod,12.25,75.1,2022-10-14,False,0.2063333981052059,MEDIUM
acute_diarrheal_disease,Ponnani,Malappuram,10.7667,75.9167,2022-10-17,False,0.1730316023025215,MEDIUM
acute_diarrheal_disease,Vadakara,Kozhikode,11.6,75.5833,2022-11-19,False,0.1911193396323198,MEDIUM
acute_diarrheal_disease,Taliparamba,Kannur,12.0333,75.35,2022-12-26,False,0.2012973762474882,MEDIUM
acute_diarrheal_disease,Vythiri,Wayanad,11.6226,76.0813,2022-12-30,False,0.2645497261776947,MEDIUM
acute_diarrheal_disease,Udumbanchola,Idukki,9.8333,77.1333,2022-12-31,False,0.187817083582242,MEDIUM
acute_diarrheal_disease,Kunnathoor,Kollam,9.0292,76.627,2023-01-02,False,0.1598212440666955,MEDIUM
acute_diarrheal_disease,Sulthan Bathery,Wayanad,11.6667,76.2667,2023-08-07,False,0.1294767361916347,MEDIUM
acute_diarrheal_disease,Kunnathunad,Ernakulam,10.1167,76.4833,2023-08-08,False,0.1444848420933658,MEDIUM
acute_diarrheal_disease,Kattakkada,Thiruvananthapuram,8.5667,77.1,2023-09-02,False,0.0948989857692381,MEDIUM
acute_diarrheal_disease,Punalur,Kollam,9.0089,76.9269,2023-09-09,False,0.1217154346866958,MEDIUM
acute_diarrheal_disease,Mallappally,Pathanamthitta,9.3833,76.6833,2023-09-11,False,0.3776902771372988,MEDIUM
acute_diarrheal_disease,Chavakkad,Thrissur,10.5833,76.0167,2023-10-18,False,0.1134656823078407,MEDIUM
acute_diarrheal_disease,Ottapalam,Palakkad,10.7667,76.3667,2023-11-18,False,0.1192298877143527,MEDIUM
acute_diarrheal_disease,Chittur,Palakkad,10.7,76.75,2024-09-10,False,0.0942760592922171,MEDIUM
acute_diarrheal_disease,Thiruvananthapuram,Thiruvananthapuram,8.4882267,76.947551,2024-10-13,False,0.0563610632860542,MEDIUM
acute_encephalitis_syndrome,Tirurangadi,Malappuram,11.0,75.9333,2020-01-01,False,0.50107152360089,HIGH
acute_encephalitis_syndrome,Ernad,Malappuram,11.1201,76.1197,2020-08-12,False,0.4965164502726714,HIGH
acute_encephalitis_syndrome,Changanassery,Kottayam,9.45,76.5333,2020-08-13,False,0.4458679272591734,HIGH
acute_encephalitis_syndrome,Ranni,Pathanamthitta,9.3833,76.9667,2020-08-13,False,0.4281380431446263,HIGH
acute_encephalitis_syndrome,Kozhikode,Kozhikode,11.2450558,75.7754716,2020-08-14,False,0.4353142365196543,HIGH
acute_encephalitis_syndrome,Kunnathunad,Ernakulam,10.1167,76.4833,2020-11-19,False,0.4215834533133404,HIGH
acute_encephalitis_syndrome,Payyanur,Kannur,12.1,75.2,2020-11-24,False,0.3957982589357456,HIGH
acute_encephalitis_syndrome,Adoor,Pathanamthitta,9.1667,76.7333,2020-12-30,False,0.3739494371416912,HIGH
acute_encephalitis_syndrome,Manjeshwaram,Kasaragod,12.7167,74.8833,2021-05-07,False,0.3601365019041512,HIGH
acute_encephalitis_syndrome,Idukki,Idukki,9.8497872,76.9797914,2021-08-13,False,0.3546850759394229,HIGH
acute_encephalitis_syndrome,Karthikappally,Alappuzha,9.2833,76.4667,2021-09-16,False,0.3361220235650082,HIGH
acute_encephalitis_syndrome,Vellarikundu,Kasaragod,12.4167,75.2333,2021-09-18,False,0.3295949192003553,HIGH
acute_encephalitis_syndrome,Ottapalam,Palakkad,10.7667,76.3667,2021-09-18,True,0.6568081369884246,HIGH
acute_encephalitis_syndrome,Nilambur,Malappuram,11.2833,76.2333,2021-11-20,False,0.324633725452856,HIGH
acute_encephalitis_syndrome,Pattambi,Palakkad,10.8,76.2,2021-11-20,False,0.3986731686710216,HIGH
acute_encephalitis_syndrome,North Paravur,Ernakulam,10.1333,76.2,2021-12-29,False,0.2894625105021832,HIGH
acute_encephalitis_syndrome,Vadakara,Kozhikode,11.6,75.5833,2022-01-03,False,0.2641049229346338,HIGH
acute_encephalitis_syndrome,Mavelikkara,Alappuzha,9.2667,76.55,2022-07-09,False,0.2432455298996297,HIGH
acute_encephalitis_syndrome,Thiruvananthapuram,Thiruvananthapuram,8.4882267,76.947551,2022-08-11,False,0.2238857915519051,HIGH
acute_encephalitis_syndrome,Cherthala,Alappuzha,9.6833,76.3333,2022-08-12,False,0.2238685592544913,HIGH
acute_encephalitis_syndrome,Palakkad,Palakkad,10.78789845,76.47408711,2022-08-15,False,0.3852941143130967,HIGH
acute_encephalitis_syndrome,Kunnathoor,Kollam,9.0292,76.627,2022-08-16,False,0.1876043330957166,HIGH
acute_encephalitis_syndrome,Kottayam,Kottayam,9.6287383,76.64553257,2022-11-19,False,0.1819953261751739,HIGH
acute_encephalitis_syndrome,Thiruvalla,Pathanamthitta,9.3833,76.5833,2022-11-24,False,0.1657019862453276,HIGH
acute_encephalitis_syndrome,Vaikom,Kottayam,9.75,76.4,2022-12-29,False,0.1585591543546705,HIGH
acute_encephalitis_syndrome,Thodupuzha,Idukki,9.8955,76.7241,2023-05-04,False,0.1464694592932267,HIGH
acute_encephalitis_syndrome,Varkala,Thiruvananthapuram,8.7379,76.7163,2023-07-01,False,0.1194337995440564,HIGH
acute_encephalitis_syndrome,Kannur,Kannur,11.8763836,75.3737973,2023-07-08,False,0.1151334914785356,HIGH
acute_encephalitis_syndrome,Vythiri,Wayanad,11.6226,76.0813,2023-08-12,False,0.1096034205495892,HIGH
acute_encephalitis_syndrome,Kochi,Ernakulam,9.9312,76.2673,2023-08-26,False,0.0967693411611415,HIGH
acute_encephalitis_syndrome,Ambalappuzha,Alappuzha,9.5006651,76.41241429,2023-09-16,False,0.0746793392403234,HIGH
acute_encephalitis_syndrome,Hosdurg,Kasaragod,12.3167,75.1,2023-11-24,False,0.0651118552034651,HIGH
acute_encephalitis_syndrome,Chirayinkeezhu,Thiruvananthapuram,8.6963,76.8153,2023-12-26,False,0.0408575938563426,HIGH
acute_encephalitis_syndrome,Nileshwaram,Kasaragod,12.25,75.1,2024-05-18,False,0.0374089709319761,HIGH
amoebic_meningo_encephalitis_confirmed,Chirayinkeezhu,Thiruvananthapuram,8.6963,76.8153,2023-10-28,True,0.5676826538170388,HIGH
chicken_pox,Cherthala,Alappuzha,9.6833,76.3333,2020-01-01,False,0.5641457626082992,MEDIUM
chicken_pox,Nilambur,Malappuram,11.2833,76.2333,2020-01-01,False,0.5220182708952337,MEDIUM
chicken_pox,Ernad,Malappuram,11.1201,76.1197,2020-01-02,True,0.7705688026682171,MEDIUM
chicken_pox,Mannarkkad,Palakkad,11.0,76.4667,2020-01-02,False,0.5140798446418593,MEDIUM
chicken_pox,Payyanur,Kannur,12.1,75.2,2020-01-03,False,0.514844639161759,MEDIUM
chicken_pox,Manjeshwaram,Kasaragod,12.7167,74.8833,2020-02-04,False,0.4604720011669052,MEDIUM
chicken_pox,Sulthan Bathery,Wayanad,11.6667,76.2667,2020-02-05,False,0.4805136042120168,MEDIUM
chicken_pox,Pattambi,Palakkad,10.8,76.2,2020-02-05,False,0.4959252158588242,MEDIUM
chicken_pox,Neyyattinkara,Thiruvananthapuram,8.4004,77.0872,2020-02-06,False,0.4442158098515102,MEDIUM
chicken_pox,Kunnamkulam,Thrissur,10.65,76.0667,2020-02-06,False,0.4845734209140511,MEDIUM
chicken_pox,North Paravur,Ernakulam,10.1333,76.2,2020-08-07,False,0.4986380161712302,MEDIUM
chicken_pox,Nedumangad,Thiruvananthapuram,8.6036,77.0031,2020-08-07,False,0.4423401927078949,MEDIUM
chicken_pox,Thodupuzha,Idukki,9.8955,76.7241,2020-08-09,False,0.4956143418734198,MEDIUM
chicken_pox,Taliparamba,Kannur,12.0333,75.35,2020-09-10,False,0.7118674682491489,MEDIUM
chicken_pox,Mallappally,Pathanamthitta,9.3833,76.6833,2020-09-10,False,0.4553806216025849,MEDIUM
chicken_pox,Thrissur,Thrissur,10.5256264,76.2132542,2020-09-11,False,0.4485592680395412,MEDIUM
chicken_pox,Vythiri,Wayanad,11.6226,76.0813,2020-09-11,False,0.3985915380083772,MEDIUM
chicken_pox,Udumbanchola,Idukki,9.8333,77.1333,2020-09-12,False,0.4078558523299451,MEDIUM
chicken_pox,Chenganoor,Alappuzha,9.3167,76.6167,2020-09-13,False,0.4189595576342267,MEDIUM
chicken_pox,Kannur,Kannur,11.8763836,75.3737973,2020-09-15,False,0.3824020057363063,MEDIUM
chicken_pox,Chittur,Palakkad,10.7,76.75,2020-09-16,False,0.3803216006691324,MEDIUM
chicken_pox,Meenachil,Kottayam,9.7167,76.6833,2020-09-17,False,0.4999999915309741,MEDIUM
chicken_pox,Tirurangadi,Malappuram,11.0,75.9333,2020-09-17,False,0.3875494061039244,MEDIUM
chicken_pox,Ottapalam,Palakkad,10.7667,76.3667,2020-09-18,False,0.3852075681421045,MEDIUM
chicken_pox,Mananthavady,Wayanad,11.8,76.0,2020-09-18,False,0.3663345087597747,MEDIUM
chicken_pox,Thiruvananthapuram,Thiruvananthapuram,8.4882267,76.947551,2020-10-20,False,0.3379995612878785,MEDIUM
chicken_pox,Perinthalmanna,Malappuram,10.9667,76.2167,2020-10-20,False,0.3546098390787991,MEDIUM
chicken_pox,Aluva,Ernakulam,10.1075,76.3516,2020-10-22,False,0.4391851005256389,MEDIUM
chicken_pox,Kozhenchery,Pathanamthitta,9.2780841,76.9737443,2020-10-22,False,0.3233122048070612,MEDIUM
chicken_pox,Kollam,Kollam,8.8879509,76.5955013,2020-10-23,False,0.650595313223789,MEDIUM
chicken_pox,Kondotty,Malappuram,11.15,75.9667,2020-10-23,False,0.312150459113346,MEDIUM
chicken_pox,Hosdurg,Kasaragod,12.3167,75.1,2020-10-24,False,0.2894244464460618,MEDIUM
chicken_pox,Peerumade,Idukki,9.5667,76.9667,2020-11-26,False,0.316768814814888,MEDIUM
chicken_pox,Thalassery,Kannur,11.75,75.4833,2020-11-28,False,0.291780356889872,MEDIUM
chicken_pox,Mavelikkara,Alappuzha,9.2667,76.55,2020-11-28,False,0.293925266109181,MEDIUM
chicken_pox,Kunnathoor,Kollam,9.0292,76.627,2020-11-28,False,0.2713711574492211,MEDIUM
chicken_pox,Koyilandy,Kozhikode,11.4333,75.7,2021-01-01,False,0.2758881391449813,MEDIUM
chicken_pox,Ranni,Pathanamthitta,9.3833,76.9667,2021-01-03,False,0.2753130690281838,MEDIUM
chicken_pox,Tirur,Malappuram,10.9167,75.9167,2021-01-03,False,0.2920678764768731,MEDIUM
chicken_pox,Punalur,Kollam,9.0089,76.9269,2021-02-05,False,0.2371807200889149,MEDIUM
chicken_pox,Vellarikundu,Kasaragod,12.4167,75.2333,2021-09-10,False,0.2977374255776156,MEDIUM
chicken_pox,Kozhikode,Kozhikode,11.2450558,75.7754716,2021-09-11,False,0.2323062559792781,MEDIUM
chicken_pox,Mukundapuram,Thrissur,10.3333,76.2167,2021-09-14,False,0.2583587483699876,MEDIUM
chicken_pox,Chirayinkeezhu,Thiruvananthapuram,8.6963,76.8153,2021-09-16,False,0.2010825343790459,MEDIUM
chicken_pox,Vaikom,Kottayam,9.75,76.4,2021-10-23,False,0.260460588897588,MEDIUM
chicken_pox,Talappilly,Thrissur,10.6667,76.25,2021-11-25,False,0.2249935793113508,MEDIUM
chicken_pox,Kochi,Ernakulam,9.9312,76.2673,2021-11-26,False,0.2412950803879497,MEDIUM
chicken_pox,Thamarassery,Kozhikode,11.2667,75.9333,2021-11-27,False,0.1992221921716216,MEDIUM
chicken_pox,Iritty,Kannur,11.9333,75.7,2021-11-29,False,0.1770033080221647,MEDIUM
chicken_pox,Kuttanad,Alappuzha,9.5833,76.4167,2021-11-29,False,0.2190053892134266,MEDIUM
chicken_pox,Ambalappuzha,Alappuzha,9.5006651,76.41241429,2022-01-02,False,0.2033506624106253,MEDIUM
chicken_pox,Kunnathunad,Ernakulam,10.1167,76.4833,2022-08-09,False,0.1728995115423404,MEDIUM
chicken_pox,Palakkad,Palakkad,10.78789845,76.47408711,2022-09-14,False,0.1813912910277909,MEDIUM
chicken_pox,Changanassery,Kottayam,9.45,76.5333,2022-09-16,False,0.1910189663138201,MEDIUM
chicken_pox,Kottayam,Kottayam,9.6287383,76.64553257,2022-09-17,False,0.4924948281173841,MEDIUM
chicken_pox,Chalakudy,Thrissur,10.3,76.3333,2022-10-22,False,0.2474928857207372,MEDIUM
chicken_pox,Kattakkada,Thiruvananthapuram,8.5667,77.1,2022-10-24,False,0.4496285433027538,MEDIUM
chicken_pox,Idukki,Idukki,9.8497872,76.9797914,2022-11-27,False,0.1377565017326699,MEDIUM
chicken_pox,Ponnani,Malappuram,10.7667,75.9167,2022-11-30,False,0.111842658796409,MEDIUM
chicken_pox,Adoor,Pathanamthitta,9.1667,76.7333,2023-09-15,False,0.1070085655761547,MEDIUM
chicken_pox,Kanayannur,Ernakulam,9.98408,76.2741457,2023-11-30,False,0.14932109554607,MEDIUM
chicken_pox,Kottarakkara,Kollam,9.0002,76.7788,2024-01-02,False,0.0824460269097164,MEDIUM
chicken_pox,Kasaragod,Kasaragod,12.5035577,74.9907022,2024-09-17,False,0.0882512257761736,MEDIUM
chikungunya,Chavakkad,Thrissur,10.5833,76.0167,2020-05-04,True,0.5270310376687904,LOW
chikungunya,Mannarkkad,Palakkad,11.0,76.4667,2020-05-07,False,0.4829930051982306,LOW
chikungunya,Taliparamba,Kannur,12.0333,75.35,2020-05-12,False,0.4252043720282106,LOW
chikungunya,Adoor,Pathanamthitta,9.1667,76.7333,2020-05-13,False,0.4923493201115887,LOW
chikungunya,Pathanapuram,Kollam,9.1,76.87,2020-05-16,False,0.4502166791946716,LOW
chikungunya,Mananthavady,Wayanad,11.8,76.0,2020-09-26,False,0.3525468779324369,LOW
chikungunya,Kunnathoor,Kollam,9.0292,76.627,2020-09-29,False,0.3852334698838983,LOW
chikungunya,Nilambur,Malappuram,11.2833,76.2333,2021-05-01,False,0.3156603730311266,LOW
chikungunya,Devikulam,Idukki,10.0667,77.1,2021-05-02,False,0.3390704423536346,LOW
chikungunya,Kollam,Kollam,8.8879509,76.5955013,2021-05-02,False,0.2891618052621757,LOW
chikungunya,Manjeshwaram,Kasaragod,12.7167,74.8833,2021-05-10,False,0.2061482134774474,LOW
chikungunya,Idukki,Idukki,9.8497872,76.9797914,2021-09-17,False,0.3083599606027195,LOW
chikungunya,Punalur,Kollam,9.0089,76.9269,2021-09-17,False,0.2218095005538794,LOW
chikungunya,Kanayannur,Ernakulam,9.98408,76.2741457,2021-09-23,False,0.3058823453415958,LOW
chikungunya,Kanjirappally,Kottayam,9.5667,76.7833,2022-09-16,False,0.1701204280903914,LOW
chikungunya,Aluva,Ernakulam,10.1075,76.3516,2022-09-24,False,0.191122568413384,LOW
chikungunya,Chittur,Palakkad,10.7,76.75,2023-09-27,False,0.1014055576163204,LOW
cholera,Nileshwaram,Kasaragod,12.25,75.1,2020-11-20,False,0.4889599660166747,MEDIUM
cholera,Chenganoor,Alappuzha,9.3167,76.6167,2023-05-02,True,0.5999999869276659,MEDIUM
cholera,Aluva,Ernakulam,10.1075,76.3516,2023-08-09,False,0.4780827865958499,MEDIUM
cholera,Ottapalam,Palakkad,10.7667,76.3667,2023-08-10,False,0.4167845733951444,MEDIUM
cholera,Chittur,Palakkad,10.7,76.75,2023-08-14,False,0.3272744366262929,MEDIUM
cholera,Kuttanad,Alappuzha,9.5833,76.4167,2023-08-15,False,0.347775790496557,MEDIUM
cholera,Nilambur,Malappuram,11.2833,76.2333,2024-05-02,False,0.2280901880223272,MEDIUM
cholera,Punalur,Kollam,9.0089,76.9269,2024-08-09,False,0.2182748281178905,MEDIUM
cholera,Manjeshwaram,Kasaragod,12.7167,74.8833,2024-08-12,False,0.1134117540699742,MEDIUM
dengue,Thiruvananthapuram,Thiruvananthapuram,8.4882267,76.947551,2020-02-01,False,0.4935309637662823,MEDIUM
dengue,Mukundapuram,Thrissur,10.3333,76.2167,2020-05-02,False,0.5166987886683527,MEDIUM
dengue,Devikulam,Idukki,10.0667,77.1,2020-05-02,False,0.511271891820239,MEDIUM
dengue,North Paravur,Ernakulam,10.1333,76.2,2020-05-03,False,0.5578575533220661,MEDIUM
dengue,Perinthalmanna,Malappuram,10.9667,76.2167,2020-05-03,False,0.5024281622180772,MEDIUM
dengue,Hosdurg,Kasaragod,12.3167,75.1,2020-05-03,False,0.4626314474744278,MEDIUM
dengue,Sulthan Bathery,Wayanad,11.6667,76.2667,2020-05-03,False,0.4718975277825156,MEDIUM
dengue,Meenachil,Kottayam,9.7167,76.6833,2020-06-04,False,0.6539605651437328,MEDIUM
dengue,Kottayam,Kottayam,9.6287383,76.64553257,2020-06-04,False,0.7510255480599963,MEDIUM
dengue,Vaikom,Kottayam,9.75,76.4,2020-06-04,True,0.8361695979130821,MEDIUM
dengue,Pattambi,Palakkad,10.8,76.2,2020-06-04,False,0.4556904510638985,MEDIUM
dengue,Adoor,Pathanamthitta,9.1667,76.7333,2020-06-05,False,0.7628529972531517,MEDIUM
dengue,Thrissur,Thrissur,10.5256264,76.2132542,2020-06-05,False,0.4420463341847568,MEDIUM
dengue,Cherthala,Alappuzha,9.6833,76.3333,2020-06-05,False,0.4992438965408982,MEDIUM
dengue,Peerumade,Idukki,9.5667,76.9667,2020-06-05,False,0.4464393167697177,MEDIUM
dengue,Kannur,Kannur,11.8763836,75.3737973,2020-07-06,False,0.41423031319503,MEDIUM
dengue,Aluva,Ernakulam,10.1075,76.3516,2020-07-06,False,0.4577155941082143,MEDIUM
dengue,Thalassery,Kannur,11.75,75.4833,2020-07-08,False,0.4043680616080571,MEDIUM
dengue,Pathanapuram,Kollam,9.1,76.87,2020-08-08,False,0.5946547592031135,MEDIUM
dengue,Muvattupuzha,Ernakulam,9.9833,76.5833,2020-08-08,False,0.4301907975112053,MEDIUM
dengue,Palakkad,Palakkad,10.78789845,76.47408711,2020-08-09,False,0.3921030833817507,MEDIUM
dengue,Taliparamba,Kannur,12.0333,75.35,2020-08-09,False,0.3684301523574345,MEDIUM
dengue,Punalur,Kollam,9.0089,76.9269,2020-08-10,False,0.4281556602547705,MEDIUM
dengue,Ponnani,Malappuram,10.7667,75.9167,2020-08-10,False,0.3764567176231189,MEDIUM
dengue,Kunnathoor,Kollam,9.0292,76.627,2020-08-10,False,0.4052003133193093,MEDIUM
dengue,Ottapalam,Palakkad,10.7667,76.3667,2020-08-11,False,0.3655403886948006,MEDIUM
dengue,Mananthavady,Wayanad,11.8,76.0,2020-09-11,False,0.416850987215188,MEDIUM
dengue,Tirurangadi,Malappuram,11.0,75.9333,2020-09-11,False,0.381712839137807,MEDIUM
dengue,Kothamangalam,Ernakulam,10.0667,76.6333,2020-09-11,False,0.3628786687233428,MEDIUM
dengue,Chalakudy,Thrissur,10.3,76.3333,2020-09-12,False,0.6060114997756426,MEDIUM
dengue,Varkala,Thiruvananthapuram,8.7379,76.7163,2020-09-12,False,0.3397845305021576,MEDIUM
dengue,Kuttanad,Alappuzha,9.5833,76.4167,2020-09-13,False,0.6103059540002682,MEDIUM
dengue,Alathur,Palakkad,10.6333,76.55,2020-09-14,False,0.3229253562167099,MEDIUM
dengue,Nedumangad,Thiruvananthapuram,8.6036,77.0031,2020-09-14,False,0.3086542972525135,MEDIUM
dengue,Chittur,Palakkad,10.7,76.75,2020-09-15,False,0.386094199094904,MEDIUM
dengue,Kasaragod,Kasaragod,12.5035577,74.9907022,2020-10-15,False,0.2754165062246267,MEDIUM
dengue,Kondotty,Malappuram,11.15,75.9667,2020-10-15,False,0.6620097159880266,MEDIUM
dengue,Mallappally,Pathanamthitta,9.3833,76.6833,2020-10-16,False,0.3296603121708967,MEDIUM
dengue,Kozhikode,Kozhikode,11.2450558,75.7754716,2020-10-17,False,0.2994064329845691,MEDIUM
dengue,Karunagappally,Kollam,9.0574,76.5334,2020-10-17,False,0.2993259200645086,MEDIUM
dengue,Konni,Pathanamthitta,9.2667,76.9333,2020-10-17,False,0.4196695049189255,MEDIUM
dengue,Ambalappuzha,Alappuzha,9.5006651,76.41241429,2020-10-19,False,0.6486932127768998,MEDIUM
dengue,Idukki,Idukki,9.8497872,76.9797914,2020-10-20,False,0.271747197198017,MEDIUM
dengue,Chenganoor,Alappuzha,9.3167,76.6167,2020-10-21,False,0.2934000579860579,MEDIUM
dengue,Chirayinkeezhu,Thiruvananthapuram,8.6963,76.8153,2020-10-22,False,0.2479145760378879,MEDIUM
dengue,Kanjirappally,Kottayam,9.5667,76.7833,2020-10-22,False,0.2765749890556387,MEDIUM
dengue,Kunnathunad,Ernakulam,10.1167,76.4833,2020-10-22,False,0.2646981684140734,MEDIUM
dengue,Kozhenchery,Pathanamthitta,9.2780841,76.9737443,2020-10-22,False,0.603333597821456,MEDIUM
dengue,Kodungallur,Thrissur,10.2333,76.2,2020-11-22,False,0.2492747504003918,MEDIUM
dengue,Nileshwaram,Kasaragod,12.25,75.1,2020-11-24,False,0.2089546733047611,MEDIUM
dengue,Mavelikkara,Alappuzha,9.2667,76.55,2020-11-24,False,0.2468107781280188,MEDIUM
dengue,Koyilandy,Kozhikode,11.4333,75.7,2020-11-26,False,0.2949947529605412,MEDIUM
dengue,Ranni,Pathanamthitta,9.3833,76.9667,2020-11-26,False,0.2665311439504719,MEDIUM
dengue,Neyyattinkara,Thiruvananthapuram,8.4004,77.0872,2020-12-31,False,0.1823715314291042,MEDIUM
dengue,Nilambur,Malappuram,11.2833,76.2333,2021-02-01,False,0.2129971652543232,MEDIUM
dengue,Payyanur,Kannur,12.1,75.2,2021-07-06,False,0.1825976899259712,MEDIUM
dengue,Ernad,Malappuram,11.1201,76.1197,2021-07-07,False,0.5569799591889614,MEDIUM
dengue,Chavakkad,Thrissur,10.5833,76.0167,2021-08-10,False,0.1829752529884107,MEDIUM
dengue,Thamarassery,Kozhikode,11.2667,75.9333,2021-09-12,False,0.2077787506899489,MEDIUM
dengue,Vadakara,Kozhikode,11.6,75.5833,2021-09-13,False,0.1612876808717548,MEDIUM
dengue,Manjeshwaram,Kasaragod,12.7167,74.8833,2021-10-18,False,0.1353445863976604,MEDIUM
dengue,Thodupuzha,Idukki,9.8955,76.7241,2021-10-19,False,0.2561727435987784,MEDIUM
dengue,Talappilly,Thrissur,10.6667,76.25,2021-11-23,False,0.1671729950615786,MEDIUM
dengue,Vellarikundu,Kasaragod,12.4167,75.2333,2021-11-25,False,0.1486297002627715,MEDIUM
dengue,Kollam,Kollam,8.8879509,76.5955013,2021-11-28,False,0.14801048227654,MEDIUM
dengue,Mannarkkad,Palakkad,11.0,76.4667,2021-12-31,False,0.134269267583001,MEDIUM
dengue,Kunnamkulam,Thrissur,10.65,76.0667,2022-06-04,False,0.12860799575904,MEDIUM
dengue,Kottarakkara,Kollam,9.0002,76.7788,2022-07-08,False,0.1624526460721718,MEDIUM
dengue,Vythiri,Wayanad,11.6226,76.0813,2022-08-09,False,0.461096777651873,MEDIUM
dengue,Kochi,Ernakulam,9.9312,76.2673,2022-11-24,False,0.4763867012515103,MEDIUM
dengue,Karthikappally,Alappuzha,9.2833,76.4667,2022-11-27,False,0.1264892087198297,MEDIUM
dengue,Tirur,Malappuram,10.9167,75.9167,2023-07-07,False,0.1100095408351039,MEDIUM
dengue,Kanayannur,Ernakulam,9.98408,76.2741457,2023-08-08,False,0.1974098526131502,MEDIUM
dengue,Udumbanchola,Idukki,9.8333,77.1333,2023-10-16,False,0.0931992035898324,MEDIUM
dengue,Thiruvalla,Pathanamthitta,9.3833,76.5833,2023-10-16,False,0.1139197438959703,MEDIUM
dengue,Kattakkada,Thiruvananthapuram,8.5667,77.1,2023-11-26,False,0.0653127453291955,MEDIUM
dengue,Changanassery,Kottayam,9.45,76.5333,2024-06-05,False,0.1077785746432459,MEDIUM
dengue,Iritty,Kannur,11.9333,75.7,2024-07-07,False,0.0936193250994504,MEDIUM
fever_ip,Adoor,Pathanamthitta,9.1667,76.7333,2020-03-01,False,0.5394394599817682,MEDIUM
fever_ip,Thalassery,Kannur,11.75,75.4833,2020-03-02,False,0.5497445771258338,MEDIUM
fever_ip,Kozhikode,Kozhikode,11.2450558,75.7754716,2020-03-02,False,0.5188027561975477,MEDIUM
fever_ip,Chenganoor,Alappuzha,9.3167,76.6167,2020-03-02,False,0.5137606617075128,MEDIUM
fever_ip,Kottayam,Kottayam,9.6287383,76.64553257,2020-03-03,False,0.5104087344024999,MEDIUM
fever_ip,Varkala,Thiruvananthapuram,8.7379,76.7163,2020-03-04,False,0.4785053250574457,MEDIUM
fever_ip,Meenachil,Kottayam,9.7167,76.6833,2020-05-05,False,0.5157646744591027,MEDIUM
fever_ip,Kunnathoor,Kollam,9.0292,76.627,2020-05-05,False,0.4798344111581479,MEDIUM
fever_ip,Muvattupuzha,Ernakulam,9.9833,76.5833,2020-05-05,True,0.599938677623021,MEDIUM
fever_ip,Vadakara,Kozhikode,11.6,75.5833,2020-05-07,False,0.4552870035064816,MEDIUM
fever_ip,Kollam,Kollam,8.8879509,76.5955013,2020-07-08,False,0.4481210621147898,MEDIUM
fever_ip,Kasaragod,Kasaragod,12.5035577,74.9907022,2020-07-08,False,0.4238447996246688,MEDIUM
fever_ip,Thiruvalla,Pathanamthitta,9.3833,76.5833,2020-07-09,False,0.452786198402104,MEDIUM
fever_ip,Punalur,Kollam,9.0089,76.9269,2020-07-09,False,0.438015323291111,MEDIUM
fever_ip,Kattakkada,Thiruvananthapuram,8.5667,77.1,2020-08-11,False,0.4112551110613149,MEDIUM
fever_ip,Karthikappally,Alappuzha,9.2833,76.4667,2020-08-12,False,0.4292526216395354,MEDIUM
fever_ip,Chirayinkeezhu,Thiruvananthapuram,8.6963,76.8153,2020-08-13,False,0.4109729838860213,MEDIUM
fever_ip,Nileshwaram,Kasaragod,12.25,75.1,2020-08-14,False,0.4040155794519345,MEDIUM
fever_ip,Kodungallur,Thrissur,10.2333,76.2,2020-09-14,False,0.4152171047949586,MEDIUM
fever_ip,Pattambi,Palakkad,10.8,76.2,2020-09-15,False,0.4115486053838788,MEDIUM
fever_ip,Payyanur,Kannur,12.1,75.2,2020-09-16,False,0.38869561754358,MEDIUM
fever_ip,Konni,Pathanamthitta,9.2667,76.9333,2020-09-17,False,0.3952848782309962,MEDIUM
fever_ip,Ambalappuzha,Alappuzha,9.5006651,76.41241429,2020-09-18,False,0.3839324964641151,MEDIUM
fever_ip,Palakkad,Palakkad,10.78789845,76.47408711,2020-09-19,False,0.3798035968969876,MEDIUM
fever_ip,Tirur,Malappuram,10.9167,75.9167,2020-09-19,False,0.3662140243064211,MEDIUM
fever_ip,Sulthan Bathery,Wayanad,11.6667,76.2667,2020-09-19,False,0.3425832942159902,MEDIUM
fever_ip,Manjeshwaram,Kasaragod,12.7167,74.8833,2020-09-20,False,0.3169919672458459,MEDIUM
fever_ip,Aluva,Ernakulam,10.1075,76.3516,2020-09-20,False,0.3798053378602392,MEDIUM
fever_ip,Ponnani,Malappuram,10.7667,75.9167,2020-09-21,False,0.3412979701147473,MEDIUM
fever_ip,Taliparamba,Kannur,12.0333,75.35,2020-09-21,False,0.3564927608034018,MEDIUM
fever_ip,Thamarassery,Kozhikode,11.2667,75.9333,2020-09-22,False,0.3327080147857676,MEDIUM
fever_ip,Kothamangalam,Ernakulam,10.0667,76.6333,2020-10-25,False,0.3277996164219412,MEDIUM
fever_ip,Kuttanad,Alappuzha,9.5833,76.4167,2020-10-26,False,0.3254773614308052,MEDIUM
fever_ip,Chavakkad,Thrissur,10.5833,76.0167,2020-10-27,False,0.3155052408415566,MEDIUM
fever_ip,Mannarkkad,Palakkad,11.0,76.4667,2020-12-28,False,0.2997970634829201,MEDIUM
fever_ip,Kottarakkara,Kollam,9.0002,76.7788,2020-12-28,False,0.3048293968213718,MEDIUM
fever_ip,Nilambur,Malappuram,11.2833,76.2333,2020-12-29,False,0.2885478251722629,MEDIUM
fever_ip,North Paravur,Ernakulam,10.1333,76.2,2020-12-30,False,0.2951895215125035,MEDIUM
fever_ip,Cherthala,Alappuzha,9.6833,76.3333,2020-12-31,False,0.2860621139153413,MEDIUM
fever_ip,Kondotty,Malappuram,11.15,75.9667,2021-03-03,False,0.2799770975985675,MEDIUM
fever_ip,Karunagappally,Kollam,9.0574,76.5334,2021-05-04,False,0.2658003717539908,MEDIUM
fever_ip,Kozhenchery,Pathanamthitta,9.2780841,76.9737443,2021-05-05,False,0.264352733208352,MEDIUM
fever_ip,Kunnathunad,Ernakulam,10.1167,76.4833,2021-05-05,False,0.3282008488395326,MEDIUM
fever_ip,Devikulam,Idukki,10.0667,77.1,2021-05-07,False,0.2492618395568243,MEDIUM
fever_ip,Vaikom,Kottayam,9.75,76.4,2021-07-08,False,0.2574133576410517,MEDIUM
fever_ip,Kochi,Ernakulam,9.9312,76.2673,2021-08-11,False,0.2483800656995044,MEDIUM
fever_ip,Mavelikkara,Alappuzha,9.2667,76.55,2021-08-12,False,0.2356954050915907,MEDIUM
fever_ip,Talappilly,Thrissur,10.6667,76.25,2021-08-12,False,0.217713703853935,MEDIUM
fever_ip,Alathur,Palakkad,10.6333,76.55,2021-08-13,False,0.2238451807983555,MEDIUM
fever_ip,Peerumade,Idukki,9.5667,76.9667,2021-08-13,False,0.2213141568787811,MEDIUM
fever_ip,Kannur,Kannur,11.8763836,75.3737973,2021-08-13,False,0.1800931060092225,MEDIUM
fever_ip,Ernad,Malappuram,11.1201,76.1197,2021-09-16,False,0.30458518669489,MEDIUM
fever_ip,Thiruvananthapuram,Thiruvananthapuram,8.4882267,76.947551,2021-09-19,False,0.1936529635163909,MEDIUM
fever_ip,Hosdurg,Kasaragod,12.3167,75.1,2021-09-20,False,0.1594225366572301,MEDIUM
fever_ip,Chalakudy,Thrissur,10.3,76.3333,2021-10-25,False,0.1968909644115884,MEDIUM
fever_ip,Mananthavady,Wayanad,11.8,76.0,2021-10-26,False,0.1580916240837523,MEDIUM
fever_ip,Vellarikundu,Kasaragod,12.4167,75.2333,2021-12-28,False,0.1423241720154831,MEDIUM
fever_ip,Idukki,Idukki,9.8497872,76.9797914,2022-03-01,False,0.2033847568266968,MEDIUM
fever_ip,Tirurangadi,Malappuram,11.0,75.9333,2022-03-03,False,0.1535461122108347,MEDIUM
fever_ip,Neyyattinkara,Thiruvananthapuram,8.4004,77.0872,2022-05-06,False,0.1484427140197483,MEDIUM
fever_ip,Ranni,Pathanamthitta,9.3833,76.9667,2022-05-07,False,0.1457664452345428,MEDIUM
fever_ip,Kunnamkulam,Thrissur,10.65,76.0667,2022-07-09,False,0.139343818645356,MEDIUM
fever_ip,Ottapalam,Palakkad,10.7667,76.3667,2022-08-13,False,0.1385976835081602,MEDIUM
fever_ip,Mukundapuram,Thrissur,10.3333,76.2167,2022-09-18,False,0.1304121466510906,MEDIUM
fever_ip,Mallappally,Pathanamthitta,9.3833,76.6833,2022-09-18,False,0.126829812906151,MEDIUM
fever_ip,Iritty,Kannur,11.9333,75.7,2022-09-20,False,0.1099699474463829,MEDIUM
fever_ip,Thodupuzha,Idukki,9.8955,76.7241,2022-12-29,False,0.1868685858888893,MEDIUM
fever_ip,Thrissur,Thrissur,10.5256264,76.2132542,2023-05-06,False,0.1104294187479525,MEDIUM
fever_ip,Kanayannur,Ernakulam,9.98408,76.2741457,2023-09-23,False,0.1058487011363233,MEDIUM
fever_ip,Vythiri,Wayanad,11.6226,76.0813,2024-05-04,False,0.0706009102568694,MEDIUM
fever_ip,Nedumangad,Thiruvananthapuram,8.6036,77.0031,2024-09-19,False,0.1064547149302325,MEDIUM
fever_op,Chirayinkeezhu,Thiruvananthapuram,8.6963,76.8153,2020-04-01,False,0.528195845711443,LOW
fever_op,Vaikom,Kottayam,9.75,76.4,2020-04-01,False,0.5124410143168432,LOW
fever_op,Ambalappuzha,Alappuzha,9.5006651,76.41241429,2020-04-01,False,0.4955054851684505,LOW
fever_op,Mallappally,Pathanamthitta,9.3833,76.6833,2020-04-02,False,0.4925180115322714,LOW
fever_op,Kozhenchery,Pathanamthitta,9.2780841,76.9737443,2020-04-02,False,0.4813246635649669,LOW
fever_op,Iritty,Kannur,11.9333,75.7,2020-04-03,False,0.4576181211751161,LOW
fever_op,Chittur,Palakkad,10.7,76.75,2020-04-04,False,0.4978512092645673,LOW
fever_op,Chalakudy,Thrissur,10.3,76.3333,2020-04-05,False,0.5379533693062037,LOW
fever_op,Peerumade,Idukki,9.5667,76.9667,2020-04-05,False,0.4624292467167233,LOW
fever_op,Pattambi,Palakkad,10.8,76.2,2020-05-06,False,0.5825732052775685,LOW
fever_op,Nedumangad,Thiruvananthapuram,8.6036,77.0031,2020-05-08,False,0.4129159332657196,LOW
fever_op,Chenganoor,Alappuzha,9.3167,76.6167,2020-05-09,False,0.4306544155126769,LOW
fever_op,Meenachil,Kottayam,9.7167,76.6833,2020-05-09,False,0.4405057079642963,LOW
fever_op,Changanassery,Kottayam,9.45,76.5333,2020-07-10,False,0.4224355305211582,LOW
fever_op,Taliparamba,Kannur,12.0333,75.35,2020-07-11,False,0.3998204157745317,LOW
fever_op,Kondotty,Malappuram,11.15,75.9667,2020-07-11,False,0.4172611144761272,LOW
fever_op,Kannur,Kannur,11.8763836,75.3737973,2020-07-11,False,0.4211084547392565,LOW
fever_op,Devikulam,Idukki,10.0667,77.1,2020-08-14,False,0.4091814371864554,LOW
fever_op,Aluva,Ernakulam,10.1075,76.3516,2020-08-14,False,0.4699325359263758,LOW
fever_op,Thodupuzha,Idukki,9.8955,76.7241,2020-10-18,False,0.4099755807731573,LOW
fever_op,Koyilandy,Kozhikode,11.4333,75.7,2020-10-18,False,0.3623620018327886,LOW
fever_op,Palakkad,Palakkad,10.78789845,76.47408711,2020-10-19,False,0.4328991779743069,LOW
fever_op,Mannarkkad,Palakkad,11.0,76.4667,2020-10-19,False,0.4904615391228838,LOW
fever_op,Thiruvalla,Pathanamthitta,9.3833,76.5833,2020-10-20,False,0.3563305752057477,LOW
fever_op,Vellarikundu,Kasaragod,12.4167,75.2333,2020-10-21,False,0.314364232349804,LOW
fever_op,Payyanur,Kannur,12.1,75.2,2020-10-22,False,0.31677434060444,LOW
fever_op,Varkala,Thiruvananthapuram,8.7379,76.7163,2020-10-23,False,0.3347745361822107,LOW
fever_op,Kanjirappally,Kottayam,9.5667,76.7833,2020-10-25,False,0.3346515918685929,LOW
fever_op,Thamarassery,Kozhikode,11.2667,75.9333,2020-10-25,False,0.3192952404042787,LOW
fever_op,Kunnathunad,Ernakulam,10.1167,76.4833,2020-10-25,False,0.4130636661691184,LOW
fever_op,Kattakkada,Thiruvananthapuram,8.5667,77.1,2020-10-26,False,0.3664537513544241,LOW
fever_op,Kozhikode,Kozhikode,11.2450558,75.7754716,2020-11-25,False,0.2945982206249034,LOW
fever_op,Kunnathoor,Kollam,9.0292,76.627,2020-11-26,False,0.2894549678655221,LOW
fever_op,Alathur,Palakkad,10.6333,76.55,2020-12-30,False,0.3565084445596967,LOW
fever_op,Tirur,Malappuram,10.9167,75.9167,2020-12-30,False,0.3036515004967673,LOW
fever_op,Kothamangalam,Ernakulam,10.0667,76.6333,2021-04-01,False,0.3436011501820936,LOW
fever_op,Muvattupuzha,Ernakulam,9.9833,76.5833,2021-04-01,False,0.3041842823238062,LOW
fever_op,Kuttanad,Alappuzha,9.5833,76.4167,2021-04-02,False,0.2599514652680209,LOW
fever_op,Ernad,Malappuram,11.1201,76.1197,2021-04-03,False,0.2698803618217474,LOW
fever_op,Hosdurg,Kasaragod,12.3167,75.1,2021-04-03,False,0.213111356318863,LOW
fever_op,Idukki,Idukki,9.8497872,76.9797914,2021-04-03,True,0.5876558892003189,LOW
fever_op,Mukundapuram,Thrissur,10.3333,76.2167,2021-04-04,False,0.2927702277523586,LOW
fever_op,Ranni,Pathanamthitta,9.3833,76.9667,2021-07-09,False,0.248974909118733,LOW
fever_op,Thiruvananthapuram,Thiruvananthapuram,8.4882267,76.947551,2021-07-10,False,0.2596715961378166,LOW
fever_op,Tirurangadi,Malappuram,11.0,75.9333,2021-09-15,False,0.2294751720267729,LOW
fever_op,Thrissur,Thrissur,10.5256264,76.2132542,2021-10-18,False,0.3479556238794138,LOW
fever_op,Kottayam,Kottayam,9.6287383,76.64553257,2021-10-18,False,0.2106197339370534,LOW
fever_op,Vadakara,Kozhikode,11.6,75.5833,2021-10-20,False,0.1748318113641303,LOW
fever_op,Karunagappally,Kollam,9.0574,76.5334,2021-10-21,False,0.1751796091710902,LOW
fever_op,Neyyattinkara,Thiruvananthapuram,8.4004,77.0872,2021-11-27,False,0.190024402189076,LOW
fever_op,Cherthala,Alappuzha,9.6833,76.3333,2021-12-29,False,0.1736098063738109,LOW
fever_op,Talappilly,Thrissur,10.6667,76.25,2021-12-31,False,0.5440712248102776,LOW
fever_op,Sulthan Bathery,Wayanad,11.6667,76.2667,2022-04-05,False,0.147075962841838,LOW
fever_op,North Paravur,Ernakulam,10.1333,76.2,2022-04-05,False,0.1846578507860879,LOW
fever_op,Kasaragod,Kasaragod,12.5035577,74.9907022,2022-07-11,False,0.1069191519502821,LOW
fever_op,Mananthavady,Wayanad,11.8,76.0,2022-09-14,False,0.3447676557833359,LOW
fever_op,Adoor,Pathanamthitta,9.1667,76.7333,2022-10-19,False,0.1252254789985843,LOW
fever_op,Vythiri,Wayanad,11.6226,76.0813,2022-10-22,False,0.1092063842444097,LOW
fever_op,Kanayannur,Ernakulam,9.98408,76.2741457,2022-10-23,False,0.1372613210712056,LOW
fever_op,Pathanapuram,Kollam,9.1,76.87,2022-10-24,False,0.1047967805916395,LOW
fever_op,Udumbanchola,Idukki,9.8333,77.1333,2022-11-28,False,0.1198449621349097,LOW
fever_op,Nilambur,Malappuram,11.2833,76.2333,2022-12-29,False,0.1174755220656624,LOW
fever_op,Chavakkad,Thrissur,10.5833,76.0167,2022-12-29,False,0.1637496581226473,LOW
fever_op,Kochi,Ernakulam,9.9312,76.2673,2023-04-01,False,0.0975751581135409,LOW
fever_op,Mavelikkara,Alappuzha,9.2667,76.55,2023-12-29,False,0.0728058707600797,LOW
fever_op,Kollam,Kollam,8.8879509,76.5955013,2024-10-19,False,0.059802726039859,LOW
food_poisoning,Peerumade,Idukki,9.5667,76.9667,2022-04-01,False,0.5873562538525922,MEDIUM
food_poisoning,Mukundapuram,Thrissur,10.3333,76.2167,2022-04-02,False,0.5787910904500891,MEDIUM
food_poisoning,Ponnani,Malappuram,10.7667,75.9167,2022-04-02,False,0.5127417521013428,MEDIUM
food_poisoning,Koyilandy,Kozhikode,11.4333,75.7,2022-04-02,False,0.4776158399113923,MEDIUM
food_poisoning,Kothamangalam,Ernakulam,10.0667,76.6333,2022-04-03,False,0.4796283256294048,MEDIUM
food_poisoning,Muvattupuzha,Ernakulam,9.9833,76.5833,2022-04-04,False,0.4649381536754063,MEDIUM
food_poisoning,Mananthavady,Wayanad,11.8,76.0,2022-04-05,False,0.4235928149140435,MEDIUM
food_poisoning,Kasaragod,Kasaragod,12.5035577,74.9907022,2022-04-05,False,0.3893141585959904,MEDIUM
food_poisoning,Adoor,Pathanamthitta,9.1667,76.7333,2022-09-08,False,0.4496538824285499,MEDIUM
food_poisoning,Kondotty,Malappuram,11.15,75.9667,2022-09-10,False,0.4164913438695514,MEDIUM
food_poisoning,Kochi,Ernakulam,9.9312,76.2673,2022-09-10,False,0.3979378103880349,MEDIUM
food_poisoning,Kattakkada,Thiruvananthapuram,8.5667,77.1,2022-09-11,False,0.357785301692636,MEDIUM
food_poisoning,Hosdurg,Kasaragod,12.3167,75.1,2022-09-11,False,0.3291790565004555,MEDIUM
food_poisoning,Thalassery,Kannur,11.75,75.4833,2022-09-13,True,0.6701019499033489,MEDIUM
food_poisoning,Karthikappally,Alappuzha,9.2833,76.4667,2022-09-14,False,0.3477754920478488,MEDIUM
food_poisoning,Chittur,Palakkad,10.7,76.75,2022-09-14,False,0.3474396548483488,MEDIUM
food_poisoning,Chenganoor,Alappuzha,9.3167,76.6167,2022-09-14,False,0.3386626329000634,MEDIUM
food_poisoning,Nedumangad,Thiruvananthapuram,8.6036,77.0031,2022-09-15,False,0.4314285635891617,MEDIUM
food_poisoning,Devikulam,Idukki,10.0667,77.1,2022-09-20,False,0.2869027059323845,MEDIUM
food_poisoning,Konni,Pathanamthitta,9.2667,76.9333,2022-11-24,False,0.3910325249779169,MEDIUM
food_poisoning,Thrissur,Thrissur,10.5256264,76.2132542,2022-11-24,False,0.2439929454825708,MEDIUM
food_poisoning,Thamarassery,Kozhikode,11.2667,75.9333,2022-11-24,False,0.23806062164237,MEDIUM
food_poisoning,Ranni,Pathanamthitta,9.3833,76.9667,2022-11-24,False,0.2272244430787487,MEDIUM
food_poisoning,Kottayam,Kottayam,9.6287383,76.64553257,2022-11-28,False,0.2439288230688726,MEDIUM
food_poisoning,Vythiri,Wayanad,11.6226,76.0813,2023-04-01,False,0.1945583234148965,MEDIUM
food_poisoning,Punalur,Kollam,9.0089,76.9269,2023-04-06,False,0.2315324004791907,MEDIUM
food_poisoning,Aluva,Ernakulam,10.1075,76.3516,2023-04-06,False,0.203851493676756,MEDIUM
food_poisoning,Karunagappally,Kollam,9.0574,76.5334,2023-09-08,False,0.1867851332207214,MEDIUM
food_poisoning,Taliparamba,Kannur,12.0333,75.35,2023-09-08,False,0.1376337903780232,MEDIUM
food_poisoning,Kozhikode,Kozhikode,11.2450558,75.7754716,2023-09-08,False,0.1486697252775773,MEDIUM
food_poisoning,Kanjirappally,Kottayam,9.5667,76.7833,2023-09-16,False,0.1761191291089058,MEDIUM
food_poisoning,Manjeshwaram,Kasaragod,12.7167,74.8833,2023-11-27,False,0.0769270210500847,MEDIUM
food_poisoning,Ottapalam,Palakkad,10.7667,76.3667,2023-11-29,False,0.1482848620717657,MEDIUM
food_poisoning,Payyanur,Kannur,12.1,75.2,2024-04-03,False,0.0657690344752166,MEDIUM
food_poisoning,Perinthalmanna,Malappuram,10.9667,76.2167,2024-09-08,False,0.137523120297004,MEDIUM
hepatitis_a_confirmed,Kodungallur,Thrissur,10.2333,76.2,2020-03-01,False,0.6049836997284035,HIGH
hepatitis_a_confirmed,Thiruvananthapuram,Thiruvananthapuram,8.4882267,76.947551,2020-03-02,False,0.6031755991079571,HIGH
hepatitis_a_confirmed,Sulthan Bathery,Wayanad,11.6667,76.2667,2020-03-03,False,0.5050458765040755,HIGH
hepatitis_a_confirmed,Meenachil,Kottayam,9.7167,76.6833,2020-03-05,False,0.5633249031206194,HIGH
hepatitis_a_confirmed,Kottarakkara,Kollam,9.0002,76.7788,2020-03-05,False,0.5155398248431251,HIGH
hepatitis_a_confirmed,Nedumangad,Thiruvananthapuram,8.6036,77.0031,2020-03-05,False,0.5603631686878114,HIGH
hepatitis_a_confirmed,Nileshwaram,Kasaragod,12.25,75.1,2020-03-05,False,0.5182996662056364,HIGH
hepatitis_a_confirmed,Vadakara,Kozhikode,11.6,75.5833,2020-03-06,False,0.471591359236944,HIGH
hepatitis_a_confirmed,Karunagappally,Kollam,9.0574,76.5334,2020-05-08,False,0.4845846692202162,HIGH
hepatitis_a_confirmed,Mukundapuram,Thrissur,10.3333,76.2167,2020-07-08,False,0.4687507021432404,HIGH
hepatitis_a_confirmed,Kannur,Kannur,11.8763836,75.3737973,2020-07-08,False,0.4298051662230863,HIGH
hepatitis_a_confirmed,Adoor,Pathanamthitta,9.1667,76.7333,2020-07-10,False,0.4709222114461263,HIGH
hepatitis_a_confirmed,Devikulam,Idukki,10.0667,77.1,2020-07-10,False,0.4436359316871205,HIGH
hepatitis_a_confirmed,Kanayannur,Ernakulam,9.98408,76.2741457,2020-07-10,False,0.4914005389782808,HIGH
hepatitis_a_confirmed,Thalassery,Kannur,11.75,75.4833,2020-07-12,False,0.4095687456263016,HIGH
hepatitis_a_confirmed,Kochi,Ernakulam,9.9312,76.2673,2020-07-13,False,0.4515820568306474,HIGH
hepatitis_a_confirmed,Karthikappally,Alappuzha,9.2833,76.4667,2020-08-14,False,0.4795372347693657,HIGH
hepatitis_a_confirmed,Mananthavady,Wayanad,11.8,76.0,2020-08-15,False,0.3967799575862463,HIGH
hepatitis_a_confirmed,Chenganoor,Alappuzha,9.3167,76.6167,2020-09-17,False,0.4401876881189024,HIGH
hepatitis_a_confirmed,Peerumade,Idukki,9.5667,76.9667,2020-09-17,False,0.420975074758367,HIGH
hepatitis_a_confirmed,Kottayam,Kottayam,9.6287383,76.64553257,2020-09-19,True,0.8445009575319268,HIGH
hepatitis_a_confirmed,Nilambur,Malappuram,11.2833,76.2333,2020-09-19,False,0.4095128392964834,HIGH
hepatitis_a_confirmed,Mavelikkara,Alappuzha,9.2667,76.55,2020-10-20,False,0.4069594585507211,HIGH
hepatitis_a_confirmed,Taliparamba,Kannur,12.0333,75.35,2020-10-21,False,0.3352414433866862,HIGH
hepatitis_a_confirmed,Neyyattinkara,Thiruvananthapuram,8.4004,77.0872,2020-10-25,False,0.4013650585950402,HIGH
hepatitis_a_confirmed,Thodupuzha,Idukki,9.8955,76.7241,2020-10-25,False,0.4070708984448384,HIGH
hepatitis_a_confirmed,Koyilandy,Kozhikode,11.4333,75.7,2020-10-26,False,0.3718736977871921,HIGH
hepatitis_a_confirmed,Kunnathoor,Kollam,9.0292,76.627,2020-10-27,False,0.3521218430306108,HIGH
hepatitis_a_confirmed,Muvattupuzha,Ernakulam,9.9833,76.5833,2020-11-27,False,0.3793619428369142,HIGH
hepatitis_a_confirmed,Varkala,Thiruvananthapuram,8.7379,76.7163,2020-11-27,False,0.3366109536786031,HIGH
hepatitis_a_confirmed,Kasaragod,Kasaragod,12.5035577,74.9907022,2020-11-28,False,0.2748593324858228,HIGH
hepatitis_a_confirmed,Kozhenchery,Pathanamthitta,9.2780841,76.9737443,2020-11-28,False,0.3266061957694414,HIGH
hepatitis_a_confirmed,Kunnamkulam,Thrissur,10.65,76.0667,2020-11-30,False,0.3383522081301517,HIGH
hepatitis_a_confirmed,Changanassery,Kottayam,9.45,76.5333,2021-03-01,False,0.3808302407557192,HIGH
hepatitis_a_confirmed,Ottapalam,Palakkad,10.7667,76.3667,2021-03-04,False,0.3021330780091672,HIGH
hepatitis_a_confirmed,Vythiri,Wayanad,11.6226,76.0813,2021-03-05,False,0.2897049209665685,HIGH
hepatitis_a_confirmed,Thamarassery,Kozhikode,11.2667,75.9333,2021-05-07,False,0.5977607267806613,HIGH
hepatitis_a_confirmed,Kollam,Kollam,8.8879509,76.5955013,2021-07-09,False,0.2758867513935547,HIGH
hepatitis_a_confirmed,Tirur,Malappuram,10.9167,75.9167,2021-07-13,False,0.2909015626122028,HIGH
hepatitis_a_confirmed,Aluva,Ernakulam,10.1075,76.3516,2021-08-14,False,0.2973559318654243,HIGH
hepatitis_a_confirmed,Kattakkada,Thiruvananthapuram,8.5667,77.1,2021-11-29,False,0.2720883611127176,HIGH
hepatitis_a_confirmed,Ranni,Pathanamthitta,9.3833,76.9667,2021-11-30,False,0.261441455531422,HIGH
hepatitis_a_confirmed,Alathur,Palakkad,10.6333,76.55,2022-03-02,False,0.2427889227339708,HIGH
hepatitis_a_confirmed,Thrissur,Thrissur,10.5256264,76.2132542,2022-03-02,False,0.2695173409427395,HIGH
hepatitis_a_confirmed,Chavakkad,Thrissur,10.5833,76.0167,2022-03-02,False,0.239429852781331,HIGH
hepatitis_a_confirmed,Payyanur,Kannur,12.1,75.2,2022-05-07,False,0.1808323507460502,HIGH
hepatitis_a_confirmed,Perinthalmanna,Malappuram,10.9667,76.2167,2022-09-16,False,0.2276001147942464,HIGH
hepatitis_a_confirmed,Punalur,Kollam,9.0089,76.9269,2022-09-16,False,0.2184507603028885,HIGH
hepatitis_a_confirmed,Kothamangalam,Ernakulam,10.0667,76.6333,2022-09-17,False,0.2280711284763316,HIGH
hepatitis_a_confirmed,Iritty,Kannur,11.9333,75.7,2022-09-17,False,0.1642766732646325,HIGH
hepatitis_a_confirmed,Cherthala,Alappuzha,9.6833,76.3333,2022-09-17,False,0.2381481779857356,HIGH
hepatitis_a_confirmed,Ambalappuzha,Alappuzha,9.5006651,76.41241429,2022-10-22,False,0.5480658348447875,HIGH
hepatitis_a_confirmed,Kunnathunad,Ernakulam,10.1167,76.4833,2022-10-26,False,0.2004704615885731,HIGH
hepatitis_a_confirmed,Hosdurg,Kasaragod,12.3167,75.1,2022-10-26,False,0.1254232351164436,HIGH
hepatitis_a_confirmed,Ernad,Malappuram,11.1201,76.1197,2022-11-27,False,0.2023847223532837,HIGH
hepatitis_a_confirmed,Chirayinkeezhu,Thiruvananthapuram,8.6963,76.8153,2022-11-28,False,0.1714904884065022,HIGH
hepatitis_a_confirmed,Pathanapuram,Kollam,9.1,76.87,2023-03-02,False,0.1497754334451543,HIGH
hepatitis_a_confirmed,Tirurangadi,Malappuram,11.0,75.9333,2023-07-08,False,0.1746290207337089,HIGH
hepatitis_a_confirmed,Chittur,Palakkad,10.7,76.75,2023-07-12,False,0.1211222043427684,HIGH
hepatitis_a_confirmed,Kondotty,Malappuram,11.15,75.9667,2023-09-17,False,0.2415525622396843,HIGH
hepatitis_a_confirmed,Vellarikundu,Kasaragod,12.4167,75.2333,2024-03-05,False,0.0710398504350692,HIGH
hepatitis_a_confirmed,Idukki,Idukki,9.8497872,76.9797914,2024-03-06,False,0.1274661941885816,HIGH
hepatitis_a_confirmed,Thiruvalla,Pathanamthitta,9.3833,76.5833,2024-07-08,False,0.1515652841950452,HIGH
hepatitis_a_confirmed,Pattambi,Palakkad,10.8,76.2,2024-07-13,False,0.1083984596523436,HIGH
hepatitis_a_confirmed,Udumbanchola,Idukki,9.8333,77.1333,2024-09-15,False,0.0899197304128646,HIGH
hepatitis_a_probable,North Paravur,Ernakulam,10.1333,76.2,2020-02-01,False,0.5150500467167378,HIGH
hepatitis_a_probable,Kattakkada,Thiruvananthapuram,8.5667,77.1,2020-02-01,False,0.4763244169095242,HIGH
hepatitis_a_probable,Mananthavady,Wayanad,11.8,76.0,2020-03-04,True,0.8442592286884771,HIGH
hepatitis_a_probable,Kunnamkulam,Thrissur,10.65,76.0667,2020-03-04,False,0.5111770022325923,HIGH
hepatitis_a_probable,Mannarkkad,Palakkad,11.0,76.4667,2020-03-05,False,0.5441186994423517,HIGH
hepatitis_a_probable,Peerumade,Idukki,9.5667,76.9667,2020-03-06,False,0.4918577800353112,HIGH
hepatitis_a_probable,Kothamangalam,Ernakulam,10.0667,76.6333,2020-04-07,False,0.4944578722908375,HIGH
hepatitis_a_probable,Adoor,Pathanamthitta,9.1667,76.7333,2020-04-07,False,0.4642565920964902,HIGH
hepatitis_a_probable,Chenganoor,Alappuzha,9.3167,76.6167,2020-04-07,False,0.4710742951377729,HIGH
hepatitis_a_probable,Kozhenchery,Pathanamthitta,9.2780841,76.9737443,2020-04-08,False,0.4692887113188781,HIGH
hepatitis_a_probable,Nileshwaram,Kasaragod,12.25,75.1,2020-04-08,False,0.5113260889494992,HIGH
hepatitis_a_probable,Thalassery,Kannur,11.75,75.4833,2020-04-08,False,0.4551396866350611,HIGH
hepatitis_a_probable,Thrissur,Thrissur,10.5256264,76.2132542,2020-04-08,False,0.4448750395701961,HIGH
hepatitis_a_probable,Ernad,Malappuram,11.1201,76.1197,2020-04-09,False,0.4224758615896227,HIGH
hepatitis_a_probable,Nedumangad,Thiruvananthapuram,8.6036,77.0031,2020-09-10,False,0.3864522860937702,HIGH
hepatitis_a_probable,Thiruvalla,Pathanamthitta,9.3833,76.5833,2020-09-10,False,0.4299754429642044,HIGH
hepatitis_a_probable,Udumbanchola,Idukki,9.8333,77.1333,2020-09-11,False,0.3953822786644883,HIGH
hepatitis_a_probable,Kodungallur,Thrissur,10.2333,76.2,2020-09-11,False,0.4203873041930639,HIGH
hepatitis_a_probable,Kondotty,Malappuram,11.15,75.9667,2020-10-12,False,0.4157041162701573,HIGH
hepatitis_a_probable,Ottapalam,Palakkad,10.7667,76.3667,2020-10-15,False,0.6802385516157622,HIGH
hepatitis_a_probable,Hosdurg,Kasaragod,12.3167,75.1,2020-10-15,False,0.5093749926541595,HIGH
hepatitis_a_probable,Muvattupuzha,Ernakulam,9.9833,76.5833,2020-10-15,False,0.3746623447270613,HIGH
hepatitis_a_probable,Alathur,Palakkad,10.6333,76.55,2020-10-16,False,0.3706570486673615,HIGH
hepatitis_a_probable,Thamarassery,Kozhikode,11.2667,75.9333,2020-10-17,False,0.3658610244702109,HIGH
hepatitis_a_probable,Pattambi,Palakkad,10.8,76.2,2020-10-17,False,0.383597311925807,HIGH
hepatitis_a_probable,Meenachil,Kottayam,9.7167,76.6833,2020-10-18,False,0.4047317390689038,HIGH
hepatitis_a_probable,Kottayam,Kottayam,9.6287383,76.64553257,2020-10-18,False,0.3783485779600437,HIGH
hepatitis_a_probable,Thodupuzha,Idukki,9.8955,76.7241,2020-10-18,False,0.3479929384924537,HIGH
hepatitis_a_probable,Kollam,Kollam,8.8879509,76.5955013,2020-10-18,False,0.2985974435249381,HIGH
hepatitis_a_probable,Tirurangadi,Malappuram,11.0,75.9333,2020-11-21,False,0.3251545755076287,HIGH
hepatitis_a_probable,Kuttanad,Alappuzha,9.5833,76.4167,2020-11-22,False,0.3645275478666362,HIGH
hepatitis_a_probable,Palakkad,Palakkad,10.78789845,76.47408711,2020-11-22,False,0.325063587958678,HIGH
hepatitis_a_probable,Kozhikode,Kozhikode,11.2450558,75.7754716,2020-11-22,False,0.2945231209588252,HIGH
hepatitis_a_probable,Payyanur,Kannur,12.1,75.2,2020-11-22,False,0.3793767123406056,HIGH
hepatitis_a_probable,Talappilly,Thrissur,10.6667,76.25,2020-11-23,False,0.3002404847942203,HIGH
hepatitis_a_probable,Thiruvananthapuram,Thiruvananthapuram,8.4882267,76.947551,2020-11-24,False,0.2362207250696869,HIGH
hepatitis_a_probable,Pathanapuram,Kollam,9.1,76.87,2020-11-25,False,0.256281331979377,HIGH
hepatitis_a_probable,Kochi,Ernakulam,9.9312,76.2673,2020-11-25,False,0.2679449627212164,HIGH
hepatitis_a_probable,Mallappally,Pathanamthitta,9.3833,76.6833,2020-11-26,False,0.2639211769474403,HIGH
hepatitis_a_probable,Idukki,Idukki,9.8497872,76.9797914,2020-11-27,False,0.2426286061260393,HIGH
hepatitis_a_probable,Mavelikkara,Alappuzha,9.2667,76.55,2021-02-01,False,0.2413530003278753,HIGH
hepatitis_a_probable,Chalakudy,Thrissur,10.3,76.3333,2021-02-01,False,0.2604243649270167,HIGH
hepatitis_a_probable,Vaikom,Kottayam,9.75,76.4,2021-04-08,False,0.2412398094219812,HIGH
hepatitis_a_probable,Ambalappuzha,Alappuzha,9.5006651,76.41241429,2021-04-09,False,0.2066873501342456,HIGH
hepatitis_a_probable,Kanayannur,Ernakulam,9.98408,76.2741457,2021-09-09,False,0.2217327130360611,HIGH
hepatitis_a_probable,Devikulam,Idukki,10.0667,77.1,2021-09-10,False,0.1899425924324032,HIGH
hepatitis_a_probable,Chittur,Palakkad,10.7,76.75,2021-09-11,False,0.1878117804112854,HIGH
hepatitis_a_probable,Kottarakkara,Kollam,9.0002,76.7788,2021-10-15,False,0.1711192206255128,HIGH
hepatitis_a_probable,Sulthan Bathery,Wayanad,11.6667,76.2667,2021-10-19,False,0.1770588805505203,HIGH
hepatitis_a_probable,Ranni,Pathanamthitta,9.3833,76.9667,2021-11-20,False,0.1676042807803479,HIGH
hepatitis_a_probable,Vellarikundu,Kasaragod,12.4167,75.2333,2021-12-29,False,0.2130488010952801,HIGH
hepatitis_a_probable,Aluva,Ernakulam,10.1075,76.3516,2021-12-31,False,0.1760069301297679,HIGH
hepatitis_a_probable,Cherthala,Alappuzha,9.6833,76.3333,2022-04-09,False,0.1746696105440217,HIGH
hepatitis_a_probable,Iritty,Kannur,11.9333,75.7,2022-10-12,False,0.2093333215000082,HIGH
hepatitis_a_probable,Kannur,Kannur,11.8763836,75.3737973,2022-10-13,False,0.1809937001488094,HIGH
hepatitis_a_probable,Chavakkad,Thrissur,10.5833,76.0167,2022-10-17,False,0.139894919605284,HIGH
hepatitis_a_probable,Konni,Pathanamthitta,9.2667,76.9333,2022-11-22,False,0.1527116324105906,HIGH
hepatitis_a_probable,Kasaragod,Kasaragod,12.5035577,74.9907022,2022-11-22,False,0.13411603130428,HIGH
hepatitis_a_probable,Karthikappally,Alappuzha,9.2833,76.4667,2023-04-08,False,0.1170351227729877,HIGH
hepatitis_a_probable,Perinthalmanna,Malappuram,10.9667,76.2167,2023-09-09,False,0.1273832196757109,HIGH
hepatitis_a_probable,Manjeshwaram,Kasaragod,12.7167,74.8833,2023-09-10,False,0.084937512727265,HIGH
hepatitis_a_probable,Kunnathoor,Kollam,9.0292,76.627,2023-10-15,False,0.0745801908128598,HIGH
hepatitis_a_probable,Changanassery,Kottayam,9.45,76.5333,2023-10-17,False,0.1160943900248341,HIGH
hepatitis_a_probable,Nilambur,Malappuram,11.2833,76.2333,2024-03-04,False,0.0858604945224722,HIGH
hepatitis_b,North Paravur,Ernakulam,10.1333,76.2,2020-05-01,False,0.5699841378887424,LOW
hepatitis_b,Ranni,Pathanamthitta,9.3833,76.9667,2020-05-02,False,0.5644257436223094,LOW
hepatitis_b,Changanassery,Kottayam,9.45,76.5333,2020-05-02,False,0.5853801374760486,LOW
hepatitis_b,Neyyattinkara,Thiruvananthapuram,8.4004,77.0872,2020-05-03,False,0.5213207271062572,LOW
hepatitis_b,Peerumade,Idukki,9.5667,76.9667,2020-05-03,False,0.5326219222431687,LOW
hepatitis_b,Thrissur,Thrissur,10.5256264,76.2132542,2020-05-03,False,0.5716753703950119,LOW
hepatitis_b,Mannarkkad,Palakkad,11.0,76.4667,2020-05-03,False,0.5265566748655525,LOW
hepatitis_b,Kozhenchery,Pathanamthitta,9.2780841,76.9737443,2020-05-06,False,0.5392585047422869,LOW
hepatitis_b,Hosdurg,Kasaragod,12.3167,75.1,2020-05-07,False,0.4842475372717784,LOW
hepatitis_b,Pathanapuram,Kollam,9.1,76.87,2020-06-07,False,0.6371138933353073,LOW
hepatitis_b,Mananthavady,Wayanad,11.8,76.0,2020-06-07,False,0.526605957253796,LOW
hepatitis_b,Vellarikundu,Kasaragod,12.4167,75.2333,2020-06-08,False,0.5525045783383589,LOW
hepatitis_b,Ambalappuzha,Alappuzha,9.5006651,76.41241429,2020-06-08,False,0.5027429362740892,LOW
hepatitis_b,Chittur,Palakkad,10.7,76.75,2020-06-09,False,0.4653457197074692,LOW
hepatitis_b,Aluva,Ernakulam,10.1075,76.3516,2020-06-09,False,0.4771435646391536,LOW
hepatitis_b,Udumbanchola,Idukki,9.8333,77.1333,2020-06-09,False,0.4357569263384847,LOW
hepatitis_b,Idukki,Idukki,9.8497872,76.9797914,2020-06-09,False,0.4467372593262489,LOW
hepatitis_b,Cherthala,Alappuzha,9.6833,76.3333,2020-06-10,False,0.4508389910058262,LOW
hepatitis_b,Karunagappally,Kollam,9.0574,76.5334,2020-06-10,False,0.4894295087988362,LOW
hepatitis_b,Kothamangalam,Ernakulam,10.0667,76.6333,2020-06-11,False,0.4345760868074074,LOW
hepatitis_b,Kannur,Kannur,11.8763836,75.3737973,2020-06-12,False,0.407271323861562,LOW
hepatitis_b,Mukundapuram,Thrissur,10.3333,76.2167,2020-10-13,False,0.4958737441366995,LOW
hepatitis_b,Punalur,Kollam,9.0089,76.9269,2020-10-14,False,0.4593307608395336,LOW
hepatitis_b,Koyilandy,Kozhikode,11.4333,75.7,2020-10-16,False,0.4524936686933198,LOW
hepatitis_b,Varkala,Thiruvananthapuram,8.7379,76.7163,2020-10-16,True,0.6523137293452588,LOW
hepatitis_b,Ponnani,Malappuram,10.7667,75.9167,2020-10-16,False,0.4159765519629478,LOW
hepatitis_b,Devikulam,Idukki,10.0667,77.1,2020-10-19,False,0.3669891543519026,LOW
hepatitis_b,Karthikappally,Alappuzha,9.2833,76.4667,2020-11-22,False,0.5854535378958552,LOW
hepatitis_b,Thalassery,Kannur,11.75,75.4833,2020-11-23,False,0.3644829811180581,LOW
hepatitis_b,Chenganoor,Alappuzha,9.3167,76.6167,2020-11-23,False,0.4351430642922288,LOW
hepatitis_b,Kodungallur,Thrissur,10.2333,76.2,2020-11-25,False,0.3968452297060371,LOW
hepatitis_b,Adoor,Pathanamthitta,9.1667,76.7333,2020-11-25,False,0.3810933993274135,LOW
hepatitis_b,Thodupuzha,Idukki,9.8955,76.7241,2020-11-26,False,0.3494658477742992,LOW
hepatitis_b,Ottapalam,Palakkad,10.7667,76.3667,2020-11-26,False,0.3976715049588421,LOW
hepatitis_b,Talappilly,Thrissur,10.6667,76.25,2020-11-27,False,0.4114935656229691,LOW
hepatitis_b,Payyanur,Kannur,12.1,75.2,2020-11-28,False,0.3030640135365212,LOW
hepatitis_b,Kunnamkulam,Thrissur,10.65,76.0667,2020-11-28,False,0.3696760893410138,LOW
hepatitis_b,Chirayinkeezhu,Thiruvananthapuram,8.6963,76.8153,2020-11-29,False,0.4121428462749909,LOW
hepatitis_b,Pattambi,Palakkad,10.8,76.2,2020-11-30,False,0.6478961197979125,LOW
hepatitis_b,Thamarassery,Kozhikode,11.2667,75.9333,2021-05-02,False,0.3920751755788809,LOW
hepatitis_b,Kanayannur,Ernakulam,9.98408,76.2741457,2021-05-04,False,0.6203522950377603,LOW
hepatitis_b,Kuttanad,Alappuzha,9.5833,76.4167,2021-05-04,False,0.3144551985124463,LOW
hepatitis_b,Kunnathoor,Kollam,9.0292,76.627,2021-05-06,False,0.3521265920899528,LOW
hepatitis_b,Chalakudy,Thrissur,10.3,76.3333,2021-06-07,False,0.3099718733607592,LOW
hepatitis_b,Vythiri,Wayanad,11.6226,76.0813,2021-06-08,False,0.6023079111024827,LOW
hepatitis_b,Vaikom,Kottayam,9.75,76.4,2021-06-09,False,0.2749101417960784,LOW
hepatitis_b,Kanjirappally,Kottayam,9.5667,76.7833,2021-06-10,False,0.2842875568412913,LOW
hepatitis_b,Nedumangad,Thiruvananthapuram,8.6036,77.0031,2021-06-12,False,0.2527649425753909,LOW
hepatitis_b,Nileshwaram,Kasaragod,12.25,75.1,2021-10-16,False,0.2258151187284474,LOW
hepatitis_b,Kozhikode,Kozhikode,11.2450558,75.7754716,2021-10-18,False,0.2541744960542454,LOW
hepatitis_b,Taliparamba,Kannur,12.0333,75.35,2021-10-18,False,0.2124055898497003,LOW
hepatitis_b,Meenachil,Kottayam,9.7167,76.6833,2021-10-18,False,0.2724257866917459,LOW
hepatitis_b,Kunnathunad,Ernakulam,10.1167,76.4833,2021-11-24,False,0.2254059090297743,LOW
hepatitis_b,Vadakara,Kozhikode,11.6,75.5833,2021-11-26,False,0.209943773698656,LOW
hepatitis_b,Kottayam,Kottayam,9.6287383,76.64553257,2021-11-27,False,0.4898005067499642,LOW
hepatitis_b,Iritty,Kannur,11.9333,75.7,2022-05-01,False,0.5288740417075668,LOW
hepatitis_b,Perinthalmanna,Malappuram,10.9667,76.2167,2022-05-01,False,0.2544595779005541,LOW
hepatitis_b,Ernad,Malappuram,11.1201,76.1197,2022-05-03,False,0.228292480521178,LOW
hepatitis_b,Kondotty,Malappuram,11.15,75.9667,2022-06-07,False,0.1989043741902169,LOW
hepatitis_b,Mallappally,Pathanamthitta,9.3833,76.6833,2022-06-07,False,0.2292122756793564,LOW
hepatitis_b,Tirurangadi,Malappuram,11.0,75.9333,2022-06-10,False,0.1992619675212622,LOW
hepatitis_b,Kollam,Kollam,8.8879509,76.5955013,2022-10-16,False,0.2230393880191185,LOW
hepatitis_b,Kottarakkara,Kollam,9.0002,76.7788,2022-11-20,False,0.2295376838852343,LOW
hepatitis_b,Manjeshwaram,Kasaragod,12.7167,74.8833,2022-11-26,False,0.1075001682424737,LOW
hepatitis_b,Mavelikkara,Alappuzha,9.2667,76.55,2023-05-06,False,0.2618648068326021,LOW
hepatitis_b,Konni,Pathanamthitta,9.2667,76.9333,2023-06-12,False,0.2369540966818772,LOW
hepatitis_b,Kochi,Ernakulam,9.9312,76.2673,2023-11-21,False,0.1542643217086792,LOW
hepatitis_b,Chavakkad,Thrissur,10.5833,76.0167,2023-11-23,False,0.1501265253485486,LOW
hepatitis_b,Thiruvananthapuram,Thiruvananthapuram,8.4882267,76.947551,2024-05-06,False,0.1100070139900273,LOW
hepatitis_b,Alathur,Palakkad,10.6333,76.55,2024-10-19,False,0.1171208851095735,LOW
hepatitis_c,Mallappally,Pathanamthitta,9.3833,76.6833,2020-01-01,False,0.6107996729965675,MEDIUM
hepatitis_c,Kottarakkara,Kollam,9.0002,76.7788,2020-01-02,False,0.6218754471089624,MEDIUM
hepatitis_c,Kottayam,Kottayam,9.6287383,76.64553257,2020-07-06,False,0.5374649195759361,MEDIUM
hepatitis_c,Idukki,Idukki,9.8497872,76.9797914,2020-07-07,False,0.5402402629488204,MEDIUM
hepatitis_c,Kunnamkulam,Thrissur,10.65,76.0667,2020-07-08,False,0.4825060668326845,MEDIUM
hepatitis_c,Thrissur,Thrissur,10.5256264,76.2132542,2020-07-08,False,0.5336969720566949,MEDIUM
hepatitis_c,Koyilandy,Kozhikode,11.4333,75.7,2020-07-08,False,0.4508139998520231,MEDIUM
hepatitis_c,Payyanur,Kannur,12.1,75.2,2020-09-10,False,0.472721776779633,MEDIUM
hepatitis_c,Muvattupuzha,Ernakulam,9.9833,76.5833,2020-09-11,False,0.4724683227418145,MEDIUM
hepatitis_c,Meenachil,Kottayam,9.7167,76.6833,2020-09-11,False,0.4840910112595795,MEDIUM
hepatitis_c,Vellarikundu,Kasaragod,12.4167,75.2333,2020-09-11,False,0.4156807393091759,MEDIUM
hepatitis_c,Punalur,Kollam,9.0089,76.9269,2020-09-12,False,0.5092913384084883,MEDIUM
hepatitis_c,Peerumade,Idukki,9.5667,76.9667,2020-09-12,False,0.4690865643770087,MEDIUM
hepatitis_c,Chavakkad,Thrissur,10.5833,76.0167,2020-09-12,False,0.4183580223687028,MEDIUM
hepatitis_c,Mannarkkad,Palakkad,11.0,76.4667,2020-09-13,True,0.7465954538989419,MEDIUM
hepatitis_c,Kothamangalam,Ernakulam,10.0667,76.6333,2020-10-15,False,0.4345642944545689,MEDIUM
hepatitis_c,Tirur,Malappuram,10.9167,75.9167,2020-10-16,False,0.3883224696829092,MEDIUM
hepatitis_c,Kasaragod,Kasaragod,12.5035577,74.9907022,2020-10-16,False,0.3603853871115818,MEDIUM
hepatitis_c,Thodupuzha,Idukki,9.8955,76.7241,2020-10-17,False,0.4192095182161471,MEDIUM
hepatitis_c,Kanjirappally,Kottayam,9.5667,76.7833,2020-10-17,False,0.4273887154530627,MEDIUM
hepatitis_c,Kozhenchery,Pathanamthitta,9.2780841,76.9737443,2020-10-20,False,0.4446445600824436,MEDIUM
hepatitis_c,Neyyattinkara,Thiruvananthapuram,8.4004,77.0872,2020-10-21,False,0.3689616331706342,MEDIUM
hepatitis_c,Nilambur,Malappuram,11.2833,76.2333,2020-10-22,False,0.3487383853494963,MEDIUM
hepatitis_c,Iritty,Kannur,11.9333,75.7,2020-11-22,False,0.3297073818481558,MEDIUM
hepatitis_c,Nileshwaram,Kasaragod,12.25,75.1,2020-11-27,False,0.322193628511491,MEDIUM
hepatitis_c,Vythiri,Wayanad,11.6226,76.0813,2020-12-30,False,0.3224659530812634,MEDIUM
hepatitis_c,Karunagappally,Kollam,9.0574,76.5334,2020-12-30,False,0.41184746172224,MEDIUM
hepatitis_c,North Paravur,Ernakulam,10.1333,76.2,2021-01-02,False,0.328726117658246,MEDIUM
hepatitis_c,Taliparamba,Kannur,12.0333,75.35,2021-03-03,False,0.6355643266846042,MEDIUM
hepatitis_c,Sulthan Bathery,Wayanad,11.6667,76.2667,2021-03-03,False,0.2881900424715838,MEDIUM
hepatitis_c,Ranni,Pathanamthitta,9.3833,76.9667,2021-06-05,False,0.3613991100032344,MEDIUM
hepatitis_c,Nedumangad,Thiruvananthapuram,8.6036,77.0031,2021-07-07,False,0.3303734665110915,MEDIUM
hepatitis_c,Kozhikode,Kozhikode,11.2450558,75.7754716,2021-07-07,False,0.271813180272432,MEDIUM
hepatitis_c,Pattambi,Palakkad,10.8,76.2,2021-07-08,False,0.2820792850817947,MEDIUM
hepatitis_c,Pathanapuram,Kollam,9.1,76.87,2021-09-12,False,0.4109374927223977,MEDIUM
hepatitis_c,Devikulam,Idukki,10.0667,77.1,2021-09-13,False,0.6175809452371801,MEDIUM
hepatitis_c,Chenganoor,Alappuzha,9.3167,76.6167,2021-10-15,False,0.3793587742141848,MEDIUM
hepatitis_c,Konni,Pathanamthitta,9.2667,76.9333,2021-10-16,False,0.3436941220396573,MEDIUM
hepatitis_c,Palakkad,Palakkad,10.78789845,76.47408711,2021-10-16,False,0.2565862258595141,MEDIUM
hepatitis_c,Kattakkada,Thiruvananthapuram,8.5667,77.1,2021-10-18,False,0.2654835039102373,MEDIUM
hepatitis_c,Chirayinkeezhu,Thiruvananthapuram,8.6963,76.8153,2021-10-19,False,0.2613713308462281,MEDIUM
hepatitis_c,Vadakara,Kozhikode,11.6,75.5833,2021-10-20,False,0.2087481454378034,MEDIUM
hepatitis_c,Chalakudy,Thrissur,10.3,76.3333,2021-10-21,False,0.2225966402724478,MEDIUM
hepatitis_c,Kunnathunad,Ernakulam,10.1167,76.4833,2021-10-21,False,0.2254431055298499,MEDIUM
hepatitis_c,Cherthala,Alappuzha,9.6833,76.3333,2021-11-24,False,0.2236930120464349,MEDIUM
hepatitis_c,Mukundapuram,Thrissur,10.3333,76.2167,2022-01-01,False,0.1998411197565398,MEDIUM
hepatitis_c,Thalassery,Kannur,11.75,75.4833,2022-01-02,False,0.178419730167649,MEDIUM
hepatitis_c,Thiruvananthapuram,Thiruvananthapuram,8.4882267,76.947551,2022-07-06,False,0.1959536916153465,MEDIUM
hepatitis_c,Perinthalmanna,Malappuram,10.9667,76.2167,2022-07-07,False,0.177704980615166,MEDIUM
hepatitis_c,Thiruvalla,Pathanamthitta,9.3833,76.5833,2022-07-08,False,0.2392585630157702,MEDIUM
hepatitis_c,Karthikappally,Alappuzha,9.2833,76.4667,2022-10-17,False,0.2257763063300931,MEDIUM
hepatitis_c,Aluva,Ernakulam,10.1075,76.3516,2022-11-22,False,0.1620265235498294,MEDIUM
hepatitis_c,Kanayannur,Ernakulam,9.98408,76.2741457,2022-11-23,False,0.1542223758144783,MEDIUM
hepatitis_c,Kondotty,Malappuram,11.15,75.9667,2022-11-27,False,0.2389754120146628,MEDIUM
hepatitis_c,Vaikom,Kottayam,9.75,76.4,2022-11-28,False,0.1595207951259459,MEDIUM
hepatitis_c,Ernad,Malappuram,11.1201,76.1197,2022-11-28,False,0.1186322412286038,MEDIUM
hepatitis_c,Ottapalam,Palakkad,10.7667,76.3667,2022-12-31,False,0.1348826775238366,MEDIUM
hepatitis_c,Adoor,Pathanamthitta,9.1667,76.7333,2023-07-08,False,0.1117090731620444,MEDIUM
hepatitis_c,Kannur,Kannur,11.8763836,75.3737973,2023-09-11,False,0.1047491641284821,MEDIUM
hepatitis_c,Ambalappuzha,Alappuzha,9.5006651,76.41241429,2023-09-13,False,0.1323437644557993,MEDIUM
hepatitis_c,Mavelikkara,Alappuzha,9.2667,76.55,2023-11-25,False,0.1914668260731953,MEDIUM
hepatitis_c,Manjeshwaram,Kasaragod,12.7167,74.8833,2024-01-01,False,0.0463041958428772,MEDIUM
hepatitis_c,Changanassery,Kottayam,9.45,76.5333,2024-07-09,False,0.1371850995345743,MEDIUM
hepatitis_c,Udumbanchola,Idukki,9.8333,77.1333,2024-10-20,False,0.1146794811467594,MEDIUM
hepatitis_e,Mallappally,Pathanamthitta,9.3833,76.6833,2021-12-13,True,0.5053128428743627,LOW
hepatitis_e,Changanassery,Kottayam,9.45,76.5333,2021-12-25,False,0.4332692359756094,LOW
hepatitis_e,Talappilly,Thrissur,10.6667,76.25,2022-12-03,False,0.4598006827607913,LOW
hepatitis_e,Thamarassery,Kozhikode,11.2667,75.9333,2022-12-09,False,0.3126268120222561,LOW
hepatitis_e,Pattambi,Palakkad,10.8,76.2,2022-12-19,False,0.3499999878654115,LOW
hepatitis_e,Aluva,Ernakulam,10.1075,76.3516,2023-12-05,False,0.1631959293715927,LOW
influenza_h1n1_seasonal,Vaikom,Kottayam,9.75,76.4,2020-10-04,False,0.5400056648966116,MEDIUM
influenza_h1n1_seasonal,Perinthalmanna,Malappuram,10.9667,76.2167,2020-10-04,False,0.5606736498091492,MEDIUM
influenza_h1n1_seasonal,Varkala,Thiruvananthapuram,8.7379,76.7163,2020-11-08,False,0.48920453708334,MEDIUM
influenza_h1n1_seasonal,Talappilly,Thrissur,10.6667,76.25,2020-11-08,False,0.5097736412161888,MEDIUM
influenza_h1n1_seasonal,Devikulam,Idukki,10.0667,77.1,2020-11-09,False,0.4887340004561882,MEDIUM
influenza_h1n1_seasonal,Mavelikkara,Alappuzha,9.2667,76.55,2020-11-11,False,0.5362844485448771,MEDIUM
influenza_h1n1_seasonal,Kondotty,Malappuram,11.15,75.9667,2020-11-11,False,0.5024587862409717,MEDIUM
influenza_h1n1_seasonal,Kattakkada,Thiruvananthapuram,8.5667,77.1,2020-11-12,False,0.4346007171064181,MEDIUM
influenza_h1n1_seasonal,Kunnathoor,Kollam,9.0292,76.627,2020-11-13,False,0.4622052619480392,MEDIUM
influenza_h1n1_seasonal,Mukundapuram,Thrissur,10.3333,76.2167,2020-11-13,False,0.4704766181900456,MEDIUM
influenza_h1n1_seasonal,Koyilandy,Kozhikode,11.4333,75.7,2020-11-14,False,0.4651708493907227,MEDIUM
influenza_h1n1_seasonal,Manjeshwaram,Kasaragod,12.7167,74.8833,2020-11-15,False,0.4108945820661574,MEDIUM
influenza_h1n1_seasonal,Ottapalam,Palakkad,10.7667,76.3667,2020-11-15,False,0.4792202788191949,MEDIUM
influenza_h1n1_seasonal,Sulthan Bathery,Wayanad,11.6667,76.2667,2020-11-16,False,0.4235616623307974,MEDIUM
influenza_h1n1_seasonal,Ernad,Malappuram,11.1201,76.1197,2020-11-19,False,0.448455496704875,MEDIUM
influenza_h1n1_seasonal,Kannur,Kannur,11.8763836,75.3737973,2020-11-20,False,0.4362866517774185,MEDIUM
influenza_h1n1_seasonal,Thrissur,Thrissur,10.5256264,76.2132542,2020-11-20,False,0.4206230428708788,MEDIUM
influenza_h1n1_seasonal,Ambalappuzha,Alappuzha,9.5006651,76.41241429,2020-12-24,False,0.4043376250217288,MEDIUM
influenza_h1n1_seasonal,Karunagappally,Kollam,9.0574,76.5334,2020-12-24,False,0.3727455514388586,MEDIUM
influenza_h1n1_seasonal,Kanayannur,Ernakulam,9.98408,76.2741457,2022-10-03,False,0.3633782550555585,MEDIUM
influenza_h1n1_seasonal,Payyanur,Kannur,12.1,75.2,2022-10-04,False,0.4117647184809387,MEDIUM
influenza_h1n1_seasonal,Kodungallur,Thrissur,10.2333,76.2,2022-10-05,True,0.6917729562638646,MEDIUM
influenza_h1n1_seasonal,Kuttanad,Alappuzha,9.5833,76.4167,2022-10-05,False,0.355880537530095,MEDIUM
influenza_h1n1_seasonal,Nedumangad,Thiruvananthapuram,8.6036,77.0031,2022-10-06,False,0.3141919911854035,MEDIUM
influenza_h1n1_seasonal,Thodupuzha,Idukki,9.8955,76.7241,2022-10-06,False,0.328082930348058,MEDIUM
influenza_h1n1_seasonal,Pathanapuram,Kollam,9.1,76.87,2022-10-07,False,0.3175384924453286,MEDIUM
influenza_h1n1_seasonal,Meenachil,Kottayam,9.7167,76.6833,2022-11-07,False,0.3294319820820338,MEDIUM
influenza_h1n1_seasonal,Thiruvananthapuram,Thiruvananthapuram,8.4882267,76.947551,2022-11-08,False,0.2569784578304324,MEDIUM
influenza_h1n1_seasonal,Kanjirappally,Kottayam,9.5667,76.7833,2022-11-09,False,0.3534730258867981,MEDIUM
influenza_h1n1_seasonal,Changanassery,Kottayam,9.45,76.5333,2022-11-09,False,0.4524314021694964,MEDIUM
influenza_h1n1_seasonal,Mananthavady,Wayanad,11.8,76.0,2022-11-09,False,0.2851507003570962,MEDIUM
influenza_h1n1_seasonal,Mallappally,Pathanamthitta,9.3833,76.6833,2022-11-13,False,0.5990059623394481,MEDIUM
influenza_h1n1_seasonal,Vellarikundu,Kasaragod,12.4167,75.2333,2022-11-15,False,0.2462271833967286,MEDIUM
influenza_h1n1_seasonal,Adoor,Pathanamthitta,9.1667,76.7333,2022-11-16,False,0.2710951605752632,MEDIUM
influenza_h1n1_seasonal,Pattambi,Palakkad,10.8,76.2,2022-11-20,False,0.2706851342441817,MEDIUM
influenza_h1n1_seasonal,Chalakudy,Thrissur,10.3,76.3333,2022-12-27,False,0.2345939219850215,MEDIUM
influenza_h1n1_seasonal,Neyyattinkara,Thiruvananthapuram,8.4004,77.0872,2022-12-29,False,0.1738784619377854,MEDIUM
influenza_h1n1_seasonal,Peerumade,Idukki,9.5667,76.9667,2022-12-30,False,0.5574977754153272,MEDIUM
influenza_h1n1_seasonal,Nilambur,Malappuram,11.2833,76.2333,2022-12-30,False,0.2159051396304629,MEDIUM
influenza_h1n1_seasonal,Palakkad,Palakkad,10.78789845,76.47408711,2023-10-04,False,0.1970266548876617,MEDIUM
influenza_h1n1_seasonal,Mannarkkad,Palakkad,11.0,76.4667,2023-10-07,False,0.2024233001602786,MEDIUM
influenza_h1n1_seasonal,Cherthala,Alappuzha,9.6833,76.3333,2023-11-12,False,0.1731535494687219,MEDIUM
influenza_h1n1_seasonal,Konni,Pathanamthitta,9.2667,76.9333,2023-11-12,False,0.1897137110561169,MEDIUM
influenza_h1n1_seasonal,Muvattupuzha,Ernakulam,9.9833,76.5833,2023-11-18,False,0.1546648168845518,MEDIUM
influenza_h1n1_seasonal,Thiruvalla,Pathanamthitta,9.3833,76.5833,2023-11-19,False,0.2594416249939256,MEDIUM
influenza_h1n1_seasonal,Aluva,Ernakulam,10.1075,76.3516,2023-12-09,False,0.1382913724241332,MEDIUM
influenza_h1n1_seasonal,Tirurangadi,Malappuram,11.0,75.9333,2023-12-23,False,0.1399374794428592,MEDIUM
influenza_h1n1_seasonal,Vadakara,Kozhikode,11.6,75.5833,2023-12-26,False,0.1631965622227322,MEDIUM
influenza_h1n1_seasonal,Chenganoor,Alappuzha,9.3167,76.6167,2023-12-28,False,0.2264705788994872,MEDIUM
influenza_h1n1_seasonal,Kozhenchery,Pathanamthitta,9.2780841,76.9737443,2024-10-01,False,0.123409932427735,MEDIUM
influenza_h1n1_seasonal,Nileshwaram,Kasaragod,12.25,75.1,2024-11-08,False,0.1100740787836955,MEDIUM
leptospirosis_confirmed,Iritty,Kannur,11.9333,75.7,2020-01-01,False,0.505311390496679,LOW
leptospirosis_confirmed,Talappilly,Thrissur,10.6667,76.25,2020-01-01,False,0.6368217138539548,LOW
leptospirosis_confirmed,Kondotty,Malappuram,11.15,75.9667,2020-01-01,False,0.5321954774667552,LOW
leptospirosis_confirmed,Kasaragod,Kasaragod,12.5035577,74.9907022,2020-01-02,False,0.4623836139971506,LOW
leptospirosis_confirmed,Payyanur,Kannur,12.1,75.2,2020-04-03,False,0.4656132254098084,LOW
leptospirosis_confirmed,Aluva,Ernakulam,10.1075,76.3516,2020-04-05,False,0.5679762522139592,LOW
leptospirosis_confirmed,Chenganoor,Alappuzha,9.3167,76.6167,2020-04-05,False,0.6146916159986854,LOW
leptospirosis_confirmed,Ernad,Malappuram,11.1201,76.1197,2020-04-05,False,0.4972164808896517,LOW
leptospirosis_confirmed,Taliparamba,Kannur,12.0333,75.35,2020-05-06,False,0.4444719450121599,LOW
leptospirosis_confirmed,Thiruvalla,Pathanamthitta,9.3833,76.5833,2020-07-08,False,0.5905495076459596,LOW
leptospirosis_confirmed,Mannarkkad,Palakkad,11.0,76.4667,2020-07-09,False,0.5058403918253228,LOW
leptospirosis_confirmed,Karthikappally,Alappuzha,9.2833,76.4667,2020-09-09,False,0.8237860006919673,LOW
leptospirosis_confirmed,Mavelikkara,Alappuzha,9.2667,76.55,2020-09-10,False,0.5221568761310933,LOW
leptospirosis_confirmed,Mukundapuram,Thrissur,10.3333,76.2167,2020-09-10,True,0.827814143518065,LOW
leptospirosis_confirmed,Chalakudy,Thrissur,10.3,76.3333,2020-09-12,False,0.5264517406750782,LOW
leptospirosis_confirmed,Kanayannur,Ernakulam,9.98408,76.2741457,2020-09-12,False,0.4728687342892803,LOW
leptospirosis_confirmed,Kochi,Ernakulam,9.9312,76.2673,2020-09-12,False,0.4621435453788117,LOW
leptospirosis_confirmed,Ponnani,Malappuram,10.7667,75.9167,2020-09-13,False,0.4542560543246788,LOW
leptospirosis_confirmed,Thiruvananthapuram,Thiruvananthapuram,8.4882267,76.947551,2020-09-13,False,0.3802429998840367,LOW
leptospirosis_confirmed,Kunnamkulam,Thrissur,10.65,76.0667,2020-09-14,False,0.4744824948700469,LOW
leptospirosis_confirmed,Thodupuzha,Idukki,9.8955,76.7241,2020-09-14,False,0.4667731805533225,LOW
leptospirosis_confirmed,Kollam,Kollam,8.8879509,76.5955013,2020-09-14,False,0.6506920724918712,LOW
leptospirosis_confirmed,Kunnathoor,Kollam,9.0292,76.627,2020-09-14,False,0.4047219084856223,LOW
leptospirosis_confirmed,Devikulam,Idukki,10.0667,77.1,2020-10-17,False,0.3925902237875131,LOW
leptospirosis_confirmed,Manjeshwaram,Kasaragod,12.7167,74.8833,2020-10-18,False,0.3209997971045896,LOW
leptospirosis_confirmed,Muvattupuzha,Ernakulam,9.9833,76.5833,2020-10-18,False,0.4867986721815835,LOW
leptospirosis_confirmed,Kannur,Kannur,11.8763836,75.3737973,2020-10-19,False,0.3302645230516774,LOW
leptospirosis_confirmed,Idukki,Idukki,9.8497872,76.9797914,2020-10-21,False,0.3858660436019244,LOW
leptospirosis_confirmed,Thamarassery,Kozhikode,11.2667,75.9333,2020-10-23,False,0.4009564475201728,LOW
leptospirosis_confirmed,Meenachil,Kottayam,9.7167,76.6833,2020-10-23,False,0.4036684342657171,LOW
leptospirosis_confirmed,Udumbanchola,Idukki,9.8333,77.1333,2020-10-25,False,0.3388515326564615,LOW
leptospirosis_confirmed,Nileshwaram,Kasaragod,12.25,75.1,2020-10-26,False,0.2827589038449045,LOW
leptospirosis_confirmed,Punalur,Kollam,9.0089,76.9269,2020-10-28,False,0.3189758182746343,LOW
leptospirosis_confirmed,Kunnathunad,Ernakulam,10.1167,76.4833,2020-10-28,False,0.4005800174056229,LOW
leptospirosis_confirmed,Koyilandy,Kozhikode,11.4333,75.7,2020-11-28,False,0.630235457325259,LOW
leptospirosis_confirmed,Alathur,Palakkad,10.6333,76.55,2020-11-29,False,0.6923953830939171,LOW
leptospirosis_confirmed,Cherthala,Alappuzha,9.6833,76.3333,2020-12-30,False,0.3227703125657082,LOW
leptospirosis_confirmed,Perinthalmanna,Malappuram,10.9667,76.2167,2020-12-30,False,0.3128674067422553,LOW
leptospirosis_confirmed,Konni,Pathanamthitta,9.2667,76.9333,2020-12-31,False,0.3091034395152103,LOW
leptospirosis_confirmed,Ranni,Pathanamthitta,9.3833,76.9667,2021-01-01,False,0.3449728376011268,LOW
leptospirosis_confirmed,Ottapalam,Palakkad,10.7667,76.3667,2021-01-02,False,0.3278913967898915,LOW
leptospirosis_confirmed,Kothamangalam,Ernakulam,10.0667,76.6333,2021-01-02,False,0.6369577474299766,LOW
leptospirosis_confirmed,Kanjirappally,Kottayam,9.5667,76.7833,2021-04-04,False,0.3150526181362956,LOW
leptospirosis_confirmed,Mananthavady,Wayanad,11.8,76.0,2021-07-08,False,0.2273463141217501,LOW
leptospirosis_confirmed,Chittur,Palakkad,10.7,76.75,2021-09-14,False,0.6177435053056487,LOW
leptospirosis_confirmed,Adoor,Pathanamthitta,9.1667,76.7333,2021-09-14,False,0.2770615669520282,LOW
leptospirosis_confirmed,Pathanapuram,Kollam,9.1,76.87,2021-09-15,False,0.2388063306324278,LOW
leptospirosis_confirmed,Kodungallur,Thrissur,10.2333,76.2,2021-10-18,False,0.2952416647958485,LOW
leptospirosis_confirmed,Sulthan Bathery,Wayanad,11.6667,76.2667,2021-10-20,False,0.195095494977056,LOW
leptospirosis_confirmed,Kattakkada,Thiruvananthapuram,8.5667,77.1,2021-10-20,False,0.1773201286759976,LOW
leptospirosis_confirmed,Nilambur,Malappuram,11.2833,76.2333,2021-10-21,False,0.2010346603439421,LOW
leptospirosis_confirmed,Vellarikundu,Kasaragod,12.4167,75.2333,2021-10-24,False,0.1490326215791663,LOW
leptospirosis_confirmed,Kuttanad,Alappuzha,9.5833,76.4167,2021-10-24,False,0.2258331173124332,LOW
leptospirosis_confirmed,Hosdurg,Kasaragod,12.3167,75.1,2021-11-28,False,0.1412024544596218,LOW
leptospirosis_confirmed,Kozhikode,Kozhikode,11.2450558,75.7754716,2022-01-02,False,0.1979226017671225,LOW
leptospirosis_confirmed,Pattambi,Palakkad,10.8,76.2,2022-05-06,False,0.2252286877498373,LOW
leptospirosis_confirmed,Kottayam,Kottayam,9.6287383,76.64553257,2022-07-08,False,0.5570824598877718,LOW
leptospirosis_confirmed,Varkala,Thiruvananthapuram,8.7379,76.7163,2022-07-09,False,0.1427942241857616,LOW
leptospirosis_confirmed,Vaikom,Kottayam,9.75,76.4,2022-09-10,False,0.1923889234862138,LOW
leptospirosis_confirmed,Mallappally,Pathanamthitta,9.3833,76.6833,2022-09-11,False,0.5067205078713757,LOW
leptospirosis_confirmed,Peerumade,Idukki,9.5667,76.9667,2022-09-15,False,0.1625512876102115,LOW
leptospirosis_confirmed,Chavakkad,Thrissur,10.5833,76.0167,2022-10-19,False,0.223844067665758,LOW
leptospirosis_confirmed,Tirur,Malappuram,10.9167,75.9167,2022-10-23,False,0.1415001392778755,LOW
leptospirosis_confirmed,Thalassery,Kannur,11.75,75.4833,2022-10-25,False,0.0957253281744586,LOW
leptospirosis_confirmed,Thrissur,Thrissur,10.5256264,76.2132542,2022-11-28,False,0.5022275112776906,LOW
leptospirosis_confirmed,Tirurangadi,Malappuram,11.0,75.9333,2023-01-01,False,0.1176560972590478,LOW
leptospirosis_confirmed,North Paravur,Ernakulam,10.1333,76.2,2024-05-06,False,0.174617725953258,LOW
leptospirosis_confirmed,Ambalappuzha,Alappuzha,9.5006651,76.41241429,2024-09-12,False,0.1277673207100021,LOW
leptospirosis_probable,Kottayam,Kottayam,9.6287383,76.64553257,2020-04-01,False,0.5332476483231747,LOW
leptospirosis_probable,Cherthala,Alappuzha,9.6833,76.3333,2020-04-02,False,0.5108199794631371,LOW
leptospirosis_probable,Meenachil,Kottayam,9.7167,76.6833,2020-04-02,False,0.5104210365228224,LOW
leptospirosis_probable,Tirurangadi,Malappuram,11.0,75.9333,2020-06-03,False,0.5012850587174841,LOW
leptospirosis_probable,Thiruvananthapuram,Thiruvananthapuram,8.4882267,76.947551,2020-06-03,False,0.563165289771391,LOW
leptospirosis_probable,Udumbanchola,Idukki,9.8333,77.1333,2020-06-04,False,0.4936867789989973,LOW
leptospirosis_probable,Thodupuzha,Idukki,9.8955,76.7241,2020-06-04,False,0.4768182702682512,LOW
leptospirosis_probable,Kozhenchery,Pathanamthitta,9.2780841,76.9737443,2020-06-05,False,0.5805102644634111,LOW
leptospirosis_probable,Nedumangad,Thiruvananthapuram,8.6036,77.0031,2020-06-06,False,0.5034908384952931,LOW
leptospirosis_probable,Chittur,Palakkad,10.7,76.75,2020-07-06,False,0.44048322975263,LOW
leptospirosis_probable,Devikulam,Idukki,10.0667,77.1,2020-07-07,False,0.4474873756712908,LOW
leptospirosis_probable,Mananthavady,Wayanad,11.8,76.0,2020-07-07,False,0.4459414206185129,LOW
leptospirosis_probable,Kollam,Kollam,8.8879509,76.5955013,2020-09-08,False,0.5295516863258043,LOW
leptospirosis_probable,Idukki,Idukki,9.8497872,76.9797914,2020-09-08,False,0.4298229827265847,LOW
leptospirosis_probable,Iritty,Kannur,11.9333,75.7,2020-09-09,False,0.4443647102887691,LOW
leptospirosis_probable,Muvattupuzha,Ernakulam,9.9833,76.5833,2020-09-10,False,0.4167799907772893,LOW
leptospirosis_probable,Kottarakkara,Kollam,9.0002,76.7788,2020-09-10,False,0.5144392463888409,LOW
leptospirosis_probable,Payyanur,Kannur,12.1,75.2,2020-09-11,False,0.4885859750933958,LOW
leptospirosis_probable,Vadakara,Kozhikode,11.6,75.5833,2020-09-12,False,0.5297349481009107,LOW
leptospirosis_probable,Tirur,Malappuram,10.9167,75.9167,2020-09-13,False,0.3770710587568178,LOW
leptospirosis_probable,Mallappally,Pathanamthitta,9.3833,76.6833,2020-09-14,False,0.4155647137761212,LOW
leptospirosis_probable,Konni,Pathanamthitta,9.2667,76.9333,2020-10-19,False,0.4028529375699832,LOW
leptospirosis_probable,Mavelikkara,Alappuzha,9.2667,76.55,2020-10-22,False,0.7130075369655805,LOW
leptospirosis_probable,Vythiri,Wayanad,11.6226,76.0813,2020-10-23,False,0.3569576882269818,LOW
leptospirosis_probable,Mannarkkad,Palakkad,11.0,76.4667,2020-10-26,False,0.3296702017054194,LOW
leptospirosis_probable,Chalakudy,Thrissur,10.3,76.3333,2020-11-27,False,0.3272635327744704,LOW
leptospirosis_probable,Kozhikode,Kozhikode,11.2450558,75.7754716,2020-11-27,False,0.3476052419034979,LOW
leptospirosis_probable,Punalur,Kollam,9.0089,76.9269,2020-11-28,True,0.7243386802835973,LOW
leptospirosis_probable,Aluva,Ernakulam,10.1075,76.3516,2020-11-29,False,0.3108305741885799,LOW
leptospirosis_probable,Pathanapuram,Kollam,9.1,76.87,2020-11-30,False,0.4061982263282161,LOW
leptospirosis_probable,Alathur,Palakkad,10.6333,76.55,2021-06-05,False,0.2871666698813906,LOW
leptospirosis_probable,Hosdurg,Kasaragod,12.3167,75.1,2021-06-06,False,0.295924731369224,LOW
leptospirosis_probable,Kunnathunad,Ernakulam,10.1167,76.4833,2021-07-07,False,0.2793595165926648,LOW
leptospirosis_probable,Koyilandy,Kozhikode,11.4333,75.7,2021-09-09,False,0.3497760691033115,LOW
leptospirosis_probable,Kodungallur,Thrissur,10.2333,76.2,2021-09-11,False,0.2627027597795494,LOW
leptospirosis_probable,Neyyattinkara,Thiruvananthapuram,8.4004,77.0872,2021-09-12,False,0.5647533182757234,LOW
leptospirosis_probable,Palakkad,Palakkad,10.78789845,76.47408711,2021-09-13,False,0.245021679121162,LOW
leptospirosis_probable,Kochi,Ernakulam,9.9312,76.2673,2021-09-14,False,0.2454784349115533,LOW
leptospirosis_probable,Pattambi,Palakkad,10.8,76.2,2021-09-15,False,0.2582733168269014,LOW
leptospirosis_probable,Karunagappally,Kollam,9.0574,76.5334,2021-10-17,False,0.371428563035471,LOW
leptospirosis_probable,Kattakkada,Thiruvananthapuram,8.5667,77.1,2021-10-27,False,0.3112569349640521,LOW
leptospirosis_probable,Peerumade,Idukki,9.5667,76.9667,2021-11-29,False,0.240290715483631,LOW
leptospirosis_probable,Kothamangalam,Ernakulam,10.0667,76.6333,2022-04-02,False,0.2181407371372002,LOW
leptospirosis_probable,Chavakkad,Thrissur,10.5833,76.0167,2022-07-07,False,0.5184772387601801,LOW
leptospirosis_probable,Thalassery,Kannur,11.75,75.4833,2022-07-08,False,0.2956452615406202,LOW
leptospirosis_probable,Thamarassery,Kozhikode,11.2667,75.9333,2022-09-12,False,0.2047924087911241,LOW
leptospirosis_probable,Kunnathoor,Kollam,9.0292,76.627,2022-09-14,False,0.5574367449282897,LOW
leptospirosis_probable,North Paravur,Ernakulam,10.1333,76.2,2022-09-14,False,0.1705461858693477,LOW
leptospirosis_probable,Nileshwaram,Kasaragod,12.25,75.1,2022-09-15,False,0.1845759581995635,LOW
leptospirosis_probable,Vaikom,Kottayam,9.75,76.4,2022-10-21,False,0.1737462130951048,LOW
leptospirosis_probable,Nilambur,Malappuram,11.2833,76.2333,2022-10-22,False,0.1515354992150812,LOW
leptospirosis_probable,Manjeshwaram,Kasaragod,12.7167,74.8833,2022-11-27,False,0.1242246666214318,LOW
leptospirosis_probable,Taliparamba,Kannur,12.0333,75.35,2022-11-27,False,0.1788023257004413,LOW
leptospirosis_probable,Kanayannur,Ernakulam,9.98408,76.2741457,2023-04-02,False,0.1356245320666918,LOW
leptospirosis_probable,Kunnamkulam,Thrissur,10.65,76.0667,2023-06-04,False,0.1280069218445667,LOW
leptospirosis_probable,Sulthan Bathery,Wayanad,11.6667,76.2667,2023-07-07,False,0.115023307807885,LOW
leptospirosis_probable,Ottapalam,Palakkad,10.7667,76.3667,2023-09-13,False,0.1046550914542494,LOW
leptospirosis_probable,Changanassery,Kottayam,9.45,76.5333,2023-09-23,False,0.1345746197393497,LOW
leptospirosis_probable,Ambalappuzha,Alappuzha,9.5006651,76.41241429,2023-10-14,False,0.1156123024227811,LOW
leptospirosis_probable,Ranni,Pathanamthitta,9.3833,76.9667,2023-10-17,False,0.155376783094216,LOW
leptospirosis_probable,Vellarikundu,Kasaragod,12.4167,75.2333,2023-10-24,False,0.0805884789834054,LOW
leptospirosis_probable,Thiruvalla,Pathanamthitta,9.3833,76.5833,2023-10-26,False,0.1196462199291467,LOW
leptospirosis_probable,Kanjirappally,Kottayam,9.5667,76.7833,2023-10-27,False,0.0962473229520784,LOW
malaria,Perinthalmanna,Malappuram,10.9667,76.2167,2020-01-01,False,0.4878891576525116,HIGH
malaria,Hosdurg,Kasaragod,12.3167,75.1,2020-01-02,False,0.4632407999594698,HIGH
malaria,Kozhikode,Kozhikode,11.2450558,75.7754716,2020-03-02,False,0.4733626300632095,HIGH
malaria,Muvattupuzha,Ernakulam,9.9833,76.5833,2020-03-03,False,0.5107146249985008,HIGH
malaria,Kannur,Kannur,11.8763836,75.3737973,2020-04-04,False,0.4479681788301894,HIGH
malaria,Kothamangalam,Ernakulam,10.0667,76.6333,2020-04-05,False,0.532247954509232,HIGH
malaria,Karunagappally,Kollam,9.0574,76.5334,2020-04-05,True,0.7261732308262779,HIGH
malaria,Pathanapuram,Kollam,9.1,76.87,2020-04-06,False,0.5188588491010224,HIGH
malaria,Thiruvananthapuram,Thiruvananthapuram,8.4882267,76.947551,2020-05-07,False,0.4479410799702845,HIGH
malaria,Vadakara,Kozhikode,11.6,75.5833,2020-05-07,False,0.4224697292141738,HIGH
malaria,Mannarkkad,Palakkad,11.0,76.4667,2020-05-07,False,0.4229623045914698,HIGH
malaria,Chalakudy,Thrissur,10.3,76.3333,2020-06-08,False,0.4431277131549717,HIGH
malaria,Mukundapuram,Thrissur,10.3333,76.2167,2020-08-11,False,0.4399611893917362,HIGH
malaria,Ponnani,Malappuram,10.7667,75.9167,2020-08-11,False,0.4045503373944576,HIGH
malaria,Manjeshwaram,Kasaragod,12.7167,74.8833,2020-08-12,False,0.3765804275934806,HIGH
malaria,Payyanur,Kannur,12.1,75.2,2020-08-12,False,0.3792199122655469,HIGH
malaria,Idukki,Idukki,9.8497872,76.9797914,2020-09-13,False,0.4609457205571089,HIGH
malaria,Kottarakkara,Kollam,9.0002,76.7788,2020-09-14,False,0.4319218840809536,HIGH
malaria,Varkala,Thiruvananthapuram,8.7379,76.7163,2020-10-15,False,0.3917380919065993,HIGH
malaria,Chavakkad,Thrissur,10.5833,76.0167,2020-10-17,False,0.3716722434371938,HIGH
malaria,Vythiri,Wayanad,11.6226,76.0813,2020-10-19,False,0.3515478388766968,HIGH
malaria,Punalur,Kollam,9.0089,76.9269,2020-10-20,False,0.4009381862053265,HIGH
malaria,Meenachil,Kottayam,9.7167,76.6833,2020-10-20,False,0.4033625685381001,HIGH
malaria,Kanayannur,Ernakulam,9.98408,76.2741457,2020-10-21,False,0.4196992228279487,HIGH
malaria,Thamarassery,Kozhikode,11.2667,75.9333,2020-10-21,False,0.3277756037942589,HIGH
malaria,Peerumade,Idukki,9.5667,76.9667,2020-10-21,False,0.3854854649057913,HIGH
malaria,Karthikappally,Alappuzha,9.2833,76.4667,2020-10-22,False,0.3698511481000922,HIGH
malaria,Kasaragod,Kasaragod,12.5035577,74.9907022,2020-10-23,False,0.2963231341963203,HIGH
malaria,Alathur,Palakkad,10.6333,76.55,2020-10-23,False,0.3194554890452295,HIGH
malaria,Ranni,Pathanamthitta,9.3833,76.9667,2020-11-25,False,0.5041693739225556,HIGH
malaria,Kunnathunad,Ernakulam,10.1167,76.4833,2020-12-28,False,0.372464333823497,HIGH
malaria,Kodungallur,Thrissur,10.2333,76.2,2020-12-29,False,0.321294078877904,HIGH
malaria,Pattambi,Palakkad,10.8,76.2,2020-12-29,False,0.2892875564029296,HIGH
malaria,Kattakkada,Thiruvananthapuram,8.5667,77.1,2020-12-30,False,0.2913624320638311,HIGH
malaria,Kollam,Kollam,8.8879509,76.5955013,2020-12-31,False,0.3032543832090413,HIGH
malaria,Devikulam,Idukki,10.0667,77.1,2020-12-31,False,0.3080207699412179,HIGH
malaria,Kanjirappally,Kottayam,9.5667,76.7833,2021-01-01,False,0.4100736264389281,HIGH
malaria,Mallappally,Pathanamthitta,9.3833,76.6833,2021-04-04,False,0.3163085165024407,HIGH
malaria,Talappilly,Thrissur,10.6667,76.25,2021-04-04,False,0.2577015892560371,HIGH
malaria,Thodupuzha,Idukki,9.8955,76.7241,2021-04-04,False,0.3018537101141915,HIGH
malaria,Thalassery,Kannur,11.75,75.4833,2021-04-04,False,0.5097443683082205,HIGH
malaria,Adoor,Pathanamthitta,9.1667,76.7333,2021-04-05,False,0.3618431066446728,HIGH
malaria,Chittur,Palakkad,10.7,76.75,2021-05-08,False,0.2270293688471828,HIGH
malaria,Nedumangad,Thiruvananthapuram,8.6036,77.0031,2021-05-08,False,0.2329193189208397,HIGH
malaria,Iritty,Kannur,11.9333,75.7,2021-09-13,False,0.1981038423714042,HIGH
malaria,Chirayinkeezhu,Thiruvananthapuram,8.6963,76.8153,2021-09-14,False,0.2186207042785622,HIGH
malaria,Mananthavady,Wayanad,11.8,76.0,2021-10-18,False,0.188511741758097,HIGH
malaria,Ottapalam,Palakkad,10.7667,76.3667,2021-10-18,False,0.1953734390800936,HIGH
malaria,Changanassery,Kottayam,9.45,76.5333,2021-10-19,False,0.2295560487230032,HIGH
malaria,Kochi,Ernakulam,9.9312,76.2673,2021-10-20,False,0.2066153216502385,HIGH
malaria,Vellarikundu,Kasaragod,12.4167,75.2333,2021-10-21,False,0.1524787455809202,HIGH
malaria,Cherthala,Alappuzha,9.6833,76.3333,2021-10-21,False,0.2042857943690461,HIGH
malaria,Konni,Pathanamthitta,9.2667,76.9333,2021-10-21,False,0.5547152644950814,HIGH
malaria,Taliparamba,Kannur,12.0333,75.35,2021-10-21,False,0.1502942007951562,HIGH
malaria,Nileshwaram,Kasaragod,12.25,75.1,2021-10-24,False,0.1285632781946658,HIGH
malaria,Thrissur,Thrissur,10.5256264,76.2132542,2021-11-24,False,0.1513639431830025,HIGH
malaria,Udumbanchola,Idukki,9.8333,77.1333,2021-11-25,False,0.5100119102079989,HIGH
malaria,Neyyattinkara,Thiruvananthapuram,8.4004,77.0872,2022-04-06,False,0.1251072085753945,HIGH
malaria,Kunnamkulam,Thrissur,10.65,76.0667,2022-05-07,False,0.1243532137271027,HIGH
malaria,Kondotty,Malappuram,11.15,75.9667,2022-10-16,False,0.116911900105425,HIGH
malaria,Palakkad,Palakkad,10.78789845,76.47408711,2022-10-17,False,0.1114584280407183,HIGH
malaria,Kuttanad,Alappuzha,9.5833,76.4167,2022-10-19,False,0.1371219656780857,HIGH
malaria,Nilambur,Malappuram,11.2833,76.2333,2022-10-23,False,0.1090268424536319,HIGH
malaria,Kozhenchery,Pathanamthitta,9.2780841,76.9737443,2022-11-24,False,0.2507042202694983,HIGH
malaria,Thiruvalla,Pathanamthitta,9.3833,76.5833,2023-03-03,False,0.1340507976073401,HIGH
malaria,Tirurangadi,Malappuram,11.0,75.9333,2023-04-05,False,0.0743479213777198,HIGH
malaria,Tirur,Malappuram,10.9167,75.9167,2023-06-09,False,0.0677568444127357,HIGH
malaria,Aluva,Ernakulam,10.1075,76.3516,2023-06-10,False,0.1169809528693301,HIGH
malaria,Ernad,Malappuram,11.1201,76.1197,2023-10-07,False,0.0562387377451101,HIGH
malaria,Chenganoor,Alappuzha,9.3167,76.6167,2023-10-16,False,0.1343464893792605,HIGH
malaria,Sulthan Bathery,Wayanad,11.6667,76.2667,2024-05-07,False,0.0360042906139425,HIGH
measles,Kanayannur,Ernakulam,9.98408,76.2741457,2020-06-06,True,0.6499999815170374,HIGH
measles,Pattambi,Palakkad,10.8,76.2,2020-10-19,False,0.4249999815824301,HIGH
rabies_confirmed,Mavelikkara,Alappuzha,9.2667,76.55,2022-05-05,False,0.5152821985817011,MEDIUM
rabies_confirmed,Mannarkkad,Palakkad,11.0,76.4667,2022-05-08,True,0.5661573362111199,MEDIUM
rabies_confirmed,Pathanapuram,Kollam,9.1,76.87,2022-08-13,False,0.4075478241996886,MEDIUM
rabies_confirmed,Manjeshwaram,Kasaragod,12.7167,74.8833,2022-10-20,False,0.4317312641556495,MEDIUM
rabies_confirmed,Iritty,Kannur,11.9333,75.7,2022-10-21,False,0.4499999839113261,MEDIUM
rabies_confirmed,Chalakudy,Thrissur,10.3,76.3333,2022-11-28,False,0.3130174665196036,MEDIUM
rabies_confirmed,Vaikom,Kottayam,9.75,76.4,2023-10-22,False,0.2381345945311798,MEDIUM
rabies_confirmed,Nileshwaram,Kasaragod,12.25,75.1,2023-11-25,False,0.2168425981655328,MEDIUM
rabies_confirmed,Kozhikode,Kozhikode,11.2450558,75.7754716,2024-08-16,False,0.1729953057779755,MEDIUM
rabies_probable,Vellarikundu,Kasaragod,12.4167,75.2333,2022-05-03,True,0.6542879909157752,MEDIUM
rabies_probable,Hosdurg,Kasaragod,12.3167,75.1,2022-05-12,False,0.5401899470096689,MEDIUM
rabies_probable,Thiruvananthapuram,Thiruvananthapuram,8.4882267,76.947551,2022-11-28,False,0.2783249048967913,MEDIUM
rabies_probable,Changanassery,Kottayam,9.45,76.5333,2023-05-08,False,0.1908715909655205,MEDIUM
rabies_probable,Kothamangalam,Ernakulam,10.0667,76.6333,2023-05-09,False,0.1030373959327997,MEDIUM
scrub_typhus,Vellarikundu,Kasaragod,12.4167,75.2333,2020-03-01,False,0.461243086869311,HIGH
scrub_typhus,Neyyattinkara,Thiruvananthapuram,8.4004,77.0872,2020-03-02,False,0.4570646964414968,HIGH
scrub_typhus,Pathanapuram,Kollam,9.1,76.87,2020-05-04,False,0.4550784858959255,HIGH
scrub_typhus,Thrissur,Thrissur,10.5256264,76.2132542,2020-05-04,True,0.8429590749111945,HIGH
scrub_typhus,Kondotty,Malappuram,11.15,75.9667,2020-05-05,False,0.4557893314066583,HIGH
scrub_typhus,Kochi,Ernakulam,9.9312,76.2673,2020-07-06,False,0.4450342450111937,HIGH
scrub_typhus,Pattambi,Palakkad,10.8,76.2,2020-08-07,False,0.4963878563948514,HIGH
scrub_typhus,Nedumangad,Thiruvananthapuram,8.6036,77.0031,2020-09-09,False,0.4139189647871502,HIGH
scrub_typhus,Karunagappally,Kollam,9.0574,76.5334,2020-09-09,False,0.4087474317484086,HIGH
scrub_typhus,Kottayam,Kottayam,9.6287383,76.64553257,2020-10-14,False,0.4077014894616073,HIGH
scrub_typhus,Vythiri,Wayanad,11.6226,76.0813,2020-10-16,False,0.3946253956101239,HIGH
scrub_typhus,Karthikappally,Alappuzha,9.2833,76.4667,2020-10-17,False,0.3867896254301994,HIGH
scrub_typhus,Muvattupuzha,Ernakulam,9.9833,76.5833,2020-10-18,False,0.3877700115639749,HIGH
scrub_typhus,Thiruvananthapuram,Thiruvananthapuram,8.4882267,76.947551,2020-11-20,False,0.3623016331586065,HIGH
scrub_typhus,Mannarkkad,Palakkad,11.0,76.4667,2020-11-21,False,0.3923316782994028,HIGH
scrub_typhus,Alathur,Palakkad,10.6333,76.55,2020-11-22,False,0.4068930480706272,HIGH
scrub_typhus,Changanassery,Kottayam,9.45,76.5333,2020-11-22,False,0.3507993395339108,HIGH
scrub_typhus,Thalassery,Kannur,11.75,75.4833,2020-12-25,False,0.3380380081554705,HIGH
scrub_typhus,Manjeshwaram,Kasaragod,12.7167,74.8833,2021-05-04,False,0.3219485233207996,HIGH
scrub_typhus,Vadakara,Kozhikode,11.6,75.5833,2021-07-05,False,0.3297373907778446,HIGH
scrub_typhus,Punalur,Kollam,9.0089,76.9269,2021-07-06,False,0.3149919217634506,HIGH
scrub_typhus,Udumbanchola,Idukki,9.8333,77.1333,2021-07-06,False,0.3084814726259129,HIGH
scrub_typhus,Chirayinkeezhu,Thiruvananthapuram,8.6963,76.8153,2021-07-07,False,0.2981870423065483,HIGH
scrub_typhus,Koyilandy,Kozhikode,11.4333,75.7,2021-08-08,False,0.2998934313903363,HIGH
scrub_typhus,Tirurangadi,Malappuram,11.0,75.9333,2021-09-09,False,0.3139577005801465,HIGH
scrub_typhus,Idukki,Idukki,9.8497872,76.9797914,2021-09-09,False,0.2800252734867909,HIGH
scrub_typhus,Chavakkad,Thrissur,10.5833,76.0167,2021-09-10,False,0.66980230517715,HIGH
scrub_typhus,Perinthalmanna,Malappuram,10.9667,76.2167,2021-09-11,False,0.2926893866002344,HIGH
scrub_typhus,Kollam,Kollam,8.8879509,76.5955013,2021-09-12,False,0.2531019553566651,HIGH
scrub_typhus,Mallappally,Pathanamthitta,9.3833,76.6833,2021-10-14,False,0.2551341094232929,HIGH
scrub_typhus,Tirur,Malappuram,10.9167,75.9167,2021-10-19,False,0.2777915561296299,HIGH
scrub_typhus,Hosdurg,Kasaragod,12.3167,75.1,2021-11-19,False,0.2248446463485985,HIGH
scrub_typhus,Ranni,Pathanamthitta,9.3833,76.9667,2021-11-20,False,0.2251703262277909,HIGH
scrub_typhus,Kothamangalam,Ernakulam,10.0667,76.6333,2021-11-21,False,0.2277516371940366,HIGH
scrub_typhus,Mukundapuram,Thrissur,10.3333,76.2167,2021-11-22,False,0.2615948419874332,HIGH
scrub_typhus,Adoor,Pathanamthitta,9.1667,76.7333,2021-12-29,False,0.2587782687589691,HIGH
scrub_typhus,Kunnathunad,Ernakulam,10.1167,76.4833,2022-03-01,False,0.2109426936504662,HIGH
scrub_typhus,Kodungallur,Thrissur,10.2333,76.2,2022-03-01,False,0.2235899749809167,HIGH
scrub_typhus,Thamarassery,Kozhikode,11.2667,75.9333,2022-03-01,False,0.1917290083308704,HIGH
scrub_typhus,Chenganoor,Alappuzha,9.3167,76.6167,2022-05-04,False,0.2032684097584196,HIGH
scrub_typhus,Kuttanad,Alappuzha,9.5833,76.4167,2022-08-07,False,0.1695402288483141,HIGH
scrub_typhus,Ottapalam,Palakkad,10.7667,76.3667,2022-08-08,False,0.1948497763762938,HIGH
scrub_typhus,Palakkad,Palakkad,10.78789845,76.47408711,2022-10-14,False,0.3466421334995748,HIGH
scrub_typhus,Kasaragod,Kasaragod,12.5035577,74.9907022,2022-10-15,False,0.1323227554073353,HIGH
scrub_typhus,Chittur,Palakkad,10.7,76.75,2022-10-15,False,0.1459823546612387,HIGH
scrub_typhus,Iritty,Kannur,11.9333,75.7,2022-10-16,False,0.1228141150724348,HIGH
scrub_typhus,Kunnamkulam,Thrissur,10.65,76.0667,2022-10-17,False,0.2992868745878418,HIGH
scrub_typhus,Peerumade,Idukki,9.5667,76.9667,2022-10-18,False,0.1146866978544546,HIGH
scrub_typhus,Talappilly,Thrissur,10.6667,76.25,2022-11-22,False,0.175366378956161,HIGH
scrub_typhus,Ernad,Malappuram,11.1201,76.1197,2022-11-22,False,0.1144566014920411,HIGH
scrub_typhus,North Paravur,Ernakulam,10.1333,76.2,2022-11-23,False,0.1147103285017638,HIGH
scrub_typhus,Konni,Pathanamthitta,9.2667,76.9333,2022-12-30,False,0.0852403323106267,HIGH
scrub_typhus,Nileshwaram,Kasaragod,12.25,75.1,2023-03-01,False,0.0653749427576466,HIGH
scrub_typhus,Kozhenchery,Pathanamthitta,9.2780841,76.9737443,2023-03-01,False,0.1353390653952408,HIGH
scrub_typhus,Mananthavady,Wayanad,11.8,76.0,2023-10-14,False,0.0562249973568395,HIGH
scrub_typhus,Kottarakkara,Kollam,9.0002,76.7788,2023-11-19,False,0.0493623758652576,HIGH
scrub_typhus,Kunnathoor,Kollam,9.0292,76.627,2023-11-21,False,0.0457379836713409,HIGH
scrub_typhus,Meenachil,Kottayam,9.7167,76.6833,2023-12-31,False,0.0395211651904655,HIGH
scrub_typhus,Kanayannur,Ernakulam,9.98408,76.2741457,2024-05-03,False,0.0460281504063801,HIGH
shigella,Kothamangalam,Ernakulam,10.0667,76.6333,2020-03-06,False,0.5893481551968011,LOW
shigella,Nedumangad,Thiruvananthapuram,8.6036,77.0031,2020-04-09,False,0.4786635778622887,LOW
shigella,Mannarkkad,Palakkad,11.0,76.4667,2020-04-13,False,0.5511535612604131,LOW
shigella,North Paravur,Ernakulam,10.1333,76.2,2020-10-30,True,0.6032278320849708,LOW
shigella,Pathanapuram,Kollam,9.1,76.87,2020-10-31,False,0.4597455322977876,LOW
shigella,Idukki,Idukki,9.8497872,76.9797914,2020-10-31,False,0.5355666184607798,LOW
shigella,Mavelikkara,Alappuzha,9.2667,76.55,2021-02-01,False,0.4402351373316882,LOW
shigella,Kottayam,Kottayam,9.6287383,76.64553257,2021-02-01,False,0.4576953210455634,LOW
shigella,Punalur,Kollam,9.0089,76.9269,2021-04-13,False,0.3991048041937964,LOW
shigella,Kozhikode,Kozhikode,11.2450558,75.7754716,2021-05-15,False,0.3865032254183526,LOW
shigella,Iritty,Kannur,11.9333,75.7,2021-05-16,False,0.3509797912307099,LOW
shigella,Chalakudy,Thrissur,10.3,76.3333,2021-05-17,False,0.467012971325083,LOW
shigella,Nilambur,Malappuram,11.2833,76.2333,2021-10-24,False,0.360312310119912,LOW
shigella,Tirur,Malappuram,10.9167,75.9167,2021-10-28,False,0.3593345479704096,LOW
shigella,Kochi,Ernakulam,9.9312,76.2673,2021-10-28,False,0.5096758508613125,LOW
shigella,Karunagappally,Kollam,9.0574,76.5334,2022-02-01,False,0.3159013831603477,LOW
shigella,Aluva,Ernakulam,10.1075,76.3516,2022-04-08,False,0.3812130681781018,LOW
shigella,Meenachil,Kottayam,9.7167,76.6833,2022-08-20,False,0.3289147080250358,LOW
shigella,Changanassery,Kottayam,9.45,76.5333,2022-08-21,False,0.2945917963026345,LOW
shigella,Peerumade,Idukki,9.5667,76.9667,2022-10-23,False,0.2913253050380694,LOW
shigella,Ottapalam,Palakkad,10.7667,76.3667,2022-10-24,False,0.252758241478758,LOW
shigella,Manjeshwaram,Kasaragod,12.7167,74.8833,2022-10-30,False,0.1870353639704566,LOW
shigella,Kuttanad,Alappuzha,9.5833,76.4167,2022-10-30,False,0.2537207404511528,LOW
shigella,Ernad,Malappuram,11.1201,76.1197,2023-04-10,False,0.2238867350106569,LOW
shigella,Nileshwaram,Kasaragod,12.25,75.1,2023-04-14,False,0.1994353635967815,LOW
shigella,Kunnathoor,Kollam,9.0292,76.627,2023-08-19,False,0.1690782804777834,LOW
shigella,Taliparamba,Kannur,12.0333,75.35,2023-08-19,False,0.1280557438488005,LOW
shigella,Talappilly,Thrissur,10.6667,76.25,2023-08-21,False,0.2818181743622552,LOW
shigella,Payyanur,Kannur,12.1,75.2,2023-10-23,False,0.0988543621715307,LOW
shigella,Udumbanchola,Idukki,9.8333,77.1333,2023-10-26,False,0.1231189869235428,LOW
shigella,Muvattupuzha,Ernakulam,9.9833,76.5833,2024-03-06,False,0.1890785058951873,LOW
shigella,Ponnani,Malappuram,10.7667,75.9167,2024-04-09,False,0.1214731431609495,LOW
shigella,Mukundapuram,Thrissur,10.3333,76.2167,2024-08-21,False,0.1607137331029361,LOW
typhoid,Kasaragod,Kasaragod,12.5035577,74.9907022,2020-02-02,False,0.4811200156796258,HIGH
typhoid,Manjeshwaram,Kasaragod,12.7167,74.8833,2020-06-04,False,0.4674753242310012,HIGH
typhoid,Kothamangalam,Ernakulam,10.0667,76.6333,2020-09-09,False,0.5144216265891544,HIGH
typhoid,Kattakkada,Thiruvananthapuram,8.5667,77.1,2020-10-18,True,0.926599236001776,HIGH
typhoid,Kunnamkulam,Thrissur,10.65,76.0667,2020-11-23,False,0.5034073775984543,HIGH
typhoid,Changanassery,Kottayam,9.45,76.5333,2020-11-24,False,0.4774093808321759,HIGH
typhoid,Vadakara,Kozhikode,11.6,75.5833,2020-12-26,False,0.4624491822542005,HIGH
typhoid,Kottayam,Kottayam,9.6287383,76.64553257,2020-12-28,False,0.4553802834000526,HIGH
typhoid,Pattambi,Palakkad,10.8,76.2,2020-12-31,False,0.4724848243737746,HIGH
typhoid,Nilambur,Malappuram,11.2833,76.2333,2021-02-02,False,0.4787624473692889,HIGH
typhoid,Thrissur,Thrissur,10.5256264,76.2132542,2021-02-03,False,0.4659693162397954,HIGH
typhoid,Thalassery,Kannur,11.75,75.4833,2021-09-07,False,0.3969657516731139,HIGH
typhoid,North Paravur,Ernakulam,10.1333,76.2,2021-09-12,False,0.4495059001246761,HIGH
typhoid,Devikulam,Idukki,10.0667,77.1,2021-10-16,False,0.3854411551542637,HIGH
typhoid,Sulthan Bathery,Wayanad,11.6667,76.2667,2021-11-19,False,0.3851672047967246,HIGH
typhoid,Konni,Pathanamthitta,9.2667,76.9333,2021-11-21,False,0.3959045621418157,HIGH
typhoid,Taliparamba,Kannur,12.0333,75.35,2021-11-21,False,0.3460349667483757,HIGH
typhoid,Punalur,Kollam,9.0089,76.9269,2021-12-27,False,0.3847357112312674,HIGH
typhoid,Mananthavady,Wayanad,11.8,76.0,2021-12-29,False,0.3422836719014958,HIGH
typhoid,Nileshwaram,Kasaragod,12.25,75.1,2021-12-30,False,0.3033503151497966,HIGH
typhoid,Thamarassery,Kozhikode,11.2667,75.9333,2022-02-02,False,0.3520933877987369,HIGH
typhoid,Tirur,Malappuram,10.9167,75.9167,2022-02-02,False,0.3538729667804726,HIGH
typhoid,Kodungallur,Thrissur,10.2333,76.2,2022-02-03,False,0.3821663461574516,HIGH
typhoid,Adoor,Pathanamthitta,9.1667,76.7333,2022-09-06,False,0.2974222143137041,HIGH
typhoid,Chalakudy,Thrissur,10.3,76.3333,2022-09-08,False,0.6294650825437634,HIGH
typhoid,Kottarakkara,Kollam,9.0002,76.7788,2022-09-11,False,0.31472383027756,HIGH
typhoid,Peerumade,Idukki,9.5667,76.9667,2022-09-11,False,0.2703093186800168,HIGH
typhoid,Karunagappally,Kollam,9.0574,76.5334,2022-10-13,False,0.2782875482126534,HIGH
typhoid,Kunnathoor,Kollam,9.0292,76.627,2022-10-13,False,0.2797879440399233,HIGH
typhoid,Hosdurg,Kasaragod,12.3167,75.1,2022-10-18,False,0.2065140875618814,HIGH
typhoid,Neyyattinkara,Thiruvananthapuram,8.4004,77.0872,2022-11-19,False,0.2576724300768781,HIGH
typhoid,Mallappally,Pathanamthitta,9.3833,76.6833,2022-11-20,False,0.2385776219385218,HIGH
typhoid,Vythiri,Wayanad,11.6226,76.0813,2022-11-20,False,0.246532092097914,HIGH
typhoid,Vaikom,Kottayam,9.75,76.4,2022-12-30,False,0.2086612288634554,HIGH
typhoid,Kozhenchery,Pathanamthitta,9.2780841,76.9737443,2023-02-01,False,0.3508114455498696,HIGH
typhoid,Iritty,Kannur,11.9333,75.7,2023-06-05,False,0.1682680458082275,HIGH
typhoid,Vellarikundu,Kasaragod,12.4167,75.2333,2023-06-06,False,0.1392074148583293,HIGH
typhoid,Cherthala,Alappuzha,9.6833,76.3333,2023-09-07,False,0.1666017349486691,HIGH
typhoid,Thiruvananthapuram,Thiruvananthapuram,8.4882267,76.947551,2023-10-13,False,0.2861702042133582,HIGH
typhoid,Chavakkad,Thrissur,10.5833,76.0167,2023-10-13,False,0.1745469090715949,HIGH
typhoid,Kozhikode,Kozhikode,11.2450558,75.7754716,2023-10-16,False,0.2069211012389934,HIGH
typhoid,Ernad,Malappuram,11.1201,76.1197,2023-10-18,False,0.1642457986807119,HIGH
typhoid,Palakkad,Palakkad,10.78789845,76.47408711,2023-10-18,False,0.1324308391503281,HIGH
typhoid,Muvattupuzha,Ernakulam,9.9833,76.5833,2023-11-19,False,0.1206915017234694,HIGH
typhoid,Karthikappally,Alappuzha,9.2833,76.4667,2023-11-20,False,0.1064506986733625,HIGH
typhoid,Perinthalmanna,Malappuram,10.9667,76.2167,2024-02-02,False,0.1330480165842081,HIGH
typhoid,Kondotty,Malappuram,11.15,75.9667,2024-10-13,False,0.2009884246897618,HIGH
west_nile_confirmed,Ponnani,Malappuram,10.7667,75.9167,2022-10-21,True,0.6499999524100089,MEDIUM
west_nile_confirmed,Manjeshwaram,Kasaragod,12.7167,74.8833,2022-10-22,False,0.5218999632938166,MEDIUM
west_nile_confirmed,Mannarkkad,Palakkad,11.0,76.4667,2023-08-15,False,0.4095450580424431,MEDIUM
west_nile_confirmed,Pathanapuram,Kollam,9.1,76.87,2024-08-13,False,0.2177916342598256,MEDIUM
west_nile_probable,Manjeshwaram,Kasaragod,12.7167,74.8833,2024-04-04,True,0.5341391809120885,LOW
west_nile_probable,Chittur,Palakkad,10.7,76.75,2024-09-13,False,0.4945808685437977,LOW
west_nile_probable,Chalakudy,Thrissur,10.3,76.3333,2024-10-16,False,0.3192546103717927,LOW
west_nile_probable,Chavakkad,Thrissur,10.5833,76.0167,2024-11-24,False,0.3124999737946231,LOW
zika,Ernad,Malappuram,11.1201,76.1197,2021-09-03,True,0.5312678947696865,MEDIUM
zika,Hosdurg,Kasaragod,12.3167,75.1,2021-09-10,False,0.4154660506752616,MEDIUM
zika,Neyyattinkara,Thiruvananthapuram,8.4004,77.0872,2022-11-28,False,0.427123625240094,MEDIUM
zika,Kannur,Kannur,11.8763836,75.3737973,2023-10-13,False,0.2432425810429485,MEDIUM
zika,Thiruvalla,Pathanamthitta,9.3833,76.5833,2023-10-21,False,0.2899999749819457,MEDIUM
