date,disease,state,district,taluk,latitude,longitude,outbreak_label,predicted_outbreak,outbreak_probability,outbreak_intensity,weight
2020-11-19,acute_diarrheal_disease,Kerala,Alappuzha,Ambalappuzha,9.5006651,76.41241429,1,1,0.7205524670838028,0.0,0.0
2021-12-28,acute_diarrheal_disease,Kerala,Alappuzha,Ambalappuzha,9.5006651,76.41241429,0,0,0.0648025034173022,0.0,0.0
2023-02-05,acute_diarrheal_disease,Kerala,Alappuzha,Ambalappuzha,9.5006651,76.41241429,0,1,0.7212997418036502,0.0,0.0
2023-07-07,acute_diarrheal_disease,Kerala,Alappuzha,Ambalappuzha,9.5006651,76.41241429,0,1,0.7232371183526709,4.031199542819508e-05,4.031199542819508e-05
2023-12-29,acute_diarrheal_disease,Kerala,Alappuzha,Ambalappuzha,9.5006651,76.41241429,1,0,0.1342135848890728,0.0,0.0
2024-09-10,acute_diarrheal_disease,Kerala,Alappuzha,Ambalappuzha,9.5006651,76.41241429,0,0,0.1062168496400443,0.025708921659819,0.025708921659819
2024-12-28,acute_diarrheal_disease,Kerala,Alappuzha,Ambalappuzha,9.5006651,76.41241429,0,1,0.7080629740916099,0.0,0.0
2020-11-24,acute_diarrheal_disease,Kerala,Alappuzha,Chenganoor,9.3167,76.6167,1,0,0.1451303334302615,0.0,0.0
2023-11-24,acute_diarrheal_disease,Kerala,Alappuzha,Chenganoor,9.3167,76.6167,0,0,0.1832319278215532,0.0072065950263133,0.0072065950263133
2020-09-10,acute_diarrheal_disease,Kerala,Alappuzha,Cherthala,9.6833,76.3333,1,0,0.2863166715763519,0.0,0.0
2021-10-18,acute_diarrheal_disease,Kerala,Alappuzha,Cherthala,9.6833,76.3333,0,1,0.7235313812895822,0.0,0.0
2021-12-28,acute_diarrheal_disease,Kerala,Alappuzha,Cherthala,9.6833,76.3333,0,1,0.710684620250576,0.0,0.0
2022-12-27,acute_diarrheal_disease,Kerala,Alappuzha,Cherthala,9.6833,76.3333,0,1,0.706130370314732,4.031199542819508e-05,4.031199542819508e-05
2023-08-08,acute_diarrheal_disease,Kerala,Alappuzha,Cherthala,9.6833,76.3333,0,1,0.725201419707129,0.0,0.0
2023-08-26,acute_diarrheal_disease,Kerala,Alappuzha,Cherthala,9.6833,76.3333,0,1,0.6679993957235117,0.0002821839679973,0.0002821839679973
2020-10-17,acute_diarrheal_disease,Kerala,Alappuzha,Karthikappally,9.2833,76.4667,1,1,0.7098471706663395,0.0,0.0
2020-12-26,acute_diarrheal_disease,Kerala,Alappuzha,Karthikappally,9.2833,76.4667,0,0,0.3215424913138981,0.0,0.0
2020-12-26,acute_diarrheal_disease,Kerala,Alappuzha,Karthikappally,9.2833,76.4667,0,1,0.706586563563341,0.0014121890215348,0.0014121890215348
2021-07-07,acute_diarrheal_disease,Kerala,Alappuzha,Karthikappally,9.2833,76.4667,1,1,0.68936954100978,0.0,0.0
2023-08-08,acute_diarrheal_disease,Kerala,Alappuzha,Karthikappally,9.2833,76.4667,0,1,0.5854220335454093,0.0047580470237954,0.0047580470237954
2023-09-12,acute_diarrheal_disease,Kerala,Alappuzha,Karthikappally,9.2833,76.4667,0,0,0.4459246406332245,0.0,0.0
2021-12-29,acute_diarrheal_disease,Kerala,Alappuzha,Kuttanad,9.5833,76.4167,1,1,0.6845821478650868,0.0,0.0
2023-09-09,acute_diarrheal_disease,Kerala,Alappuzha,Kuttanad,9.5833,76.4167,0,1,0.7055730056945986,0.0,0.0
2023-12-27,acute_diarrheal_disease,Kerala,Alappuzha,Kuttanad,9.5833,76.4167,0,1,0.6940223181948427,0.0,0.0
2020-10-17,acute_diarrheal_disease,Kerala,Alappuzha,Mavelikkara,9.2667,76.55,1,1,0.6313466276900467,0.0,0.0
2021-11-19,acute_diarrheal_disease,Kerala,Alappuzha,Mavelikkara,9.2667,76.55,1,1,0.5585508219037624,0.0043837738079498,0.0043837738079498
2023-11-20,acute_diarrheal_disease,Kerala,Alappuzha,Mavelikkara,9.2667,76.55,1,1,0.5307422803810949,0.0,0.0
2020-01-03,acute_diarrheal_disease,Kerala,Ernakulam,Aluva,10.1075,76.3516,1,1,0.7125696823865395,0.0,0.0
2020-01-03,acute_diarrheal_disease,Kerala,Ernakulam,Aluva,10.1075,76.3516,1,1,0.7374568070882571,0.0002964826271853,0.0002964826271853
2020-10-14,acute_diarrheal_disease,Kerala,Ernakulam,Aluva,10.1075,76.3516,1,1,0.7041060650030307,0.0136887841502626,0.0136887841502626
2021-12-27,acute_diarrheal_disease,Kerala,Ernakulam,Aluva,10.1075,76.3516,0,0,0.3427457421400226,0.0039679023845365,0.0039679023845365
2023-01-01,acute_diarrheal_disease,Kerala,Ernakulam,Aluva,10.1075,76.3516,0,1,0.5132411004033496,0.0,0.0
2023-11-19,acute_diarrheal_disease,Kerala,Ernakulam,Aluva,10.1075,76.3516,0,1,0.714606668393307,0.0,0.0
2024-01-04,acute_diarrheal_disease,Kerala,Ernakulam,Aluva,10.1075,76.3516,0,1,0.6679000927224386,0.001048111881133,0.001048111881133
2024-11-18,acute_diarrheal_disease,Kerala,Ernakulam,Aluva,10.1075,76.3516,1,0,0.3137873889121386,3.7432567183324e-05,3.7432567183324e-05
2021-01-03,acute_diarrheal_disease,Kerala,Ernakulam,Kanayannur,9.98408,76.2741457,1,0,0.3281461180075834,0.0,0.0
2021-07-06,acute_diarrheal_disease,Kerala,Ernakulam,Kanayannur,9.98408,76.2741457,1,0,0.1445238430862545,0.0013749144814516,0.0013749144814516
2022-07-06,acute_diarrheal_disease,Kerala,Ernakulam,Kanayannur,9.98408,76.2741457,1,0,0.036187789210416,0.0001131337773136,0.0001131337773136
2022-09-11,acute_diarrheal_disease,Kerala,Ernakulam,Kanayannur,9.98408,76.2741457,0,1,0.6778939059222769,0.9999999983333334,0.9999999983333334
2022-12-27,acute_diarrheal_disease,Kerala,Ernakulam,Kanayannur,9.98408,76.2741457,0,0,0.4644126134720197,0.0,0.0
2023-01-05,acute_diarrheal_disease,Kerala,Ernakulam,Kanayannur,9.98408,76.2741457,0,0,0.4020988363445345,0.0067321032365085,0.0067321032365085
2023-12-26,acute_diarrheal_disease,Kerala,Ernakulam,Kanayannur,9.98408,76.2741457,0,0,0.4079224524951433,0.0003582758410245,0.0003582758410245
2020-07-06,acute_diarrheal_disease,Kerala,Ernakulam,Kochi,9.9312,76.2673,1,0,0.462135992749438,0.0,0.0
2020-09-11,acute_diarrheal_disease,Kerala,Ernakulam,Kochi,9.9312,76.2673,1,0,0.4050488857779057,0.0194319293745078,0.0194319293745078
2022-12-28,acute_diarrheal_disease,Kerala,Ernakulam,Kochi,9.9312,76.2673,0,0,0.1963553794456797,0.0,0.0
2022-12-30,acute_diarrheal_disease,Kerala,Ernakulam,Kochi,9.9312,76.2673,0,0,0.215590941489525,2.179026779902434e-06,2.179026779902434e-06
2023-07-07,acute_diarrheal_disease,Kerala,Ernakulam,Kochi,9.9312,76.2673,1,1,0.6854611697081981,6.365051909715011e-05,6.365051909715011e-05
2023-12-27,acute_diarrheal_disease,Kerala,Ernakulam,Kochi,9.9312,76.2673,0,1,0.7209441293980258,0.042643256857449,0.042643256857449
2024-01-02,acute_diarrheal_disease,Kerala,Ernakulam,Kochi,9.9312,76.2673,0,1,0.5651260623359354,0.0,0.0
2020-01-04,acute_diarrheal_disease,Kerala,Ernakulam,Kothamangalam,10.0667,76.6333,1,0,0.2301760439499346,0.0,0.0
2020-10-16,acute_diarrheal_disease,Kerala,Ernakulam,Kothamangalam,10.0667,76.6333,0,1,0.5232878001218306,0.0009839398679112,0.0009839398679112
2020-12-30,acute_diarrheal_disease,Kerala,Ernakulam,Kothamangalam,10.0667,76.6333,0,0,0.4006938690873194,0.0,0.0
2022-10-17,acute_diarrheal_disease,Kerala,Ernakulam,Kothamangalam,10.0667,76.6333,0,1,0.7088928286486462,0.0,0.0
2023-10-15,acute_diarrheal_disease,Kerala,Ernakulam,Kothamangalam,10.0667,76.6333,1,0,0.0968359446144042,4.031199542819508e-05,4.031199542819508e-05
2024-02-04,acute_diarrheal_disease,Kerala,Ernakulam,Kothamangalam,10.0667,76.6333,1,1,0.7096147002189332,0.1267924654913341,0.1267924654913341
2024-11-18,acute_diarrheal_disease,Kerala,Ernakulam,Kothamangalam,10.0667,76.6333,1,1,0.6019528399319272,0.0001948318614354,0.0001948318614354
2022-10-16,acute_diarrheal_disease,Kerala,Ernakulam,Kunnathunad,10.1167,76.4833,0,0,0.4163331689893136,0.0,0.0
2023-08-08,acute_diarrheal_disease,Kerala,Ernakulam,Kunnathunad,10.1167,76.4833,1,1,0.7066284072592528,4.031199542819508e-05,4.031199542819508e-05
2020-11-24,acute_diarrheal_disease,Kerala,Ernakulam,Muvattupuzha,9.9833,76.5833,1,0,0.2721255228687654,0.0,0.0
2021-11-23,acute_diarrheal_disease,Kerala,Ernakulam,Muvattupuzha,9.9833,76.5833,1,1,0.7174693644257703,0.003680019503577,0.003680019503577
2022-01-04,acute_diarrheal_disease,Kerala,Ernakulam,Muvattupuzha,9.9833,76.5833,0,1,0.7047277600719769,0.0,0.0
2022-10-18,acute_diarrheal_disease,Kerala,Ernakulam,Muvattupuzha,9.9833,76.5833,1,1,0.7623960225564459,0.0,0.0
2024-02-05,acute_diarrheal_disease,Kerala,Ernakulam,Muvattupuzha,9.9833,76.5833,0,1,0.7230324788260354,0.0214419164250777,0.0214419164250777
2020-09-12,acute_diarrheal_disease,Kerala,Ernakulam,North Paravur,10.1333,76.2,1,1,0.6973906308953548,0.0,0.0
2020-12-27,acute_diarrheal_disease,Kerala,Ernakulam,North Paravur,10.1333,76.2,0,1,0.6792223601460128,0.0601628878707755,0.0601628878707755
2021-10-15,acute_diarrheal_disease,Kerala,Ernakulam,North Paravur,10.1333,76.2,1,1,0.6693978660431705,0.0,0.0
2021-11-23,acute_diarrheal_disease,Kerala,Ernakulam,North Paravur,10.1333,76.2,1,1,0.7105084887271209,0.0504143545609719,0.0504143545609719
2021-11-24,acute_diarrheal_disease,Kerala,Ernakulam,North Paravur,10.1333,76.2,0,1,0.761801580199546,0.0442478138968194,0.0442478138968194
2022-01-04,acute_diarrheal_disease,Kerala,Ernakulam,North Paravur,10.1333,76.2,0,0,0.2585077172117586,0.0,0.0
2023-11-21,acute_diarrheal_disease,Kerala,Ernakulam,North Paravur,10.1333,76.2,0,1,0.6929034315714111,0.0017468531352217,0.0017468531352217
2020-01-02,acute_diarrheal_disease,Kerala,Idukki,Devikulam,10.0667,77.1,0,0,0.354425105475515,0.0,0.0
2020-12-25,acute_diarrheal_disease,Kerala,Idukki,Devikulam,10.0667,77.1,0,0,0.2580293396917713,0.0,0.0
2020-12-27,acute_diarrheal_disease,Kerala,Idukki,Devikulam,10.0667,77.1,0,0,0.067820427486067,0.0,0.0
2020-12-27,acute_diarrheal_disease,Kerala,Idukki,Devikulam,10.0667,77.1,0,0,0.2430634485620355,4.031199542819508e-05,4.031199542819508e-05
2020-12-28,acute_diarrheal_disease,Kerala,Idukki,Devikulam,10.0667,77.1,1,1,0.7124697409977289,0.0009168109918226,0.0009168109918226
2020-12-29,acute_diarrheal_disease,Kerala,Idukki,Devikulam,10.0667,77.1,0,0,0.325138175336425,0.0267910643544572,0.0267910643544572
2021-01-02,acute_diarrheal_disease,Kerala,Idukki,Devikulam,10.0667,77.1,0,0,0.386446253855054,0.0,0.0
2022-07-06,acute_diarrheal_disease,Kerala,Idukki,Devikulam,10.0667,77.1,0,1,0.7291122947089568,0.0024974736457191,0.0024974736457191
2022-12-30,acute_diarrheal_disease,Kerala,Idukki,Devikulam,10.0667,77.1,0,0,0.0595390135074202,0.0,0.0
2021-11-20,acute_diarrheal_disease,Kerala,Idukki,Idukki,9.8497872,76.9797914,0,0,0.1144895357017222,0.0,0.0
2023-01-04,acute_diarrheal_disease,Kerala,Idukki,Idukki,9.8497872,76.9797914,0,1,0.701016796468928,0.0,0.0
2024-01-04,acute_diarrheal_disease,Kerala,Idukki,Idukki,9.8497872,76.9797914,0,1,0.5407316728051682,0.0024187197256917,0.0024187197256917
2020-11-23,acute_diarrheal_disease,Kerala,Idukki,Peerumade,9.5667,76.9667,1,0,0.4240007797889402,0.0,0.0
2021-01-01,acute_diarrheal_disease,Kerala,Idukki,Peerumade,9.5667,76.9667,0,0,0.3146204729439045,0.0048932553396266,0.0048932553396266
2021-12-25,acute_diarrheal_disease,Kerala,Idukki,Peerumade,9.5667,76.9667,0,1,0.7209095569483205,0.0,0.0
2022-01-03,acute_diarrheal_disease,Kerala,Idukki,Peerumade,9.5667,76.9667,1,0,0.0953660737275074,0.0,0.0
2022-10-17,acute_diarrheal_disease,Kerala,Idukki,Peerumade,9.5667,76.9667,0,0,0.0675875819448961,0.0044133327974964,0.0044133327974964
2023-08-08,acute_diarrheal_disease,Kerala,Idukki,Peerumade,9.5667,76.9667,1,0,0.1562792358315231,0.0,0.0
2023-11-23,acute_diarrheal_disease,Kerala,Idukki,Peerumade,9.5667,76.9667,1,1,0.6529556700850102,0.9999999983333334,0.9999999983333334
2024-10-17,acute_diarrheal_disease,Kerala,Idukki,Peerumade,9.5667,76.9667,0,1,0.5796981292202985,0.0,0.0
2020-10-15,acute_diarrheal_disease,Kerala,Idukki,Thodupuzha,9.8955,76.7241,1,1,0.7099473830665904,0.0,0.0
2021-08-08,acute_diarrheal_disease,Kerala,Idukki,Thodupuzha,9.8955,76.7241,0,1,0.7096440421290326,0.0,0.0
2022-12-31,acute_diarrheal_disease,Kerala,Idukki,Udumbanchola,9.8333,77.1333,1,1,0.6675364852725387,0.0,0.0
2023-09-23,acute_diarrheal_disease,Kerala,Idukki,Udumbanchola,9.8333,77.1333,0,0,0.3172988580718771,0.0008289798884138,0.0008289798884138
2023-12-09,acute_diarrheal_disease,Kerala,Idukki,Udumbanchola,9.8333,77.1333,1,0,0.2439906122486429,0.0,0.0
2020-08-08,acute_diarrheal_disease,Kerala,Kannur,Iritty,11.9333,75.7,1,0,0.2813503446533933,0.0,0.0
2020-11-22,acute_diarrheal_disease,Kerala,Kannur,Iritty,11.9333,75.7,0,1,0.6949654733070451,0.002453346335718,0.002453346335718
2021-01-02,acute_diarrheal_disease,Kerala,Kannur,Iritty,11.9333,75.7,1,0,0.1385764025611086,0.0,0.0
2023-11-21,acute_diarrheal_disease,Kerala,Kannur,Iritty,11.9333,75.7,1,1,0.7075719563431712,0.9999999983333334,0.9999999983333334
2023-11-23,acute_diarrheal_disease,Kerala,Kannur,Iritty,11.9333,75.7,0,0,0.4202422824078393,0.0,0.0
2024-10-17,acute_diarrheal_disease,Kerala,Kannur,Iritty,11.9333,75.7,0,1,0.6971683509925787,0.0,0.0
2024-11-21,acute_diarrheal_disease,Kerala,Kannur,Iritty,11.9333,75.7,0,1,0.7338370220415196,4.031199542819508e-05,4.031199542819508e-05
2022-08-07,acute_diarrheal_disease,Kerala,Kannur,Kannur,11.8763836,75.3737973,1,1,0.6505871539721723,0.0,0.0
2022-08-08,acute_diarrheal_disease,Kerala,Kannur,Kannur,11.8763836,75.3737973,0,0,0.2733059338058365,0.0009916624114782,0.0009916624114782
2022-11-24,acute_diarrheal_disease,Kerala,Kannur,Kannur,11.8763836,75.3737973,0,0,0.0934324243772468,0.0,0.0
2023-11-18,acute_diarrheal_disease,Kerala,Kannur,Kannur,11.8763836,75.3737973,0,1,0.7299098226571117,0.0,0.0
2024-01-01,acute_diarrheal_disease,Kerala,Kannur,Kannur,11.8763836,75.3737973,1,1,0.740766984072226,0.0,0.0
2022-09-10,acute_diarrheal_disease,Kerala,Kannur,Payyanur,12.1,75.2,1,0,0.1160098917337822,0.0,0.0
2022-11-22,acute_diarrheal_disease,Kerala,Kannur,Payyanur,12.1,75.2,1,0,0.1131169858114977,0.9999999983333334,0.9999999983333334
2022-12-29,acute_diarrheal_disease,Kerala,Kannur,Payyanur,12.1,75.2,0,0,0.1039176735446584,0.0,0.0
2022-12-26,acute_diarrheal_disease,Kerala,Kannur,Taliparamba,12.0333,75.35,1,0,0.2049241347271905,0.0,0.0
2023-02-04,acute_diarrheal_disease,Kerala,Kannur,Taliparamba,12.0333,75.35,0,0,0.3332656010017559,0.0,0.0
2020-11-23,acute_diarrheal_disease,Kerala,Kannur,Thalassery,11.75,75.4833,1,1,0.7315312300176968,0.0,0.0
2022-02-04,acute_diarrheal_disease,Kerala,Kannur,Thalassery,11.75,75.4833,1,1,0.6667882100191745,0.0008356985543185,0.0008356985543185
2023-09-09,acute_diarrheal_disease,Kerala,Kannur,Thalassery,11.75,75.4833,1,0,0.0642679019617892,0.0047418086496215,0.0047418086496215
2024-10-14,acute_diarrheal_disease,Kerala,Kannur,Thalassery,11.75,75.4833,1,0,0.0940873500355728,0.0029715076017806,0.0029715076017806
2021-08-08,acute_diarrheal_disease,Kerala,Kasaragod,Hosdurg,12.3167,75.1,1,0,0.1044322880319512,0.0,0.0
2021-11-18,acute_diarrheal_disease,Kerala,Kasaragod,Hosdurg,12.3167,75.1,0,0,0.1159594847745767,0.0001239679835979,0.0001239679835979
2021-12-26,acute_diarrheal_disease,Kerala,Kasaragod,Hosdurg,12.3167,75.1,1,1,0.7419918290492271,0.0,0.0
2021-12-29,acute_diarrheal_disease,Kerala,Kasaragod,Hosdurg,12.3167,75.1,1,1,0.7728004760633843,0.0055229852107529,0.0055229852107529
2024-01-03,acute_diarrheal_disease,Kerala,Kasaragod,Hosdurg,12.3167,75.1,1,0,0.0762344467444847,0.0011367359028396,0.0011367359028396
2024-11-18,acute_diarrheal_disease,Kerala,Kasaragod,Hosdurg,12.3167,75.1,0,1,0.766054840117099,0.0122532889745408,0.0122532889745408
2021-11-18,acute_diarrheal_disease,Kerala,Kasaragod,Kasaragod,12.5035577,74.9907022,1,1,0.7490539627297177,0.0,0.0
2022-10-16,acute_diarrheal_disease,Kerala,Kasaragod,Kasaragod,12.5035577,74.9907022,0,1,0.7366411114783975,0.0016192931689679,0.0016192931689679
2023-11-18,acute_diarrheal_disease,Kerala,Kasaragod,Kasaragod,12.5035577,74.9907022,0,1,0.7312309320149173,0.0,0.0
2021-08-08,acute_diarrheal_disease,Kerala,Kasaragod,Manjeshwaram,12.7167,74.8833,0,1,0.7065502995428035,0.0,0.0
2021-10-15,acute_diarrheal_disease,Kerala,Kasaragod,Manjeshwaram,12.7167,74.8833,1,0,0.2614133754906907,0.0,0.0
2022-07-07,acute_diarrheal_disease,Kerala,Kasaragod,Manjeshwaram,12.7167,74.8833,0,1,0.7221771713270319,0.1251170993796789,0.1251170993796789
2022-11-20,acute_diarrheal_disease,Kerala,Kasaragod,Manjeshwaram,12.7167,74.8833,0,0,0.1221754680962095,0.0,0.0
2022-11-21,acute_diarrheal_disease,Kerala,Kasaragod,Manjeshwaram,12.7167,74.8833,1,0,0.1262635984645237,0.0,0.0
2023-10-17,acute_diarrheal_disease,Kerala,Kasaragod,Manjeshwaram,12.7167,74.8833,0,0,0.2609131042908827,0.5087713376537903,0.5087713376537903
2023-12-29,acute_diarrheal_disease,Kerala,Kasaragod,Manjeshwaram,12.7167,74.8833,0,1,0.738437246998869,0.0,0.0
2020-10-14,acute_diarrheal_disease,Kerala,Kasaragod,Nileshwaram,12.25,75.1,0,1,0.7660676580682267,0.0,0.0
2020-11-19,acute_diarrheal_disease,Kerala,Kasaragod,Nileshwaram,12.25,75.1,0,1,0.5433637327344731,0.0,0.0
2022-10-14,acute_diarrheal_disease,Kerala,Kasaragod,Nileshwaram,12.25,75.1,1,1,0.6848975419059734,0.0002096223762266,0.0002096223762266
2023-11-04,acute_diarrheal_disease,Kerala,Kasaragod,Nileshwaram,12.25,75.1,0,1,0.5974580828259984,0.0019307277873476,0.0019307277873476
2023-11-24,acute_diarrheal_disease,Kerala,Kasaragod,Nileshwaram,12.25,75.1,1,0,0.107520819346077,0.0,0.0
2020-10-15,acute_diarrheal_disease,Kerala,Kasaragod,Vellarikundu,12.4167,75.2333,1,1,0.7246452441954784,0.0,0.0
2021-11-19,acute_diarrheal_disease,Kerala,Kasaragod,Vellarikundu,12.4167,75.2333,0,1,0.5554145954476458,0.0,0.0
2021-11-20,acute_diarrheal_disease,Kerala,Kasaragod,Vellarikundu,12.4167,75.2333,0,0,0.4784256786206158,0.0,0.0
2022-12-27,acute_diarrheal_disease,Kerala,Kasaragod,Vellarikundu,12.4167,75.2333,0,1,0.621447777893298,0.0,0.0
2022-12-29,acute_diarrheal_disease,Kerala,Kasaragod,Vellarikundu,12.4167,75.2333,0,1,0.7241638206349353,0.0005912425996135,0.0005912425996135
2023-07-06,acute_diarrheal_disease,Kerala,Kasaragod,Vellarikundu,12.4167,75.2333,0,1,0.600042792271636,0.0002447230883306,0.0002447230883306
2024-10-14,acute_diarrheal_disease,Kerala,Kasaragod,Vellarikundu,12.4167,75.2333,0,0,0.1540662204265107,0.0,0.0
2020-11-19,acute_diarrheal_disease,Kerala,Kollam,Karunagappally,9.0574,76.5334,0,0,0.0434560501974413,0.0,0.0
2020-12-30,acute_diarrheal_disease,Kerala,Kollam,Karunagappally,9.0574,76.5334,0,1,0.7156569829904592,0.0,0.0
2021-11-21,acute_diarrheal_disease,Kerala,Kollam,Karunagappally,9.0574,76.5334,0,1,0.6139223085534173,0.0001612479817127,0.0001612479817127
2022-10-14,acute_diarrheal_disease,Kerala,Kollam,Karunagappally,9.0574,76.5334,0,1,0.6007659106165392,0.0,0.0
2020-12-26,acute_diarrheal_disease,Kerala,Kollam,Kollam,8.8879509,76.5955013,1,1,0.7091836213120625,0.0,0.0
2021-01-02,acute_diarrheal_disease,Kerala,Kollam,Kollam,8.8879509,76.5955013,0,0,0.0663658018536586,0.0,0.0
2022-01-04,acute_diarrheal_disease,Kerala,Kollam,Kollam,8.8879509,76.5955013,0,0,0.0599350891833104,0.0,0.0
2022-10-15,acute_diarrheal_disease,Kerala,Kollam,Kollam,8.8879509,76.5955013,0,0,0.0585676420466348,0.0,0.0
2023-07-07,acute_diarrheal_disease,Kerala,Kollam,Kollam,8.8879509,76.5955013,0,0,0.0425967822690011,0.0095832866800537,0.0095832866800537
2021-02-05,acute_diarrheal_disease,Kerala,Kollam,Kottarakkara,9.0002,76.7788,0,0,0.0404023242688078,0.0,0.0
2021-09-10,acute_diarrheal_disease,Kerala,Kollam,Kottarakkara,9.0002,76.7788,1,1,0.711462589452866,0.0,0.0
2022-12-30,acute_diarrheal_disease,Kerala,Kollam,Kottarakkara,9.0002,76.7788,0,0,0.0785799654988884,0.0024889281277229,0.0024889281277229
2023-10-13,acute_diarrheal_disease,Kerala,Kollam,Kottarakkara,9.0002,76.7788,0,0,0.2102403367028316,0.0,0.0
2023-10-21,acute_diarrheal_disease,Kerala,Kollam,Kottarakkara,9.0002,76.7788,0,1,0.7045021702678546,0.0003628079588537,0.0003628079588537
2023-11-24,acute_diarrheal_disease,Kerala,Kollam,Kottarakkara,9.0002,76.7788,0,1,0.7236998916611868,0.0,0.0
2024-01-02,acute_diarrheal_disease,Kerala,Kollam,Kottarakkara,9.0002,76.7788,1,0,0.1019386911189486,8.062399085639016e-05,8.062399085639016e-05
2022-09-09,acute_diarrheal_disease,Kerala,Kollam,Kunnathoor,9.0292,76.627,0,0,0.1231207857532083,0.0,0.0
2023-01-02,acute_diarrheal_disease,Kerala,Kollam,Kunnathoor,9.0292,76.627,1,1,0.7245879745897221,0.0,0.0
2023-09-09,acute_diarrheal_disease,Kerala,Kollam,Kunnathoor,9.0292,76.627,1,1,0.6407980198737669,0.0302257012024685,0.0302257012024685
2023-10-14,acute_diarrheal_disease,Kerala,Kollam,Kunnathoor,9.0292,76.627,0,0,0.3694417093033126,0.0,0.0
2023-10-17,acute_diarrheal_disease,Kerala,Kollam,Kunnathoor,9.0292,76.627,0,0,0.3259043642858488,0.0,0.0
2024-11-19,acute_diarrheal_disease,Kerala,Kollam,Kunnathoor,9.0292,76.627,0,1,0.6936166964833338,0.0001736516726137,0.0001736516726137
2021-10-15,acute_diarrheal_disease,Kerala,Kollam,Pathanapuram,9.1,76.87,1,1,0.7009101969766772,0.0,0.0
2020-01-02,acute_diarrheal_disease,Kerala,Kollam,Punalur,9.0089,76.9269,0,1,0.5572698707105228,0.0,0.0
2020-09-12,acute_diarrheal_disease,Kerala,Kollam,Punalur,9.0089,76.9269,0,0,0.2733060232828574,0.0,0.0
2022-02-04,acute_diarrheal_disease,Kerala,Kollam,Punalur,9.0089,76.9269,0,0,0.4982184773279949,0.0,0.0
2022-09-11,acute_diarrheal_disease,Kerala,Kollam,Punalur,9.0089,76.9269,0,1,0.6841743169464511,0.0,0.0
2022-12-26,acute_diarrheal_disease,Kerala,Kollam,Punalur,9.0089,76.9269,0,1,0.6920909025397761,0.0022367885411461,0.0022367885411461
2023-09-09,acute_diarrheal_disease,Kerala,Kollam,Punalur,9.0089,76.9269,1,1,0.6736944048248816,0.0,0.0
2023-11-23,acute_diarrheal_disease,Kerala,Kollam,Punalur,9.0089,76.9269,0,1,0.7293697333319105,0.0172826368232415,0.0172826368232415
2023-12-26,acute_diarrheal_disease,Kerala,Kollam,Punalur,9.0089,76.9269,0,1,0.7242621721790483,0.0,0.0
2023-12-27,acute_diarrheal_disease,Kerala,Kollam,Punalur,9.0089,76.9269,0,0,0.2525381079044616,0.0146780681547378,0.0146780681547378
2021-09-08,acute_diarrheal_disease,Kerala,Kottayam,Changanassery,9.45,76.5333,1,1,0.6625611362230014,0.0,0.0
2021-09-10,acute_diarrheal_disease,Kerala,Kottayam,Changanassery,9.45,76.5333,0,1,0.5505528292229841,0.0,0.0
2022-12-27,acute_diarrheal_disease,Kerala,Kottayam,Changanassery,9.45,76.5333,0,0,0.1917769411103871,0.0,0.0
2023-07-07,acute_diarrheal_disease,Kerala,Kottayam,Changanassery,9.45,76.5333,0,0,0.3208457427732446,0.0002687466361879,0.0002687466361879
2023-10-13,acute_diarrheal_disease,Kerala,Kottayam,Changanassery,9.45,76.5333,0,1,0.6758798528275005,0.0,0.0
2023-11-20,acute_diarrheal_disease,Kerala,Kottayam,Changanassery,9.45,76.5333,1,1,0.5689783517954978,0.0004031199542819,0.0004031199542819
2023-12-25,acute_diarrheal_disease,Kerala,Kottayam,Changanassery,9.45,76.5333,1,0,0.099053752870862,0.2122257340728656,0.2122257340728656
2022-01-02,acute_diarrheal_disease,Kerala,Kottayam,Kanjirappally,9.5667,76.7833,1,0,0.0645657955267873,0.0,0.0
2022-09-10,acute_diarrheal_disease,Kerala,Kottayam,Kanjirappally,9.5667,76.7833,1,1,0.7159765404127603,0.0,0.0
2023-07-07,acute_diarrheal_disease,Kerala,Kottayam,Kanjirappally,9.5667,76.7833,0,1,0.6618239399761788,0.1666956105189485,0.1666956105189485
2023-11-22,acute_diarrheal_disease,Kerala,Kottayam,Kanjirappally,9.5667,76.7833,0,1,0.6111932247118336,0.0,0.0
2022-07-07,acute_diarrheal_disease,Kerala,Kottayam,Kottayam,9.6287383,76.64553257,1,1,0.6861150431557839,0.0,0.0
2022-12-26,acute_diarrheal_disease,Kerala,Kottayam,Kottayam,9.6287383,76.64553257,0,0,0.1912571574947638,0.0,0.0
2023-09-12,acute_diarrheal_disease,Kerala,Kottayam,Kottayam,9.6287383,76.64553257,0,1,0.7110029323859521,0.0,0.0
2020-10-14,acute_diarrheal_disease,Kerala,Kottayam,Meenachil,9.7167,76.6833,1,1,0.7087106688229191,0.0,0.0
2020-12-28,acute_diarrheal_disease,Kerala,Kottayam,Meenachil,9.7167,76.6833,1,1,0.731790123797021,0.0011943374387785,0.0011943374387785
2021-09-09,acute_diarrheal_disease,Kerala,Kottayam,Meenachil,9.7167,76.6833,0,1,0.7346139489035707,0.053373505219053,0.053373505219053
2021-12-31,acute_diarrheal_disease,Kerala,Kottayam,Meenachil,9.7167,76.6833,0,1,0.6988162913782763,0.0,0.0
2023-11-24,acute_diarrheal_disease,Kerala,Kottayam,Meenachil,9.7167,76.6833,0,1,0.6578610890707768,0.0,0.0
2024-07-06,acute_diarrheal_disease,Kerala,Kottayam,Meenachil,9.7167,76.6833,0,0,0.3270657929516755,0.0220585905698303,0.0220585905698303
2021-10-13,acute_diarrheal_disease,Kerala,Kottayam,Vaikom,9.75,76.4,1,1,0.7373458199770155,0.0,0.0
2023-01-03,acute_diarrheal_disease,Kerala,Kottayam,Vaikom,9.75,76.4,0,0,0.4110803305121934,1.400927817691882e-05,1.400927817691882e-05
2023-01-04,acute_diarrheal_disease,Kerala,Kottayam,Vaikom,9.75,76.4,1,0,0.1161818754399393,0.0,0.0
2020-10-15,acute_diarrheal_disease,Kerala,Kozhikode,Koyilandy,11.4333,75.7,1,1,0.714594799027915,0.0,0.0
2021-10-17,acute_diarrheal_disease,Kerala,Kozhikode,Koyilandy,11.4333,75.7,0,1,0.7187249049604553,0.0,0.0
2021-11-22,acute_diarrheal_disease,Kerala,Kozhikode,Koyilandy,11.4333,75.7,0,1,0.6798516204764934,0.0,0.0
2022-01-03,acute_diarrheal_disease,Kerala,Kozhikode,Koyilandy,11.4333,75.7,0,0,0.0726495084211329,0.0020722203434148,0.0020722203434148
2022-09-12,acute_diarrheal_disease,Kerala,Kozhikode,Koyilandy,11.4333,75.7,0,0,0.1591279349538414,0.0,0.0
2022-10-15,acute_diarrheal_disease,Kerala,Kozhikode,Koyilandy,11.4333,75.7,1,0,0.1551810798209484,0.0006853039222793,0.0006853039222793
2023-01-02,acute_diarrheal_disease,Kerala,Kozhikode,Koyilandy,11.4333,75.7,0,1,0.7181388913433875,0.0039400788763928,0.0039400788763928
2023-12-29,acute_diarrheal_disease,Kerala,Kozhikode,Koyilandy,11.4333,75.7,0,1,0.6789339027623243,0.0,0.0
2023-12-30,acute_diarrheal_disease,Kerala,Kozhikode,Koyilandy,11.4333,75.7,0,1,0.7115757265219242,0.0001727656946922,0.0001727656946922
2020-09-11,acute_diarrheal_disease,Kerala,Kozhikode,Kozhikode,11.2450558,75.7754716,1,1,0.7009656679020219,0.0,0.0
2020-12-28,acute_diarrheal_disease,Kerala,Kozhikode,Kozhikode,11.2450558,75.7754716,1,1,0.7212801018818239,0.0138739741254935,0.0138739741254935
2021-02-04,acute_diarrheal_disease,Kerala,Kozhikode,Kozhikode,11.2450558,75.7754716,0,1,0.7160705335497448,0.0148895703023964,0.0148895703023964
2021-09-09,acute_diarrheal_disease,Kerala,Kozhikode,Kozhikode,11.2450558,75.7754716,0,0,0.3817792829966506,0.0,0.0
2021-11-23,acute_diarrheal_disease,Kerala,Kozhikode,Kozhikode,11.2450558,75.7754716,0,1,0.7165509243131681,2.1341644638456213e-05,2.1341644638456213e-05
2022-08-08,acute_diarrheal_disease,Kerala,Kozhikode,Kozhikode,11.2450558,75.7754716,0,0,0.1281544885967281,0.0,0.0
2023-02-04,acute_diarrheal_disease,Kerala,Kozhikode,Kozhikode,11.2450558,75.7754716,0,1,0.7348348891083003,0.0033862076159683,0.0033862076159683
2024-09-09,acute_diarrheal_disease,Kerala,Kozhikode,Kozhikode,11.2450558,75.7754716,0,1,0.7091709191624814,0.0043770505402866,0.0043770505402866
2024-10-15,acute_diarrheal_disease,Kerala,Kozhikode,Kozhikode,11.2450558,75.7754716,0,1,0.7566255345081443,0.0,0.0
2020-11-21,acute_diarrheal_disease,Kerala,Kozhikode,Thamarassery,11.2667,75.9333,1,1,0.7172589682334051,0.0,0.0
2020-11-21,acute_diarrheal_disease,Kerala,Kozhikode,Thamarassery,11.2667,75.9333,1,1,0.7094120317620414,0.2632644364240618,0.2632644364240618
2021-12-26,acute_diarrheal_disease,Kerala,Kozhikode,Thamarassery,11.2667,75.9333,0,0,0.3253116633798229,0.0,0.0
2023-09-09,acute_diarrheal_disease,Kerala,Kozhikode,Thamarassery,11.2667,75.9333,0,1,0.7156842677273347,0.0004856189216698,0.0004856189216698
2023-12-31,acute_diarrheal_disease,Kerala,Kozhikode,Thamarassery,11.2667,75.9333,0,1,0.6771562006132334,0.0,0.0
2022-11-19,acute_diarrheal_disease,Kerala,Kozhikode,Vadakara,11.6,75.5833,1,0,0.3965872240771244,0.0,0.0
2022-11-22,acute_diarrheal_disease,Kerala,Kozhikode,Vadakara,11.6,75.5833,1,1,0.6881899386692771,0.003680019503577,0.003680019503577
2023-01-04,acute_diarrheal_disease,Kerala,Kozhikode,Vadakara,11.6,75.5833,0,1,0.6641673384266334,0.0007888485009544,0.0007888485009544
2023-10-07,acute_diarrheal_disease,Kerala,Kozhikode,Vadakara,11.6,75.5833,0,1,0.7268329097910857,0.0,0.0
2023-11-04,acute_diarrheal_disease,Kerala,Kozhikode,Vadakara,11.6,75.5833,1,1,0.7193995967853491,1.7276569469226453e-05,1.7276569469226453e-05
2024-09-09,acute_diarrheal_disease,Kerala,Kozhikode,Vadakara,11.6,75.5833,1,1,0.7284298455994893,0.0324368448846738,0.0324368448846738
2020-11-24,acute_diarrheal_disease,Kerala,Malappuram,Ernad,11.1201,76.1197,0,1,0.7065954595509467,0.0,0.0
2021-02-05,acute_diarrheal_disease,Kerala,Malappuram,Ernad,11.1201,76.1197,1,1,0.6420529624202521,0.0,0.0
2022-01-01,acute_diarrheal_disease,Kerala,Malappuram,Ernad,11.1201,76.1197,1,1,0.7359449909537013,0.0537134292890569,0.0537134292890569
2022-09-12,acute_diarrheal_disease,Kerala,Malappuram,Ernad,11.1201,76.1197,0,1,0.7298395587256847,0.0,0.0
2023-10-17,acute_diarrheal_disease,Kerala,Malappuram,Ernad,11.1201,76.1197,0,0,0.1152060745247567,0.0,0.0
2023-10-28,acute_diarrheal_disease,Kerala,Malappuram,Ernad,11.1201,76.1197,0,1,0.7114830956836495,3.3198113882043e-05,3.3198113882043e-05
2020-09-11,acute_diarrheal_disease,Kerala,Malappuram,Kondotty,11.15,75.9667,1,1,0.7065892705777267,0.0,0.0
2020-12-31,acute_diarrheal_disease,Kerala,Malappuram,Kondotty,11.15,75.9667,0,1,0.5894812370631735,0.0,0.0
2021-12-27,acute_diarrheal_disease,Kerala,Malappuram,Kondotty,11.15,75.9667,0,1,0.7227795978871984,0.0,0.0
2022-11-22,acute_diarrheal_disease,Kerala,Malappuram,Kondotty,11.15,75.9667,1,1,0.721027380183657,0.0017737277988405,0.0017737277988405
2023-12-27,acute_diarrheal_disease,Kerala,Malappuram,Kondotty,11.15,75.9667,0,1,0.6890589518748135,0.2331599822451839,0.2331599822451839
2024-01-02,acute_diarrheal_disease,Kerala,Malappuram,Kondotty,11.15,75.9667,0,1,0.7120823673144446,0.0,0.0
2024-11-20,acute_diarrheal_disease,Kerala,Malappuram,Kondotty,11.15,75.9667,0,0,0.2346038524647219,0.0,0.0
2020-11-22,acute_diarrheal_disease,Kerala,Malappuram,Nilambur,11.2833,76.2333,1,1,0.7083110176549134,0.0,0.0
2021-11-22,acute_diarrheal_disease,Kerala,Malappuram,Nilambur,11.2833,76.2333,1,1,0.666062706105097,0.0004111306112545,0.0004111306112545
2021-12-31,acute_diarrheal_disease,Kerala,Malappuram,Nilambur,11.2833,76.2333,1,1,0.6943786983140771,0.0008728655744956,0.0008728655744956
2023-01-03,acute_diarrheal_disease,Kerala,Malappuram,Nilambur,11.2833,76.2333,0,1,0.6764045543271362,0.9999999983333334,0.9999999983333334
2023-12-29,acute_diarrheal_disease,Kerala,Malappuram,Nilambur,11.2833,76.2333,0,1,0.6873376277122509,0.0,0.0
2020-07-07,acute_diarrheal_disease,Kerala,Malappuram,Perinthalmanna,10.9667,76.2167,1,1,0.6655882974158359,0.0,0.0
2020-12-30,acute_diarrheal_disease,Kerala,Malappuram,Perinthalmanna,10.9667,76.2167,0,0,0.2567550944124859,0.0062751038188276,0.0062751038188276
2021-11-21,acute_diarrheal_disease,Kerala,Malappuram,Perinthalmanna,10.9667,76.2167,0,0,0.1703788840047959,0.0,0.0
2023-11-20,acute_diarrheal_disease,Kerala,Malappuram,Perinthalmanna,10.9667,76.2167,1,1,0.7131604824424151,0.0,0.0
2024-08-08,acute_diarrheal_disease,Kerala,Malappuram,Perinthalmanna,10.9667,76.2167,0,1,0.6250557231623095,0.0404819777736876,0.0404819777736876
2024-12-26,acute_diarrheal_disease,Kerala,Malappuram,Perinthalmanna,10.9667,76.2167,0,0,0.0701137843141287,0.0,0.0
2021-11-18,acute_diarrheal_disease,Kerala,Malappuram,Ponnani,10.7667,75.9167,0,0,0.0308499080345858,0.0,0.0
2021-12-29,acute_diarrheal_disease,Kerala,Malappuram,Ponnani,10.7667,75.9167,0,0,0.0366101377063083,0.0,0.0
2022-10-13,acute_diarrheal_disease,Kerala,Malappuram,Ponnani,10.7667,75.9167,0,0,0.0402584094865076,0.0,0.0
2022-10-17,acute_diarrheal_disease,Kerala,Malappuram,Ponnani,10.7667,75.9167,1,1,0.735095598993508,0.0,0.0
2023-09-09,acute_diarrheal_disease,Kerala,Malappuram,Ponnani,10.7667,75.9167,0,1,0.6428686200904427,0.5159404134643768,0.5159404134643768
2023-10-14,acute_diarrheal_disease,Kerala,Malappuram,Ponnani,10.7667,75.9167,0,1,0.7357015375039387,0.0,0.0
2023-12-26,acute_diarrheal_disease,Kerala,Malappuram,Ponnani,10.7667,75.9167,0,1,0.6165822512358395,0.00580492734166,0.00580492734166
2024-01-02,acute_diarrheal_disease,Kerala,Malappuram,Ponnani,10.7667,75.9167,0,0,0.186988745993647,0.0007699970439693,0.0007699970439693
2024-01-03,acute_diarrheal_disease,Kerala,Malappuram,Ponnani,10.7667,75.9167,0,0,0.1796507746997511,0.0,0.0
2024-10-17,acute_diarrheal_disease,Kerala,Malappuram,Ponnani,10.7667,75.9167,1,0,0.1476729689896497,0.0,0.0
2021-01-04,acute_diarrheal_disease,Kerala,Malappuram,Tirur,10.9167,75.9167,1,0,0.1262890169162228,0.0,0.0
2021-10-14,acute_diarrheal_disease,Kerala,Malappuram,Tirur,10.9167,75.9167,1,0,0.1681152749667823,0.0084439040897712,0.0084439040897712
2021-11-20,acute_diarrheal_disease,Kerala,Malappuram,Tirur,10.9167,75.9167,0,1,0.7250408875992383,0.0187890989323544,0.0187890989323544
2021-11-22,acute_diarrheal_disease,Kerala,Malappuram,Tirur,10.9167,75.9167,0,0,0.1799846119519442,0.0,0.0
2022-12-28,acute_diarrheal_disease,Kerala,Malappuram,Tirur,10.9167,75.9167,0,1,0.7010097299983639,0.0,0.0
2022-12-29,acute_diarrheal_disease,Kerala,Malappuram,Tirur,10.9167,75.9167,1,1,0.5055290777579841,4.031199542819508e-05,4.031199542819508e-05
2023-02-05,acute_diarrheal_disease,Kerala,Malappuram,Tirur,10.9167,75.9167,0,0,0.4566587070702006,0.504067171305339,0.504067171305339
2023-07-07,acute_diarrheal_disease,Kerala,Malappuram,Tirur,10.9167,75.9167,0,0,0.3809590139882324,0.0,0.0
2023-09-11,acute_diarrheal_disease,Kerala,Malappuram,Tirur,10.9167,75.9167,0,1,0.7219198838877149,0.0,0.0
2023-10-17,acute_diarrheal_disease,Kerala,Malappuram,Tirur,10.9167,75.9167,0,1,0.6762703938176573,0.0,0.0
2023-10-18,acute_diarrheal_disease,Kerala,Malappuram,Tirur,10.9167,75.9167,0,0,0.1490367507553034,2.015599771409754e-05,2.015599771409754e-05
2023-12-09,acute_diarrheal_disease,Kerala,Malappuram,Tirur,10.9167,75.9167,0,0,0.0978641844659608,0.0,0.0
2020-09-11,acute_diarrheal_disease,Kerala,Malappuram,Tirurangadi,11.0,75.9333,1,1,0.6966354776577214,0.0,0.0
2021-10-16,acute_diarrheal_disease,Kerala,Malappuram,Tirurangadi,11.0,75.9333,1,1,0.642187579683072,2.951618657093096e-05,2.951618657093096e-05
2022-11-19,acute_diarrheal_disease,Kerala,Malappuram,Tirurangadi,11.0,75.9333,1,0,0.3855566658830998,0.7408560027433414,0.7408560027433414
2022-11-23,acute_diarrheal_disease,Kerala,Malappuram,Tirurangadi,11.0,75.9333,0,1,0.5097227576484743,0.0,0.0
2023-11-21,acute_diarrheal_disease,Kerala,Malappuram,Tirurangadi,11.0,75.9333,0,1,0.7029879500001931,0.0,0.0
2020-09-09,acute_diarrheal_disease,Kerala,Palakkad,Alathur,10.6333,76.55,1,1,0.6564842814268614,0.0,0.0
2021-01-02,acute_diarrheal_disease,Kerala,Palakkad,Alathur,10.6333,76.55,0,1,0.6564201013077466,0.0029612356700996,0.0029612356700996
2021-07-06,acute_diarrheal_disease,Kerala,Palakkad,Alathur,10.6333,76.55,0,1,0.6307864259462758,0.0,0.0
2021-11-18,acute_diarrheal_disease,Kerala,Palakkad,Alathur,10.6333,76.55,0,1,0.5780713085862303,4.031199542819508e-05,4.031199542819508e-05
2021-12-29,acute_diarrheal_disease,Kerala,Palakkad,Alathur,10.6333,76.55,0,1,0.7041579236041718,0.0,0.0
2021-12-31,acute_diarrheal_disease,Kerala,Palakkad,Alathur,10.6333,76.55,0,0,0.2704194553138836,0.001451231835415,0.001451231835415
2023-01-01,acute_diarrheal_disease,Kerala,Palakkad,Alathur,10.6333,76.55,0,0,0.0985553107909353,0.0164384630517352,0.0164384630517352
2023-12-27,acute_diarrheal_disease,Kerala,Palakkad,Alathur,10.6333,76.55,0,0,0.1751497669811991,0.0,0.0
2023-12-28,acute_diarrheal_disease,Kerala,Palakkad,Alathur,10.6333,76.55,0,0,0.2604764364676989,0.0,0.0
2024-09-10,acute_diarrheal_disease,Kerala,Palakkad,Alathur,10.6333,76.55,0,1,0.7229246088784111,0.0156285274542022,0.0156285274542022
2024-10-17,acute_diarrheal_disease,Kerala,Palakkad,Alathur,10.6333,76.55,0,0,0.2111182807649029,0.0,0.0
2020-11-20,acute_diarrheal_disease,Kerala,Palakkad,Chittur,10.7,76.75,0,0,0.2263383775074534,0.0,0.0
2021-02-04,acute_diarrheal_disease,Kerala,Palakkad,Chittur,10.7,76.75,0,0,0.2806051129036546,0.0,0.0
2022-11-17,acute_diarrheal_disease,Kerala,Palakkad,Chittur,10.7,76.75,0,0,0.2354321244998104,0.0,0.0
2022-12-31,acute_diarrheal_disease,Kerala,Palakkad,Chittur,10.7,76.75,0,1,0.7048564476250775,0.0,0.0
2023-07-06,acute_diarrheal_disease,Kerala,Palakkad,Chittur,10.7,76.75,0,1,0.7531726442651093,0.0086486150656177,0.0086486150656177
2023-09-10,acute_diarrheal_disease,Kerala,Palakkad,Chittur,10.7,76.75,0,1,0.6994259991218579,0.0,0.0
2023-12-27,acute_diarrheal_disease,Kerala,Palakkad,Chittur,10.7,76.75,0,1,0.7194278095412402,4.031199542819508e-05,4.031199542819508e-05
2024-09-10,acute_diarrheal_disease,Kerala,Palakkad,Chittur,10.7,76.75,1,0,0.0902681522284363,0.0,0.0
2024-11-18,acute_diarrheal_disease,Kerala,Palakkad,Chittur,10.7,76.75,0,0,0.0910395290253278,0.0837462642372717,0.0837462642372717
2020-11-21,acute_diarrheal_disease,Kerala,Palakkad,Mannarkkad,11.0,76.4667,1,0,0.080347254826498,0.0,0.0
2022-11-23,acute_diarrheal_disease,Kerala,Palakkad,Mannarkkad,11.0,76.4667,0,0,0.064655037720263,0.0,0.0
2023-08-08,acute_diarrheal_disease,Kerala,Palakkad,Mannarkkad,11.0,76.4667,0,0,0.1400404344436142,0.0,0.0
2023-09-11,acute_diarrheal_disease,Kerala,Palakkad,Mannarkkad,11.0,76.4667,0,0,0.149982431201044,8.062399085639016e-05,8.062399085639016e-05
2023-11-20,acute_diarrheal_disease,Kerala,Palakkad,Mannarkkad,11.0,76.4667,0,1,0.7562947070536248,6.0467993142292616e-05,6.0467993142292616e-05
2023-11-18,acute_diarrheal_disease,Kerala,Palakkad,Ottapalam,10.7667,76.3667,1,1,0.7660044841286769,0.0,0.0
2023-11-21,acute_diarrheal_disease,Kerala,Palakkad,Ottapalam,10.7667,76.3667,1,0,0.1019146510216701,0.0006941759066305,0.0006941759066305
2020-12-28,acute_diarrheal_disease,Kerala,Palakkad,Palakkad,10.78789845,76.47408711,1,0,0.275061970240283,0.0,0.0
2021-11-18,acute_diarrheal_disease,Kerala,Palakkad,Palakkad,10.78789845,76.47408711,0,0,0.1846522331476816,0.0,0.0
2022-09-12,acute_diarrheal_disease,Kerala,Palakkad,Palakkad,10.78789845,76.47408711,0,0,0.0668923302639685,5.796496074642428e-05,5.796496074642428e-05
2022-12-29,acute_diarrheal_disease,Kerala,Palakkad,Palakkad,10.78789845,76.47408711,0,1,0.7208963085063654,0.0,0.0
2023-11-20,acute_diarrheal_disease,Kerala,Palakkad,Palakkad,10.78789845,76.47408711,0,1,0.7208254485095749,5.374932723759343e-05,5.374932723759343e-05
2023-12-31,acute_diarrheal_disease,Kerala,Palakkad,Palakkad,10.78789845,76.47408711,0,0,0.0571631852043047,0.0,0.0
2024-10-15,acute_diarrheal_disease,Kerala,Palakkad,Palakkad,10.78789845,76.47408711,0,1,0.7413691071051464,0.001451231835415,0.001451231835415
2020-01-01,acute_diarrheal_disease,Kerala,Palakkad,Pattambi,10.8,76.2,1,1,0.749367465350257,0.0,0.0
2020-10-17,acute_diarrheal_disease,Kerala,Palakkad,Pattambi,10.8,76.2,1,1,0.6797499203359394,0.0011943374387785,0.0011943374387785
2021-09-09,acute_diarrheal_disease,Kerala,Palakkad,Pattambi,10.8,76.2,1,0,0.0553650817772289,0.0,0.0
2022-09-09,acute_diarrheal_disease,Kerala,Palakkad,Pattambi,10.8,76.2,0,1,0.723885985708434,0.0095792243364424,0.0095792243364424
2020-11-19,acute_diarrheal_disease,Kerala,Pathanamthitta,Adoor,9.1667,76.7333,0,1,0.7115176901668876,0.0,0.0
2020-12-31,acute_diarrheal_disease,Kerala,Pathanamthitta,Adoor,9.1667,76.7333,1,0,0.1883609663263572,0.0,0.0
2021-10-13,acute_diarrheal_disease,Kerala,Pathanamthitta,Adoor,9.1667,76.7333,0,0,0.1402289030931601,0.0334690642521293,0.0334690642521293
2021-10-15,acute_diarrheal_disease,Kerala,Pathanamthitta,Adoor,9.1667,76.7333,0,1,0.7269298923398404,0.0,0.0
2022-11-19,acute_diarrheal_disease,Kerala,Pathanamthitta,Adoor,9.1667,76.7333,1,0,0.2234787767087662,0.0007989250284021,0.0007989250284021
2022-11-24,acute_diarrheal_disease,Kerala,Pathanamthitta,Adoor,9.1667,76.7333,1,0,0.2364115878341369,0.0167535435660364,0.0167535435660364
2023-01-04,acute_diarrheal_disease,Kerala,Pathanamthitta,Adoor,9.1667,76.7333,0,0,0.0835560938542119,0.001009353369937,0.001009353369937
2023-02-05,acute_diarrheal_disease,Kerala,Pathanamthitta,Adoor,9.1667,76.7333,0,1,0.7073271472578885,0.0,0.0
2023-11-23,acute_diarrheal_disease,Kerala,Pathanamthitta,Adoor,9.1667,76.7333,0,0,0.15346206755484,0.0001612479817127,0.0001612479817127
2022-07-07,acute_diarrheal_disease,Kerala,Pathanamthitta,Konni,9.2667,76.9333,1,0,0.1397786349427836,0.0,0.0
2023-07-01,acute_diarrheal_disease,Kerala,Pathanamthitta,Konni,9.2667,76.9333,1,1,0.7026561380897419,0.0,0.0
2023-08-07,acute_diarrheal_disease,Kerala,Pathanamthitta,Mallappally,9.3833,76.6833,0,1,0.7112550932199774,0.0,0.0
2023-09-11,acute_diarrheal_disease,Kerala,Pathanamthitta,Mallappally,9.3833,76.6833,1,1,0.7904280802726764,0.0,0.0
2023-12-31,acute_diarrheal_disease,Kerala,Pathanamthitta,Mallappally,9.3833,76.6833,1,0,0.090717586319103,0.6192966956936342,0.6192966956936342
2020-11-19,acute_diarrheal_disease,Kerala,Pathanamthitta,Ranni,9.3833,76.9667,0,0,0.0930393644153443,0.0,0.0
2022-10-16,acute_diarrheal_disease,Kerala,Pathanamthitta,Ranni,9.3833,76.9667,0,1,0.7076766052351705,0.0,0.0
2020-11-23,acute_diarrheal_disease,Kerala,Pathanamthitta,Thiruvalla,9.3833,76.5833,1,1,0.680652839190797,0.0,0.0
2022-12-30,acute_diarrheal_disease,Kerala,Pathanamthitta,Thiruvalla,9.3833,76.5833,1,1,0.6539440044558467,0.0048847826127823,0.0048847826127823
2024-02-10,acute_diarrheal_disease,Kerala,Pathanamthitta,Thiruvalla,9.3833,76.5833,0,1,0.6676038919940985,0.0,0.0
2021-12-27,acute_diarrheal_disease,Kerala,Thiruvananthapuram,Chirayinkeezhu,8.6963,76.8153,1,0,0.0755569069576215,0.0,0.0
2021-12-27,acute_diarrheal_disease,Kerala,Thiruvananthapuram,Chirayinkeezhu,8.6963,76.8153,0,0,0.2012824601918598,0.0,0.0
2023-12-30,acute_diarrheal_disease,Kerala,Thiruvananthapuram,Chirayinkeezhu,8.6963,76.8153,1,1,0.6960542368406777,0.0,0.0
2024-01-13,acute_diarrheal_disease,Kerala,Thiruvananthapuram,Chirayinkeezhu,8.6963,76.8153,1,1,0.660208475275424,0.0032153270630157,0.0032153270630157
2023-09-02,acute_diarrheal_disease,Kerala,Thiruvananthapuram,Kattakkada,8.5667,77.1,1,1,0.7356922195697644,0.0,0.0
2023-10-14,acute_diarrheal_disease,Kerala,Thiruvananthapuram,Kattakkada,8.5667,77.1,1,1,0.7187192501443695,0.0,0.0
2020-01-04,acute_diarrheal_disease,Kerala,Thiruvananthapuram,Nedumangad,8.6036,77.0031,1,1,0.6308580801785281,0.0,0.0
2021-02-05,acute_diarrheal_disease,Kerala,Thiruvananthapuram,Nedumangad,8.6036,77.0031,0,1,0.7268900574231206,0.0202609092629217,0.0202609092629217
2021-07-07,acute_diarrheal_disease,Kerala,Thiruvananthapuram,Nedumangad,8.6036,77.0031,0,1,0.6553803754083858,0.0,0.0
2021-12-28,acute_diarrheal_disease,Kerala,Thiruvananthapuram,Nedumangad,8.6036,77.0031,1,0,0.0740941766908226,0.0005643679359947,0.0005643679359947
2020-01-04,acute_diarrheal_disease,Kerala,Thiruvananthapuram,Neyyattinkara,8.4004,77.0872,1,1,0.7329123727451413,0.0,0.0
2020-08-09,acute_diarrheal_disease,Kerala,Thiruvananthapuram,Neyyattinkara,8.4004,77.0872,0,1,0.7293369591453985,0.036919912725183,0.036919912725183
2020-10-15,acute_diarrheal_disease,Kerala,Thiruvananthapuram,Neyyattinkara,8.4004,77.0872,0,1,0.6483518338126275,0.0,0.0
2021-01-01,acute_diarrheal_disease,Kerala,Thiruvananthapuram,Neyyattinkara,8.4004,77.0872,0,1,0.5416575466407408,0.0002284346407597,0.0002284346407597
2021-12-28,acute_diarrheal_disease,Kerala,Thiruvananthapuram,Thiruvananthapuram,8.4882267,76.947551,0,1,0.7399074368648271,0.0,0.0
2023-11-20,acute_diarrheal_disease,Kerala,Thiruvananthapuram,Thiruvananthapuram,8.4882267,76.947551,0,1,0.7071352882064975,0.0,0.0
2024-09-10,acute_diarrheal_disease,Kerala,Thiruvananthapuram,Thiruvananthapuram,8.4882267,76.947551,0,0,0.2035370798320969,0.0,0.0
2024-10-13,acute_diarrheal_disease,Kerala,Thiruvananthapuram,Thiruvananthapuram,8.4882267,76.947551,1,1,0.7321202899195215,0.0,0.0
2020-01-01,acute_diarrheal_disease,Kerala,Thiruvananthapuram,Varkala,8.7379,76.7163,0,1,0.6563662459344077,0.0,0.0
2020-08-08,acute_diarrheal_disease,Kerala,Thiruvananthapuram,Varkala,8.7379,76.7163,1,1,0.7691231120198466,0.0,0.0
2021-01-02,acute_diarrheal_disease,Kerala,Thiruvananthapuram,Varkala,8.7379,76.7163,1,0,0.053430898011301,0.0392062193740555,0.0392062193740555
2021-02-04,acute_diarrheal_disease,Kerala,Thiruvananthapuram,Varkala,8.7379,76.7163,0,0,0.1055065708642292,0.0004590786026354,0.0004590786026354
2023-07-07,acute_diarrheal_disease,Kerala,Thiruvananthapuram,Varkala,8.7379,76.7163,1,0,0.1202578092598265,0.0,0.0
2020-11-19,acute_diarrheal_disease,Kerala,Thrissur,Chalakudy,10.3,76.3333,1,1,0.7226789534320587,0.0,0.0
2022-11-22,acute_diarrheal_disease,Kerala,Thrissur,Chalakudy,10.3,76.3333,0,0,0.0563952182757714,0.9999999983333334,0.9999999983333334
2023-01-03,acute_diarrheal_disease,Kerala,Thrissur,Chalakudy,10.3,76.3333,0,0,0.0706865601239266,0.0,0.0
2023-01-03,acute_diarrheal_disease,Kerala,Thrissur,Chalakudy,10.3,76.3333,0,0,0.1062914948274501,0.00580492734166,0.00580492734166
2023-11-11,acute_diarrheal_disease,Kerala,Thrissur,Chalakudy,10.3,76.3333,0,1,0.7283978010432702,0.0,0.0
2023-12-02,acute_diarrheal_disease,Kerala,Thrissur,Chalakudy,10.3,76.3333,0,1,0.6442075671596851,0.0,0.0
2024-01-20,acute_diarrheal_disease,Kerala,Thrissur,Chalakudy,10.3,76.3333,0,0,0.1912744391200367,8.566299028491453e-05,8.566299028491453e-05
2024-09-09,acute_diarrheal_disease,Kerala,Thrissur,Chalakudy,10.3,76.3333,0,0,0.3483942146758,0.0,0.0
2024-11-18,acute_diarrheal_disease,Kerala,Thrissur,Chalakudy,10.3,76.3333,0,0,0.3967597263519055,0.0002015599771409,0.0002015599771409
2022-12-25,acute_diarrheal_disease,Kerala,Thrissur,Chavakkad,10.5833,76.0167,0,1,0.6921442509487176,0.0,0.0
2023-10-18,acute_diarrheal_disease,Kerala,Thrissur,Chavakkad,10.5833,76.0167,1,1,0.6661575132239492,0.0,0.0
2024-09-10,acute_diarrheal_disease,Kerala,Thrissur,Chavakkad,10.5833,76.0167,1,0,0.4316782352458144,0.0348441125028617,0.0348441125028617
2020-12-31,acute_diarrheal_disease,Kerala,Thrissur,Kodungallur,10.2333,76.2,1,0,0.3197513514566312,0.0,0.0
2021-11-24,acute_diarrheal_disease,Kerala,Thrissur,Kodungallur,10.2333,76.2,1,1,0.72261119223197,0.0022068968448787,0.0022068968448787
2023-10-14,acute_diarrheal_disease,Kerala,Thrissur,Kodungallur,10.2333,76.2,0,1,0.6708023599042987,0.0,0.0
2023-10-14,acute_diarrheal_disease,Kerala,Thrissur,Kodungallur,10.2333,76.2,1,0,0.422399883398985,0.0,0.0
2024-01-13,acute_diarrheal_disease,Kerala,Thrissur,Kodungallur,10.2333,76.2,1,1,0.7168296979285228,0.0410350303276012,0.0410350303276012
2020-09-09,acute_diarrheal_disease,Kerala,Thrissur,Kunnamkulam,10.65,76.0667,1,1,0.6797164475527271,0.0,0.0
2022-10-16,acute_diarrheal_disease,Kerala,Thrissur,Kunnamkulam,10.65,76.0667,1,0,0.0827111364629568,0.0023634770145291,0.0023634770145291
2022-11-21,acute_diarrheal_disease,Kerala,Thrissur,Kunnamkulam,10.65,76.0667,0,1,0.7260465257608442,0.0013358453044419,0.0013358453044419
2022-12-25,acute_diarrheal_disease,Kerala,Thrissur,Kunnamkulam,10.65,76.0667,1,1,0.6473950304725257,0.0,0.0
2023-10-17,acute_diarrheal_disease,Kerala,Thrissur,Kunnamkulam,10.65,76.0667,0,0,0.2147930144402501,0.9936133647437816,0.9936133647437816
2020-01-03,acute_diarrheal_disease,Kerala,Thrissur,Mukundapuram,10.3333,76.2167,1,0,0.3587476284796764,0.0,0.0
2020-10-14,acute_diarrheal_disease,Kerala,Thrissur,Mukundapuram,10.3333,76.2167,1,0,0.2533043724912763,0.0011961085951445,0.0011961085951445
2020-12-29,acute_diarrheal_disease,Kerala,Thrissur,Mukundapuram,10.3333,76.2167,0,0,0.3525362564956718,0.010447111930768,0.010447111930768
2023-09-11,acute_diarrheal_disease,Kerala,Thrissur,Mukundapuram,10.3333,76.2167,1,1,0.7105421760352957,0.0,0.0
2024-11-23,acute_diarrheal_disease,Kerala,Thrissur,Mukundapuram,10.3333,76.2167,0,1,0.6007624476826081,0.1375198793249349,0.1375198793249349
2021-09-12,acute_diarrheal_disease,Kerala,Thrissur,Talappilly,10.6667,76.25,1,1,0.7185965161546674,0.0,0.0
2024-10-16,acute_diarrheal_disease,Kerala,Thrissur,Talappilly,10.6667,76.25,1,0,0.2125353854223445,0.0061449677851203,0.0061449677851203
2020-10-14,acute_diarrheal_disease,Kerala,Thrissur,Thrissur,10.5256264,76.2132542,1,0,0.3028917222952835,0.0,0.0
2020-10-16,acute_diarrheal_disease,Kerala,Thrissur,Thrissur,10.5256264,76.2132542,0,1,0.7098544359396936,0.026461892424953,0.026461892424953
2020-11-21,acute_diarrheal_disease,Kerala,Thrissur,Thrissur,10.5256264,76.2132542,0,0,0.231154523036187,0.0,0.0
2021-10-14,acute_diarrheal_disease,Kerala,Thrissur,Thrissur,10.5256264,76.2132542,0,0,0.1900993670181968,0.0,0.0
2022-11-20,acute_diarrheal_disease,Kerala,Thrissur,Thrissur,10.5256264,76.2132542,0,0,0.1339483214513139,4.031199542819508e-05,4.031199542819508e-05
2023-12-25,acute_diarrheal_disease,Kerala,Thrissur,Thrissur,10.5256264,76.2132542,0,0,0.1701449095609432,0.0017377088027442,0.0017377088027442
2023-12-30,acute_diarrheal_disease,Kerala,Thrissur,Thrissur,10.5256264,76.2132542,0,1,0.7093859557784267,0.0002355827605017,0.0002355827605017
2024-01-01,acute_diarrheal_disease,Kerala,Thrissur,Thrissur,10.5256264,76.2132542,0,1,0.6999256582773726,0.0,0.0
2023-08-07,acute_diarrheal_disease,Kerala,Wayanad,Sulthan Bathery,11.6667,76.2667,1,0,0.1652957354218972,0.0,0.0
2023-12-27,acute_diarrheal_disease,Kerala,Wayanad,Sulthan Bathery,11.6667,76.2667,0,1,0.6990677639686114,0.0,0.0
2020-10-15,acute_diarrheal_disease,Kerala,Wayanad,Vythiri,11.6226,76.0813,0,0,0.0895541663246783,0.0,0.0
2020-11-22,acute_diarrheal_disease,Kerala,Wayanad,Vythiri,11.6226,76.0813,0,1,0.6963653937451878,0.0,0.0
2022-12-30,acute_diarrheal_disease,Kerala,Wayanad,Vythiri,11.6226,76.0813,1,0,0.1361503197569207,4.031199542819508e-05,4.031199542819508e-05
2023-01-01,acute_diarrheal_disease,Kerala,Wayanad,Vythiri,11.6226,76.0813,1,0,0.0858860251418988,0.3107088387026347,0.3107088387026347
2023-11-21,acute_diarrheal_disease,Kerala,Wayanad,Vythiri,11.6226,76.0813,0,1,0.7016347013031731,0.0002091890018809,0.0002091890018809
2023-12-28,acute_diarrheal_disease,Kerala,Wayanad,Vythiri,11.6226,76.0813,0,1,0.5901197429142754,0.0,0.0
2023-09-16,acute_encephalitis_syndrome,Kerala,Alappuzha,Ambalappuzha,9.5006651,76.41241429,1,0,0.4733819821233418,0.0,0.0
2022-08-12,acute_encephalitis_syndrome,Kerala,Alappuzha,Cherthala,9.6833,76.3333,1,1,0.7138227541119769,0.0,0.0
2021-09-16,acute_encephalitis_syndrome,Kerala,Alappuzha,Karthikappally,9.2833,76.4667,1,1,0.6509297497558663,0.0,0.0
2021-11-22,acute_encephalitis_syndrome,Kerala,Alappuzha,Kuttanad,9.5833,76.4167,0,1,0.5337664008989546,0.0,0.0
2022-11-24,acute_encephalitis_syndrome,Kerala,Alappuzha,Kuttanad,9.5833,76.4167,0,0,0.4637779462369095,0.0,0.0
2020-12-30,acute_encephalitis_syndrome,Kerala,Alappuzha,Mavelikkara,9.2667,76.55,0,0,0.1053757044462534,0.0,0.0
2022-07-09,acute_encephalitis_syndrome,Kerala,Alappuzha,Mavelikkara,9.2667,76.55,1,1,0.6981017959901733,0.0,0.0
2023-08-26,acute_encephalitis_syndrome,Kerala,Ernakulam,Kochi,9.9312,76.2673,1,1,0.6017734916800233,0.0,0.0
2023-11-18,acute_encephalitis_syndrome,Kerala,Ernakulam,Kochi,9.9312,76.2673,1,1,0.5287753248657594,6.803160993758527e-05,6.803160993758527e-05
2020-11-19,acute_encephalitis_syndrome,Kerala,Ernakulam,Kunnathunad,10.1167,76.4833,1,1,0.5754127787749295,0.0,0.0
2022-01-03,acute_encephalitis_syndrome,Kerala,Ernakulam,Kunnathunad,10.1167,76.4833,0,1,0.7018833756844028,0.0,0.0
2021-12-29,acute_encephalitis_syndrome,Kerala,Ernakulam,North Paravur,10.1333,76.2,1,1,0.7096484146821331,0.0,0.0
2021-08-13,acute_encephalitis_syndrome,Kerala,Idukki,Idukki,9.8497872,76.9797914,1,1,0.5919137918280196,0.0,0.0
2023-05-04,acute_encephalitis_syndrome,Kerala,Idukki,Thodupuzha,9.8955,76.7241,1,0,0.3023478330750281,0.0,0.0
2023-07-08,acute_encephalitis_syndrome,Kerala,Kannur,Kannur,11.8763836,75.3737973,1,0,0.3150068873967633,0.0,0.0
2020-11-24,acute_encephalitis_syndrome,Kerala,Kannur,Payyanur,12.1,75.2,1,1,0.6706205721608375,0.0,0.0
2021-12-31,acute_encephalitis_syndrome,Kerala,Kannur,Payyanur,12.1,75.2,1,1,0.7135064340534416,0.0082633548842088,0.0082633548842088
2023-11-24,acute_encephalitis_syndrome,Kerala,Kasaragod,Hosdurg,12.3167,75.1,1,0,0.3121953819931367,0.0,0.0
2024-11-20,acute_encephalitis_syndrome,Kerala,Kasaragod,Hosdurg,12.3167,75.1,1,0,0.2120746217360376,0.0003196410999127,0.0003196410999127
2021-05-07,acute_encephalitis_syndrome,Kerala,Kasaragod,Manjeshwaram,12.7167,74.8833,1,0,0.229120750672387,0.0,0.0
2022-07-09,acute_encephalitis_syndrome,Kerala,Kasaragod,Manjeshwaram,12.7167,74.8833,1,0,0.3897791104271559,0.0105250018001924,0.0105250018001924
2024-05-18,acute_encephalitis_syndrome,Kerala,Kasaragod,Nileshwaram,12.25,75.1,1,1,0.6639698904590758,0.0,0.0
2021-09-18,acute_encephalitis_syndrome,Kerala,Kasaragod,Vellarikundu,12.4167,75.2333,1,1,0.6167589089637316,0.0,0.0
2023-08-16,acute_encephalitis_syndrome,Kerala,Kasaragod,Vellarikundu,12.4167,75.2333,0,1,0.728207027480661,0.7718842523320741,0.7718842523320741
2022-01-01,acute_encephalitis_syndrome,Kerala,Kollam,Kunnathoor,9.0292,76.627,0,1,0.6628656224344347,0.0,0.0
2022-08-16,acute_encephalitis_syndrome,Kerala,Kollam,Kunnathoor,9.0292,76.627,1,1,0.6956950231808497,0.0,0.0
2020-08-13,acute_encephalitis_syndrome,Kerala,Kottayam,Changanassery,9.45,76.5333,1,1,0.7049861356974403,0.0,0.0
2020-12-29,acute_encephalitis_syndrome,Kerala,Kottayam,Changanassery,9.45,76.5333,1,1,0.6878832813129486,0.003711516832362,0.003711516832362
2023-12-27,acute_encephalitis_syndrome,Kerala,Kottayam,Changanassery,9.45,76.5333,1,1,0.6868325117521787,0.006129863830659,0.006129863830659
2022-11-19,acute_encephalitis_syndrome,Kerala,Kottayam,Kottayam,9.6287383,76.64553257,1,1,0.5788378187354412,0.0,0.0
2022-12-29,acute_encephalitis_syndrome,Kerala,Kottayam,Vaikom,9.75,76.4,1,0,0.3862912588833052,0.0,0.0
2023-08-12,acute_encephalitis_syndrome,Kerala,Kottayam,Vaikom,9.75,76.4,1,1,0.7084110408535015,0.0018245369708709,0.0018245369708709
2023-12-26,acute_encephalitis_syndrome,Kerala,Kottayam,Vaikom,9.75,76.4,0,1,0.723281113269067,0.0004405325050799,0.0004405325050799
2020-08-14,acute_encephalitis_syndrome,Kerala,Kozhikode,Kozhikode,11.2450558,75.7754716,1,0,0.1084577972440911,0.0,0.0
2023-12-29,acute_encephalitis_syndrome,Kerala,Kozhikode,Kozhikode,11.2450558,75.7754716,1,0,0.0564537712984292,0.0104947717992585,0.0104947717992585
2022-01-03,acute_encephalitis_syndrome,Kerala,Kozhikode,Vadakara,11.6,75.5833,1,1,0.7212806028686206,0.0,0.0
2020-08-12,acute_encephalitis_syndrome,Kerala,Malappuram,Ernad,11.1201,76.1197,1,1,0.6414348198538992,0.0,0.0
2022-11-21,acute_encephalitis_syndrome,Kerala,Malappuram,Ernad,11.1201,76.1197,1,0,0.4308903686838281,0.0081285509024256,0.0081285509024256
2021-11-20,acute_encephalitis_syndrome,Kerala,Malappuram,Nilambur,11.2833,76.2333,1,0,0.3711857124397132,0.0,0.0
2020-01-01,acute_encephalitis_syndrome,Kerala,Malappuram,Tirurangadi,11.0,75.9333,1,0,0.3926452750571425,0.0,0.0
2020-11-22,acute_encephalitis_syndrome,Kerala,Malappuram,Tirurangadi,11.0,75.9333,0,1,0.7117986288232889,0.0,0.0
2021-09-18,acute_encephalitis_syndrome,Kerala,Palakkad,Ottapalam,10.7667,76.3667,1,1,0.5859539557243104,0.0,0.0
2022-12-28,acute_encephalitis_syndrome,Kerala,Palakkad,Ottapalam,10.7667,76.3667,1,0,0.4924298411295255,0.9999999983333334,0.9999999983333334
2022-08-15,acute_encephalitis_syndrome,Kerala,Palakkad,Palakkad,10.78789845,76.47408711,1,0,0.1578862662437213,0.0,0.0
2022-11-22,acute_encephalitis_syndrome,Kerala,Palakkad,Palakkad,10.78789845,76.47408711,0,0,0.1502798900749888,0.7110303205818685,0.7110303205818685
2021-11-20,acute_encephalitis_syndrome,Kerala,Palakkad,Pattambi,10.8,76.2,1,1,0.6937789342471001,0.0,0.0
2020-12-30,acute_encephalitis_syndrome,Kerala,Pathanamthitta,Adoor,9.1667,76.7333,1,1,0.7338620620325235,0.0,0.0
2022-08-15,acute_encephalitis_syndrome,Kerala,Pathanamthitta,Konni,9.2667,76.9333,0,0,0.2873901624139902,0.0,0.0
2020-08-13,acute_encephalitis_syndrome,Kerala,Pathanamthitta,Ranni,9.3833,76.9667,1,0,0.1509068586989684,0.0,0.0
2020-12-28,acute_encephalitis_syndrome,Kerala,Pathanamthitta,Ranni,9.3833,76.9667,0,0,0.0661813652779071,0.0001893060614127,0.0001893060614127
2022-11-24,acute_encephalitis_syndrome,Kerala,Pathanamthitta,Thiruvalla,9.3833,76.5833,1,0,0.0651407852791419,0.0,0.0
2023-11-11,acute_encephalitis_syndrome,Kerala,Pathanamthitta,Thiruvalla,9.3833,76.5833,1,1,0.7127519946220734,0.0,0.0
2023-12-26,acute_encephalitis_syndrome,Kerala,Thiruvananthapuram,Chirayinkeezhu,8.6963,76.8153,1,0,0.1311926179926829,0.0,0.0
2024-08-13,acute_encephalitis_syndrome,Kerala,Thiruvananthapuram,Chirayinkeezhu,8.6963,76.8153,1,0,0.0914618215529692,0.0044407914001447,0.0044407914001447
2022-08-11,acute_encephalitis_syndrome,Kerala,Thiruvananthapuram,Thiruvananthapuram,8.4882267,76.947551,1,0,0.2952028290709823,0.0,0.0
2022-08-12,acute_encephalitis_syndrome,Kerala,Thiruvananthapuram,Thiruvananthapuram,8.4882267,76.947551,1,1,0.6566169494475643,0.0011187438496945,0.0011187438496945
2023-07-01,acute_encephalitis_syndrome,Kerala,Thiruvananthapuram,Varkala,8.7379,76.7163,1,1,0.7110961740315446,0.0,0.0
2021-07-08,acute_encephalitis_syndrome,Kerala,Thrissur,Mukundapuram,10.3333,76.2167,0,1,0.7250046682941341,0.0,0.0
2021-05-06,acute_encephalitis_syndrome,Kerala,Thrissur,Talappilly,10.6667,76.25,0,1,0.6845960606006318,0.0,0.0
2023-08-12,acute_encephalitis_syndrome,Kerala,Wayanad,Vythiri,11.6226,76.0813,1,1,0.7271731154124097,0.0,0.0
2024-05-06,acute_encephalitis_syndrome,Kerala,Wayanad,Vythiri,11.6226,76.0813,1,1,0.7066401725091864,0.0003729146165648,0.0003729146165648
2024-01-14,amoebic_meningo_encephalitis_confirmed,Kerala,Palakkad,Chittur,10.7,76.75,0,1,0.7102738090297802,0.0,0.0
2023-10-28,amoebic_meningo_encephalitis_confirmed,Kerala,Thiruvananthapuram,Chirayinkeezhu,8.6963,76.8153,1,1,0.6642276940690038,0.0,0.0
2024-01-03,amoebic_meningo_encephalitis_confirmed,Kerala,Thiruvananthapuram,Chirayinkeezhu,8.6963,76.8153,1,1,0.7128226876420501,0.3362361537629679,0.3362361537629679
2024-10-20,amoebic_meningo_encephalitis_confirmed,Kerala,Thiruvananthapuram,Chirayinkeezhu,8.6963,76.8153,0,1,0.6884685101938522,0.0,0.0
2022-01-02,chicken_pox,Kerala,Alappuzha,Ambalappuzha,9.5006651,76.41241429,1,1,0.7056572756915196,0.0,0.0
2023-02-05,chicken_pox,Kerala,Alappuzha,Ambalappuzha,9.5006651,76.41241429,1,1,0.7194175885219845,0.0089373747931253,0.0089373747931253
2024-01-02,chicken_pox,Kerala,Alappuzha,Ambalappuzha,9.5006651,76.41241429,0,1,0.6737611458482061,0.0038056106664813,0.0038056106664813
2020-08-07,chicken_pox,Kerala,Alappuzha,Chenganoor,9.3167,76.6167,0,1,0.7139716349562296,0.0,0.0
2020-09-13,chicken_pox,Kerala,Alappuzha,Chenganoor,9.3167,76.6167,1,1,0.711689948264083,0.0,0.0
2020-10-23,chicken_pox,Kerala,Alappuzha,Chenganoor,9.3167,76.6167,0,1,0.6833953078271355,0.3600032335951355,0.3600032335951355
2020-01-01,chicken_pox,Kerala,Alappuzha,Cherthala,9.6833,76.3333,1,1,0.6776642969891233,0.0,0.0
2020-02-04,chicken_pox,Kerala,Alappuzha,Cherthala,9.6833,76.3333,1,1,0.7058411657663025,0.0139049661213929,0.0139049661213929
2021-01-01,chicken_pox,Kerala,Alappuzha,Cherthala,9.6833,76.3333,0,1,0.6998351745847937,0.2187751246056305,0.2187751246056305
2021-01-03,chicken_pox,Kerala,Alappuzha,Cherthala,9.6833,76.3333,0,1,0.6964697172342809,0.0,0.0
2021-11-25,chicken_pox,Kerala,Alappuzha,Cherthala,9.6833,76.3333,0,0,0.0755178655339824,5.038999428524384e-05,5.038999428524384e-05
2021-11-27,chicken_pox,Kerala,Alappuzha,Cherthala,9.6833,76.3333,0,1,0.6648361951911302,0.0,0.0
2023-09-11,chicken_pox,Kerala,Alappuzha,Cherthala,9.6833,76.3333,0,1,0.6885231574009745,2.015599771409754e-05,2.015599771409754e-05
2023-10-22,chicken_pox,Kerala,Alappuzha,Cherthala,9.6833,76.3333,0,0,0.126300926294359,0.0,0.0
2023-11-29,chicken_pox,Kerala,Alappuzha,Cherthala,9.6833,76.3333,0,1,0.7009674188878212,0.0,0.0
2021-11-29,chicken_pox,Kerala,Alappuzha,Kuttanad,9.5833,76.4167,1,1,0.7103242338756678,0.0,0.0
2022-09-18,chicken_pox,Kerala,Alappuzha,Kuttanad,9.5833,76.4167,1,1,0.5995954386771775,9.989833954446306e-05,9.989833954446306e-05
2020-11-28,chicken_pox,Kerala,Alappuzha,Mavelikkara,9.2667,76.55,1,1,0.7435507768050327,0.0,0.0
2021-08-07,chicken_pox,Kerala,Alappuzha,Mavelikkara,9.2667,76.55,0,1,0.6590263796961967,0.0312286645800956,0.0312286645800956
2021-09-10,chicken_pox,Kerala,Alappuzha,Mavelikkara,9.2667,76.55,0,1,0.68658592087057,0.0,0.0
2021-09-16,chicken_pox,Kerala,Alappuzha,Mavelikkara,9.2667,76.55,0,1,0.6475274556109828,0.0,0.0
2021-11-27,chicken_pox,Kerala,Alappuzha,Mavelikkara,9.2667,76.55,0,0,0.0364898185119024,0.0006449919268511,0.0006449919268511
2022-08-08,chicken_pox,Kerala,Alappuzha,Mavelikkara,9.2667,76.55,0,0,0.0424169327268218,0.0,0.0
2022-10-22,chicken_pox,Kerala,Alappuzha,Mavelikkara,9.2667,76.55,0,0,0.053657954984206,0.0,0.0
2024-01-03,chicken_pox,Kerala,Alappuzha,Mavelikkara,9.2667,76.55,0,0,0.0769527314957367,0.0,0.0
2020-10-22,chicken_pox,Kerala,Ernakulam,Aluva,10.1075,76.3516,1,0,0.0691693564339952,0.0,0.0
2020-11-26,chicken_pox,Kerala,Ernakulam,Aluva,10.1075,76.3516,0,0,0.0831657377545269,0.0002100150192456,0.0002100150192456
2023-10-22,chicken_pox,Kerala,Ernakulam,Kanayannur,9.98408,76.2741457,0,0,0.0698472211667133,0.0,0.0
2023-11-30,chicken_pox,Kerala,Ernakulam,Kanayannur,9.98408,76.2741457,1,0,0.0961713099294938,0.0001167439848076,0.0001167439848076
2021-01-03,chicken_pox,Kerala,Ernakulam,Kochi,9.9312,76.2673,0,1,0.7009380250653544,0.0,0.0
2021-09-11,chicken_pox,Kerala,Ernakulam,Kochi,9.9312,76.2673,0,1,0.5677711691709523,0.0,0.0
2021-11-26,chicken_pox,Kerala,Ernakulam,Kochi,9.9312,76.2673,1,0,0.2970634369541397,0.0001209359862845,0.0001209359862845
2022-10-20,chicken_pox,Kerala,Ernakulam,Kochi,9.9312,76.2673,0,0,0.2400066647667225,0.0162702904136758,0.0162702904136758
2023-02-04,chicken_pox,Kerala,Ernakulam,Kochi,9.9312,76.2673,0,0,0.2766519282313871,0.0,0.0
2023-11-04,chicken_pox,Kerala,Ernakulam,Kochi,9.9312,76.2673,0,1,0.6990271383560445,0.0,0.0
2022-09-15,chicken_pox,Kerala,Ernakulam,Kothamangalam,10.0667,76.6333,0,0,0.198255675766223,0.0,0.0
2022-08-09,chicken_pox,Kerala,Ernakulam,Kunnathunad,10.1167,76.4833,1,0,0.0781987944005288,0.0,0.0
2022-09-14,chicken_pox,Kerala,Ernakulam,Kunnathunad,10.1167,76.4833,0,1,0.653740029108876,0.0,0.0
2022-10-21,chicken_pox,Kerala,Ernakulam,Kunnathunad,10.1167,76.4833,0,0,0.2689368601063782,0.0,0.0
2023-09-12,chicken_pox,Kerala,Ernakulam,Kunnathunad,10.1167,76.4833,0,0,0.155961948935843,0.0007256159177075,0.0007256159177075
2020-08-07,chicken_pox,Kerala,Ernakulam,North Paravur,10.1333,76.2,1,0,0.1224604467248429,0.0,0.0
2020-09-12,chicken_pox,Kerala,Ernakulam,North Paravur,10.1333,76.2,0,0,0.1519221509179184,0.0009255678755073,0.0009255678755073
2022-09-16,chicken_pox,Kerala,Ernakulam,North Paravur,10.1333,76.2,0,1,0.6566098203764932,0.0,0.0
2022-10-25,chicken_pox,Kerala,Ernakulam,North Paravur,10.1333,76.2,1,1,0.6722518523712185,0.0017626879655537,0.0017626879655537
2020-08-09,chicken_pox,Kerala,Idukki,Devikulam,10.0667,77.1,0,1,0.7439756971525352,0.0,0.0
2023-09-14,chicken_pox,Kerala,Idukki,Devikulam,10.0667,77.1,0,1,0.7119051353014796,0.0,0.0
2022-11-27,chicken_pox,Kerala,Idukki,Idukki,9.8497872,76.9797914,1,0,0.1174287468762111,0.0,0.0
2024-08-09,chicken_pox,Kerala,Idukki,Idukki,9.8497872,76.9797914,0,0,0.1934389762873666,0.0,0.0
2020-02-05,chicken_pox,Kerala,Idukki,Peerumade,9.5667,76.9667,0,0,0.1276954839593672,0.0,0.0
2020-11-26,chicken_pox,Kerala,Idukki,Peerumade,9.5667,76.9667,1,0,0.0848521595112527,0.0,0.0
2021-08-08,chicken_pox,Kerala,Idukki,Peerumade,9.5667,76.9667,0,0,0.0664329578784087,0.002535039496635,0.002535039496635
2022-08-10,chicken_pox,Kerala,Idukki,Peerumade,9.5667,76.9667,0,0,0.0948079165277982,8.27753837014744e-05,8.27753837014744e-05
2023-09-10,chicken_pox,Kerala,Idukki,Peerumade,9.5667,76.9667,0,0,0.1382759046187353,0.0015308318571773,0.0015308318571773
2023-10-20,chicken_pox,Kerala,Idukki,Peerumade,9.5667,76.9667,0,1,0.7322403490524562,0.000568707247046,0.000568707247046
2024-01-13,chicken_pox,Kerala,Idukki,Peerumade,9.5667,76.9667,0,0,0.2631649604391923,0.0001861993283008,0.0001861993283008
2020-08-09,chicken_pox,Kerala,Idukki,Thodupuzha,9.8955,76.7241,1,0,0.299197150552681,0.0,0.0
2020-09-18,chicken_pox,Kerala,Idukki,Thodupuzha,9.8955,76.7241,0,0,0.2443536661987978,0.0,0.0
2021-02-06,chicken_pox,Kerala,Idukki,Thodupuzha,9.8955,76.7241,0,1,0.6845078516899527,0.0,0.0
2021-10-25,chicken_pox,Kerala,Idukki,Thodupuzha,9.8955,76.7241,0,1,0.6757221713650285,0.0003493706270443,0.0003493706270443
2022-08-08,chicken_pox,Kerala,Idukki,Thodupuzha,9.8955,76.7241,0,0,0.0842115056504936,0.0,0.0
2020-09-12,chicken_pox,Kerala,Idukki,Udumbanchola,9.8333,77.1333,1,0,0.1571970539886534,0.0,0.0
2021-01-01,chicken_pox,Kerala,Idukki,Udumbanchola,9.8333,77.1333,0,0,0.121394785387618,7.368710119234117e-05,7.368710119234117e-05
2021-10-21,chicken_pox,Kerala,Idukki,Udumbanchola,9.8333,77.1333,0,0,0.2043701493069212,0.0,0.0
2021-10-23,chicken_pox,Kerala,Idukki,Udumbanchola,9.8333,77.1333,0,1,0.7197347641339142,0.0006449919268511,0.0006449919268511
2022-10-25,chicken_pox,Kerala,Idukki,Udumbanchola,9.8333,77.1333,0,1,0.6775586354299621,3.13537742219295e-05,3.13537742219295e-05
2021-02-05,chicken_pox,Kerala,Kannur,Iritty,11.9333,75.7,0,0,0.2446689335974429,0.0,0.0
2021-11-29,chicken_pox,Kerala,Kannur,Iritty,11.9333,75.7,1,0,0.1625489968666527,0.0,0.0
2022-09-13,chicken_pox,Kerala,Kannur,Iritty,11.9333,75.7,1,0,0.2642927223896207,0.0083759218840632,0.0083759218840632
2020-09-15,chicken_pox,Kerala,Kannur,Kannur,11.8763836,75.3737973,1,0,0.2560608163181553,0.0,0.0
2020-11-26,chicken_pox,Kerala,Kannur,Kannur,11.8763836,75.3737973,0,0,0.2329288616233845,0.0,0.0
2021-01-02,chicken_pox,Kerala,Kannur,Kannur,11.8763836,75.3737973,0,1,0.7269647543726073,0.0,0.0
2021-02-06,chicken_pox,Kerala,Kannur,Kannur,11.8763836,75.3737973,0,1,0.6406478407257932,0.0,0.0
2022-01-01,chicken_pox,Kerala,Kannur,Kannur,11.8763836,75.3737973,0,0,0.1161847667777122,4.031199542819508e-05,4.031199542819508e-05
2022-09-18,chicken_pox,Kerala,Kannur,Kannur,11.8763836,75.3737973,0,0,0.1346819574307598,0.0038849161700308,0.0038849161700308
2022-10-23,chicken_pox,Kerala,Kannur,Kannur,11.8763836,75.3737973,0,1,0.7196342347157964,0.0030046988202447,0.0030046988202447
2020-01-03,chicken_pox,Kerala,Kannur,Payyanur,12.1,75.2,1,1,0.6802159930937419,0.0,0.0
2020-09-13,chicken_pox,Kerala,Kannur,Payyanur,12.1,75.2,1,0,0.2242767350226366,0.0128198156012219,0.0128198156012219
2021-02-06,chicken_pox,Kerala,Kannur,Payyanur,12.1,75.2,0,1,0.5078746741215642,0.0,0.0
2021-10-22,chicken_pox,Kerala,Kannur,Payyanur,12.1,75.2,1,0,0.3078540436971927,9.85404332689213e-05,9.85404332689213e-05
2022-09-11,chicken_pox,Kerala,Kannur,Payyanur,12.1,75.2,0,1,0.6759737216695462,0.4257058323732762,0.4257058323732762
2022-09-17,chicken_pox,Kerala,Kannur,Payyanur,12.1,75.2,0,1,0.6763276634628669,0.0,0.0
2023-11-29,chicken_pox,Kerala,Kannur,Payyanur,12.1,75.2,0,1,0.5953340761778247,0.0,0.0
2020-09-10,chicken_pox,Kerala,Kannur,Taliparamba,12.0333,75.35,1,1,0.6508369566324812,0.0,0.0
2021-08-08,chicken_pox,Kerala,Kannur,Taliparamba,12.0333,75.35,1,1,0.5647512256915642,0.7911332301490374,0.7911332301490374
2022-01-02,chicken_pox,Kerala,Kannur,Taliparamba,12.0333,75.35,0,0,0.2483002753245137,0.0,0.0
2022-11-29,chicken_pox,Kerala,Kannur,Taliparamba,12.0333,75.35,0,0,0.2287726520233658,0.0,0.0
2023-08-10,chicken_pox,Kerala,Kannur,Taliparamba,12.0333,75.35,0,0,0.1852502483695821,2.6874663618796715e-05,2.6874663618796715e-05
2023-09-17,chicken_pox,Kerala,Kannur,Taliparamba,12.0333,75.35,0,0,0.2123582011831233,0.0003628079588537,0.0003628079588537
2023-11-28,chicken_pox,Kerala,Kannur,Taliparamba,12.0333,75.35,0,1,0.693143493843521,0.0040280513340953,0.0040280513340953
2020-01-01,chicken_pox,Kerala,Kannur,Thalassery,11.75,75.4833,0,1,0.723253158978056,0.0,0.0
2020-11-28,chicken_pox,Kerala,Kannur,Thalassery,11.75,75.4833,1,0,0.0890325134238348,0.0,0.0
2021-10-19,chicken_pox,Kerala,Kannur,Thalassery,11.75,75.4833,0,0,0.1071948180043028,0.9999999983333334,0.9999999983333334
2022-02-04,chicken_pox,Kerala,Kannur,Thalassery,11.75,75.4833,0,1,0.6873617171861933,0.0,0.0
2020-10-24,chicken_pox,Kerala,Kasaragod,Hosdurg,12.3167,75.1,1,0,0.1397807337798452,0.0,0.0
2024-02-05,chicken_pox,Kerala,Kasaragod,Kasaragod,12.5035577,74.9907022,0,0,0.0660253104268689,0.0,0.0
2024-09-17,chicken_pox,Kerala,Kasaragod,Kasaragod,12.5035577,74.9907022,1,0,0.1225498115763495,0.0,0.0
2020-02-04,chicken_pox,Kerala,Kasaragod,Manjeshwaram,12.7167,74.8833,1,0,0.177832293089735,0.0,0.0
2020-09-15,chicken_pox,Kerala,Kasaragod,Manjeshwaram,12.7167,74.8833,0,0,0.1960822201219645,0.0,0.0
2020-09-18,chicken_pox,Kerala,Kasaragod,Manjeshwaram,12.7167,74.8833,0,0,0.2071401323626125,3.527299599967069e-05,3.527299599967069e-05
2024-08-09,chicken_pox,Kerala,Kasaragod,Manjeshwaram,12.7167,74.8833,0,0,0.4099264311143467,0.0,0.0
2020-10-24,chicken_pox,Kerala,Kasaragod,Vellarikundu,12.4167,75.2333,0,0,0.3339256514796924,0.0,0.0
2021-09-10,chicken_pox,Kerala,Kasaragod,Vellarikundu,12.4167,75.2333,1,0,0.1506423694699453,0.0,0.0
2021-09-14,chicken_pox,Kerala,Kasaragod,Vellarikundu,12.4167,75.2333,1,0,0.1132137361675291,0.146119757618652,0.146119757618652
2022-10-24,chicken_pox,Kerala,Kasaragod,Vellarikundu,12.4167,75.2333,0,0,0.1047625974479156,0.0002428706344541,0.0002428706344541
2024-09-13,chicken_pox,Kerala,Kasaragod,Vellarikundu,12.4167,75.2333,0,0,0.1166999984484526,0.0,0.0
2020-11-26,chicken_pox,Kerala,Kollam,Karunagappally,9.0574,76.5334,0,0,0.2952069037914448,0.0,0.0
2021-08-09,chicken_pox,Kerala,Kollam,Karunagappally,9.0574,76.5334,0,1,0.6894285697383666,0.0,0.0
2021-09-16,chicken_pox,Kerala,Kollam,Karunagappally,9.0574,76.5334,0,0,0.1734202092208009,0.0004434319497101,0.0004434319497101
2020-09-10,chicken_pox,Kerala,Kollam,Kollam,8.8879509,76.5955013,0,0,0.3689538620325661,0.0,0.0
2020-10-23,chicken_pox,Kerala,Kollam,Kollam,8.8879509,76.5955013,1,0,0.2360986601830555,4.031199542819508e-05,4.031199542819508e-05
2020-11-26,chicken_pox,Kerala,Kollam,Kollam,8.8879509,76.5955013,1,0,0.0385694322238065,0.9999999983333334,0.9999999983333334
2022-09-14,chicken_pox,Kerala,Kollam,Kollam,8.8879509,76.5955013,0,0,0.0402032572700735,0.0,0.0
2022-10-23,chicken_pox,Kerala,Kollam,Kollam,8.8879509,76.5955013,0,0,0.0550488401817212,0.0,0.0
2024-01-02,chicken_pox,Kerala,Kollam,Kottarakkara,9.0002,76.7788,1,0,0.027910950848267,0.0,0.0
2020-09-18,chicken_pox,Kerala,Kollam,Kunnathoor,9.0292,76.627,0,1,0.6983653725720711,0.0,0.0
2020-11-28,chicken_pox,Kerala,Kollam,Kunnathoor,9.0292,76.627,1,0,0.1568785216043381,0.0,0.0
2021-02-05,chicken_pox,Kerala,Kollam,Punalur,9.0089,76.9269,1,0,0.0705113636749493,0.0,0.0
2023-11-30,chicken_pox,Kerala,Kollam,Punalur,9.0089,76.9269,1,0,0.0790803176592515,0.0,0.0
2020-10-20,chicken_pox,Kerala,Kottayam,Changanassery,9.45,76.5333,0,0,0.2869478823460665,0.0,0.0
2021-09-12,chicken_pox,Kerala,Kottayam,Changanassery,9.45,76.5333,0,0,0.2193238649717268,0.0,0.0
2022-09-16,chicken_pox,Kerala,Kottayam,Changanassery,9.45,76.5333,1,1,0.6734628761717787,0.0008868638994202,0.0008868638994202
2023-09-12,chicken_pox,Kerala,Kottayam,Changanassery,9.45,76.5333,0,1,0.6870856126404179,0.1254850543920365,0.1254850543920365
2020-01-01,chicken_pox,Kerala,Kottayam,Kottayam,9.6287383,76.64553257,0,1,0.7266056379114428,0.0,0.0
2022-09-17,chicken_pox,Kerala,Kottayam,Kottayam,9.6287383,76.64553257,1,1,0.7141951326169511,0.0,0.0
2022-10-24,chicken_pox,Kerala,Kottayam,Kottayam,9.6287383,76.64553257,1,1,0.6973194116996158,0.9999999983333334,0.9999999983333334
2020-09-17,chicken_pox,Kerala,Kottayam,Meenachil,9.7167,76.6833,1,0,0.2677260070074067,0.0,0.0
2022-09-14,chicken_pox,Kerala,Kottayam,Meenachil,9.7167,76.6833,0,0,0.2173959224537811,0.00373671469539,0.00373671469539
2022-11-28,chicken_pox,Kerala,Kottayam,Meenachil,9.7167,76.6833,0,1,0.6875330528633047,0.0,0.0
2021-10-23,chicken_pox,Kerala,Kottayam,Vaikom,9.75,76.4,1,0,0.1579353467620445,0.0,0.0
2022-09-12,chicken_pox,Kerala,Kottayam,Vaikom,9.75,76.4,0,0,0.1235741246966907,0.9999999983333334,0.9999999983333334
2022-10-21,chicken_pox,Kerala,Kottayam,Vaikom,9.75,76.4,0,0,0.1034738926824449,0.0,0.0
2023-01-03,chicken_pox,Kerala,Kottayam,Vaikom,9.75,76.4,0,0,0.1852376354384494,0.0040311995428195,0.0040311995428195
2023-10-19,chicken_pox,Kerala,Kottayam,Vaikom,9.75,76.4,0,0,0.1577634796820557,3.003638875041985e-05,3.003638875041985e-05
2021-01-01,chicken_pox,Kerala,Kozhikode,Koyilandy,11.4333,75.7,1,0,0.2004581466982816,0.0,0.0
2024-02-05,chicken_pox,Kerala,Kozhikode,Koyilandy,11.4333,75.7,1,1,0.6998412165002253,0.0461905197584909,0.0461905197584909
2024-09-18,chicken_pox,Kerala,Kozhikode,Koyilandy,11.4333,75.7,0,0,0.1514837511709936,0.0215652475155761,0.0215652475155761
2021-09-11,chicken_pox,Kerala,Kozhikode,Kozhikode,11.2450558,75.7754716,1,0,0.0833118008509774,0.0,0.0
2022-08-09,chicken_pox,Kerala,Kozhikode,Kozhikode,11.2450558,75.7754716,1,1,0.6846788534115439,0.0,0.0
2022-08-10,chicken_pox,Kerala,Kozhikode,Kozhikode,11.2450558,75.7754716,1,1,0.6504311119766233,0.000567706907329,0.000567706907329
2023-10-22,chicken_pox,Kerala,Kozhikode,Kozhikode,11.2450558,75.7754716,0,0,0.3494320012221477,0.0351601534264433,0.0351601534264433
2023-10-28,chicken_pox,Kerala,Kozhikode,Kozhikode,11.2450558,75.7754716,0,0,0.3223056397860576,0.0,0.0
2021-11-27,chicken_pox,Kerala,Kozhikode,Thamarassery,11.2667,75.9333,1,0,0.3691054260918995,0.0,0.0
2020-02-04,chicken_pox,Kerala,Kozhikode,Vadakara,11.6,75.5833,0,1,0.7128563081811222,0.0,0.0
2021-10-24,chicken_pox,Kerala,Kozhikode,Vadakara,11.6,75.5833,0,0,0.0691066425268804,0.0,0.0
2020-01-02,chicken_pox,Kerala,Malappuram,Ernad,11.1201,76.1197,1,0,0.0727903883712793,0.0,0.0
2020-09-18,chicken_pox,Kerala,Malappuram,Ernad,11.1201,76.1197,1,0,0.0523957679671208,0.0005795279225613,0.0005795279225613
2020-10-24,chicken_pox,Kerala,Malappuram,Ernad,11.1201,76.1197,1,0,0.0760838942549523,0.716596844260849,0.716596844260849
2021-01-02,chicken_pox,Kerala,Malappuram,Ernad,11.1201,76.1197,0,0,0.0933996886984409,0.0,0.0
2022-09-11,chicken_pox,Kerala,Malappuram,Ernad,11.1201,76.1197,0,0,0.1164886548511568,0.0,0.0
2022-10-20,chicken_pox,Kerala,Malappuram,Ernad,11.1201,76.1197,0,1,0.6775171383976557,0.0007256159177075,0.0007256159177075
2024-08-07,chicken_pox,Kerala,Malappuram,Ernad,11.1201,76.1197,0,1,0.6475225290069819,0.0,0.0
2020-10-23,chicken_pox,Kerala,Malappuram,Kondotty,11.15,75.9667,1,0,0.4207207822270266,0.0,0.0
2021-01-03,chicken_pox,Kerala,Malappuram,Kondotty,11.15,75.9667,0,0,0.1274138194608705,0.0,0.0
2021-09-13,chicken_pox,Kerala,Malappuram,Kondotty,11.15,75.9667,0,0,0.1546831668259821,0.0002568717848215,0.0002568717848215
2021-11-27,chicken_pox,Kerala,Malappuram,Kondotty,11.15,75.9667,0,0,0.410917178737095,0.0,0.0
2022-11-25,chicken_pox,Kerala,Malappuram,Kondotty,11.15,75.9667,0,0,0.1971327748125216,0.0,0.0
2023-08-08,chicken_pox,Kerala,Malappuram,Kondotty,11.15,75.9667,0,0,0.0925135456445986,0.0195710176175796,0.0195710176175796
2024-08-09,chicken_pox,Kerala,Malappuram,Kondotty,11.15,75.9667,0,0,0.1615234819557318,0.0,0.0
2024-09-10,chicken_pox,Kerala,Malappuram,Kondotty,11.15,75.9667,0,1,0.6786470419544643,8.062399085639016e-05,8.062399085639016e-05
2024-09-17,chicken_pox,Kerala,Malappuram,Kondotty,11.15,75.9667,0,1,0.7162326537570226,0.0011666259356853,0.0011666259356853
2020-01-01,chicken_pox,Kerala,Malappuram,Nilambur,11.2833,76.2333,1,1,0.7164864440739633,0.0,0.0
2020-09-14,chicken_pox,Kerala,Malappuram,Nilambur,11.2833,76.2333,0,0,0.0668015208427001,0.0079425989270287,0.0079425989270287
2020-09-18,chicken_pox,Kerala,Malappuram,Nilambur,11.2833,76.2333,0,0,0.0736076382681054,0.0,0.0
2021-08-08,chicken_pox,Kerala,Malappuram,Nilambur,11.2833,76.2333,1,0,0.0495501316626652,0.0001612479817127,0.0001612479817127
2021-10-23,chicken_pox,Kerala,Malappuram,Nilambur,11.2833,76.2333,1,0,0.0667774249794172,0.0082813086228597,0.0082813086228597
2020-08-08,chicken_pox,Kerala,Malappuram,Perinthalmanna,10.9667,76.2167,0,0,0.064548759309166,0.0,0.0
2020-10-20,chicken_pox,Kerala,Malappuram,Perinthalmanna,10.9667,76.2167,1,0,0.0718854335406749,0.0,0.0
2021-09-15,chicken_pox,Kerala,Malappuram,Perinthalmanna,10.9667,76.2167,0,0,0.0490999267938006,0.0033441559190764,0.0033441559190764
2021-10-24,chicken_pox,Kerala,Malappuram,Perinthalmanna,10.9667,76.2167,0,1,0.7048084770945232,0.0,0.0
2023-09-16,chicken_pox,Kerala,Malappuram,Perinthalmanna,10.9667,76.2167,1,1,0.6630672752845781,0.0005532132002739,0.0005532132002739
2023-11-28,chicken_pox,Kerala,Malappuram,Perinthalmanna,10.9667,76.2167,0,1,0.5906910765044174,0.0195501021846152,0.0195501021846152
2024-01-01,chicken_pox,Kerala,Malappuram,Perinthalmanna,10.9667,76.2167,0,0,0.173121421800098,0.0,0.0
2022-11-30,chicken_pox,Kerala,Malappuram,Ponnani,10.7667,75.9167,1,1,0.697722351791919,0.0,0.0
2021-01-03,chicken_pox,Kerala,Malappuram,Tirur,10.9167,75.9167,1,1,0.6859462860983352,0.0,0.0
2022-02-04,chicken_pox,Kerala,Malappuram,Tirur,10.9167,75.9167,1,1,0.5437576466095386,0.0004209833278606,0.0004209833278606
2022-09-15,chicken_pox,Kerala,Malappuram,Tirur,10.9167,75.9167,0,0,0.2568833318432768,0.0001034470126337,0.0001034470126337
2023-01-02,chicken_pox,Kerala,Malappuram,Tirur,10.9167,75.9167,1,0,0.3394619429517106,0.0007734182337426,0.0007734182337426
2023-08-07,chicken_pox,Kerala,Malappuram,Tirur,10.9167,75.9167,1,0,0.3151744785839273,0.0546572494815651,0.0546572494815651
2023-09-12,chicken_pox,Kerala,Malappuram,Tirur,10.9167,75.9167,0,0,0.2542584780567126,0.0002118406051021,0.0002118406051021
2024-02-17,chicken_pox,Kerala,Malappuram,Tirur,10.9167,75.9167,0,0,0.3044371386386953,0.0,0.0
2020-09-17,chicken_pox,Kerala,Malappuram,Tirurangadi,11.0,75.9333,1,0,0.3793788403521143,0.0,0.0
2023-09-16,chicken_pox,Kerala,Malappuram,Tirurangadi,11.0,75.9333,0,1,0.7043789076967205,0.0465476857106633,0.0465476857106633
2023-10-23,chicken_pox,Kerala,Malappuram,Tirurangadi,11.0,75.9333,0,1,0.6555660564538545,0.0,0.0
2023-11-11,chicken_pox,Kerala,Malappuram,Tirurangadi,11.0,75.9333,1,1,0.6874593409190498,0.0004031199542819,0.0004031199542819
2020-09-16,chicken_pox,Kerala,Palakkad,Chittur,10.7,76.75,1,0,0.2733899636292963,0.0,0.0
2022-09-16,chicken_pox,Kerala,Palakkad,Chittur,10.7,76.75,0,1,0.6784981344303661,0.0,0.0
2023-01-02,chicken_pox,Kerala,Palakkad,Chittur,10.7,76.75,0,1,0.6129311469714267,0.0,0.0
2023-09-10,chicken_pox,Kerala,Palakkad,Chittur,10.7,76.75,0,0,0.3272349697385761,0.0004520702344447,0.0004520702344447
2023-09-18,chicken_pox,Kerala,Palakkad,Chittur,10.7,76.75,0,0,0.3653703960417405,0.01454923792532,0.01454923792532
2024-09-17,chicken_pox,Kerala,Palakkad,Chittur,10.7,76.75,0,0,0.1868030214105821,0.0,0.0
2020-01-02,chicken_pox,Kerala,Palakkad,Mannarkkad,11.0,76.4667,1,1,0.7094587607574181,0.0,0.0
2021-09-14,chicken_pox,Kerala,Palakkad,Mannarkkad,11.0,76.4667,0,1,0.7172134075303386,0.0019573021358506,0.0019573021358506
2021-11-26,chicken_pox,Kerala,Palakkad,Mannarkkad,11.0,76.4667,0,1,0.5864396373080721,0.0,0.0
2021-11-27,chicken_pox,Kerala,Palakkad,Mannarkkad,11.0,76.4667,0,1,0.6833220976858105,0.002530160735104,0.002530160735104
2022-01-01,chicken_pox,Kerala,Palakkad,Mannarkkad,11.0,76.4667,0,1,0.6465052135367122,0.0,0.0
2022-09-15,chicken_pox,Kerala,Palakkad,Mannarkkad,11.0,76.4667,0,0,0.3602672126810883,9.33951349144282e-05,9.33951349144282e-05
2020-09-18,chicken_pox,Kerala,Palakkad,Ottapalam,10.7667,76.3667,1,0,0.2694423533998281,0.0,0.0
2021-01-01,chicken_pox,Kerala,Palakkad,Ottapalam,10.7667,76.3667,0,0,0.0517326932247346,0.0054190339349504,0.0054190339349504
2023-01-01,chicken_pox,Kerala,Palakkad,Ottapalam,10.7667,76.3667,0,1,0.717104259882814,0.0,0.0
2020-09-15,chicken_pox,Kerala,Palakkad,Palakkad,10.78789845,76.47408711,0,1,0.6535327930672012,0.0,0.0
2020-09-17,chicken_pox,Kerala,Palakkad,Palakkad,10.78789845,76.47408711,0,0,0.4226000675113134,0.0,0.0
2022-09-14,chicken_pox,Kerala,Palakkad,Palakkad,10.78789845,76.47408711,1,0,0.2569194647753944,0.0012765465218928,0.0012765465218928
2023-02-04,chicken_pox,Kerala,Palakkad,Palakkad,10.78789845,76.47408711,0,0,0.3992315346669469,0.0233567924374894,0.0233567924374894
2020-02-05,chicken_pox,Kerala,Palakkad,Pattambi,10.8,76.2,1,0,0.2949701879529028,0.0,0.0
2020-08-07,chicken_pox,Kerala,Palakkad,Pattambi,10.8,76.2,0,0,0.1150071423673615,0.0002227128419499,0.0002227128419499
2021-09-16,chicken_pox,Kerala,Palakkad,Pattambi,10.8,76.2,0,0,0.272421655434292,0.0,0.0
2021-10-20,chicken_pox,Kerala,Palakkad,Pattambi,10.8,76.2,0,1,0.7094434525712192,0.0,0.0
2022-09-18,chicken_pox,Kerala,Palakkad,Pattambi,10.8,76.2,0,1,0.6143903118419685,0.0003628079588537,0.0003628079588537
2023-09-12,chicken_pox,Kerala,Palakkad,Pattambi,10.8,76.2,0,0,0.1910517909595823,0.0003518137782824,0.0003518137782824
2022-10-25,chicken_pox,Kerala,Pathanamthitta,Adoor,9.1667,76.7333,0,0,0.2128096302719709,0.0,0.0
2023-09-15,chicken_pox,Kerala,Pathanamthitta,Adoor,9.1667,76.7333,1,0,0.2508489463753258,0.0,0.0
2021-09-16,chicken_pox,Kerala,Pathanamthitta,Konni,9.2667,76.9333,0,0,0.2469272120744617,0.0,0.0
2022-09-17,chicken_pox,Kerala,Pathanamthitta,Konni,9.2667,76.9333,0,0,0.4013937805384518,0.0,0.0
2022-11-25,chicken_pox,Kerala,Pathanamthitta,Konni,9.2667,76.9333,0,0,0.199157414289205,0.0009271758948484,0.0009271758948484
2023-01-03,chicken_pox,Kerala,Pathanamthitta,Konni,9.2667,76.9333,0,0,0.2441045870040124,0.0004815939720488,0.0004815939720488
2024-08-07,chicken_pox,Kerala,Pathanamthitta,Konni,9.2667,76.9333,0,0,0.1982468362188559,7.245368203155519e-06,7.245368203155519e-06
2024-09-11,chicken_pox,Kerala,Pathanamthitta,Konni,9.2667,76.9333,0,0,0.2191567768106341,0.0,0.0
2020-10-22,chicken_pox,Kerala,Pathanamthitta,Kozhenchery,9.2780841,76.9737443,1,1,0.683141251486845,0.0,0.0
2021-11-25,chicken_pox,Kerala,Pathanamthitta,Kozhenchery,9.2780841,76.9737443,0,1,0.6380773205110584,0.0,0.0
2020-09-10,chicken_pox,Kerala,Pathanamthitta,Mallappally,9.3833,76.6833,1,0,0.2824720185394145,0.0,0.0
2020-09-11,chicken_pox,Kerala,Pathanamthitta,Mallappally,9.3833,76.6833,0,0,0.4171554159374369,0.0,0.0
2021-11-27,chicken_pox,Kerala,Pathanamthitta,Mallappally,9.3833,76.6833,0,0,0.1935856642041201,0.0001707331571076,0.0001707331571076
2023-10-24,chicken_pox,Kerala,Pathanamthitta,Mallappally,9.3833,76.6833,0,0,0.1235539578132374,0.0006784584890933,0.0006784584890933
2024-02-06,chicken_pox,Kerala,Pathanamthitta,Mallappally,9.3833,76.6833,0,0,0.1780808633425021,0.0,0.0
2020-10-25,chicken_pox,Kerala,Pathanamthitta,Ranni,9.3833,76.9667,0,0,0.1366266914242306,0.0,0.0
2021-01-03,chicken_pox,Kerala,Pathanamthitta,Ranni,9.3833,76.9667,1,0,0.2697006134534521,0.0,0.0
2022-09-17,chicken_pox,Kerala,Pathanamthitta,Ranni,9.3833,76.9667,1,0,0.1721156803909045,0.0013908789571969,0.0013908789571969
2023-01-03,chicken_pox,Kerala,Pathanamthitta,Ranni,9.3833,76.9667,0,1,0.6950606809708677,0.0020882980128616,0.0020882980128616
2023-09-16,chicken_pox,Kerala,Pathanamthitta,Ranni,9.3833,76.9667,0,0,0.1048686700254768,0.0,0.0
2021-09-16,chicken_pox,Kerala,Thiruvananthapuram,Chirayinkeezhu,8.6963,76.8153,1,0,0.1132111599489615,0.0,0.0
2022-08-09,chicken_pox,Kerala,Thiruvananthapuram,Chirayinkeezhu,8.6963,76.8153,0,0,0.1345748658611164,0.0008356985543185,0.0008356985543185
2022-09-14,chicken_pox,Kerala,Thiruvananthapuram,Chirayinkeezhu,8.6963,76.8153,1,0,0.1315769886950507,0.0,0.0
2022-09-18,chicken_pox,Kerala,Thiruvananthapuram,Chirayinkeezhu,8.6963,76.8153,0,0,0.3098669876109068,0.930362345888238,0.930362345888238
2022-09-18,chicken_pox,Kerala,Thiruvananthapuram,Chirayinkeezhu,8.6963,76.8153,0,0,0.2730232079781523,0.0,0.0
2023-01-03,chicken_pox,Kerala,Thiruvananthapuram,Chirayinkeezhu,8.6963,76.8153,0,0,0.2741455929896211,0.0001289983853702,0.0001289983853702
2024-01-03,chicken_pox,Kerala,Thiruvananthapuram,Chirayinkeezhu,8.6963,76.8153,0,1,0.7259664267813348,0.0004403310269849,0.0004403310269849
2024-10-21,chicken_pox,Kerala,Thiruvananthapuram,Chirayinkeezhu,8.6963,76.8153,0,1,0.6614768079035404,0.0,0.0
2024-10-23,chicken_pox,Kerala,Thiruvananthapuram,Chirayinkeezhu,8.6963,76.8153,0,0,0.4885057161202435,0.0,0.0
2020-08-08,chicken_pox,Kerala,Thiruvananthapuram,Kattakkada,8.5667,77.1,0,1,0.682870575207609,0.0,0.0
2021-02-04,chicken_pox,Kerala,Thiruvananthapuram,Kattakkada,8.5667,77.1,0,1,0.7160508840020671,0.0001167439848076,0.0001167439848076
2022-01-01,chicken_pox,Kerala,Thiruvananthapuram,Kattakkada,8.5667,77.1,0,1,0.7451013894328427,0.0008309981206145,0.0008309981206145
2022-09-16,chicken_pox,Kerala,Thiruvananthapuram,Kattakkada,8.5667,77.1,0,0,0.1808299055025716,0.0,0.0
2022-10-24,chicken_pox,Kerala,Thiruvananthapuram,Kattakkada,8.5667,77.1,1,0,0.110162917279573,0.0,0.0
2023-09-16,chicken_pox,Kerala,Thiruvananthapuram,Kattakkada,8.5667,77.1,1,1,0.6857642573528027,0.9999999983333334,0.9999999983333334
2023-10-20,chicken_pox,Kerala,Thiruvananthapuram,Kattakkada,8.5667,77.1,0,1,0.7089536503262016,0.0,0.0
2020-08-07,chicken_pox,Kerala,Thiruvananthapuram,Nedumangad,8.6036,77.0031,1,0,0.0693096957515771,0.0,0.0
2020-09-14,chicken_pox,Kerala,Thiruvananthapuram,Nedumangad,8.6036,77.0031,0,0,0.0968548209557416,0.0012563214305775,0.0012563214305775
2021-09-15,chicken_pox,Kerala,Thiruvananthapuram,Nedumangad,8.6036,77.0031,0,0,0.1110054166220617,0.0,0.0
2022-01-02,chicken_pox,Kerala,Thiruvananthapuram,Nedumangad,8.6036,77.0031,0,0,0.0813573536119042,0.0016527447341801,0.0016527447341801
2023-01-03,chicken_pox,Kerala,Thiruvananthapuram,Nedumangad,8.6036,77.0031,0,0,0.174946390943115,0.0003222112143707,0.0003222112143707
2023-09-12,chicken_pox,Kerala,Thiruvananthapuram,Nedumangad,8.6036,77.0031,1,1,0.6848001755183333,0.0,0.0
2023-10-20,chicken_pox,Kerala,Thiruvananthapuram,Nedumangad,8.6036,77.0031,0,1,0.7367380007553815,0.9999999983333334,0.9999999983333334
2023-10-25,chicken_pox,Kerala,Thiruvananthapuram,Nedumangad,8.6036,77.0031,0,0,0.0337710643343358,0.0,0.0
2023-11-27,chicken_pox,Kerala,Thiruvananthapuram,Nedumangad,8.6036,77.0031,0,0,0.0318673221057696,0.0001074986544751,0.0001074986544751
2024-01-02,chicken_pox,Kerala,Thiruvananthapuram,Nedumangad,8.6036,77.0031,0,0,0.0421747379381642,0.0001266948427743,0.0001266948427743
2024-09-14,chicken_pox,Kerala,Thiruvananthapuram,Nedumangad,8.6036,77.0031,0,0,0.0722988139661659,0.0003986408436788,0.0003986408436788
2020-02-06,chicken_pox,Kerala,Thiruvananthapuram,Neyyattinkara,8.4004,77.0872,1,0,0.0541884062709447,0.0,0.0
2020-10-20,chicken_pox,Kerala,Thiruvananthapuram,Thiruvananthapuram,8.4882267,76.947551,1,0,0.0413955675517687,0.0,0.0
2021-09-11,chicken_pox,Kerala,Thiruvananthapuram,Thiruvananthapuram,8.4882267,76.947551,0,0,0.0444979634668472,0.0001367236006132,0.0001367236006132
2021-10-25,chicken_pox,Kerala,Thiruvananthapuram,Thiruvananthapuram,8.4882267,76.947551,0,1,0.7735792537187866,0.0,0.0
2021-11-29,chicken_pox,Kerala,Thiruvananthapuram,Thiruvananthapuram,8.4882267,76.947551,0,1,0.7401810300272296,0.0,0.0
2021-11-29,chicken_pox,Kerala,Thiruvananthapuram,Thiruvananthapuram,8.4882267,76.947551,1,0,0.1256993322305066,0.0,0.0
2024-10-22,chicken_pox,Kerala,Thiruvananthapuram,Thiruvananthapuram,8.4882267,76.947551,1,0,0.0259800272249687,0.0146193641147778,0.0146193641147778
2020-01-03,chicken_pox,Kerala,Thiruvananthapuram,Varkala,8.7379,76.7163,0,0,0.0433426625211723,0.0,0.0
2020-09-11,chicken_pox,Kerala,Thiruvananthapuram,Varkala,8.7379,76.7163,0,0,0.0397310232700057,0.0,0.0
2020-11-28,chicken_pox,Kerala,Thrissur,Chalakudy,10.3,76.3333,0,0,0.0378266911773975,0.0,0.0
2021-09-12,chicken_pox,Kerala,Thrissur,Chalakudy,10.3,76.3333,0,0,0.0600553529719508,0.0003099199589947,0.0003099199589947
2022-10-22,chicken_pox,Kerala,Thrissur,Chalakudy,10.3,76.3333,1,0,0.1615737604260061,0.0,0.0
2023-09-17,chicken_pox,Kerala,Thrissur,Chalakudy,10.3,76.3333,1,1,0.7322843319709514,0.1516696011503376,0.1516696011503376
2023-10-20,chicken_pox,Kerala,Thrissur,Chalakudy,10.3,76.3333,0,0,0.1515466602639172,0.0016263413804035,0.0016263413804035
2021-01-03,chicken_pox,Kerala,Thrissur,Chavakkad,10.5833,76.0167,0,1,0.684960517273103,0.0,0.0
2021-02-06,chicken_pox,Kerala,Thrissur,Kodungallur,10.2333,76.2,0,1,0.5134693259492242,0.0,0.0
2023-02-05,chicken_pox,Kerala,Thrissur,Kodungallur,10.2333,76.2,0,0,0.4125672930835051,0.0,0.0
2023-02-05,chicken_pox,Kerala,Thrissur,Kodungallur,10.2333,76.2,0,1,0.5575686107153863,0.0,0.0
2024-01-02,chicken_pox,Kerala,Thrissur,Kodungallur,10.2333,76.2,0,1,0.5221420751086372,0.0002947693454264,0.0002947693454264
2020-02-06,chicken_pox,Kerala,Thrissur,Kunnamkulam,10.65,76.0667,1,0,0.4294333556404448,0.0,0.0
2022-01-03,chicken_pox,Kerala,Thrissur,Kunnamkulam,10.65,76.0667,0,0,0.2621771458956305,0.0002749828962903,0.0002749828962903
2022-09-11,chicken_pox,Kerala,Thrissur,Kunnamkulam,10.65,76.0667,1,1,0.7315515080336362,0.0,0.0
2022-11-28,chicken_pox,Kerala,Thrissur,Kunnamkulam,10.65,76.0667,0,1,0.5517676434296873,0.0047149050401222,0.0047149050401222
2023-02-04,chicken_pox,Kerala,Thrissur,Kunnamkulam,10.65,76.0667,0,0,0.2137245610365258,0.0,0.0
2023-02-04,chicken_pox,Kerala,Thrissur,Kunnamkulam,10.65,76.0667,0,0,0.3028140945787496,0.0,0.0
2023-10-19,chicken_pox,Kerala,Thrissur,Kunnamkulam,10.65,76.0667,0,1,0.6905946701857544,0.0003628079588537,0.0003628079588537
2021-09-14,chicken_pox,Kerala,Thrissur,Mukundapuram,10.3333,76.2167,1,1,0.6193973197336554,0.0,0.0
2023-08-07,chicken_pox,Kerala,Thrissur,Mukundapuram,10.3333,76.2167,0,1,0.7134941799270337,0.0,0.0
2024-02-05,chicken_pox,Kerala,Thrissur,Mukundapuram,10.3333,76.2167,0,1,0.7902428088784929,0.0001360529845701,0.0001360529845701
2024-10-21,chicken_pox,Kerala,Thrissur,Mukundapuram,10.3333,76.2167,0,0,0.0273626506561476,0.0001256234276134,0.0001256234276134
2021-11-25,chicken_pox,Kerala,Thrissur,Talappilly,10.6667,76.25,1,0,0.0377855028112276,0.0,0.0
2021-11-27,chicken_pox,Kerala,Thrissur,Talappilly,10.6667,76.25,0,1,0.7249886393108075,0.0,0.0
2022-02-04,chicken_pox,Kerala,Thrissur,Talappilly,10.6667,76.25,0,1,0.6913091930137787,0.0,0.0
2023-11-30,chicken_pox,Kerala,Thrissur,Talappilly,10.6667,76.25,0,1,0.5809191987617929,0.0082438030650658,0.0082438030650658
2020-09-11,chicken_pox,Kerala,Thrissur,Thrissur,10.5256264,76.2132542,1,1,0.5321723238617444,0.0,0.0
2020-10-25,chicken_pox,Kerala,Thrissur,Thrissur,10.5256264,76.2132542,1,0,0.084754161235923,0.0020938690509625,0.0020938690509625
2021-01-03,chicken_pox,Kerala,Thrissur,Thrissur,10.5256264,76.2132542,1,1,0.6771696760608799,0.0,0.0
2021-11-30,chicken_pox,Kerala,Thrissur,Thrissur,10.5256264,76.2132542,0,1,0.540479689578153,0.0061736518044067,0.0061736518044067
2022-09-11,chicken_pox,Kerala,Thrissur,Thrissur,10.5256264,76.2132542,1,0,0.4837178153304895,0.0,0.0
2023-09-14,chicken_pox,Kerala,Thrissur,Thrissur,10.5256264,76.2132542,0,1,0.5972526587870042,0.0228462681708946,0.0228462681708946
2020-09-18,chicken_pox,Kerala,Wayanad,Mananthavady,11.8,76.0,1,0,0.353420598140979,0.0,0.0
2020-11-30,chicken_pox,Kerala,Wayanad,Mananthavady,11.8,76.0,1,0,0.0437396239910351,0.0,0.0
2021-01-01,chicken_pox,Kerala,Wayanad,Mananthavady,11.8,76.0,1,0,0.2366524135717308,0.07363232902761,0.07363232902761
2021-09-11,chicken_pox,Kerala,Wayanad,Mananthavady,11.8,76.0,0,1,0.684404070996322,0.0,0.0
2022-10-25,chicken_pox,Kerala,Wayanad,Mananthavady,11.8,76.0,0,1,0.7096778342988023,0.0,0.0
2020-02-05,chicken_pox,Kerala,Wayanad,Sulthan Bathery,11.6667,76.2667,1,1,0.593614581724827,0.0,0.0
2020-10-19,chicken_pox,Kerala,Wayanad,Sulthan Bathery,11.6667,76.2667,1,0,0.4565306209095588,0.030216247917171,0.030216247917171
2020-10-25,chicken_pox,Kerala,Wayanad,Sulthan Bathery,11.6667,76.2667,1,0,0.0815583275022483,0.0,0.0
2021-01-03,chicken_pox,Kerala,Wayanad,Sulthan Bathery,11.6667,76.2667,0,0,0.0887908146516194,0.0314478811843222,0.0314478811843222
2022-02-05,chicken_pox,Kerala,Wayanad,Sulthan Bathery,11.6667,76.2667,0,1,0.7106688788289397,0.0,0.0
2022-02-05,chicken_pox,Kerala,Wayanad,Sulthan Bathery,11.6667,76.2667,0,0,0.1841783835252668,0.0,0.0
2020-09-11,chicken_pox,Kerala,Wayanad,Vythiri,11.6226,76.0813,1,0,0.1104094709914557,0.0,0.0
2021-08-08,chicken_pox,Kerala,Wayanad,Vythiri,11.6226,76.0813,0,0,0.2335890886796116,0.0,0.0
2022-02-06,chicken_pox,Kerala,Wayanad,Vythiri,11.6226,76.0813,0,0,0.1502357716858787,0.0,0.0
2022-09-15,chicken_pox,Kerala,Wayanad,Vythiri,11.6226,76.0813,1,1,0.7019507994782986,0.0,0.0
2024-09-13,chicken_pox,Kerala,Wayanad,Vythiri,11.6226,76.0813,0,0,0.2665213890433369,0.5176800404642751,0.5176800404642751
2024-09-17,chicken_pox,Kerala,Wayanad,Vythiri,11.6226,76.0813,0,0,0.15744496168348,0.0,0.0
2020-05-02,chikungunya,Kerala,Alappuzha,Chenganoor,9.3167,76.6167,0,0,0.1787078483062877,0.0,0.0
2022-09-24,chikungunya,Kerala,Ernakulam,Aluva,10.1075,76.3516,1,0,0.1385930020338963,0.0,0.0
2024-05-01,chikungunya,Kerala,Ernakulam,Aluva,10.1075,76.3516,0,1,0.7117283441121355,0.0001478104969585,0.0001478104969585
2021-09-23,chikungunya,Kerala,Ernakulam,Kanayannur,9.98408,76.2741457,1,1,0.5825217457699647,0.0,0.0
2023-05-15,chikungunya,Kerala,Ernakulam,North Paravur,10.1333,76.2,0,0,0.1137581071667705,0.0,0.0
2021-05-02,chikungunya,Kerala,Idukki,Devikulam,10.0667,77.1,1,0,0.2035105974743566,0.0,0.0
2021-09-17,chikungunya,Kerala,Idukki,Idukki,9.8497872,76.9797914,1,0,0.2978039810542222,0.0,0.0
2020-05-12,chikungunya,Kerala,Kannur,Taliparamba,12.0333,75.35,1,0,0.244377359871831,0.0,0.0
2021-05-10,chikungunya,Kerala,Kasaragod,Manjeshwaram,12.7167,74.8833,1,0,0.2819059751102125,0.0,0.0
2021-05-02,chikungunya,Kerala,Kollam,Kollam,8.8879509,76.5955013,1,0,0.2655033813950118,0.0,0.0
2020-09-29,chikungunya,Kerala,Kollam,Kunnathoor,9.0292,76.627,1,0,0.2382810247055219,0.0,0.0
2020-05-16,chikungunya,Kerala,Kollam,Pathanapuram,9.1,76.87,1,1,0.71578257149577,0.0,0.0
2021-09-19,chikungunya,Kerala,Kollam,Pathanapuram,9.1,76.87,1,1,0.723849794236119,0.0006080870291319,0.0006080870291319
2021-09-17,chikungunya,Kerala,Kollam,Punalur,9.0089,76.9269,1,1,0.682367389606068,0.0,0.0
2023-09-29,chikungunya,Kerala,Kollam,Punalur,9.0089,76.9269,0,0,0.4347816575993435,0.0,0.0
2022-09-16,chikungunya,Kerala,Kottayam,Kanjirappally,9.5667,76.7833,1,0,0.4171639334039927,0.0,0.0
2023-09-21,chikungunya,Kerala,Kottayam,Kanjirappally,9.5667,76.7833,0,0,0.4499962928114652,0.0,0.0
2024-05-11,chikungunya,Kerala,Kottayam,Kanjirappally,9.5667,76.7833,0,0,0.0914411533573883,0.0,0.0
2021-09-16,chikungunya,Kerala,Kottayam,Vaikom,9.75,76.4,0,0,0.0703802658849955,0.0,0.0
2023-09-25,chikungunya,Kerala,Kottayam,Vaikom,9.75,76.4,0,1,0.6639846445538413,0.0,0.0
2022-09-30,chikungunya,Kerala,Malappuram,Kondotty,11.15,75.9667,0,1,0.6245672899498316,0.0,0.0
2021-05-01,chikungunya,Kerala,Malappuram,Nilambur,11.2833,76.2333,1,1,0.6267498020823998,0.0,0.0
2021-05-07,chikungunya,Kerala,Malappuram,Nilambur,11.2833,76.2333,1,1,0.7136027723267856,0.0007171055034443,0.0007171055034443
2023-09-27,chikungunya,Kerala,Palakkad,Chittur,10.7,76.75,1,0,0.1299396056789068,0.0,0.0
2020-05-07,chikungunya,Kerala,Palakkad,Mannarkkad,11.0,76.4667,1,0,0.3760847412324065,0.0,0.0
2021-05-06,chikungunya,Kerala,Palakkad,Pattambi,10.8,76.2,0,1,0.6995288081366249,0.0,0.0
2020-05-13,chikungunya,Kerala,Pathanamthitta,Adoor,9.1667,76.7333,1,0,0.0996313670550356,0.0,0.0
2022-05-05,chikungunya,Kerala,Pathanamthitta,Adoor,9.1667,76.7333,0,0,0.0336578932262212,0.0,0.0
2024-05-12,chikungunya,Kerala,Pathanamthitta,Adoor,9.1667,76.7333,0,0,0.0509955214696837,0.0,0.0
2021-05-01,chikungunya,Kerala,Thiruvananthapuram,Neyyattinkara,8.4004,77.0872,0,0,0.0645042398012486,0.0,0.0
2023-05-11,chikungunya,Kerala,Thiruvananthapuram,Neyyattinkara,8.4004,77.0872,0,0,0.0598011133913512,0.0,0.0
2020-05-04,chikungunya,Kerala,Thrissur,Chavakkad,10.5833,76.0167,1,0,0.1009513824985241,0.0,0.0
2020-05-07,chikungunya,Kerala,Thrissur,Chavakkad,10.5833,76.0167,0,1,0.6753956005729032,0.0,0.0
2021-09-24,chikungunya,Kerala,Thrissur,Mukundapuram,10.3333,76.2167,0,0,0.2708697340779322,0.0,0.0
2020-09-26,chikungunya,Kerala,Wayanad,Mananthavady,11.8,76.0,1,0,0.2289029062536387,0.0,0.0
2020-09-30,chikungunya,Kerala,Wayanad,Mananthavady,11.8,76.0,0,0,0.1996640577613438,0.0011783301938107,0.0011783301938107
2023-05-03,chikungunya,Kerala,Wayanad,Mananthavady,11.8,76.0,0,0,0.2513558916653248,0.0,0.0
2023-05-02,cholera,Kerala,Alappuzha,Chenganoor,9.3167,76.6167,1,0,0.3446411785213316,0.0,0.0
2023-08-15,cholera,Kerala,Alappuzha,Kuttanad,9.5833,76.4167,1,1,0.690538174741712,0.0,0.0
2023-11-21,cholera,Kerala,Alappuzha,Kuttanad,9.5833,76.4167,0,1,0.7376598910104601,0.0281886698127287,0.0281886698127287
2024-05-04,cholera,Kerala,Alappuzha,Kuttanad,9.5833,76.4167,0,0,0.0536378997305407,0.0,0.0
2023-08-09,cholera,Kerala,Ernakulam,Aluva,10.1075,76.3516,1,0,0.1998141918875035,0.0,0.0
2024-08-12,cholera,Kerala,Kasaragod,Manjeshwaram,12.7167,74.8833,1,1,0.7064536255190399,0.0,0.0
2020-11-20,cholera,Kerala,Kasaragod,Nileshwaram,12.25,75.1,1,1,0.7093280125416254,0.0,0.0
2023-08-10,cholera,Kerala,Kasaragod,Nileshwaram,12.25,75.1,0,1,0.6884454042463297,0.0,0.0
2024-08-09,cholera,Kerala,Kollam,Punalur,9.0089,76.9269,1,1,0.6902555805082353,0.0,0.0
2024-05-02,cholera,Kerala,Malappuram,Nilambur,11.2833,76.2333,1,1,0.6974987405500788,0.0,0.0
2023-08-14,cholera,Kerala,Palakkad,Chittur,10.7,76.75,1,1,0.5902861312575284,0.0,0.0
2023-08-10,cholera,Kerala,Palakkad,Ottapalam,10.7667,76.3667,1,0,0.3692638910432195,0.0,0.0
2020-03-01,dengue,Kerala,Alappuzha,Ambalappuzha,9.5006651,76.41241429,0,1,0.707681271551228,0.0,0.0
2020-10-19,dengue,Kerala,Alappuzha,Ambalappuzha,9.5006651,76.41241429,1,1,0.568533221602818,0.0,0.0
2020-11-28,dengue,Kerala,Alappuzha,Ambalappuzha,9.5006651,76.41241429,1,0,0.2787590678387951,0.9999999983333334,0.9999999983333334
2020-11-28,dengue,Kerala,Alappuzha,Ambalappuzha,9.5006651,76.41241429,0,1,0.6944301018920932,0.0,0.0
2021-02-01,dengue,Kerala,Alappuzha,Ambalappuzha,9.5006651,76.41241429,0,1,0.6900893736731005,0.0,0.0
2021-05-03,dengue,Kerala,Alappuzha,Ambalappuzha,9.5006651,76.41241429,0,1,0.6410969229149619,1.3437331809398353e-05,1.3437331809398353e-05
2021-09-15,dengue,Kerala,Alappuzha,Ambalappuzha,9.5006651,76.41241429,0,0,0.0763550561928519,0.0178179019792622,0.0178179019792622
2021-11-24,dengue,Kerala,Alappuzha,Ambalappuzha,9.5006651,76.41241429,0,1,0.6662136050151211,0.0,0.0
2021-11-28,dengue,Kerala,Alappuzha,Ambalappuzha,9.5006651,76.41241429,0,0,0.1208304584059954,0.0,0.0
2022-07-07,dengue,Kerala,Alappuzha,Ambalappuzha,9.5006651,76.41241429,0,0,0.0935184996133764,0.0004607085191793,0.0004607085191793
2022-10-16,dengue,Kerala,Alappuzha,Ambalappuzha,9.5006651,76.41241429,0,0,0.1130261273429079,0.0,0.0
2022-11-28,dengue,Kerala,Alappuzha,Ambalappuzha,9.5006651,76.41241429,0,1,0.6988892841274409,0.0004031199542819,0.0004031199542819
2023-08-10,dengue,Kerala,Alappuzha,Ambalappuzha,9.5006651,76.41241429,0,0,0.0884610219675206,0.0,0.0
2023-10-19,dengue,Kerala,Alappuzha,Ambalappuzha,9.5006651,76.41241429,0,0,0.0830298276845102,0.0001612479817127,0.0001612479817127
2023-11-24,dengue,Kerala,Alappuzha,Ambalappuzha,9.5006651,76.41241429,0,0,0.1040879539288672,0.0012255690459734,0.0012255690459734
2023-12-30,dengue,Kerala,Alappuzha,Ambalappuzha,9.5006651,76.41241429,0,0,0.0571152155029353,0.0,0.0
2020-10-21,dengue,Kerala,Alappuzha,Chenganoor,9.3167,76.6167,1,1,0.6812317784788959,0.0,0.0
2021-06-04,dengue,Kerala,Alappuzha,Chenganoor,9.3167,76.6167,0,1,0.5935358835321064,0.0113638464652245,0.0113638464652245
2021-09-13,dengue,Kerala,Alappuzha,Chenganoor,9.3167,76.6167,0,1,0.7217711184973458,0.0,0.0
2021-09-14,dengue,Kerala,Alappuzha,Chenganoor,9.3167,76.6167,0,0,0.3193939426240377,0.0056673629695756,0.0056673629695756
2022-06-04,dengue,Kerala,Alappuzha,Chenganoor,9.3167,76.6167,1,0,0.3683419580276575,0.0,0.0
2023-03-01,dengue,Kerala,Alappuzha,Chenganoor,9.3167,76.6167,0,0,0.2634776533200625,0.0169650191243847,0.0169650191243847
2023-10-15,dengue,Kerala,Alappuzha,Chenganoor,9.3167,76.6167,1,0,0.0663427138711397,0.0,0.0
2023-10-19,dengue,Kerala,Alappuzha,Chenganoor,9.3167,76.6167,0,1,0.7264193201400941,0.2255375029342516,0.2255375029342516
2023-10-21,dengue,Kerala,Alappuzha,Chenganoor,9.3167,76.6167,0,0,0.170890151126393,0.0,0.0
2020-06-05,dengue,Kerala,Alappuzha,Cherthala,9.6833,76.3333,1,0,0.1457077018059928,0.0,0.0
2020-07-08,dengue,Kerala,Alappuzha,Cherthala,9.6833,76.3333,0,0,0.1446252142107883,0.0,0.0
2020-12-30,dengue,Kerala,Alappuzha,Cherthala,9.6833,76.3333,0,1,0.6681291375279335,0.0004696532615764,0.0004696532615764
2023-07-07,dengue,Kerala,Alappuzha,Cherthala,9.6833,76.3333,0,0,0.1989643524783887,0.0,0.0
2023-09-12,dengue,Kerala,Alappuzha,Cherthala,9.6833,76.3333,0,1,0.7208166593110908,0.0019618504441721,0.0019618504441721
2023-12-30,dengue,Kerala,Alappuzha,Cherthala,9.6833,76.3333,0,1,0.6027127419840043,0.0,0.0
2023-12-31,dengue,Kerala,Alappuzha,Cherthala,9.6833,76.3333,0,0,0.2211584068979633,0.0,0.0
2024-10-21,dengue,Kerala,Alappuzha,Cherthala,9.6833,76.3333,0,0,0.3620462119916444,0.0006987412540887,0.0006987412540887
2020-02-01,dengue,Kerala,Alappuzha,Karthikappally,9.2833,76.4667,0,0,0.4596048091897938,0.0,0.0
2021-10-16,dengue,Kerala,Alappuzha,Karthikappally,9.2833,76.4667,0,0,0.3209612327012375,0.0,0.0
2021-11-27,dengue,Kerala,Alappuzha,Karthikappally,9.2833,76.4667,0,0,0.2602801965523454,0.0,0.0
2021-11-28,dengue,Kerala,Alappuzha,Karthikappally,9.2833,76.4667,0,1,0.7203146875655668,0.0,0.0
2022-10-21,dengue,Kerala,Alappuzha,Karthikappally,9.2833,76.4667,0,1,0.7305613132572136,8.062399085639016e-05,8.062399085639016e-05
2022-11-27,dengue,Kerala,Alappuzha,Karthikappally,9.2833,76.4667,1,0,0.0952106605606487,0.0,0.0
2023-07-07,dengue,Kerala,Alappuzha,Karthikappally,9.2833,76.4667,0,0,0.1156759569896539,0.9628727216876436,0.9628727216876436
2023-08-19,dengue,Kerala,Alappuzha,Karthikappally,9.2833,76.4667,1,0,0.1152902302487628,0.0,0.0
2023-09-12,dengue,Kerala,Alappuzha,Karthikappally,9.2833,76.4667,0,0,0.086652085584633,0.1445159397210233,0.1445159397210233
2023-11-25,dengue,Kerala,Alappuzha,Karthikappally,9.2833,76.4667,0,1,0.6719816590478702,0.0,0.0
2024-05-02,dengue,Kerala,Alappuzha,Karthikappally,9.2833,76.4667,0,1,0.687657018067137,5.038999428524384e-05,5.038999428524384e-05
2020-02-01,dengue,Kerala,Alappuzha,Kuttanad,9.5833,76.4167,0,1,0.7257911762540491,0.0,0.0
2020-09-13,dengue,Kerala,Alappuzha,Kuttanad,9.5833,76.4167,1,0,0.4841060615229131,0.0,0.0
2020-10-16,dengue,Kerala,Alappuzha,Kuttanad,9.5833,76.4167,1,0,0.0831702641393862,0.0046486973157634,0.0046486973157634
2020-11-24,dengue,Kerala,Alappuzha,Kuttanad,9.5833,76.4167,1,0,0.101985881055907,0.6468194685681464,0.6468194685681464
2020-11-25,dengue,Kerala,Alappuzha,Kuttanad,9.5833,76.4167,0,1,0.719191811557361,0.001200252763223,0.001200252763223
2020-11-26,dengue,Kerala,Alappuzha,Kuttanad,9.5833,76.4167,1,0,0.0687583917229069,0.0,0.0
2021-10-22,dengue,Kerala,Alappuzha,Kuttanad,9.5833,76.4167,0,0,0.1291846757210201,0.2713575312723619,0.2713575312723619
2021-11-28,dengue,Kerala,Alappuzha,Kuttanad,9.5833,76.4167,0,1,0.7152210406037358,0.0,0.0
2022-09-11,dengue,Kerala,Alappuzha,Kuttanad,9.5833,76.4167,0,1,0.6394349710286185,4.031199542819508e-05,4.031199542819508e-05
2022-09-11,dengue,Kerala,Alappuzha,Kuttanad,9.5833,76.4167,0,1,0.6941922723808157,0.0,0.0
2022-10-23,dengue,Kerala,Alappuzha,Kuttanad,9.5833,76.4167,0,1,0.6398620830551716,0.02233284546722,0.02233284546722
2023-12-31,dengue,Kerala,Alappuzha,Kuttanad,9.5833,76.4167,0,0,0.482175170899851,0.0,0.0
2020-11-24,dengue,Kerala,Alappuzha,Mavelikkara,9.2667,76.55,1,1,0.6824025887071409,0.0,0.0
2021-10-18,dengue,Kerala,Alappuzha,Mavelikkara,9.2667,76.55,0,1,0.6634424673603989,0.0,0.0
2021-10-22,dengue,Kerala,Alappuzha,Mavelikkara,9.2667,76.55,1,0,0.4249863814214722,0.0,0.0
2022-10-17,dengue,Kerala,Alappuzha,Mavelikkara,9.2667,76.55,0,1,0.5492826388682238,0.0824221559189124,0.0824221559189124
2023-11-24,dengue,Kerala,Alappuzha,Mavelikkara,9.2667,76.55,0,1,0.700146315734814,0.0,0.0
2020-07-06,dengue,Kerala,Ernakulam,Aluva,10.1075,76.3516,1,1,0.7103400931457294,0.0,0.0
2020-08-11,dengue,Kerala,Ernakulam,Aluva,10.1075,76.3516,1,1,0.6791820121874477,0.0267315003885196,0.0267315003885196
2020-10-19,dengue,Kerala,Ernakulam,Aluva,10.1075,76.3516,0,1,0.6837998568613437,0.0,0.0
2020-11-26,dengue,Kerala,Ernakulam,Aluva,10.1075,76.3516,0,0,0.2406717670774247,0.0,0.0
2020-12-30,dengue,Kerala,Ernakulam,Aluva,10.1075,76.3516,0,0,0.1072470607132621,0.0,0.0
2022-09-12,dengue,Kerala,Ernakulam,Aluva,10.1075,76.3516,0,0,0.1256862722993753,0.0031345399636377,0.0031345399636377
2023-06-05,dengue,Kerala,Ernakulam,Aluva,10.1075,76.3516,0,0,0.1232410107381443,0.0,0.0
2023-06-24,dengue,Kerala,Ernakulam,Aluva,10.1075,76.3516,1,0,0.1184141661947111,0.0002496013793769,0.0002496013793769
2023-07-07,dengue,Kerala,Ernakulam,Aluva,10.1075,76.3516,0,1,0.7159069766989913,0.9999999983333334,0.9999999983333334
2023-09-13,dengue,Kerala,Ernakulam,Aluva,10.1075,76.3516,0,1,0.7629450722780149,0.0,0.0
2023-10-28,dengue,Kerala,Ernakulam,Aluva,10.1075,76.3516,0,0,0.0856060562973697,0.0001007799885704,0.0001007799885704
2023-11-22,dengue,Kerala,Ernakulam,Aluva,10.1075,76.3516,0,0,0.1078617128310494,0.0,0.0
2024-03-01,dengue,Kerala,Ernakulam,Aluva,10.1075,76.3516,0,0,0.1050839224469017,0.0,0.0
2024-06-05,dengue,Kerala,Ernakulam,Aluva,10.1075,76.3516,0,1,0.6927197569408375,0.0038072267506935,0.0038072267506935
2024-08-11,dengue,Kerala,Ernakulam,Aluva,10.1075,76.3516,0,0,0.1450588726407608,0.0052324679470912,0.0052324679470912
2021-10-15,dengue,Kerala,Ernakulam,Kanayannur,9.98408,76.2741457,0,0,0.0724219290666936,0.0,0.0
2023-08-08,dengue,Kerala,Ernakulam,Kanayannur,9.98408,76.2741457,1,0,0.082950097808729,0.0,0.0
2023-08-09,dengue,Kerala,Ernakulam,Kanayannur,9.98408,76.2741457,0,0,0.2087354702672224,0.0046229084987267,0.0046229084987267
2023-09-12,dengue,Kerala,Ernakulam,Kanayannur,9.98408,76.2741457,0,0,0.1504493561963454,0.0,0.0
2023-10-21,dengue,Kerala,Ernakulam,Kanayannur,9.98408,76.2741457,1,0,0.0274397320118709,0.0014837445432081,0.0014837445432081
2020-05-03,dengue,Kerala,Ernakulam,Kochi,9.9312,76.2673,0,1,0.7340376628884081,0.0,0.0
2020-10-21,dengue,Kerala,Ernakulam,Kochi,9.9312,76.2673,0,1,0.6937328701084993,0.0,0.0
2020-12-31,dengue,Kerala,Ernakulam,Kochi,9.9312,76.2673,0,1,0.6319720765718861,0.0001209359862845,0.0001209359862845
2021-09-12,dengue,Kerala,Ernakulam,Kochi,9.9312,76.2673,0,1,0.6626785564113723,6.449919268511211e-05,6.449919268511211e-05
2021-12-31,dengue,Kerala,Ernakulam,Kochi,9.9312,76.2673,0,1,0.6666904752774176,3.13537742219295e-05,3.13537742219295e-05
2022-08-08,dengue,Kerala,Ernakulam,Kochi,9.9312,76.2673,0,1,0.5714679622080034,0.0,0.0
2022-11-24,dengue,Kerala,Ernakulam,Kochi,9.9312,76.2673,1,1,0.6443581389996044,0.0006576045718493,0.0006576045718493
2023-10-18,dengue,Kerala,Ernakulam,Kochi,9.9312,76.2673,1,1,0.6917794640033168,0.9999999983333334,0.9999999983333334
2023-11-23,dengue,Kerala,Ernakulam,Kochi,9.9312,76.2673,0,0,0.2196603087720468,2.9612217093771247e-05,2.9612217093771247e-05
2023-11-24,dengue,Kerala,Ernakulam,Kochi,9.9312,76.2673,1,1,0.7180170394296694,0.0,0.0
2024-10-22,dengue,Kerala,Ernakulam,Kochi,9.9312,76.2673,0,1,0.667313623853333,0.5018091716106216,0.5018091716106216
2024-11-24,dengue,Kerala,Ernakulam,Kochi,9.9312,76.2673,0,1,0.594846420883881,0.0,0.0
2020-09-11,dengue,Kerala,Ernakulam,Kothamangalam,10.0667,76.6333,1,1,0.5643630840656128,0.0,0.0
2020-10-21,dengue,Kerala,Ernakulam,Kothamangalam,10.0667,76.6333,1,1,0.6978355674720349,0.0046443383198488,0.0046443383198488
2020-11-25,dengue,Kerala,Ernakulam,Kothamangalam,10.0667,76.6333,0,1,0.6316849174235355,0.0002721824494472,0.0002721824494472
2022-05-03,dengue,Kerala,Ernakulam,Kothamangalam,10.0667,76.6333,0,1,0.6157135827426247,0.0,0.0
2022-11-28,dengue,Kerala,Ernakulam,Kothamangalam,10.0667,76.6333,1,1,0.5257868132528394,0.0,0.0
2023-03-01,dengue,Kerala,Ernakulam,Kothamangalam,10.0667,76.6333,0,0,0.4916637202382659,0.7322539618670655,0.7322539618670655
2023-10-19,dengue,Kerala,Ernakulam,Kothamangalam,10.0667,76.6333,0,0,0.2580655843276722,0.0,0.0
2023-11-25,dengue,Kerala,Ernakulam,Kothamangalam,10.0667,76.6333,0,1,0.7321939232607503,0.0,0.0
2023-12-31,dengue,Kerala,Ernakulam,Kothamangalam,10.0667,76.6333,0,1,0.6751454916238537,0.0,0.0
2024-08-09,dengue,Kerala,Ernakulam,Kothamangalam,10.0667,76.6333,0,0,0.2201667711383402,0.0002418719725691,0.0002418719725691
2024-09-12,dengue,Kerala,Ernakulam,Kothamangalam,10.0667,76.6333,0,0,0.2141487710630473,0.0011603134455657,0.0011603134455657
2024-10-19,dengue,Kerala,Ernakulam,Kothamangalam,10.0667,76.6333,0,1,0.6868867749577913,0.0,0.0
2024-11-24,dengue,Kerala,Ernakulam,Kothamangalam,10.0667,76.6333,0,1,0.6324315875635793,0.0,0.0
2020-10-22,dengue,Kerala,Ernakulam,Kunnathunad,10.1167,76.4833,1,1,0.7320571539373598,0.0,0.0
2021-10-17,dengue,Kerala,Ernakulam,Kunnathunad,10.1167,76.4833,0,1,0.644622533092356,0.0028200476192637,0.0028200476192637
2021-10-22,dengue,Kerala,Ernakulam,Kunnathunad,10.1167,76.4833,0,0,0.2782829182786613,0.0,0.0
2022-10-16,dengue,Kerala,Ernakulam,Kunnathunad,10.1167,76.4833,1,0,0.3166229522448136,0.0010502181910647,0.0010502181910647
2022-10-19,dengue,Kerala,Ernakulam,Kunnathunad,10.1167,76.4833,0,0,0.2353557246643584,0.0217853363708496,0.0217853363708496
2022-11-27,dengue,Kerala,Ernakulam,Kunnathunad,10.1167,76.4833,0,0,0.4217970709950824,0.0,0.0
2023-09-12,dengue,Kerala,Ernakulam,Kunnathunad,10.1167,76.4833,0,1,0.684173101756385,0.0008331145721826,0.0008331145721826
2023-10-07,dengue,Kerala,Ernakulam,Kunnathunad,10.1167,76.4833,0,1,0.6859121188592593,0.0,0.0
2023-10-18,dengue,Kerala,Ernakulam,Kunnathunad,10.1167,76.4833,0,1,0.7092823810383839,0.0019675068518925,0.0019675068518925
2023-11-23,dengue,Kerala,Ernakulam,Kunnathunad,10.1167,76.4833,0,0,0.0727133278475062,0.0,0.0
2023-11-23,dengue,Kerala,Ernakulam,Kunnathunad,10.1167,76.4833,0,1,0.6971830913726543,0.0,0.0
2024-07-08,dengue,Kerala,Ernakulam,Kunnathunad,10.1167,76.4833,0,1,0.6885628563114063,0.0237556158308653,0.0237556158308653
2020-02-01,dengue,Kerala,Ernakulam,Muvattupuzha,9.9833,76.5833,0,0,0.3486668384531819,0.0,0.0
2020-08-08,dengue,Kerala,Ernakulam,Muvattupuzha,9.9833,76.5833,1,0,0.2001635718610956,0.0,0.0
2020-09-13,dengue,Kerala,Ernakulam,Muvattupuzha,9.9833,76.5833,0,0,0.1222362119215296,0.0010257465340937,0.0010257465340937
2020-10-23,dengue,Kerala,Ernakulam,Muvattupuzha,9.9833,76.5833,1,1,0.7317970867062712,0.0,0.0
2021-07-08,dengue,Kerala,Ernakulam,Muvattupuzha,9.9833,76.5833,1,0,0.35557513657524,0.0212547511388788,0.0212547511388788
2021-11-25,dengue,Kerala,Ernakulam,Muvattupuzha,9.9833,76.5833,0,0,0.2663984493834262,0.0013949637694201,0.0013949637694201
2021-11-25,dengue,Kerala,Ernakulam,Muvattupuzha,9.9833,76.5833,0,0,0.2532292339862246,0.0,0.0
2022-05-02,dengue,Kerala,Ernakulam,Muvattupuzha,9.9833,76.5833,0,1,0.7019747087994607,0.0002687466361879,0.0002687466361879
2022-10-19,dengue,Kerala,Ernakulam,Muvattupuzha,9.9833,76.5833,0,0,0.1014166946257163,0.0,0.0
2022-11-28,dengue,Kerala,Ernakulam,Muvattupuzha,9.9833,76.5833,0,1,0.6580756941482343,7.329453714217285e-06,7.329453714217285e-06
2023-08-26,dengue,Kerala,Ernakulam,Muvattupuzha,9.9833,76.5833,0,1,0.7057248841786482,0.0001668327537487,0.0001668327537487
2023-09-11,dengue,Kerala,Ernakulam,Muvattupuzha,9.9833,76.5833,0,1,0.715307500070674,0.0,0.0
2023-10-20,dengue,Kerala,Ernakulam,Muvattupuzha,9.9833,76.5833,0,1,0.6448982788181378,0.0,0.0
2023-10-21,dengue,Kerala,Ernakulam,Muvattupuzha,9.9833,76.5833,0,1,0.7295746086029012,0.0005811906299905,0.0005811906299905
2023-11-26,dengue,Kerala,Ernakulam,Muvattupuzha,9.9833,76.5833,1,1,0.7153490381580443,0.0004834851167807,0.0004834851167807
2023-12-30,dengue,Kerala,Ernakulam,Muvattupuzha,9.9833,76.5833,0,0,0.1057400291543678,0.0024855059095796,0.0024855059095796
2024-03-09,dengue,Kerala,Ernakulam,Muvattupuzha,9.9833,76.5833,0,0,0.1699990333116537,0.0010624663770396,0.0010624663770396
2020-05-03,dengue,Kerala,Ernakulam,North Paravur,10.1333,76.2,1,1,0.7310136810269683,0.0,0.0
2020-11-26,dengue,Kerala,Ernakulam,North Paravur,10.1333,76.2,1,0,0.1198122394376039,0.1202566694636742,0.1202566694636742
2021-10-16,dengue,Kerala,Ernakulam,North Paravur,10.1333,76.2,0,0,0.1473660610341383,0.0,0.0
2022-09-12,dengue,Kerala,Ernakulam,North Paravur,10.1333,76.2,0,0,0.0998326295875641,0.0,0.0
2023-05-04,dengue,Kerala,Ernakulam,North Paravur,10.1333,76.2,0,0,0.1177630745296623,0.0,0.0
2023-09-13,dengue,Kerala,Ernakulam,North Paravur,10.1333,76.2,0,0,0.4058192826184503,0.0,0.0
2023-09-13,dengue,Kerala,Ernakulam,North Paravur,10.1333,76.2,0,0,0.3178435630516625,0.0028980269028552,0.0028980269028552
2023-10-16,dengue,Kerala,Ernakulam,North Paravur,10.1333,76.2,0,1,0.7279021609748908,0.0030780801691129,0.0030780801691129
2020-05-02,dengue,Kerala,Idukki,Devikulam,10.0667,77.1,1,1,0.670796997391799,0.0,0.0
2020-10-15,dengue,Kerala,Idukki,Devikulam,10.0667,77.1,0,0,0.2286308990380247,0.0,0.0
2020-11-23,dengue,Kerala,Idukki,Devikulam,10.0667,77.1,0,0,0.2690756401141699,0.0,0.0
2020-11-25,dengue,Kerala,Idukki,Devikulam,10.0667,77.1,0,1,0.6905471138978964,0.0001612479817127,0.0001612479817127
2020-11-27,dengue,Kerala,Idukki,Devikulam,10.0667,77.1,0,1,0.526737095949231,0.0001719978471602,0.0001719978471602
2021-06-05,dengue,Kerala,Idukki,Devikulam,10.0667,77.1,0,0,0.3114622197704936,0.0,0.0
2021-07-07,dengue,Kerala,Idukki,Devikulam,10.0667,77.1,0,1,0.7190171525080656,0.0002821839679973,0.0002821839679973
2021-08-10,dengue,Kerala,Idukki,Devikulam,10.0667,77.1,1,0,0.1436508854806702,5.374932723759343e-05,5.374932723759343e-05
2021-09-13,dengue,Kerala,Idukki,Devikulam,10.0667,77.1,0,0,0.0701522877796638,0.0592203973363675,0.0592203973363675
2021-10-23,dengue,Kerala,Idukki,Devikulam,10.0667,77.1,0,1,0.6817737581386658,0.0,0.0
2022-06-05,dengue,Kerala,Idukki,Devikulam,10.0667,77.1,0,1,0.7158216479388093,0.0,0.0
2022-07-06,dengue,Kerala,Idukki,Devikulam,10.0667,77.1,0,0,0.0938287152756407,0.0006181172632323,0.0006181172632323
2022-09-11,dengue,Kerala,Idukki,Devikulam,10.0667,77.1,0,0,0.2127994219160809,7.44221454058986e-05,7.44221454058986e-05
2022-09-12,dengue,Kerala,Idukki,Devikulam,10.0667,77.1,1,1,0.7171930537728711,0.0,0.0
2023-05-03,dengue,Kerala,Idukki,Devikulam,10.0667,77.1,1,1,0.6865951890627211,0.0612840224473707,0.0612840224473707
2023-08-08,dengue,Kerala,Idukki,Devikulam,10.0667,77.1,0,1,0.55366514200103,0.0106981349184308,0.0106981349184308
2023-10-21,dengue,Kerala,Idukki,Devikulam,10.0667,77.1,0,1,0.5293986083891341,0.0,0.0
2024-02-01,dengue,Kerala,Idukki,Devikulam,10.0667,77.1,0,1,0.7078561456791403,0.0005596253482972,0.0005596253482972
2024-05-03,dengue,Kerala,Idukki,Devikulam,10.0667,77.1,0,1,0.6957019276516492,0.0,0.0
2024-08-09,dengue,Kerala,Idukki,Devikulam,10.0667,77.1,0,0,0.0768069063983902,0.0040311995428195,0.0040311995428195
2020-06-04,dengue,Kerala,Idukki,Idukki,9.8497872,76.9797914,0,0,0.093592503471247,0.0,0.0
2020-06-06,dengue,Kerala,Idukki,Idukki,9.8497872,76.9797914,0,0,0.0916207951361378,0.0,0.0
2020-10-20,dengue,Kerala,Idukki,Idukki,9.8497872,76.9797914,1,0,0.1278015745634774,0.0017942573202498,0.0017942573202498
2021-09-11,dengue,Kerala,Idukki,Idukki,9.8497872,76.9797914,0,0,0.1159780723409686,0.5549493638470838,0.5549493638470838
2021-12-31,dengue,Kerala,Idukki,Idukki,9.8497872,76.9797914,0,1,0.7060617554993937,0.0,0.0
2022-05-02,dengue,Kerala,Idukki,Idukki,9.8497872,76.9797914,0,1,0.6550364172140307,0.0,0.0
2022-05-03,dengue,Kerala,Idukki,Idukki,9.8497872,76.9797914,0,1,0.6975727594847559,0.0063692952776548,0.0063692952776548
2022-08-10,dengue,Kerala,Idukki,Idukki,9.8497872,76.9797914,0,1,0.6779947771593854,0.0,0.0
2023-05-02,dengue,Kerala,Idukki,Idukki,9.8497872,76.9797914,0,0,0.4321585784687705,0.0,0.0
2023-10-15,dengue,Kerala,Idukki,Idukki,9.8497872,76.9797914,0,0,0.3711175664861191,0.0037063144889349,0.0037063144889349
2023-11-23,dengue,Kerala,Idukki,Idukki,9.8497872,76.9797914,0,1,0.671946063080171,0.0,0.0
2023-11-25,dengue,Kerala,Idukki,Idukki,9.8497872,76.9797914,0,1,0.6269062128034326,4.479110603132786e-05,4.479110603132786e-05
2023-11-28,dengue,Kerala,Idukki,Idukki,9.8497872,76.9797914,0,0,0.2869390664825492,0.0,0.0
2024-11-25,dengue,Kerala,Idukki,Idukki,9.8497872,76.9797914,0,0,0.3888792934612265,3.7432567183324e-05,3.7432567183324e-05
2020-06-05,dengue,Kerala,Idukki,Peerumade,9.5667,76.9667,1,1,0.6870854984796773,0.0,0.0
2020-08-09,dengue,Kerala,Idukki,Peerumade,9.5667,76.9667,0,1,0.7211424266802718,0.0,0.0
2021-02-01,dengue,Kerala,Idukki,Peerumade,9.5667,76.9667,0,1,0.6011316054744674,0.0001064236679304,0.0001064236679304
2021-05-02,dengue,Kerala,Idukki,Peerumade,9.5667,76.9667,0,1,0.6919462439455571,0.0,0.0
2021-11-24,dengue,Kerala,Idukki,Peerumade,9.5667,76.9667,1,0,0.1993381963628261,0.0,0.0
2021-11-27,dengue,Kerala,Idukki,Peerumade,9.5667,76.9667,0,1,0.7212075363912434,0.4392893873097627,0.4392893873097627
2022-12-30,dengue,Kerala,Idukki,Peerumade,9.5667,76.9667,0,0,0.0835572204000666,0.0,0.0
2023-07-06,dengue,Kerala,Idukki,Peerumade,9.5667,76.9667,0,1,0.6834882721907303,0.0619258749501076,0.0619258749501076
2023-09-14,dengue,Kerala,Idukki,Peerumade,9.5667,76.9667,0,0,0.4198735531232945,0.0,0.0
2023-09-30,dengue,Kerala,Idukki,Peerumade,9.5667,76.9667,0,1,0.6658859247194729,6.449919268511211e-05,6.449919268511211e-05
2023-10-16,dengue,Kerala,Idukki,Peerumade,9.5667,76.9667,0,1,0.6165364149907462,0.0,0.0
2024-03-01,dengue,Kerala,Idukki,Peerumade,9.5667,76.9667,0,1,0.6528220026721431,0.0,0.0
2021-05-03,dengue,Kerala,Idukki,Thodupuzha,9.8955,76.7241,0,1,0.6966333553272421,0.0,0.0
2021-10-17,dengue,Kerala,Idukki,Thodupuzha,9.8955,76.7241,0,0,0.1634623040179558,0.0003099199589947,0.0003099199589947
2021-10-19,dengue,Kerala,Idukki,Thodupuzha,9.8955,76.7241,1,0,0.0982210860099109,0.0,0.0
2022-09-12,dengue,Kerala,Idukki,Thodupuzha,9.8955,76.7241,1,1,0.6939630155802609,0.2319905448614259,0.2319905448614259
2022-11-27,dengue,Kerala,Idukki,Thodupuzha,9.8955,76.7241,0,1,0.6306599070455359,0.0,0.0
2023-05-03,dengue,Kerala,Idukki,Thodupuzha,9.8955,76.7241,1,0,0.2096168192147884,0.0,0.0
2023-06-04,dengue,Kerala,Idukki,Thodupuzha,9.8955,76.7241,0,1,0.6937283318996628,0.3416912419007691,0.3416912419007691
2023-08-10,dengue,Kerala,Idukki,Thodupuzha,9.8955,76.7241,0,1,0.6192875804219127,0.0,0.0
2023-09-13,dengue,Kerala,Idukki,Thodupuzha,9.8955,76.7241,0,0,0.3615855323521538,0.0,0.0
2023-10-17,dengue,Kerala,Idukki,Thodupuzha,9.8955,76.7241,0,0,0.2638391574662593,6.0467993142292616e-05,6.0467993142292616e-05
2023-10-21,dengue,Kerala,Idukki,Thodupuzha,9.8955,76.7241,0,1,0.7356777647434098,0.0022114008920609,0.0022114008920609
2024-06-04,dengue,Kerala,Idukki,Thodupuzha,9.8955,76.7241,1,1,0.7074465942652769,0.0,0.0
2021-08-11,dengue,Kerala,Idukki,Udumbanchola,9.8333,77.1333,0,1,0.7180594355987799,0.0,0.0
2021-09-14,dengue,Kerala,Idukki,Udumbanchola,9.8333,77.1333,0,0,0.2454366087034069,0.0,0.0
2021-11-27,dengue,Kerala,Idukki,Udumbanchola,9.8333,77.1333,0,0,0.1653070785271612,0.0002015599771409,0.0002015599771409
2023-08-09,dengue,Kerala,Idukki,Udumbanchola,9.8333,77.1333,0,0,0.0433453993218765,0.0,0.0
2023-09-30,dengue,Kerala,Idukki,Udumbanchola,9.8333,77.1333,0,0,0.0746493397496732,0.0006276386708591,0.0006276386708591
2023-10-16,dengue,Kerala,Idukki,Udumbanchola,9.8333,77.1333,1,1,0.7199864261239215,0.0,0.0
2023-10-21,dengue,Kerala,Idukki,Udumbanchola,9.8333,77.1333,1,1,0.6562886175371692,0.0219201710672309,0.0219201710672309
2023-10-23,dengue,Kerala,Idukki,Udumbanchola,9.8333,77.1333,0,0,0.3790280606926209,8.192733345271523e-05,8.192733345271523e-05
2024-08-08,dengue,Kerala,Idukki,Udumbanchola,9.8333,77.1333,0,0,0.43502578388516,0.0,0.0
2024-10-16,dengue,Kerala,Idukki,Udumbanchola,9.8333,77.1333,1,0,0.4927476454165423,0.0,0.0
2020-06-05,dengue,Kerala,Kannur,Iritty,11.9333,75.7,0,1,0.7098953637774764,0.0,0.0
2020-06-06,dengue,Kerala,Kannur,Iritty,11.9333,75.7,0,0,0.2736174456523093,0.0,0.0
2020-10-22,dengue,Kerala,Kannur,Iritty,11.9333,75.7,0,1,0.7200762624941218,0.0003359332952349,0.0003359332952349
2020-11-23,dengue,Kerala,Kannur,Iritty,11.9333,75.7,0,1,0.669302696349346,0.0,0.0
2021-09-14,dengue,Kerala,Kannur,Iritty,11.9333,75.7,0,1,0.6819739025181183,0.0,0.0
2021-11-27,dengue,Kerala,Kannur,Iritty,11.9333,75.7,0,1,0.738827991172377,0.0001209359862845,0.0001209359862845
2022-10-19,dengue,Kerala,Kannur,Iritty,11.9333,75.7,0,0,0.0935532271287777,4.8374394513834085e-05,4.8374394513834085e-05
2023-09-11,dengue,Kerala,Kannur,Iritty,11.9333,75.7,0,0,0.1300317769733521,0.0,0.0
2023-10-22,dengue,Kerala,Kannur,Iritty,11.9333,75.7,0,1,0.6928334493274444,0.0006184921572263,0.0006184921572263
2024-07-07,dengue,Kerala,Kannur,Iritty,11.9333,75.7,1,0,0.1495775859944379,0.0,0.0
2024-09-14,dengue,Kerala,Kannur,Iritty,11.9333,75.7,1,0,0.1587027793130667,0.1161111392927186,0.1161111392927186
2020-07-06,dengue,Kerala,Kannur,Kannur,11.8763836,75.3737973,1,0,0.1474918709681602,0.0,0.0
2020-09-13,dengue,Kerala,Kannur,Kannur,11.8763836,75.3737973,0,1,0.6754331301450719,0.0,0.0
2022-07-07,dengue,Kerala,Kannur,Kannur,11.8763836,75.3737973,0,1,0.6180078381198288,0.0004918063442239,0.0004918063442239
2022-11-23,dengue,Kerala,Kannur,Kannur,11.8763836,75.3737973,0,0,0.4712807492298496,0.0005745878784976,0.0005745878784976
2022-11-26,dengue,Kerala,Kannur,Kannur,11.8763836,75.3737973,0,1,0.7083199711653592,0.0,0.0
2023-12-30,dengue,Kerala,Kannur,Kannur,11.8763836,75.3737973,0,1,0.5795540780762443,0.0216447839195635,0.0216447839195635
2024-05-03,dengue,Kerala,Kannur,Kannur,11.8763836,75.3737973,0,1,0.656742550066154,3.934823941021221e-06,3.934823941021221e-06
2021-07-06,dengue,Kerala,Kannur,Payyanur,12.1,75.2,1,1,0.5100515696464597,0.0,0.0
2021-10-22,dengue,Kerala,Kannur,Payyanur,12.1,75.2,0,1,0.6985300651996572,0.0030059995946605,0.0030059995946605
2022-08-09,dengue,Kerala,Kannur,Payyanur,12.1,75.2,0,1,0.6511083409405259,0.0,0.0
2022-09-11,dengue,Kerala,Kannur,Payyanur,12.1,75.2,0,1,0.5032664946218124,0.0020356346907012,0.0020356346907012
2022-11-22,dengue,Kerala,Kannur,Payyanur,12.1,75.2,0,1,0.7023552277866513,0.0,0.0
2022-11-25,dengue,Kerala,Kannur,Payyanur,12.1,75.2,0,0,0.2898814616919742,0.0004931813594376,0.0004931813594376
2023-11-18,dengue,Kerala,Kannur,Payyanur,12.1,75.2,1,0,0.2557867699588718,0.0006456896089059,0.0006456896089059
2023-11-25,dengue,Kerala,Kannur,Payyanur,12.1,75.2,0,0,0.1160290127174514,0.0023278963032598,0.0023278963032598
2023-12-31,dengue,Kerala,Kannur,Payyanur,12.1,75.2,0,1,0.7171621529870942,0.0,0.0
2024-05-02,dengue,Kerala,Kannur,Payyanur,12.1,75.2,0,1,0.6900067971206356,0.0,0.0
2024-10-22,dengue,Kerala,Kannur,Payyanur,12.1,75.2,1,1,0.5022679315367407,0.0,0.0
2020-08-09,dengue,Kerala,Kannur,Taliparamba,12.0333,75.35,1,1,0.7148889637480356,0.0,0.0
2020-11-26,dengue,Kerala,Kannur,Taliparamba,12.0333,75.35,0,1,0.7085367123741294,0.0,0.0
2020-12-31,dengue,Kerala,Kannur,Taliparamba,12.0333,75.35,0,1,0.7144960310153455,0.0,0.0
2021-09-11,dengue,Kerala,Kannur,Taliparamba,12.0333,75.35,0,1,0.6401803907328695,8.062399085639016e-05,8.062399085639016e-05
2021-10-17,dengue,Kerala,Kannur,Taliparamba,12.0333,75.35,0,1,0.6628231377371678,0.0013706078445586,0.0013706078445586
2021-11-26,dengue,Kerala,Kannur,Taliparamba,12.0333,75.35,0,0,0.0835446138654026,0.0,0.0
2022-09-13,dengue,Kerala,Kannur,Taliparamba,12.0333,75.35,0,1,0.7253819024766796,0.0240765362880031,0.0240765362880031
2023-09-11,dengue,Kerala,Kannur,Taliparamba,12.0333,75.35,0,0,0.2452503290381544,0.0,0.0
2023-09-13,dengue,Kerala,Kannur,Taliparamba,12.0333,75.35,0,0,0.1872272756288222,0.0029250215955976,0.0029250215955976
2023-10-17,dengue,Kerala,Kannur,Taliparamba,12.0333,75.35,0,0,0.2043109179972627,0.0,0.0
2024-06-04,dengue,Kerala,Kannur,Taliparamba,12.0333,75.35,0,0,0.3098878664852825,0.0,0.0
2024-10-21,dengue,Kerala,Kannur,Taliparamba,12.0333,75.35,0,1,0.6788681751664845,0.0177251667958021,0.0177251667958021
2020-06-06,dengue,Kerala,Kannur,Thalassery,11.75,75.4833,0,0,0.0561495032111603,0.0,0.0
2020-07-08,dengue,Kerala,Kannur,Thalassery,11.75,75.4833,1,1,0.6812899667143667,0.0,0.0
2020-09-11,dengue,Kerala,Kannur,Thalassery,11.75,75.4833,0,0,0.0749615042088986,0.0191470511858459,0.0191470511858459
2021-05-03,dengue,Kerala,Kannur,Thalassery,11.75,75.4833,0,0,0.0764052489326274,0.0,0.0
2021-06-06,dengue,Kerala,Kannur,Thalassery,11.75,75.4833,0,0,0.2515763747731219,0.0001612479817127,0.0001612479817127
2021-11-25,dengue,Kerala,Kannur,Thalassery,11.75,75.4833,1,1,0.6773757630639975,0.0007681270474452,0.0007681270474452
2021-11-28,dengue,Kerala,Kannur,Thalassery,11.75,75.4833,0,1,0.6703805754273054,0.0953266726465235,0.0953266726465235
2022-05-03,dengue,Kerala,Kannur,Thalassery,11.75,75.4833,0,1,0.6377778319055085,0.0,0.0
2022-10-19,dengue,Kerala,Kannur,Thalassery,11.75,75.4833,0,0,0.3973445513332792,0.168766440195012,0.168766440195012
2022-12-30,dengue,Kerala,Kannur,Thalassery,11.75,75.4833,0,0,0.407148837540106,0.0,0.0
2023-11-24,dengue,Kerala,Kannur,Thalassery,11.75,75.4833,0,0,0.4157702610981261,0.0,0.0
2023-11-26,dengue,Kerala,Kannur,Thalassery,11.75,75.4833,0,1,0.7103914030724456,0.0016931038079841,0.0016931038079841
2023-11-28,dengue,Kerala,Kannur,Thalassery,11.75,75.4833,0,0,0.1212941271696872,0.0,0.0
2024-09-14,dengue,Kerala,Kannur,Thalassery,11.75,75.4833,0,0,0.144962240181233,0.0,0.0
2024-10-19,dengue,Kerala,Kannur,Thalassery,11.75,75.4833,0,0,0.1756670452619586,4.031199542819508e-05,4.031199542819508e-05
2020-05-03,dengue,Kerala,Kasaragod,Hosdurg,12.3167,75.1,1,0,0.2292198880982796,0.0,0.0
2021-11-25,dengue,Kerala,Kasaragod,Hosdurg,12.3167,75.1,0,1,0.7174227813431906,0.0100023693155822,0.0100023693155822
2023-05-03,dengue,Kerala,Kasaragod,Hosdurg,12.3167,75.1,0,0,0.3943620280033184,0.0,0.0
2023-09-11,dengue,Kerala,Kasaragod,Hosdurg,12.3167,75.1,1,0,0.0942564601399588,0.0001343733180939,0.0001343733180939
2023-11-24,dengue,Kerala,Kasaragod,Hosdurg,12.3167,75.1,0,0,0.0858260626659996,0.9999999983333334,0.9999999983333334
2024-11-25,dengue,Kerala,Kasaragod,Hosdurg,12.3167,75.1,0,0,0.1062004914960406,0.0,0.0
2020-10-15,dengue,Kerala,Kasaragod,Kasaragod,12.5035577,74.9907022,1,0,0.1940610811854487,0.0,0.0
2020-10-16,dengue,Kerala,Kasaragod,Kasaragod,12.5035577,74.9907022,0,0,0.1253201153719605,0.0,0.0
2020-10-18,dengue,Kerala,Kasaragod,Kasaragod,12.5035577,74.9907022,0,1,0.6828551665984665,0.0,0.0
2020-11-23,dengue,Kerala,Kasaragod,Kasaragod,12.5035577,74.9907022,0,1,0.688064856038024,0.0,0.0
2021-06-05,dengue,Kerala,Kasaragod,Kasaragod,12.5035577,74.9907022,0,1,0.7122569781986563,0.0139709858441144,0.0139709858441144
2021-07-07,dengue,Kerala,Kasaragod,Kasaragod,12.5035577,74.9907022,0,1,0.6063514880075194,0.0,0.0
2021-11-25,dengue,Kerala,Kasaragod,Kasaragod,12.5035577,74.9907022,0,1,0.6850593602261441,0.0001881226453315,0.0001881226453315
2022-05-03,dengue,Kerala,Kasaragod,Kasaragod,12.5035577,74.9907022,0,1,0.7105767810107909,0.0,0.0
2023-07-08,dengue,Kerala,Kasaragod,Kasaragod,12.5035577,74.9907022,0,1,0.6439366177149712,0.0,0.0
2023-08-10,dengue,Kerala,Kasaragod,Kasaragod,12.5035577,74.9907022,0,1,0.6478272960898649,0.0,0.0
2023-09-13,dengue,Kerala,Kasaragod,Kasaragod,12.5035577,74.9907022,1,1,0.731813719571218,0.0017257568317065,0.0017257568317065
2023-10-20,dengue,Kerala,Kasaragod,Kasaragod,12.5035577,74.9907022,0,0,0.4481456191205529,0.1872342820415845,0.1872342820415845
2023-11-28,dengue,Kerala,Kasaragod,Kasaragod,12.5035577,74.9907022,0,1,0.6929098253941974,0.0,0.0
2021-09-11,dengue,Kerala,Kasaragod,Manjeshwaram,12.7167,74.8833,0,1,0.6956465134510791,0.0,0.0
2021-10-18,dengue,Kerala,Kasaragod,Manjeshwaram,12.7167,74.8833,1,1,0.6737507882573373,0.0001751159772114,0.0001751159772114
2022-08-11,dengue,Kerala,Kasaragod,Manjeshwaram,12.7167,74.8833,0,0,0.317995053571147,0.1213275725231447,0.1213275725231447
2022-09-15,dengue,Kerala,Kasaragod,Manjeshwaram,12.7167,74.8833,0,1,0.7194060518902278,0.0,0.0
2023-07-29,dengue,Kerala,Kasaragod,Manjeshwaram,12.7167,74.8833,0,1,0.6211820309819434,0.0002741215689117,0.0002741215689117
2023-09-02,dengue,Kerala,Kasaragod,Manjeshwaram,12.7167,74.8833,0,0,0.2482299848020709,0.0,0.0
2023-10-23,dengue,Kerala,Kasaragod,Manjeshwaram,12.7167,74.8833,0,0,0.2560369112193299,0.0,0.0
2023-11-18,dengue,Kerala,Kasaragod,Manjeshwaram,12.7167,74.8833,0,1,0.6781680385843487,0.0035176694017029,0.0035176694017029
2023-11-24,dengue,Kerala,Kasaragod,Manjeshwaram,12.7167,74.8833,0,1,0.6962039942861522,0.0,0.0
2023-11-27,dengue,Kerala,Kasaragod,Manjeshwaram,12.7167,74.8833,0,0,0.257427303087369,0.0002533896855486,0.0002533896855486
2024-05-04,dengue,Kerala,Kasaragod,Manjeshwaram,12.7167,74.8833,0,1,0.7024446271056276,0.0,0.0
2024-10-17,dengue,Kerala,Kasaragod,Manjeshwaram,12.7167,74.8833,1,1,0.7153415438033837,0.0,0.0
2020-08-08,dengue,Kerala,Kasaragod,Nileshwaram,12.25,75.1,0,0,0.4584984666590491,0.0,0.0
2020-11-24,dengue,Kerala,Kasaragod,Nileshwaram,12.25,75.1,1,1,0.5787954894065335,0.0,0.0
2021-02-01,dengue,Kerala,Kasaragod,Nileshwaram,12.25,75.1,0,1,0.6369404016627757,0.0239940212671428,0.0239940212671428
2021-10-17,dengue,Kerala,Kasaragod,Nileshwaram,12.25,75.1,0,1,0.7139599644923245,0.0,0.0
2021-11-25,dengue,Kerala,Kasaragod,Nileshwaram,12.25,75.1,0,0,0.2008977141716829,0.0,0.0
2022-07-06,dengue,Kerala,Kasaragod,Nileshwaram,12.25,75.1,0,0,0.2713031772764424,0.0006875510265972,0.0006875510265972
2022-08-09,dengue,Kerala,Kasaragod,Nileshwaram,12.25,75.1,0,1,0.7065912362928864,0.0,0.0
2022-09-14,dengue,Kerala,Kasaragod,Nileshwaram,12.25,75.1,0,1,0.6646648633570135,0.001815598052318,0.001815598052318
2022-11-22,dengue,Kerala,Kasaragod,Nileshwaram,12.25,75.1,1,1,0.666425723833642,0.0,0.0
2022-11-23,dengue,Kerala,Kasaragod,Nileshwaram,12.25,75.1,0,1,0.6188614756995972,0.0189805997957217,0.0189805997957217
2023-06-05,dengue,Kerala,Kasaragod,Nileshwaram,12.25,75.1,0,0,0.0909197674614484,0.0,0.0
2023-10-19,dengue,Kerala,Kasaragod,Nileshwaram,12.25,75.1,0,0,0.1024765001055912,0.0,0.0
2024-10-22,dengue,Kerala,Kasaragod,Nileshwaram,12.25,75.1,1,1,0.6864007170003764,0.0018396350227612,0.0018396350227612
2024-11-24,dengue,Kerala,Kasaragod,Nileshwaram,12.25,75.1,0,0,0.136339556079419,0.6277959111889448,0.6277959111889448
2021-09-12,dengue,Kerala,Kasaragod,Vellarikundu,12.4167,75.2333,0,0,0.0797899746570872,0.0,0.0
2021-11-25,dengue,Kerala,Kasaragod,Vellarikundu,12.4167,75.2333,1,1,0.7354174310593449,0.0,0.0
2022-07-06,dengue,Kerala,Kasaragod,Vellarikundu,12.4167,75.2333,1,1,0.6857453264148726,0.065632559771573,0.065632559771573
2022-08-10,dengue,Kerala,Kasaragod,Vellarikundu,12.4167,75.2333,0,0,0.1122158385597044,0.0,0.0
2023-08-10,dengue,Kerala,Kasaragod,Vellarikundu,12.4167,75.2333,1,1,0.6737866062252147,0.0006658056873931,0.0006658056873931
2023-09-13,dengue,Kerala,Kasaragod,Vellarikundu,12.4167,75.2333,0,1,0.6908680989371005,0.0018853700890375,0.0018853700890375
2023-11-27,dengue,Kerala,Kasaragod,Vellarikundu,12.4167,75.2333,1,1,0.5798720191322633,0.0,0.0
2024-06-04,dengue,Kerala,Kasaragod,Vellarikundu,12.4167,75.2333,0,1,0.7133276833523907,0.8796473213273815,0.8796473213273815
2024-08-10,dengue,Kerala,Kasaragod,Vellarikundu,12.4167,75.2333,0,1,0.6567429965075786,0.0,0.0
2020-06-04,dengue,Kerala,Kollam,Karunagappally,9.0574,76.5334,0,1,0.6315758471945659,0.0,0.0
2020-10-17,dengue,Kerala,Kollam,Karunagappally,9.0574,76.5334,1,1,0.7106011905940512,0.0,0.0
2021-02-01,dengue,Kerala,Kollam,Karunagappally,9.0574,76.5334,0,1,0.642525848138807,0.0047858028998928,0.0047858028998928
2021-08-10,dengue,Kerala,Kollam,Karunagappally,9.0574,76.5334,1,1,0.6863734649551989,0.0,0.0
2022-09-12,dengue,Kerala,Kollam,Karunagappally,9.0574,76.5334,0,1,0.6416971703218891,0.2270109537041245,0.2270109537041245
2022-11-27,dengue,Kerala,Kollam,Karunagappally,9.0574,76.5334,0,1,0.6921921587214541,0.0,0.0
2023-07-06,dengue,Kerala,Kollam,Karunagappally,9.0574,76.5334,0,1,0.7076975194850381,0.0,0.0
2023-11-27,dengue,Kerala,Kollam,Karunagappally,9.0574,76.5334,0,0,0.0634230243485926,0.0060199246506104,0.0060199246506104
2024-02-10,dengue,Kerala,Kollam,Karunagappally,9.0574,76.5334,0,1,0.7188857100131788,0.0,0.0
2024-05-03,dengue,Kerala,Kollam,Karunagappally,9.0574,76.5334,0,1,0.7265296241840669,0.0,0.0
2021-09-11,dengue,Kerala,Kollam,Kollam,8.8879509,76.5955013,0,1,0.7056427189048955,0.0,0.0
2021-11-28,dengue,Kerala,Kollam,Kollam,8.8879509,76.5955013,1,0,0.1419603046406547,0.0,0.0
2021-12-31,dengue,Kerala,Kollam,Kollam,8.8879509,76.5955013,0,0,0.2721552484577355,0.0037020905045964,0.0037020905045964
2022-09-11,dengue,Kerala,Kollam,Kollam,8.8879509,76.5955013,1,1,0.6943817968546679,0.0,0.0
2023-07-08,dengue,Kerala,Kollam,Kollam,8.8879509,76.5955013,0,0,0.3796359288718515,0.0020419004663145,0.0020419004663145
2023-07-08,dengue,Kerala,Kollam,Kollam,8.8879509,76.5955013,1,1,0.712209544259589,0.0,0.0
2023-10-16,dengue,Kerala,Kollam,Kollam,8.8879509,76.5955013,0,1,0.6654005426645042,0.0022046051978103,0.0022046051978103
2023-10-19,dengue,Kerala,Kollam,Kollam,8.8879509,76.5955013,0,1,0.5031257675098793,0.0,0.0
2023-10-20,dengue,Kerala,Kollam,Kollam,8.8879509,76.5955013,1,1,0.6036385726883822,0.0,0.0
2023-12-31,dengue,Kerala,Kollam,Kollam,8.8879509,76.5955013,1,1,0.7050399125774388,0.0052794984323585,0.0052794984323585
2024-03-01,dengue,Kerala,Kollam,Kollam,8.8879509,76.5955013,0,1,0.6813496086444567,0.0273961383920058,0.0273961383920058
2024-10-18,dengue,Kerala,Kollam,Kollam,8.8879509,76.5955013,1,1,0.7201373311131064,0.0,0.0
2022-02-01,dengue,Kerala,Kollam,Kottarakkara,9.0002,76.7788,0,1,0.7139573367868326,0.0,0.0
2022-07-08,dengue,Kerala,Kollam,Kottarakkara,9.0002,76.7788,1,1,0.5290471191866984,0.0,0.0
2022-09-14,dengue,Kerala,Kollam,Kottarakkara,9.0002,76.7788,0,1,0.6546973221037087,0.9999999983333334,0.9999999983333334
2022-10-21,dengue,Kerala,Kollam,Kottarakkara,9.0002,76.7788,0,1,0.6884134271060024,0.0,0.0
2023-05-03,dengue,Kerala,Kollam,Kottarakkara,9.0002,76.7788,0,1,0.6945037893494803,0.0086751414161475,0.0086751414161475
2023-06-04,dengue,Kerala,Kollam,Kottarakkara,9.0002,76.7788,0,1,0.6672878321096027,0.0,0.0
2023-06-04,dengue,Kerala,Kollam,Kottarakkara,9.0002,76.7788,0,1,0.6982037786936682,0.0,0.0
2023-10-20,dengue,Kerala,Kollam,Kottarakkara,9.0002,76.7788,0,1,0.6760192646071255,0.0851746218477588,0.0851746218477588
2023-12-30,dengue,Kerala,Kollam,Kottarakkara,9.0002,76.7788,0,0,0.0838144922772797,0.0,0.0
2020-08-10,dengue,Kerala,Kollam,Kunnathoor,9.0292,76.627,1,0,0.0673370009940154,0.0,0.0
2021-10-17,dengue,Kerala,Kollam,Kunnathoor,9.0292,76.627,1,1,0.7226084237771451,0.0007615778975221,0.0007615778975221
2021-10-17,dengue,Kerala,Kollam,Kunnathoor,9.0292,76.627,0,1,0.6738192546020179,0.0028517768527235,0.0028517768527235
2021-10-20,dengue,Kerala,Kollam,Kunnathoor,9.0292,76.627,0,1,0.6882148613820785,0.0,0.0
2021-10-21,dengue,Kerala,Kollam,Kunnathoor,9.0292,76.627,1,1,0.6876199407979208,0.0007847404175863,0.0007847404175863
2022-02-01,dengue,Kerala,Kollam,Kunnathoor,9.0292,76.627,0,1,0.7477722962921127,0.0089938586128676,0.0089938586128676
2022-06-05,dengue,Kerala,Kollam,Kunnathoor,9.0292,76.627,0,0,0.1402331375210492,0.0,0.0
2022-08-10,dengue,Kerala,Kollam,Kunnathoor,9.0292,76.627,0,0,0.1462328737245521,0.0,0.0
2022-11-24,dengue,Kerala,Kollam,Kunnathoor,9.0292,76.627,1,0,0.1159904863891191,4.031199542819508e-05,4.031199542819508e-05
2023-03-02,dengue,Kerala,Kollam,Kunnathoor,9.0292,76.627,1,0,0.1621731487928387,0.036735116539122,0.036735116539122
2023-08-09,dengue,Kerala,Kollam,Kunnathoor,9.0292,76.627,1,1,0.7045932078669175,0.0006307762391793,0.0006307762391793
2023-08-10,dengue,Kerala,Kollam,Kunnathoor,9.0292,76.627,0,0,0.1011084714149687,0.0020389112830232,0.0020389112830232
2023-09-13,dengue,Kerala,Kollam,Kunnathoor,9.0292,76.627,0,1,0.6920150933851218,0.0,0.0
2023-10-15,dengue,Kerala,Kollam,Kunnathoor,9.0292,76.627,0,1,0.7420796895279619,0.0003455313893845,0.0003455313893845
2023-10-21,dengue,Kerala,Kollam,Kunnathoor,9.0292,76.627,0,0,0.2611034154913395,0.0,0.0
2024-08-09,dengue,Kerala,Kollam,Kunnathoor,9.0292,76.627,0,1,0.5664592511710691,0.0001343733180939,0.0001343733180939
2024-10-17,dengue,Kerala,Kollam,Kunnathoor,9.0292,76.627,0,1,0.6903783354694204,0.0,0.0
2024-10-18,dengue,Kerala,Kollam,Kunnathoor,9.0292,76.627,0,1,0.7247280704086445,0.0,0.0
2020-08-08,dengue,Kerala,Kollam,Pathanapuram,9.1,76.87,1,1,0.7259035481691025,0.0,0.0
2020-09-14,dengue,Kerala,Kollam,Pathanapuram,9.1,76.87,0,0,0.0871548671652549,0.0058841292052872,0.0058841292052872
2020-10-16,dengue,Kerala,Kollam,Pathanapuram,9.1,76.87,0,0,0.1017291519229298,0.0,0.0
2020-11-29,dengue,Kerala,Kollam,Pathanapuram,9.1,76.87,0,1,0.7021950285220475,0.0,0.0
2021-06-05,dengue,Kerala,Kollam,Pathanapuram,9.1,76.87,0,1,0.6730421640119094,0.0054211738059409,0.0054211738059409
2021-08-10,dengue,Kerala,Kollam,Pathanapuram,9.1,76.87,0,1,0.6344796596709049,3.180096811691956e-05,3.180096811691956e-05
2021-09-13,dengue,Kerala,Kollam,Pathanapuram,9.1,76.87,1,1,0.6281954954685051,0.0,0.0
2022-06-05,dengue,Kerala,Kollam,Pathanapuram,9.1,76.87,0,1,0.7085338374883757,0.0077798721805135,0.0077798721805135
2022-08-09,dengue,Kerala,Kollam,Pathanapuram,9.1,76.87,0,1,0.6658736439280623,0.0,0.0
2022-10-18,dengue,Kerala,Kollam,Pathanapuram,9.1,76.87,0,0,0.4063517441386735,0.0005643679359947,0.0005643679359947
2022-10-22,dengue,Kerala,Kollam,Pathanapuram,9.1,76.87,0,1,0.7053978962859163,0.0,0.0
2023-06-10,dengue,Kerala,Kollam,Pathanapuram,9.1,76.87,1,1,0.6949861347412376,0.0001036594168153,0.0001036594168153
2023-09-14,dengue,Kerala,Kollam,Pathanapuram,9.1,76.87,0,1,0.6919585346433698,0.9999999983333334,0.9999999983333334
2023-11-25,dengue,Kerala,Kollam,Pathanapuram,9.1,76.87,0,0,0.1580705739549877,0.0,0.0
2023-12-31,dengue,Kerala,Kollam,Pathanapuram,9.1,76.87,0,0,0.112031975312512,0.0,0.0
2024-06-04,dengue,Kerala,Kollam,Pathanapuram,9.1,76.87,0,1,0.670378905994846,0.0,0.0
2024-08-11,dengue,Kerala,Kollam,Pathanapuram,9.1,76.87,1,1,0.5694591049864757,0.0019752877759815,0.0019752877759815
2024-10-21,dengue,Kerala,Kollam,Pathanapuram,9.1,76.87,1,1,0.6895925221524596,0.4647800781470459,0.4647800781470459
2020-07-08,dengue,Kerala,Kollam,Punalur,9.0089,76.9269,0,1,0.7322516576160456,0.0,0.0
2020-08-10,dengue,Kerala,Kollam,Punalur,9.0089,76.9269,1,1,0.672389854252921,0.0,0.0
2020-09-11,dengue,Kerala,Kollam,Punalur,9.0089,76.9269,0,1,0.6903187590833835,0.0060101808802293,0.0060101808802293
2020-10-22,dengue,Kerala,Kollam,Punalur,9.0089,76.9269,1,1,0.7447784085116794,0.0,0.0
2020-11-24,dengue,Kerala,Kollam,Punalur,9.0089,76.9269,0,1,0.7112071994836582,0.0111027379047071,0.0111027379047071
2020-11-27,dengue,Kerala,Kollam,Punalur,9.0089,76.9269,0,0,0.1498588455772033,0.0,0.0
2021-09-11,dengue,Kerala,Kollam,Punalur,9.0089,76.9269,0,0,0.0854660917896857,8.398332380873974e-05,8.398332380873974e-05
2021-11-26,dengue,Kerala,Kollam,Punalur,9.0089,76.9269,0,1,0.6998331710272402,0.0,0.0
2021-11-28,dengue,Kerala,Kollam,Punalur,9.0089,76.9269,1,0,0.1694444206015127,0.0,0.0
2022-07-07,dengue,Kerala,Kollam,Punalur,9.0089,76.9269,0,0,0.1406213823370323,0.0321076027485275,0.0321076027485275
2023-06-05,dengue,Kerala,Kollam,Punalur,9.0089,76.9269,0,0,0.1479088671380988,0.0,0.0
2023-09-12,dengue,Kerala,Kollam,Punalur,9.0089,76.9269,1,0,0.1952171350463926,0.0,0.0
2023-11-28,dengue,Kerala,Kollam,Punalur,9.0089,76.9269,0,0,0.1471283156237154,0.0834963309712903,0.0834963309712903
2024-08-09,dengue,Kerala,Kollam,Punalur,9.0089,76.9269,0,0,0.1352761216884838,0.0,0.0
2020-09-12,dengue,Kerala,Kottayam,Changanassery,9.45,76.5333,0,0,0.1844424980079774,0.0,0.0
2020-10-16,dengue,Kerala,Kottayam,Changanassery,9.45,76.5333,0,1,0.7342682758927951,0.0,0.0
2020-10-17,dengue,Kerala,Kottayam,Changanassery,9.45,76.5333,0,1,0.7163592719095062,0.0002821839679973,0.0002821839679973
2020-10-19,dengue,Kerala,Kottayam,Changanassery,9.45,76.5333,0,1,0.7595614115654483,0.0,0.0
2021-06-04,dengue,Kerala,Kottayam,Changanassery,9.45,76.5333,0,1,0.6316901559431796,0.0,0.0
2021-10-18,dengue,Kerala,Kottayam,Changanassery,9.45,76.5333,0,1,0.6811792036575441,0.0016649666129291,0.0016649666129291
2021-11-27,dengue,Kerala,Kottayam,Changanassery,9.45,76.5333,0,0,0.1077037796563602,0.0,0.0
2022-10-17,dengue,Kerala,Kottayam,Changanassery,9.45,76.5333,0,0,0.2323527247201999,0.0002666237499848,0.0002666237499848
2023-05-03,dengue,Kerala,Kottayam,Changanassery,9.45,76.5333,0,0,0.1069989009822324,0.0,0.0
2023-08-05,dengue,Kerala,Kottayam,Changanassery,9.45,76.5333,0,0,0.1006733458626577,0.0003224959634255,0.0003224959634255
2023-09-14,dengue,Kerala,Kottayam,Changanassery,9.45,76.5333,0,0,0.1109141661860614,0.0,0.0
2023-11-11,dengue,Kerala,Kottayam,Changanassery,9.45,76.5333,0,0,0.0947732021477787,0.0039991341228527,0.0039991341228527
2023-11-18,dengue,Kerala,Kottayam,Changanassery,9.45,76.5333,0,1,0.7347940338689126,0.0,0.0
2024-06-05,dengue,Kerala,Kottayam,Changanassery,9.45,76.5333,1,1,0.689379136627837,0.0008360025562371,0.0008360025562371
2020-10-22,dengue,Kerala,Kottayam,Kanjirappally,9.5667,76.7833,1,0,0.2198084697278014,0.0,0.0
2021-09-12,dengue,Kerala,Kottayam,Kanjirappally,9.5667,76.7833,1,0,0.1154653011808699,0.000380788948761,0.000380788948761
2021-11-24,dengue,Kerala,Kottayam,Kanjirappally,9.5667,76.7833,0,1,0.6862866004890011,0.9999999983333334,0.9999999983333334
2023-02-01,dengue,Kerala,Kottayam,Kanjirappally,9.5667,76.7833,0,0,0.4834648252347997,0.0,0.0
2023-06-06,dengue,Kerala,Kottayam,Kanjirappally,9.5667,76.7833,0,0,0.2901096192503181,0.1534819861231015,0.1534819861231015
2023-10-18,dengue,Kerala,Kottayam,Kanjirappally,9.5667,76.7833,0,0,0.3171859345006999,0.0,0.0
2023-10-21,dengue,Kerala,Kottayam,Kanjirappally,9.5667,76.7833,0,1,0.6972566404316966,0.0015318558262714,0.0015318558262714
2023-11-26,dengue,Kerala,Kottayam,Kanjirappally,9.5667,76.7833,0,1,0.6888851095008084,0.0006973975209077,0.0006973975209077
2024-10-17,dengue,Kerala,Kottayam,Kanjirappally,9.5667,76.7833,0,1,0.7351980195610814,0.0063117568070679,0.0063117568070679
2020-06-04,dengue,Kerala,Kottayam,Kottayam,9.6287383,76.64553257,1,1,0.5512564158202413,0.0,0.0
2020-10-16,dengue,Kerala,Kottayam,Kottayam,9.6287383,76.64553257,1,0,0.2760418721815494,1.3437331809398353e-05,1.3437331809398353e-05
2020-11-26,dengue,Kerala,Kottayam,Kottayam,9.6287383,76.64553257,1,0,0.3474525887009561,0.719259581060612,0.719259581060612
2021-09-11,dengue,Kerala,Kottayam,Kottayam,9.6287383,76.64553257,0,1,0.6703232605935958,0.0,0.0
2022-05-03,dengue,Kerala,Kottayam,Kottayam,9.6287383,76.64553257,0,1,0.6764063059419978,2.5860525369030797e-05,2.5860525369030797e-05
2023-10-28,dengue,Kerala,Kottayam,Kottayam,9.6287383,76.64553257,0,1,0.658636160655543,0.0,0.0
2024-03-02,dengue,Kerala,Kottayam,Kottayam,9.6287383,76.64553257,0,1,0.7362773020365815,0.0,0.0
2024-09-13,dengue,Kerala,Kottayam,Kottayam,9.6287383,76.64553257,0,0,0.1874374388516139,0.0,0.0
2024-11-23,dengue,Kerala,Kottayam,Kottayam,9.6287383,76.64553257,0,0,0.0986295365185105,0.0122537105097118,0.0122537105097118
2024-11-25,dengue,Kerala,Kottayam,Kottayam,9.6287383,76.64553257,0,1,0.6911947035241144,6.821077571280704e-06,6.821077571280704e-06
2020-06-04,dengue,Kerala,Kottayam,Meenachil,9.7167,76.6833,1,0,0.3784101786302074,0.0,0.0
2020-06-05,dengue,Kerala,Kottayam,Meenachil,9.7167,76.6833,1,0,0.1098805779842069,0.4609149697147831,0.4609149697147831
2021-05-03,dengue,Kerala,Kottayam,Meenachil,9.7167,76.6833,0,1,0.6841633613387339,0.0,0.0
2021-08-09,dengue,Kerala,Kottayam,Meenachil,9.7167,76.6833,0,1,0.6802511044234408,0.0,0.0
2021-10-21,dengue,Kerala,Kottayam,Meenachil,9.7167,76.6833,0,1,0.7711166100468358,0.0,0.0
2022-07-07,dengue,Kerala,Kottayam,Meenachil,9.7167,76.6833,0,0,0.1538219558463122,0.0003224959634255,0.0003224959634255
2022-08-10,dengue,Kerala,Kottayam,Meenachil,9.7167,76.6833,0,1,0.7132011487747554,0.0,0.0
2022-11-27,dengue,Kerala,Kottayam,Meenachil,9.7167,76.6833,0,1,0.6999736696985269,0.0,0.0
2023-10-14,dengue,Kerala,Kottayam,Meenachil,9.7167,76.6833,0,0,0.0899296452200669,0.003010349610274,0.003010349610274
2023-10-16,dengue,Kerala,Kottayam,Meenachil,9.7167,76.6833,0,0,0.1040527133978187,0.0002180584300502,0.0002180584300502
2023-10-17,dengue,Kerala,Kottayam,Meenachil,9.7167,76.6833,0,1,0.6935907887481875,0.0,0.0
2023-10-22,dengue,Kerala,Kottayam,Meenachil,9.7167,76.6833,0,1,0.646141304641548,0.0122296631451568,0.0122296631451568
2023-11-25,dengue,Kerala,Kottayam,Meenachil,9.7167,76.6833,0,0,0.1822484798987894,0.0,0.0
2024-07-07,dengue,Kerala,Kottayam,Meenachil,9.7167,76.6833,0,0,0.1497983741768539,0.0,0.0
2024-09-11,dengue,Kerala,Kottayam,Meenachil,9.7167,76.6833,1,0,0.0714422442677036,0.0108433691303469,0.0108433691303469
2020-06-04,dengue,Kerala,Kottayam,Vaikom,9.75,76.4,1,0,0.1154593301302897,0.0,0.0
2020-11-23,dengue,Kerala,Kottayam,Vaikom,9.75,76.4,1,0,0.1450579436437756,0.9999999983333334,0.9999999983333334
2021-05-03,dengue,Kerala,Kottayam,Vaikom,9.75,76.4,0,1,0.7101261371786087,0.0,0.0
2021-06-04,dengue,Kerala,Kottayam,Vaikom,9.75,76.4,0,1,0.6816474607211349,0.0,0.0
2021-09-12,dengue,Kerala,Kottayam,Vaikom,9.75,76.4,0,0,0.0976229390152736,0.0006449919268511,0.0006449919268511
2021-10-21,dengue,Kerala,Kottayam,Vaikom,9.75,76.4,0,0,0.1321382236303552,0.0157261573275992,0.0157261573275992
2022-06-04,dengue,Kerala,Kottayam,Vaikom,9.75,76.4,0,1,0.6522359523054158,0.0,0.0
2022-10-15,dengue,Kerala,Kottayam,Vaikom,9.75,76.4,0,0,0.2026667158198314,0.0002553093043785,0.0002553093043785
2022-10-20,dengue,Kerala,Kottayam,Vaikom,9.75,76.4,0,0,0.1564454022620478,0.0001225484661017,0.0001225484661017
2023-09-13,dengue,Kerala,Kottayam,Vaikom,9.75,76.4,1,1,0.6802250897506847,0.0,0.0
2023-09-14,dengue,Kerala,Kottayam,Vaikom,9.75,76.4,0,0,0.1959855567626147,0.3341377078129177,0.3341377078129177
2023-11-23,dengue,Kerala,Kottayam,Vaikom,9.75,76.4,0,0,0.098335013608625,0.0,0.0
2020-11-26,dengue,Kerala,Kozhikode,Koyilandy,11.4333,75.7,1,0,0.2578714763660044,0.0,0.0
2021-06-06,dengue,Kerala,Kozhikode,Koyilandy,11.4333,75.7,1,0,0.1859090842724161,0.2375447718998713,0.2375447718998713
2021-10-17,dengue,Kerala,Kozhikode,Koyilandy,11.4333,75.7,0,1,0.677772520143968,0.0123880561748473,0.0123880561748473
2021-11-23,dengue,Kerala,Kozhikode,Koyilandy,11.4333,75.7,0,1,0.7475344320639944,0.0,0.0
2021-12-30,dengue,Kerala,Kozhikode,Koyilandy,11.4333,75.7,0,0,0.0849995617348849,0.0,0.0
2022-05-03,dengue,Kerala,Kozhikode,Koyilandy,11.4333,75.7,0,0,0.1183715252542707,0.0,0.0
2022-06-04,dengue,Kerala,Kozhikode,Koyilandy,11.4333,75.7,0,0,0.1195949409139596,0.0,0.0
2022-08-09,dengue,Kerala,Kozhikode,Koyilandy,11.4333,75.7,0,1,0.7009555327148831,0.0,0.0
2022-10-19,dengue,Kerala,Kozhikode,Koyilandy,11.4333,75.7,0,1,0.5102176603303343,0.0006661285366848,0.0006661285366848
2022-11-24,dengue,Kerala,Kozhikode,Koyilandy,11.4333,75.7,0,1,0.6522996448931886,0.0012705365904468,0.0012705365904468
2022-11-28,dengue,Kerala,Kozhikode,Koyilandy,11.4333,75.7,0,1,0.7037348964849873,0.000257705417332,0.000257705417332
2023-06-04,dengue,Kerala,Kozhikode,Koyilandy,11.4333,75.7,0,1,0.5203820516508607,0.0,0.0
2023-07-06,dengue,Kerala,Kozhikode,Koyilandy,11.4333,75.7,0,0,0.3215667965742249,0.0,0.0
2023-07-07,dengue,Kerala,Kozhikode,Koyilandy,11.4333,75.7,0,1,0.7197514456597971,0.0,0.0
2023-11-24,dengue,Kerala,Kozhikode,Koyilandy,11.4333,75.7,0,1,0.6693422993292641,0.0018631431447613,0.0018631431447613
2023-11-24,dengue,Kerala,Kozhikode,Koyilandy,11.4333,75.7,0,0,0.1155675348177397,0.0,0.0
2020-10-17,dengue,Kerala,Kozhikode,Kozhikode,11.2450558,75.7754716,1,0,0.054943800481329,0.0,0.0
2022-07-07,dengue,Kerala,Kozhikode,Kozhikode,11.2450558,75.7754716,0,1,0.6635438250827415,0.0004015617235141,0.0004015617235141
2022-11-24,dengue,Kerala,Kozhikode,Kozhikode,11.2450558,75.7754716,1,1,0.6795411957416255,0.0,0.0
2023-05-02,dengue,Kerala,Kozhikode,Kozhikode,11.2450558,75.7754716,0,1,0.6424247539336979,0.0103892329206579,0.0103892329206579
2023-08-08,dengue,Kerala,Kozhikode,Kozhikode,11.2450558,75.7754716,0,1,0.6906446528613653,0.0,0.0
2023-09-14,dengue,Kerala,Kozhikode,Kozhikode,11.2450558,75.7754716,0,1,0.6583085782749784,0.0023035425958968,0.0023035425958968
2023-10-20,dengue,Kerala,Kozhikode,Kozhikode,11.2450558,75.7754716,0,1,0.712789889033133,0.0,0.0
2020-05-03,dengue,Kerala,Kozhikode,Thamarassery,11.2667,75.9333,0,1,0.536791670293962,0.0,0.0
2020-06-04,dengue,Kerala,Kozhikode,Thamarassery,11.2667,75.9333,0,0,0.3654348811733105,0.0,0.0
2021-08-08,dengue,Kerala,Kozhikode,Thamarassery,11.2667,75.9333,0,0,0.4976081884766018,0.0005875425343847,0.0005875425343847
2021-09-12,dengue,Kerala,Kozhikode,Thamarassery,11.2667,75.9333,1,0,0.446726214544509,0.0,0.0
2021-10-19,dengue,Kerala,Kozhikode,Thamarassery,11.2667,75.9333,1,1,0.6930647294164148,0.0037533886226786,0.0037533886226786
2021-11-27,dengue,Kerala,Kozhikode,Thamarassery,11.2667,75.9333,1,1,0.7261155432232878,0.0013199441823549,0.0013199441823549
2022-07-08,dengue,Kerala,Kozhikode,Thamarassery,11.2667,75.9333,0,0,0.1714534043124554,0.0011659522004459,0.0011659522004459
2022-11-25,dengue,Kerala,Kozhikode,Thamarassery,11.2667,75.9333,0,1,0.6977388588661617,0.0,0.0
2023-10-07,dengue,Kerala,Kozhikode,Thamarassery,11.2667,75.9333,1,1,0.7027240441893057,0.0014442350725898,0.0014442350725898
2023-10-16,dengue,Kerala,Kozhikode,Thamarassery,11.2667,75.9333,0,0,0.0883082512393716,0.1451801394452795,0.1451801394452795
2023-10-20,dengue,Kerala,Kozhikode,Thamarassery,11.2667,75.9333,0,1,0.7112056172503085,0.0,0.0
2024-03-01,dengue,Kerala,Kozhikode,Thamarassery,11.2667,75.9333,0,0,0.2119045005446585,0.0003386207615968,0.0003386207615968
2021-09-13,dengue,Kerala,Kozhikode,Vadakara,11.6,75.5833,1,0,0.2160405394977408,0.0,0.0
2022-05-03,dengue,Kerala,Kozhikode,Vadakara,11.6,75.5833,0,1,0.6890946671583461,0.0116740013316862,0.0116740013316862
2022-07-07,dengue,Kerala,Kozhikode,Vadakara,11.6,75.5833,0,1,0.6894884066648862,0.0,0.0
2022-10-21,dengue,Kerala,Kozhikode,Vadakara,11.6,75.5833,1,0,0.1123015410682352,0.0007256159177075,0.0007256159177075
2023-05-03,dengue,Kerala,Kozhikode,Vadakara,11.6,75.5833,0,0,0.1325847786730525,0.0104310385769673,0.0104310385769673
2023-06-06,dengue,Kerala,Kozhikode,Vadakara,11.6,75.5833,0,0,0.2236539010294005,6.729872831420443e-05,6.729872831420443e-05
2023-07-07,dengue,Kerala,Kozhikode,Vadakara,11.6,75.5833,1,1,0.7300556457779754,0.0006632885082765,0.0006632885082765
2023-10-15,dengue,Kerala,Kozhikode,Vadakara,11.6,75.5833,0,1,0.5278489301021028,0.0417041781243725,0.0417041781243725
2023-10-18,dengue,Kerala,Kozhikode,Vadakara,11.6,75.5833,0,1,0.7181473449417116,0.0,0.0
2023-11-11,dengue,Kerala,Kozhikode,Vadakara,11.6,75.5833,0,1,0.7195609120677605,0.0,0.0
2023-11-24,dengue,Kerala,Kozhikode,Vadakara,11.6,75.5833,0,1,0.6971464932506255,0.0001128735871989,0.0001128735871989
2024-08-10,dengue,Kerala,Kozhikode,Vadakara,11.6,75.5833,0,1,0.7238136132643674,0.0,0.0
2024-10-20,dengue,Kerala,Kozhikode,Vadakara,11.6,75.5833,0,1,0.6895650627594401,4.031199542819508e-05,4.031199542819508e-05
2020-02-01,dengue,Kerala,Malappuram,Ernad,11.1201,76.1197,0,0,0.4775541689889436,0.0,0.0
2020-11-24,dengue,Kerala,Malappuram,Ernad,11.1201,76.1197,0,0,0.3349587136503066,0.0,0.0
2021-07-07,dengue,Kerala,Malappuram,Ernad,11.1201,76.1197,1,1,0.708315040155608,0.0,0.0
2021-11-22,dengue,Kerala,Malappuram,Ernad,11.1201,76.1197,1,0,0.2089870350159261,0.9999999983333334,0.9999999983333334
2021-11-26,dengue,Kerala,Malappuram,Ernad,11.1201,76.1197,0,0,0.33512607737661,0.0,0.0
2022-08-08,dengue,Kerala,Malappuram,Ernad,11.1201,76.1197,0,1,0.6993268171568,0.000177372779884,0.000177372779884
2022-11-23,dengue,Kerala,Malappuram,Ernad,11.1201,76.1197,0,1,0.6639797761376195,0.0,0.0
2022-11-28,dengue,Kerala,Malappuram,Ernad,11.1201,76.1197,0,1,0.7024145797207177,0.0006999148201856,0.0006999148201856
2023-08-10,dengue,Kerala,Malappuram,Ernad,11.1201,76.1197,0,1,0.6890437889459494,0.0,0.0
2023-10-17,dengue,Kerala,Malappuram,Ernad,11.1201,76.1197,0,1,0.7232408034714141,0.0,0.0
2023-10-19,dengue,Kerala,Malappuram,Ernad,11.1201,76.1197,0,1,0.6883116707662128,0.0020407947685523,0.0020407947685523
2023-11-23,dengue,Kerala,Malappuram,Ernad,11.1201,76.1197,0,1,0.7171677447614688,0.0,0.0
2023-11-28,dengue,Kerala,Malappuram,Ernad,11.1201,76.1197,0,1,0.7040914722987541,0.0,0.0
2024-03-01,dengue,Kerala,Malappuram,Ernad,11.1201,76.1197,0,1,0.7248784166213149,0.0063083846168921,0.0063083846168921
2024-09-12,dengue,Kerala,Malappuram,Ernad,11.1201,76.1197,0,1,0.6634304023522926,0.0,0.0
2020-10-15,dengue,Kerala,Malappuram,Kondotty,11.15,75.9667,1,1,0.7282928624443064,0.0,0.0
2022-07-06,dengue,Kerala,Malappuram,Kondotty,11.15,75.9667,1,1,0.7097268989059405,0.0003581565232793,0.0003581565232793
2022-09-12,dengue,Kerala,Malappuram,Kondotty,11.15,75.9667,1,1,0.6895978322970238,0.0015166021573847,0.0015166021573847
2022-09-13,dengue,Kerala,Malappuram,Kondotty,11.15,75.9667,1,1,0.692173078956741,0.9999999983333334,0.9999999983333334
2022-09-14,dengue,Kerala,Malappuram,Kondotty,11.15,75.9667,0,1,0.7170790489595337,0.0,0.0
2023-06-05,dengue,Kerala,Malappuram,Kondotty,11.15,75.9667,0,0,0.2739859926303968,0.0002015599771409,0.0002015599771409
2023-10-23,dengue,Kerala,Malappuram,Kondotty,11.15,75.9667,0,1,0.6875091776940441,0.0,0.0
2024-06-03,dengue,Kerala,Malappuram,Kondotty,11.15,75.9667,0,1,0.7190885795470381,0.0,0.0
2024-06-04,dengue,Kerala,Malappuram,Kondotty,11.15,75.9667,0,1,0.7179508313394602,0.0006576028950838,0.0006576028950838
2020-05-03,dengue,Kerala,Malappuram,Nilambur,11.2833,76.2333,0,1,0.6122565515718655,0.0,0.0
2020-09-13,dengue,Kerala,Malappuram,Nilambur,11.2833,76.2333,0,1,0.680830741572517,0.0,0.0
2021-02-01,dengue,Kerala,Malappuram,Nilambur,11.2833,76.2333,1,1,0.6462739019401176,0.0006579756120617,0.0006579756120617
2021-08-09,dengue,Kerala,Malappuram,Nilambur,11.2833,76.2333,1,1,0.6640453667565319,0.0035987574413632,0.0035987574413632
2021-11-25,dengue,Kerala,Malappuram,Nilambur,11.2833,76.2333,0,0,0.0922945240146855,0.4076890393043516,0.4076890393043516
2022-07-06,dengue,Kerala,Malappuram,Nilambur,11.2833,76.2333,0,1,0.7269297357437496,0.0,0.0
2022-10-21,dengue,Kerala,Malappuram,Nilambur,11.2833,76.2333,1,1,0.5925455712770971,0.0227879338455907,0.0227879338455907
2022-11-25,dengue,Kerala,Malappuram,Nilambur,11.2833,76.2333,1,1,0.7124099601919924,0.0014858065528362,0.0014858065528362
2023-06-04,dengue,Kerala,Malappuram,Nilambur,11.2833,76.2333,0,1,0.7212893598753373,0.0022406699809967,0.0022406699809967
2023-07-06,dengue,Kerala,Malappuram,Nilambur,11.2833,76.2333,0,0,0.3258157474672675,0.0,0.0
2023-10-18,dengue,Kerala,Malappuram,Nilambur,11.2833,76.2333,0,1,0.6758173049904356,0.0,0.0
2023-10-19,dengue,Kerala,Malappuram,Nilambur,11.2833,76.2333,0,1,0.725104941510727,0.0,0.0
2023-11-27,dengue,Kerala,Malappuram,Nilambur,11.2833,76.2333,0,1,0.7082625362170738,0.0952950827049502,0.0952950827049502
2024-05-25,dengue,Kerala,Malappuram,Nilambur,11.2833,76.2333,1,0,0.2700802432027759,0.0,0.0
2024-09-14,dengue,Kerala,Malappuram,Nilambur,11.2833,76.2333,0,1,0.6981840725096721,0.2204465673821014,0.2204465673821014
2024-10-23,dengue,Kerala,Malappuram,Nilambur,11.2833,76.2333,0,1,0.6876151646627997,0.0005039812982109,0.0005039812982109
2020-05-03,dengue,Kerala,Malappuram,Perinthalmanna,10.9667,76.2167,1,1,0.6869138289908331,0.0,0.0
2020-10-20,dengue,Kerala,Malappuram,Perinthalmanna,10.9667,76.2167,1,1,0.6678554362931998,0.0027363916310939,0.0027363916310939
2021-08-11,dengue,Kerala,Malappuram,Perinthalmanna,10.9667,76.2167,1,1,0.681615342689395,0.0002174070829157,0.0002174070829157
2021-10-22,dengue,Kerala,Malappuram,Perinthalmanna,10.9667,76.2167,0,1,0.725053830725699,0.2259043960908049,0.2259043960908049
2021-12-31,dengue,Kerala,Malappuram,Perinthalmanna,10.9667,76.2167,0,1,0.7022705787490208,0.0,0.0
2022-07-07,dengue,Kerala,Malappuram,Perinthalmanna,10.9667,76.2167,0,1,0.5247241560760841,2.015599771409754e-05,2.015599771409754e-05
2022-11-25,dengue,Kerala,Malappuram,Perinthalmanna,10.9667,76.2167,0,0,0.1095830558752697,0.0,0.0
2023-07-15,dengue,Kerala,Malappuram,Perinthalmanna,10.9667,76.2167,1,0,0.178633171045869,0.0008062399085639,0.0008062399085639
2023-08-09,dengue,Kerala,Malappuram,Perinthalmanna,10.9667,76.2167,0,1,0.7211436962453986,0.1543477633039121,0.1543477633039121
2023-09-11,dengue,Kerala,Malappuram,Perinthalmanna,10.9667,76.2167,0,0,0.4141996949833643,0.0,0.0
2023-10-15,dengue,Kerala,Malappuram,Perinthalmanna,10.9667,76.2167,0,0,0.2152243450121281,0.0,0.0
2020-08-10,dengue,Kerala,Malappuram,Ponnani,10.7667,75.9167,1,1,0.6669559729088568,0.0,0.0
2020-09-14,dengue,Kerala,Malappuram,Ponnani,10.7667,75.9167,0,1,0.649476505045172,0.0,0.0
2020-11-24,dengue,Kerala,Malappuram,Ponnani,10.7667,75.9167,0,1,0.653169479634642,8.958221206265571e-06,8.958221206265571e-06
2022-06-05,dengue,Kerala,Malappuram,Ponnani,10.7667,75.9167,0,0,0.2156881957657247,0.0015573910756361,0.0015573910756361
2022-10-16,dengue,Kerala,Malappuram,Ponnani,10.7667,75.9167,0,0,0.3483807230376232,0.0,0.0
2023-06-05,dengue,Kerala,Malappuram,Ponnani,10.7667,75.9167,0,0,0.1608360626828724,0.0,0.0
2023-09-13,dengue,Kerala,Malappuram,Ponnani,10.7667,75.9167,1,1,0.6762698627538328,0.0,0.0
2023-11-25,dengue,Kerala,Malappuram,Ponnani,10.7667,75.9167,0,1,0.7172425502499796,0.0098847628617422,0.0098847628617422
2023-11-25,dengue,Kerala,Malappuram,Ponnani,10.7667,75.9167,0,0,0.3424881491992789,0.0,0.0
2024-08-09,dengue,Kerala,Malappuram,Ponnani,10.7667,75.9167,0,1,0.706570756882422,0.0,0.0
2020-09-11,dengue,Kerala,Malappuram,Tirur,10.9167,75.9167,0,1,0.6374474138750815,0.0,0.0
2020-09-13,dengue,Kerala,Malappuram,Tirur,10.9167,75.9167,0,0,0.2195311150954169,0.0,0.0
2022-05-03,dengue,Kerala,Malappuram,Tirur,10.9167,75.9167,0,1,0.6833724093981637,4.031199542819508e-05,4.031199542819508e-05
2022-09-11,dengue,Kerala,Malappuram,Tirur,10.9167,75.9167,0,1,0.6950185126153926,0.0005106186087571,0.0005106186087571
2022-10-16,dengue,Kerala,Malappuram,Tirur,10.9167,75.9167,0,1,0.6845647050898055,0.0,0.0
2023-07-07,dengue,Kerala,Malappuram,Tirur,10.9167,75.9167,1,0,0.4020647551711637,0.0020939602918286,0.0020939602918286
2023-08-10,dengue,Kerala,Malappuram,Tirur,10.9167,75.9167,0,1,0.7246788277463097,0.0087366988536468,0.0087366988536468
2023-10-19,dengue,Kerala,Malappuram,Tirur,10.9167,75.9167,0,1,0.735842844010322,0.0,0.0
2023-11-27,dengue,Kerala,Malappuram,Tirur,10.9167,75.9167,0,1,0.6869724054868742,0.0,0.0
2023-12-31,dengue,Kerala,Malappuram,Tirur,10.9167,75.9167,0,1,0.7164180420746608,4.8374394513834085e-05,4.8374394513834085e-05
2020-09-11,dengue,Kerala,Malappuram,Tirurangadi,11.0,75.9333,1,1,0.7191476361116167,0.0,0.0
2020-10-16,dengue,Kerala,Malappuram,Tirurangadi,11.0,75.9333,0,1,0.7213037501605828,0.0015331533929343,0.0015331533929343
2020-11-27,dengue,Kerala,Malappuram,Tirurangadi,11.0,75.9333,0,1,0.586389585803369,0.0,0.0
2021-12-30,dengue,Kerala,Malappuram,Tirurangadi,11.0,75.9333,0,1,0.6425209320278717,0.0,0.0
2022-07-07,dengue,Kerala,Malappuram,Tirurangadi,11.0,75.9333,0,1,0.5536160210120312,0.0010077998857048,0.0010077998857048
2022-08-11,dengue,Kerala,Malappuram,Tirurangadi,11.0,75.9333,0,1,0.6941542210762864,0.0,0.0
2022-09-11,dengue,Kerala,Malappuram,Tirurangadi,11.0,75.9333,0,1,0.6337341923821329,0.0003961580716849,0.0003961580716849
2022-10-17,dengue,Kerala,Malappuram,Tirurangadi,11.0,75.9333,0,0,0.1230086266159671,0.0030144109136689,0.0030144109136689
2022-10-18,dengue,Kerala,Malappuram,Tirurangadi,11.0,75.9333,0,0,0.2913149726373059,3.803335520043203e-05,3.803335520043203e-05
2022-11-28,dengue,Kerala,Malappuram,Tirurangadi,11.0,75.9333,0,1,0.6826186710691458,0.0,0.0
2023-08-10,dengue,Kerala,Malappuram,Tirurangadi,11.0,75.9333,1,1,0.6440859849142895,0.0,0.0
2023-09-11,dengue,Kerala,Malappuram,Tirurangadi,11.0,75.9333,1,1,0.7202811776525176,0.0177775939950745,0.0177775939950745
2023-11-24,dengue,Kerala,Malappuram,Tirurangadi,11.0,75.9333,0,1,0.7285346662047105,0.0077064902926742,0.0077064902926742
2023-11-26,dengue,Kerala,Malappuram,Tirurangadi,11.0,75.9333,0,1,0.6336201212160524,0.0,0.0
2024-08-09,dengue,Kerala,Malappuram,Tirurangadi,11.0,75.9333,1,1,0.7012093934705648,0.0,0.0
2024-08-10,dengue,Kerala,Malappuram,Tirurangadi,11.0,75.9333,0,0,0.2584805950953047,0.0071211773354113,0.0071211773354113
2020-09-14,dengue,Kerala,Palakkad,Alathur,10.6333,76.55,1,0,0.214544336674363,0.0,0.0
2023-09-14,dengue,Kerala,Palakkad,Alathur,10.6333,76.55,0,0,0.2540660105208352,0.0,0.0
2023-11-25,dengue,Kerala,Palakkad,Alathur,10.6333,76.55,0,1,0.6796255327881301,0.0,0.0
2023-11-27,dengue,Kerala,Palakkad,Alathur,10.6333,76.55,0,1,0.6664531808263401,0.0004434319497101,0.0004434319497101
2024-08-08,dengue,Kerala,Palakkad,Alathur,10.6333,76.55,1,1,0.6827328558257609,0.0,0.0
2020-09-15,dengue,Kerala,Palakkad,Chittur,10.7,76.75,1,1,0.7670014625410329,0.0,0.0
2020-10-19,dengue,Kerala,Palakkad,Chittur,10.7,76.75,1,0,0.1788415000864062,0.0,0.0
2021-02-01,dengue,Kerala,Palakkad,Chittur,10.7,76.75,0,0,0.1122777585071533,0.0124920966626228,0.0124920966626228
2021-08-10,dengue,Kerala,Palakkad,Chittur,10.7,76.75,1,0,0.1939691781101265,0.0,0.0
2021-11-24,dengue,Kerala,Palakkad,Chittur,10.7,76.75,1,1,0.7163205429248086,0.2387523170878153,0.2387523170878153
2021-11-25,dengue,Kerala,Palakkad,Chittur,10.7,76.75,0,0,0.1204326497204464,0.0001233140645231,0.0001233140645231
2022-10-17,dengue,Kerala,Palakkad,Chittur,10.7,76.75,0,0,0.2067212156379855,0.0,0.0
2022-11-23,dengue,Kerala,Palakkad,Chittur,10.7,76.75,0,1,0.6842930938324929,0.0,0.0
2023-06-05,dengue,Kerala,Palakkad,Chittur,10.7,76.75,0,1,0.6819132666504987,0.0004240224704299,0.0004240224704299
2023-08-09,dengue,Kerala,Palakkad,Chittur,10.7,76.75,0,1,0.6386246593083377,0.0,0.0
2023-10-19,dengue,Kerala,Palakkad,Chittur,10.7,76.75,0,1,0.6628466446132133,0.0038764507432662,0.0038764507432662
2020-06-04,dengue,Kerala,Palakkad,Mannarkkad,11.0,76.4667,0,0,0.132941299787352,0.0,0.0
2021-08-11,dengue,Kerala,Palakkad,Mannarkkad,11.0,76.4667,0,0,0.120014238399368,0.0001167439848076,0.0001167439848076
2021-12-31,dengue,Kerala,Palakkad,Mannarkkad,11.0,76.4667,1,1,0.6841004282169998,0.0,0.0
2020-08-11,dengue,Kerala,Palakkad,Ottapalam,10.7667,76.3667,1,0,0.2314121844963931,0.0,0.0
2021-11-23,dengue,Kerala,Palakkad,Ottapalam,10.7667,76.3667,0,1,0.6873336524293131,0.0,0.0
2022-09-13,dengue,Kerala,Palakkad,Ottapalam,10.7667,76.3667,1,1,0.7023331897259217,6.987412540887147e-05,6.987412540887147e-05
2023-05-02,dengue,Kerala,Palakkad,Ottapalam,10.7667,76.3667,0,0,0.0779314328940533,0.0033451799972907,0.0033451799972907
2023-08-08,dengue,Kerala,Palakkad,Ottapalam,10.7667,76.3667,0,1,0.6927081874550008,0.0,0.0
2023-10-22,dengue,Kerala,Palakkad,Ottapalam,10.7667,76.3667,0,0,0.1049429548922829,0.0,0.0
2023-11-23,dengue,Kerala,Palakkad,Ottapalam,10.7667,76.3667,0,0,0.0629952614041459,0.0,0.0
2020-08-09,dengue,Kerala,Palakkad,Palakkad,10.78789845,76.47408711,1,0,0.1066483352390681,0.0,0.0
2020-11-24,dengue,Kerala,Palakkad,Palakkad,10.78789845,76.47408711,0,1,0.6529504746162289,0.041101253735139,0.041101253735139
2020-12-31,dengue,Kerala,Palakkad,Palakkad,10.78789845,76.47408711,0,1,0.6805782325294872,0.0,0.0
2021-02-01,dengue,Kerala,Palakkad,Palakkad,10.78789845,76.47408711,0,0,0.3342789269993425,0.0001382125557538,0.0001382125557538
2021-07-07,dengue,Kerala,Palakkad,Palakkad,10.78789845,76.47408711,0,1,0.7051368754532511,0.0,0.0
2021-09-12,dengue,Kerala,Palakkad,Palakkad,10.78789845,76.47408711,0,1,0.6813091103687126,0.0001485178778933,0.0001485178778933
2022-06-05,dengue,Kerala,Palakkad,Palakkad,10.78789845,76.47408711,0,1,0.5236552119381102,0.000523640092717,0.000523640092717
2022-11-23,dengue,Kerala,Palakkad,Palakkad,10.78789845,76.47408711,0,1,0.6425727418679135,0.0,0.0
2023-07-07,dengue,Kerala,Palakkad,Palakkad,10.78789845,76.47408711,0,1,0.6831823082760308,0.0017166322564521,0.0017166322564521
2023-09-11,dengue,Kerala,Palakkad,Palakkad,10.78789845,76.47408711,0,1,0.651942327870068,0.0,0.0
2023-09-13,dengue,Kerala,Palakkad,Palakkad,10.78789845,76.47408711,0,1,0.6853005993937625,0.0048049213048217,0.0048049213048217
2023-10-16,dengue,Kerala,Palakkad,Palakkad,10.78789845,76.47408711,0,1,0.6829578302894184,0.0,0.0
2023-10-28,dengue,Kerala,Palakkad,Palakkad,10.78789845,76.47408711,0,1,0.6329553362798928,0.0004031199542819,0.0004031199542819
2020-06-04,dengue,Kerala,Palakkad,Pattambi,10.8,76.2,1,0,0.1770451905338694,0.0,0.0
2020-10-21,dengue,Kerala,Palakkad,Pattambi,10.8,76.2,0,1,0.6783525578075128,4.576464501912684e-05,4.576464501912684e-05
2021-09-11,dengue,Kerala,Palakkad,Pattambi,10.8,76.2,0,1,0.6603474586196806,0.0,0.0
2021-09-12,dengue,Kerala,Palakkad,Pattambi,10.8,76.2,0,1,0.7081348927210823,2.6874663618796715e-05,2.6874663618796715e-05
2021-10-17,dengue,Kerala,Palakkad,Pattambi,10.8,76.2,0,1,0.7582869289883544,0.0,0.0
2021-12-30,dengue,Kerala,Palakkad,Pattambi,10.8,76.2,0,0,0.1007642352336173,8.062399085639016e-05,8.062399085639016e-05
2022-11-28,dengue,Kerala,Palakkad,Pattambi,10.8,76.2,0,0,0.1075181084759247,0.0,0.0
2023-10-18,dengue,Kerala,Palakkad,Pattambi,10.8,76.2,1,1,0.6963704556204797,0.0,0.0
2023-10-19,dengue,Kerala,Palakkad,Pattambi,10.8,76.2,0,0,0.0531354721620554,0.0264385244775578,0.0264385244775578
2023-10-22,dengue,Kerala,Palakkad,Pattambi,10.8,76.2,0,0,0.0437885930887124,0.0,0.0
2023-11-25,dengue,Kerala,Palakkad,Pattambi,10.8,76.2,0,0,0.0751547009487692,0.0005240559405665,0.0005240559405665
2020-06-05,dengue,Kerala,Pathanamthitta,Adoor,9.1667,76.7333,1,0,0.0534278404230365,0.0,0.0
2020-09-13,dengue,Kerala,Pathanamthitta,Adoor,9.1667,76.7333,1,1,0.7065515107187791,0.8001228051295249,0.8001228051295249
2020-10-17,dengue,Kerala,Pathanamthitta,Adoor,9.1667,76.7333,0,0,0.0926523453314795,0.0,0.0
2022-05-02,dengue,Kerala,Pathanamthitta,Adoor,9.1667,76.7333,1,0,0.1007344326418084,0.0,0.0
2023-03-02,dengue,Kerala,Pathanamthitta,Adoor,9.1667,76.7333,0,0,0.0940998404025197,0.5024376146619339,0.5024376146619339
2023-10-16,dengue,Kerala,Pathanamthitta,Adoor,9.1667,76.7333,0,1,0.7390018001425809,0.0,0.0
2023-10-28,dengue,Kerala,Pathanamthitta,Adoor,9.1667,76.7333,0,1,0.6074240561250158,0.0,0.0
2023-11-26,dengue,Kerala,Pathanamthitta,Adoor,9.1667,76.7333,0,1,0.6789402058460636,0.0,0.0
2023-11-27,dengue,Kerala,Pathanamthitta,Adoor,9.1667,76.7333,0,0,0.3149338827483087,0.0036191213673312,0.0036191213673312
2024-11-23,dengue,Kerala,Pathanamthitta,Adoor,9.1667,76.7333,0,0,0.3240985544711167,0.0,0.0
2020-10-17,dengue,Kerala,Pathanamthitta,Konni,9.2667,76.9333,1,1,0.5027395863313207,0.0,0.0
2020-10-22,dengue,Kerala,Pathanamthitta,Konni,9.2667,76.9333,1,1,0.5388097417260829,0.0012535478314778,0.0012535478314778
2022-11-23,dengue,Kerala,Pathanamthitta,Konni,9.2667,76.9333,1,1,0.679971690351759,0.000284283619554,0.000284283619554
2023-02-01,dengue,Kerala,Pathanamthitta,Konni,9.2667,76.9333,0,1,0.7140661585563862,0.0027797943645301,0.0027797943645301
2023-08-10,dengue,Kerala,Pathanamthitta,Konni,9.2667,76.9333,0,1,0.7378634641103575,0.0,0.0
2024-08-08,dengue,Kerala,Pathanamthitta,Konni,9.2667,76.9333,0,0,0.3216458286437695,0.0,0.0
2024-08-09,dengue,Kerala,Pathanamthitta,Konni,9.2667,76.9333,1,0,0.2414681316507825,0.0002015599771409,0.0002015599771409
2020-08-10,dengue,Kerala,Pathanamthitta,Kozhenchery,9.2780841,76.9737443,0,1,0.7082874486109283,0.0,0.0
2020-10-22,dengue,Kerala,Pathanamthitta,Kozhenchery,9.2780841,76.9737443,1,1,0.6722705824033542,0.0,0.0
2020-12-30,dengue,Kerala,Pathanamthitta,Kozhenchery,9.2780841,76.9737443,1,1,0.7165012622029449,0.0029000392436449,0.0029000392436449
2021-05-03,dengue,Kerala,Pathanamthitta,Kozhenchery,9.2780841,76.9737443,0,1,0.6759408973710235,0.0093967281185696,0.0093967281185696
2021-11-28,dengue,Kerala,Pathanamthitta,Kozhenchery,9.2780841,76.9737443,1,0,0.0643222345054917,0.0,0.0
2022-11-26,dengue,Kerala,Pathanamthitta,Kozhenchery,9.2780841,76.9737443,1,1,0.6726175232279203,0.9999999983333334,0.9999999983333334
2023-06-24,dengue,Kerala,Pathanamthitta,Kozhenchery,9.2780841,76.9737443,0,1,0.6333399230694656,0.0,0.0
2023-07-06,dengue,Kerala,Pathanamthitta,Kozhenchery,9.2780841,76.9737443,0,1,0.6593676656038441,0.0011465730381081,0.0011465730381081
2023-08-08,dengue,Kerala,Pathanamthitta,Kozhenchery,9.2780841,76.9737443,0,1,0.615611221956413,0.0,0.0
2023-09-14,dengue,Kerala,Pathanamthitta,Kozhenchery,9.2780841,76.9737443,0,1,0.7095758963835785,0.0,0.0
2023-09-14,dengue,Kerala,Pathanamthitta,Kozhenchery,9.2780841,76.9737443,0,1,0.6467704916195959,4.8374394513834085e-05,4.8374394513834085e-05
2023-10-20,dengue,Kerala,Pathanamthitta,Kozhenchery,9.2780841,76.9737443,0,1,0.6713500259263648,0.0,0.0
2023-12-02,dengue,Kerala,Pathanamthitta,Kozhenchery,9.2780841,76.9737443,0,1,0.6878913508343447,0.0001289983853702,0.0001289983853702
2024-09-12,dengue,Kerala,Pathanamthitta,Kozhenchery,9.2780841,76.9737443,0,1,0.6827887929983253,0.0106255210925592,0.0106255210925592
2024-09-14,dengue,Kerala,Pathanamthitta,Kozhenchery,9.2780841,76.9737443,0,1,0.6668705099773876,0.0,0.0
2020-10-16,dengue,Kerala,Pathanamthitta,Mallappally,9.3833,76.6833,1,0,0.3164836916664818,0.0,0.0
2022-06-04,dengue,Kerala,Pathanamthitta,Mallappally,9.3833,76.6833,0,0,0.0386546451291011,0.002453346335718,0.002453346335718
2022-09-14,dengue,Kerala,Pathanamthitta,Mallappally,9.3833,76.6833,0,1,0.6837547786924972,0.0,0.0
2023-08-05,dengue,Kerala,Pathanamthitta,Mallappally,9.3833,76.6833,0,1,0.6021369581037883,0.0016499624428184,0.0016499624428184
2023-08-26,dengue,Kerala,Pathanamthitta,Mallappally,9.3833,76.6833,0,1,0.650785469710732,0.0009456502288252,0.0009456502288252
2023-11-25,dengue,Kerala,Pathanamthitta,Mallappally,9.3833,76.6833,0,1,0.6867809039268438,0.0,0.0
2023-11-27,dengue,Kerala,Pathanamthitta,Mallappally,9.3833,76.6833,0,1,0.5683636102219402,0.0008379956245101,0.0008379956245101
2023-11-28,dengue,Kerala,Pathanamthitta,Mallappally,9.3833,76.6833,0,1,0.7230135476746581,0.0,0.0
2020-10-21,dengue,Kerala,Pathanamthitta,Ranni,9.3833,76.9667,0,0,0.4758817147942245,0.0,0.0
2020-11-26,dengue,Kerala,Pathanamthitta,Ranni,9.3833,76.9667,1,0,0.276367281108483,0.0003099199589947,0.0003099199589947
2021-10-22,dengue,Kerala,Pathanamthitta,Ranni,9.3833,76.9667,0,1,0.6493050367479628,0.9999999983333334,0.9999999983333334
2022-03-01,dengue,Kerala,Pathanamthitta,Ranni,9.3833,76.9667,0,1,0.6921415322331156,0.0,0.0
2023-08-10,dengue,Kerala,Pathanamthitta,Ranni,9.3833,76.9667,0,1,0.6988733156865127,0.0,0.0
2023-09-13,dengue,Kerala,Pathanamthitta,Ranni,9.3833,76.9667,0,1,0.6684201477194839,0.002700903693689,0.002700903693689
2023-10-20,dengue,Kerala,Pathanamthitta,Ranni,9.3833,76.9667,0,0,0.2673682899038067,0.0,0.0
2023-11-24,dengue,Kerala,Pathanamthitta,Ranni,9.3833,76.9667,0,0,0.2528324930740691,0.0,0.0
2023-11-27,dengue,Kerala,Pathanamthitta,Ranni,9.3833,76.9667,0,0,0.219015606644511,0.0,0.0
2020-08-09,dengue,Kerala,Pathanamthitta,Thiruvalla,9.3833,76.5833,0,1,0.6308846363932435,0.0,0.0
2020-10-21,dengue,Kerala,Pathanamthitta,Thiruvalla,9.3833,76.5833,0,1,0.5754299207949649,0.0,0.0
2020-11-28,dengue,Kerala,Pathanamthitta,Thiruvalla,9.3833,76.5833,0,1,0.69477382320102,1.3437331809398353e-05,1.3437331809398353e-05
2021-02-01,dengue,Kerala,Pathanamthitta,Thiruvalla,9.3833,76.5833,0,1,0.6679887335521397,0.0027642511150762,0.0027642511150762
2023-08-11,dengue,Kerala,Pathanamthitta,Thiruvalla,9.3833,76.5833,0,0,0.0879212803814525,4.537139566412239e-05,4.537139566412239e-05
2023-09-11,dengue,Kerala,Pathanamthitta,Thiruvalla,9.3833,76.5833,0,0,0.1237635193704944,1.930796006017424e-05,1.930796006017424e-05
2023-10-14,dengue,Kerala,Pathanamthitta,Thiruvalla,9.3833,76.5833,0,0,0.0877584662134637,0.0,0.0
2023-10-16,dengue,Kerala,Pathanamthitta,Thiruvalla,9.3833,76.5833,1,1,0.7360998016601192,0.0029518935749688,0.0029518935749688
2023-10-19,dengue,Kerala,Pathanamthitta,Thiruvalla,9.3833,76.5833,0,0,0.4107600677169402,0.0679829651618695,0.0679829651618695
2020-10-22,dengue,Kerala,Thiruvananthapuram,Chirayinkeezhu,8.6963,76.8153,1,0,0.1777790203250796,0.0,0.0
2020-11-26,dengue,Kerala,Thiruvananthapuram,Chirayinkeezhu,8.6963,76.8153,0,0,0.0767943077270997,0.0,0.0
2021-11-23,dengue,Kerala,Thiruvananthapuram,Chirayinkeezhu,8.6963,76.8153,0,0,0.0686274310612177,0.0,0.0
2022-05-02,dengue,Kerala,Thiruvananthapuram,Chirayinkeezhu,8.6963,76.8153,0,1,0.6459233054465744,4.031199542819508e-05,4.031199542819508e-05
2022-06-04,dengue,Kerala,Thiruvananthapuram,Chirayinkeezhu,8.6963,76.8153,0,1,0.6785531266438225,0.00290246367083,0.00290246367083
2023-06-04,dengue,Kerala,Thiruvananthapuram,Chirayinkeezhu,8.6963,76.8153,0,1,0.7296302367815065,0.0,0.0
2023-09-23,dengue,Kerala,Thiruvananthapuram,Chirayinkeezhu,8.6963,76.8153,0,1,0.6873140938549009,0.0002687466361879,0.0002687466361879
2023-10-20,dengue,Kerala,Thiruvananthapuram,Chirayinkeezhu,8.6963,76.8153,0,1,0.6919431938124166,0.0,0.0
2023-10-22,dengue,Kerala,Thiruvananthapuram,Chirayinkeezhu,8.6963,76.8153,0,1,0.6531437948942802,1.7916442412531142e-05,1.7916442412531142e-05
2023-11-25,dengue,Kerala,Thiruvananthapuram,Chirayinkeezhu,8.6963,76.8153,0,1,0.6622415474766715,0.0,0.0
2023-11-28,dengue,Kerala,Thiruvananthapuram,Chirayinkeezhu,8.6963,76.8153,0,1,0.5979438024950118,0.0004146207615015,0.0004146207615015
2021-11-23,dengue,Kerala,Thiruvananthapuram,Kattakkada,8.5667,77.1,0,1,0.7262031161832877,0.0,0.0
2021-11-24,dengue,Kerala,Thiruvananthapuram,Kattakkada,8.5667,77.1,0,0,0.0685826196697939,0.0001751159772114,0.0001751159772114
2023-11-26,dengue,Kerala,Thiruvananthapuram,Kattakkada,8.5667,77.1,1,1,0.6861188226591944,0.0,0.0
2023-11-26,dengue,Kerala,Thiruvananthapuram,Kattakkada,8.5667,77.1,1,1,0.6830925020535475,0.0100596263206185,0.0100596263206185
2024-07-07,dengue,Kerala,Thiruvananthapuram,Kattakkada,8.5667,77.1,0,1,0.610687320156127,0.0006344769275486,0.0006344769275486
2024-08-08,dengue,Kerala,Thiruvananthapuram,Kattakkada,8.5667,77.1,0,1,0.6884122157783245,0.0007420305904703,0.0007420305904703
2024-08-09,dengue,Kerala,Thiruvananthapuram,Kattakkada,8.5667,77.1,0,1,0.633527797902406,0.0,0.0
2024-10-21,dengue,Kerala,Thiruvananthapuram,Kattakkada,8.5667,77.1,0,0,0.1973799787931552,0.0,0.0
2020-09-14,dengue,Kerala,Thiruvananthapuram,Nedumangad,8.6036,77.0031,1,1,0.710609524829148,0.0,0.0
2021-09-14,dengue,Kerala,Thiruvananthapuram,Nedumangad,8.6036,77.0031,0,1,0.5732716388040232,0.0,0.0
2021-10-18,dengue,Kerala,Thiruvananthapuram,Nedumangad,8.6036,77.0031,1,0,0.2736025750286754,4.8374394513834085e-05,4.8374394513834085e-05
2021-10-22,dengue,Kerala,Thiruvananthapuram,Nedumangad,8.6036,77.0031,0,0,0.1514623870890459,0.7050059124701252,0.7050059124701252
2022-10-19,dengue,Kerala,Thiruvananthapuram,Nedumangad,8.6036,77.0031,0,0,0.114304123804403,0.0,0.0
2022-11-23,dengue,Kerala,Thiruvananthapuram,Nedumangad,8.6036,77.0031,1,0,0.0965037961194876,0.0,0.0
2022-11-24,dengue,Kerala,Thiruvananthapuram,Nedumangad,8.6036,77.0031,0,0,0.0584429366573603,0.1302293334147879,0.1302293334147879
2023-05-03,dengue,Kerala,Thiruvananthapuram,Nedumangad,8.6036,77.0031,0,1,0.6854076325649485,0.0,0.0
2020-12-31,dengue,Kerala,Thiruvananthapuram,Neyyattinkara,8.4004,77.0872,1,1,0.6990446942803308,0.0,0.0
2021-10-19,dengue,Kerala,Thiruvananthapuram,Neyyattinkara,8.4004,77.0872,0,1,0.6898834639788667,0.0,0.0
2021-11-26,dengue,Kerala,Thiruvananthapuram,Neyyattinkara,8.4004,77.0872,0,1,0.6202445629287981,0.0,0.0
2022-07-08,dengue,Kerala,Thiruvananthapuram,Neyyattinkara,8.4004,77.0872,0,1,0.6637310276463687,0.0002687466361879,0.0002687466361879
2022-12-31,dengue,Kerala,Thiruvananthapuram,Neyyattinkara,8.4004,77.0872,1,1,0.6648703463675671,0.0001426424453613,0.0001426424453613
2023-09-11,dengue,Kerala,Thiruvananthapuram,Neyyattinkara,8.4004,77.0872,0,1,0.6253970494357449,0.3461439833235197,0.3461439833235197
2023-11-26,dengue,Kerala,Thiruvananthapuram,Neyyattinkara,8.4004,77.0872,0,0,0.4607343471272973,0.0,0.0
2023-11-27,dengue,Kerala,Thiruvananthapuram,Neyyattinkara,8.4004,77.0872,1,1,0.7246389126551935,0.0004299946179007,0.0004299946179007
2024-06-05,dengue,Kerala,Thiruvananthapuram,Neyyattinkara,8.4004,77.0872,0,1,0.6520979336348667,0.134426995761486,0.134426995761486
2024-10-22,dengue,Kerala,Thiruvananthapuram,Neyyattinkara,8.4004,77.0872,0,1,0.7177156056036169,0.0,0.0
2020-02-01,dengue,Kerala,Thiruvananthapuram,Thiruvananthapuram,8.4882267,76.947551,1,1,0.7257988242752941,0.0,0.0
2021-09-13,dengue,Kerala,Thiruvananthapuram,Thiruvananthapuram,8.4882267,76.947551,0,0,0.4591964955783117,0.0033977595685291,0.0033977595685291
2022-11-25,dengue,Kerala,Thiruvananthapuram,Thiruvananthapuram,8.4882267,76.947551,0,0,0.0380574810473847,0.0,0.0
2023-02-01,dengue,Kerala,Thiruvananthapuram,Thiruvananthapuram,8.4882267,76.947551,0,1,0.6560532644193625,4.031199542819508e-05,4.031199542819508e-05
2023-08-11,dengue,Kerala,Thiruvananthapuram,Thiruvananthapuram,8.4882267,76.947551,0,1,0.7302798481735795,0.0082505217309705,0.0082505217309705
2023-10-21,dengue,Kerala,Thiruvananthapuram,Thiruvananthapuram,8.4882267,76.947551,0,1,0.5741635195473281,0.0,0.0
2023-12-30,dengue,Kerala,Thiruvananthapuram,Thiruvananthapuram,8.4882267,76.947551,0,0,0.2781059759701811,0.0,0.0
2020-09-12,dengue,Kerala,Thiruvananthapuram,Varkala,8.7379,76.7163,1,0,0.1515984735910342,0.0,0.0
2020-11-23,dengue,Kerala,Thiruvananthapuram,Varkala,8.7379,76.7163,1,0,0.2222429559730811,0.0021770197062467,0.0021770197062467
2021-06-05,dengue,Kerala,Thiruvananthapuram,Varkala,8.7379,76.7163,0,1,0.7228421303755636,0.0,0.0
2021-12-30,dengue,Kerala,Thiruvananthapuram,Varkala,8.7379,76.7163,0,1,0.720928384967417,0.0009614885931364,0.0009614885931364
2022-10-17,dengue,Kerala,Thiruvananthapuram,Varkala,8.7379,76.7163,1,1,0.6983016225643456,0.0003029254789618,0.0003029254789618
2022-10-19,dengue,Kerala,Thiruvananthapuram,Varkala,8.7379,76.7163,0,1,0.714726558061348,0.005113998715201,0.005113998715201
2022-10-22,dengue,Kerala,Thiruvananthapuram,Varkala,8.7379,76.7163,0,0,0.1306142841680666,0.0,0.0
2023-07-06,dengue,Kerala,Thiruvananthapuram,Varkala,8.7379,76.7163,0,0,0.0949050878432276,0.0009698131258297,0.0009698131258297
2023-07-08,dengue,Kerala,Thiruvananthapuram,Varkala,8.7379,76.7163,1,0,0.0831031155242434,0.0,0.0
2023-08-08,dengue,Kerala,Thiruvananthapuram,Varkala,8.7379,76.7163,0,1,0.6974272817396883,0.8441977555786442,0.8441977555786442
2023-09-16,dengue,Kerala,Thiruvananthapuram,Varkala,8.7379,76.7163,0,1,0.7277770917104917,0.0,0.0
2023-10-17,dengue,Kerala,Thiruvananthapuram,Varkala,8.7379,76.7163,0,1,0.5973759457169537,0.0020213586278994,0.0020213586278994
2023-11-04,dengue,Kerala,Thiruvananthapuram,Varkala,8.7379,76.7163,0,1,0.7249546259487843,0.0,0.0
2023-11-23,dengue,Kerala,Thiruvananthapuram,Varkala,8.7379,76.7163,0,1,0.621319607532933,0.0004251083154246,0.0004251083154246
2023-11-24,dengue,Kerala,Thiruvananthapuram,Varkala,8.7379,76.7163,0,0,0.1407702245482762,0.0,0.0
2024-08-09,dengue,Kerala,Thiruvananthapuram,Varkala,8.7379,76.7163,0,0,0.41594769597011,0.0004434319497101,0.0004434319497101
2024-10-16,dengue,Kerala,Thiruvananthapuram,Varkala,8.7379,76.7163,0,1,0.682259771328487,0.0,0.0
2020-09-12,dengue,Kerala,Thrissur,Chalakudy,10.3,76.3333,1,1,0.7190563806016733,0.0,0.0
2020-10-22,dengue,Kerala,Thrissur,Chalakudy,10.3,76.3333,1,1,0.6636506889039424,0.7305846130158884,0.7305846130158884
2020-12-30,dengue,Kerala,Thrissur,Chalakudy,10.3,76.3333,0,0,0.2275392577327437,0.0,0.0
2021-09-13,dengue,Kerala,Thrissur,Chalakudy,10.3,76.3333,0,0,0.4176456269272903,0.0029185921182308,0.0029185921182308
2022-08-09,dengue,Kerala,Thrissur,Chalakudy,10.3,76.3333,0,0,0.3229651647363413,0.0,0.0
2022-10-22,dengue,Kerala,Thrissur,Chalakudy,10.3,76.3333,0,0,0.2931038136518478,0.0,0.0
2023-10-07,dengue,Kerala,Thrissur,Chalakudy,10.3,76.3333,0,1,0.7272492958766438,0.0,0.0
2023-10-17,dengue,Kerala,Thrissur,Chalakudy,10.3,76.3333,0,1,0.6136975588261099,0.0,0.0
2023-10-19,dengue,Kerala,Thrissur,Chalakudy,10.3,76.3333,0,1,0.7257867237073343,0.0004434319497101,0.0004434319497101
2023-10-21,dengue,Kerala,Thrissur,Chalakudy,10.3,76.3333,0,1,0.7201537007370556,1.2403690900983095e-05,1.2403690900983095e-05
2023-11-26,dengue,Kerala,Thrissur,Chalakudy,10.3,76.3333,0,1,0.711525885620739,0.0,0.0
2023-12-23,dengue,Kerala,Thrissur,Chalakudy,10.3,76.3333,0,1,0.7535854650031601,0.0,0.0
2023-12-30,dengue,Kerala,Thrissur,Chalakudy,10.3,76.3333,0,1,0.6951415927768408,8.062399085639016e-05,8.062399085639016e-05
2024-08-11,dengue,Kerala,Thrissur,Chalakudy,10.3,76.3333,0,0,0.150332310329649,0.0,0.0
2020-05-03,dengue,Kerala,Thrissur,Chavakkad,10.5833,76.0167,0,0,0.1231568972973023,0.0,0.0
2021-08-10,dengue,Kerala,Thrissur,Chavakkad,10.5833,76.0167,1,0,0.0981134724503041,2.6874663618796715e-05,2.6874663618796715e-05
2021-08-10,dengue,Kerala,Thrissur,Chavakkad,10.5833,76.0167,1,1,0.7058774284255471,0.0112999396750501,0.0112999396750501
2021-10-16,dengue,Kerala,Thrissur,Chavakkad,10.5833,76.0167,0,1,0.7352606697086574,0.5208600248370014,0.5208600248370014
2021-11-25,dengue,Kerala,Thrissur,Chavakkad,10.5833,76.0167,0,0,0.1423485350628399,0.0,0.0
2022-10-22,dengue,Kerala,Thrissur,Chavakkad,10.5833,76.0167,0,1,0.7598971037546751,0.0016124798171278,0.0016124798171278
2022-12-31,dengue,Kerala,Thrissur,Chavakkad,10.5833,76.0167,0,1,0.7498386571230437,0.0,0.0
2023-06-04,dengue,Kerala,Thrissur,Chavakkad,10.5833,76.0167,0,0,0.1846476068561119,0.0006853039222793,0.0006853039222793
2023-10-15,dengue,Kerala,Thrissur,Chavakkad,10.5833,76.0167,0,1,0.6660568169651949,0.0,0.0
2023-11-22,dengue,Kerala,Thrissur,Chavakkad,10.5833,76.0167,0,1,0.762304747782735,0.0005643679359947,0.0005643679359947
2023-11-27,dengue,Kerala,Thrissur,Chavakkad,10.5833,76.0167,0,1,0.7399699764282183,0.0176218196353095,0.0176218196353095
2020-11-22,dengue,Kerala,Thrissur,Kodungallur,10.2333,76.2,1,0,0.2303386231395111,0.0,0.0
2020-12-31,dengue,Kerala,Thrissur,Kodungallur,10.2333,76.2,0,1,0.6690960193998527,0.0,0.0
2021-11-24,dengue,Kerala,Thrissur,Kodungallur,10.2333,76.2,0,0,0.1097273234425765,0.0,0.0
2023-05-03,dengue,Kerala,Thrissur,Kodungallur,10.2333,76.2,1,1,0.7062693621412618,0.0007161307423126,0.0007161307423126
2023-06-05,dengue,Kerala,Thrissur,Kodungallur,10.2333,76.2,0,0,0.0969491704081454,0.0117748091054667,0.0117748091054667
2023-11-26,dengue,Kerala,Thrissur,Kodungallur,10.2333,76.2,0,1,0.7090189404582748,0.0,0.0
2024-03-02,dengue,Kerala,Thrissur,Kodungallur,10.2333,76.2,0,0,0.0697882802540456,0.0,0.0
2024-10-20,dengue,Kerala,Thrissur,Kodungallur,10.2333,76.2,0,1,0.7020262665359711,0.0037669041967522,0.0037669041967522
2020-12-31,dengue,Kerala,Thrissur,Kunnamkulam,10.65,76.0667,0,1,0.5849923501064349,0.0,0.0
2021-11-24,dengue,Kerala,Thrissur,Kunnamkulam,10.65,76.0667,0,1,0.7164638245956789,0.0,0.0
2022-06-04,dengue,Kerala,Thrissur,Kunnamkulam,10.65,76.0667,1,1,0.6275572926049682,0.0,0.0
2022-10-16,dengue,Kerala,Thrissur,Kunnamkulam,10.65,76.0667,0,1,0.7179897462872354,0.005406861740752,0.005406861740752
2022-11-22,dengue,Kerala,Thrissur,Kunnamkulam,10.65,76.0667,1,1,0.6610475924328505,0.0,0.0
2023-06-04,dengue,Kerala,Thrissur,Kunnamkulam,10.65,76.0667,0,0,0.1054563527341499,0.6677047302580545,0.6677047302580545
2023-08-11,dengue,Kerala,Thrissur,Kunnamkulam,10.65,76.0667,0,0,0.0541408262588627,0.0,0.0
2023-11-18,dengue,Kerala,Thrissur,Kunnamkulam,10.65,76.0667,0,0,0.0659280309647853,0.0001353331275089,0.0001353331275089
2023-11-28,dengue,Kerala,Thrissur,Kunnamkulam,10.65,76.0667,0,0,0.0530245039122345,0.0,0.0
2024-06-06,dengue,Kerala,Thrissur,Kunnamkulam,10.65,76.0667,1,1,0.7408362696848444,0.0001209359862845,0.0001209359862845
2024-11-24,dengue,Kerala,Thrissur,Kunnamkulam,10.65,76.0667,0,1,0.7320353859366291,0.1926948161869957,0.1926948161869957
2020-05-02,dengue,Kerala,Thrissur,Mukundapuram,10.3333,76.2167,1,0,0.3372856791369642,0.0,0.0
2020-09-11,dengue,Kerala,Thrissur,Mukundapuram,10.3333,76.2167,0,0,0.135344469722805,0.0020623717221775,0.0020623717221775
2021-11-23,dengue,Kerala,Thrissur,Mukundapuram,10.3333,76.2167,0,1,0.73092680218073,0.0,0.0
2022-10-20,dengue,Kerala,Thrissur,Mukundapuram,10.3333,76.2167,1,1,0.6484306577985685,0.0015362269893469,0.0015362269893469
2023-09-14,dengue,Kerala,Thrissur,Mukundapuram,10.3333,76.2167,0,1,0.691676620316555,0.0223562985708133,0.0223562985708133
2023-10-18,dengue,Kerala,Thrissur,Mukundapuram,10.3333,76.2167,0,1,0.7249206303718426,0.0,0.0
2023-11-04,dengue,Kerala,Thrissur,Mukundapuram,10.3333,76.2167,0,0,0.0981322070563177,0.0016124798171278,0.0016124798171278
2023-11-27,dengue,Kerala,Thrissur,Mukundapuram,10.3333,76.2167,1,1,0.7478187838884538,0.0,0.0
2024-09-12,dengue,Kerala,Thrissur,Mukundapuram,10.3333,76.2167,0,1,0.7468978779653991,0.0227311427020162,0.0227311427020162
2021-10-21,dengue,Kerala,Thrissur,Talappilly,10.6667,76.25,0,1,0.5114216003200844,0.0,0.0
2021-11-23,dengue,Kerala,Thrissur,Talappilly,10.6667,76.25,1,0,0.4574490881755153,0.0,0.0
2022-10-23,dengue,Kerala,Thrissur,Talappilly,10.6667,76.25,0,1,0.7295404849012844,0.018878265222119,0.018878265222119
2023-10-16,dengue,Kerala,Thrissur,Talappilly,10.6667,76.25,0,1,0.6451612649667287,0.0,0.0
2023-10-20,dengue,Kerala,Thrissur,Talappilly,10.6667,76.25,1,0,0.1821197348905015,2.015599771409754e-05,2.015599771409754e-05
2023-11-25,dengue,Kerala,Thrissur,Talappilly,10.6667,76.25,1,1,0.7328623303661304,0.0421068218754694,0.0421068218754694
2020-06-05,dengue,Kerala,Thrissur,Thrissur,10.5256264,76.2132542,1,1,0.6868966499693927,0.0,0.0
2020-08-10,dengue,Kerala,Thrissur,Thrissur,10.5256264,76.2132542,1,0,0.1217598046749209,0.0002699678920971,0.0002699678920971
2021-10-16,dengue,Kerala,Thrissur,Thrissur,10.5256264,76.2132542,0,0,0.0918025649566065,0.0,0.0
2022-05-02,dengue,Kerala,Thrissur,Thrissur,10.5256264,76.2132542,0,1,0.7252085592152375,0.0,0.0
2022-08-11,dengue,Kerala,Thrissur,Thrissur,10.5256264,76.2132542,0,1,0.6674782396173918,0.0,0.0
2022-10-16,dengue,Kerala,Thrissur,Thrissur,10.5256264,76.2132542,0,0,0.1576738478658444,0.0001612479817127,0.0001612479817127
2023-06-03,dengue,Kerala,Thrissur,Thrissur,10.5256264,76.2132542,0,1,0.7101087238583372,0.0001902007602943,0.0001902007602943
2023-06-05,dengue,Kerala,Thrissur,Thrissur,10.5256264,76.2132542,0,1,0.7269156238522693,0.0,0.0
2023-09-09,dengue,Kerala,Thrissur,Thrissur,10.5256264,76.2132542,0,0,0.2886877760775398,0.0,0.0
2023-11-25,dengue,Kerala,Thrissur,Thrissur,10.5256264,76.2132542,0,1,0.7226605561576573,0.0,0.0
2020-09-11,dengue,Kerala,Wayanad,Mananthavady,11.8,76.0,1,0,0.0890983737740929,0.0,0.0
2020-11-26,dengue,Kerala,Wayanad,Mananthavady,11.8,76.0,1,0,0.127927079977776,0.1841583639141455,0.1841583639141455
2021-11-24,dengue,Kerala,Wayanad,Mananthavady,11.8,76.0,0,1,0.7248004023650393,0.0,0.0
2021-12-31,dengue,Kerala,Wayanad,Mananthavady,11.8,76.0,0,0,0.2890901619724402,0.0003628079588537,0.0003628079588537
2022-10-20,dengue,Kerala,Wayanad,Mananthavady,11.8,76.0,0,0,0.2592630146394196,8.42887177134988e-05,8.42887177134988e-05
2023-09-16,dengue,Kerala,Wayanad,Mananthavady,11.8,76.0,0,1,0.6959339497093857,0.0,0.0
2023-10-20,dengue,Kerala,Wayanad,Mananthavady,11.8,76.0,0,0,0.1457348298142925,0.0,0.0
2020-05-03,dengue,Kerala,Wayanad,Sulthan Bathery,11.6667,76.2667,1,0,0.1606667265950798,0.0,0.0
2020-10-16,dengue,Kerala,Wayanad,Sulthan Bathery,11.6667,76.2667,0,0,0.2878028618145935,0.0105776178556282,0.0105776178556282
2021-06-05,dengue,Kerala,Wayanad,Sulthan Bathery,11.6667,76.2667,0,0,0.3059901765343403,0.0,0.0
2021-10-20,dengue,Kerala,Wayanad,Sulthan Bathery,11.6667,76.2667,0,1,0.7123759299462809,0.0,0.0
2021-10-22,dengue,Kerala,Wayanad,Sulthan Bathery,11.6667,76.2667,1,1,0.7436099021957289,0.0,0.0
2021-11-26,dengue,Kerala,Wayanad,Sulthan Bathery,11.6667,76.2667,0,0,0.0726211205357991,0.5051749904656582,0.5051749904656582
2022-08-09,dengue,Kerala,Wayanad,Sulthan Bathery,11.6667,76.2667,0,1,0.7261796953086994,0.0,0.0
2022-11-26,dengue,Kerala,Wayanad,Sulthan Bathery,11.6667,76.2667,0,1,0.5352864850373318,0.0,0.0
2022-12-30,dengue,Kerala,Wayanad,Sulthan Bathery,11.6667,76.2667,0,1,0.5271665440341784,0.0002821839679973,0.0002821839679973
2023-05-03,dengue,Kerala,Wayanad,Sulthan Bathery,11.6667,76.2667,0,1,0.7194297108111425,2.6874663618796715e-05,2.6874663618796715e-05
2023-07-15,dengue,Kerala,Wayanad,Sulthan Bathery,11.6667,76.2667,0,1,0.6027890938136445,0.0,0.0
2023-10-22,dengue,Kerala,Wayanad,Sulthan Bathery,11.6667,76.2667,0,0,0.2413221046913343,0.0062224995814629,0.0062224995814629
2023-11-23,dengue,Kerala,Wayanad,Sulthan Bathery,11.6667,76.2667,0,1,0.5167553428138372,0.0,0.0
2023-12-31,dengue,Kerala,Wayanad,Sulthan Bathery,11.6667,76.2667,0,1,0.6820036129276488,0.0001209359862845,0.0001209359862845
2024-09-13,dengue,Kerala,Wayanad,Sulthan Bathery,11.6667,76.2667,0,0,0.2041132742331257,0.0,0.0
2020-11-26,dengue,Kerala,Wayanad,Vythiri,11.6226,76.0813,0,0,0.1517165256329606,0.0,0.0
2020-11-26,dengue,Kerala,Wayanad,Vythiri,11.6226,76.0813,0,0,0.1502580709923302,0.0001751159772114,0.0001751159772114
2020-11-27,dengue,Kerala,Wayanad,Vythiri,11.6226,76.0813,0,0,0.102345920854157,0.0,0.0
2022-08-09,dengue,Kerala,Wayanad,Vythiri,11.6226,76.0813,1,1,0.62707240119097,0.0,0.0
2022-11-26,dengue,Kerala,Wayanad,Vythiri,11.6226,76.0813,1,1,0.5967341888688241,0.9999999983333334,0.9999999983333334
2022-12-31,dengue,Kerala,Wayanad,Vythiri,11.6226,76.0813,0,1,0.5970186239421413,0.0068113302344724,0.0068113302344724
2023-05-02,dengue,Kerala,Wayanad,Vythiri,11.6226,76.0813,0,1,0.7125632544591347,0.0,0.0
2023-09-14,dengue,Kerala,Wayanad,Vythiri,11.6226,76.0813,0,1,0.6651610466649504,0.0,0.0
2023-11-23,dengue,Kerala,Wayanad,Vythiri,11.6226,76.0813,0,0,0.1912857485073004,0.0,0.0
2023-11-28,dengue,Kerala,Wayanad,Vythiri,11.6226,76.0813,0,1,0.7210863334977659,0.0143510703724374,0.0143510703724374
2024-10-16,dengue,Kerala,Wayanad,Vythiri,11.6226,76.0813,0,1,0.6714764868165014,0.000696144324372,0.000696144324372
2024-11-29,dengue,Kerala,Wayanad,Vythiri,11.6226,76.0813,0,0,0.0866158079389513,0.0,0.0
2020-07-10,fever_ip,Kerala,Alappuzha,Ambalappuzha,9.5006651,76.41241429,0,0,0.0662576030440204,0.0,0.0
2020-09-18,fever_ip,Kerala,Alappuzha,Ambalappuzha,9.5006651,76.41241429,1,0,0.0961589213654817,0.0,0.0
2023-08-13,fever_ip,Kerala,Alappuzha,Ambalappuzha,9.5006651,76.41241429,0,1,0.692061201613593,0.0256033923077169,0.0256033923077169
2020-03-02,fever_ip,Kerala,Alappuzha,Chenganoor,9.3167,76.6167,1,1,0.6458096740871727,0.0,0.0
2020-09-18,fever_ip,Kerala,Alappuzha,Chenganoor,9.3167,76.6167,1,1,0.6047131953510685,0.0031880495696214,0.0031880495696214
2021-07-08,fever_ip,Kerala,Alappuzha,Chenganoor,9.3167,76.6167,0,0,0.2440740795187414,0.0,0.0
2020-09-20,fever_ip,Kerala,Alappuzha,Cherthala,9.6833,76.3333,0,1,0.5025645079486147,0.0,0.0
2020-12-31,fever_ip,Kerala,Alappuzha,Cherthala,9.6833,76.3333,1,0,0.3558407636071425,0.0003099199589947,0.0003099199589947
2021-03-04,fever_ip,Kerala,Alappuzha,Cherthala,9.6833,76.3333,0,1,0.7277059659456101,0.0039967673240629,0.0039967673240629
2022-09-15,fever_ip,Kerala,Alappuzha,Cherthala,9.6833,76.3333,1,1,0.6951110864978364,0.0,0.0
2020-08-12,fever_ip,Kerala,Alappuzha,Karthikappally,9.2833,76.4667,1,0,0.2904706348457017,0.0,0.0
2021-09-22,fever_ip,Kerala,Alappuzha,Karthikappally,9.2833,76.4667,1,1,0.7195265020950968,6.718665904699176e-06,6.718665904699176e-06
2021-12-30,fever_ip,Kerala,Alappuzha,Karthikappally,9.2833,76.4667,1,1,0.678368351066043,0.0129994205862533,0.0129994205862533
2022-07-09,fever_ip,Kerala,Alappuzha,Karthikappally,9.2833,76.4667,1,0,0.1216474645199877,0.0019239473516849,0.0019239473516849
2022-08-14,fever_ip,Kerala,Alappuzha,Karthikappally,9.2833,76.4667,1,1,0.6964798015871793,0.0006969194152137,0.0006969194152137
2022-09-17,fever_ip,Kerala,Alappuzha,Karthikappally,9.2833,76.4667,0,1,0.668856885131168,0.0192673236730733,0.0192673236730733
2023-08-11,fever_ip,Kerala,Alappuzha,Karthikappally,9.2833,76.4667,0,1,0.716951515438547,0.0,0.0
2020-10-26,fever_ip,Kerala,Alappuzha,Kuttanad,9.5833,76.4167,1,1,0.7213112230107208,0.0,0.0
2022-03-01,fever_ip,Kerala,Alappuzha,Kuttanad,9.5833,76.4167,1,0,0.0899849670227056,0.0046708933692376,0.0046708933692376
2022-07-09,fever_ip,Kerala,Alappuzha,Kuttanad,9.5833,76.4167,0,0,0.1738403051692285,4.258979989139884e-05,4.258979989139884e-05
2022-10-27,fever_ip,Kerala,Alappuzha,Kuttanad,9.5833,76.4167,0,1,0.6850710815214501,0.0,0.0
2023-09-21,fever_ip,Kerala,Alappuzha,Kuttanad,9.5833,76.4167,1,0,0.1635116627340018,0.0001612479817127,0.0001612479817127
2021-08-12,fever_ip,Kerala,Alappuzha,Mavelikkara,9.2667,76.55,1,0,0.0897221713818619,0.0,0.0
2022-08-13,fever_ip,Kerala,Alappuzha,Mavelikkara,9.2667,76.55,1,0,0.1295999921466435,0.0001752334309449,0.0001752334309449
2020-09-20,fever_ip,Kerala,Ernakulam,Aluva,10.1075,76.3516,1,1,0.7307217238517505,0.0,0.0
2020-10-25,fever_ip,Kerala,Ernakulam,Aluva,10.1075,76.3516,0,0,0.0670979451248789,0.00095370587134,0.00095370587134
2021-08-13,fever_ip,Kerala,Ernakulam,Aluva,10.1075,76.3516,0,0,0.0673035583043561,0.0,0.0
2022-03-01,fever_ip,Kerala,Ernakulam,Aluva,10.1075,76.3516,0,1,0.6972039949357682,0.0012169893137643,0.0012169893137643
2022-07-10,fever_ip,Kerala,Ernakulam,Aluva,10.1075,76.3516,0,0,0.1796531981511897,0.0,0.0
2022-08-12,fever_ip,Kerala,Ernakulam,Aluva,10.1075,76.3516,1,1,0.6870368185745095,0.0,0.0
2021-08-12,fever_ip,Kerala,Ernakulam,Kanayannur,9.98408,76.2741457,0,1,0.7362463560677202,0.0,0.0
2023-09-23,fever_ip,Kerala,Ernakulam,Kanayannur,9.98408,76.2741457,1,1,0.7149323462348192,0.0,0.0
2024-03-01,fever_ip,Kerala,Ernakulam,Kanayannur,9.98408,76.2741457,1,1,0.7112814007196888,0.0013534316347289,0.0013534316347289
2021-08-11,fever_ip,Kerala,Ernakulam,Kochi,9.9312,76.2673,1,0,0.1083430341703601,0.0,0.0
2020-10-25,fever_ip,Kerala,Ernakulam,Kothamangalam,10.0667,76.6333,1,0,0.0916781181572653,0.0,0.0
2021-05-07,fever_ip,Kerala,Ernakulam,Kothamangalam,10.0667,76.6333,0,0,0.1835904719300868,0.0,0.0
2021-05-05,fever_ip,Kerala,Ernakulam,Kunnathunad,10.1167,76.4833,1,1,0.6896077997191794,0.0,0.0
2020-05-05,fever_ip,Kerala,Ernakulam,Muvattupuzha,9.9833,76.5833,1,1,0.6675796019090128,0.0,0.0
2020-09-16,fever_ip,Kerala,Ernakulam,Muvattupuzha,9.9833,76.5833,0,0,0.2095153248135251,0.0003833630701882,0.0003833630701882
2021-09-18,fever_ip,Kerala,Ernakulam,Muvattupuzha,9.9833,76.5833,0,1,0.7069793396011156,0.0,0.0
2021-12-31,fever_ip,Kerala,Ernakulam,Muvattupuzha,9.9833,76.5833,0,0,0.1140297100928395,0.0,0.0
2023-03-03,fever_ip,Kerala,Ernakulam,Muvattupuzha,9.9833,76.5833,0,0,0.0852989531854428,4.031199542819508e-05,4.031199542819508e-05
2023-10-26,fever_ip,Kerala,Ernakulam,Muvattupuzha,9.9833,76.5833,1,1,0.7056977722847755,0.0018368864152775,0.0018368864152775
2020-12-30,fever_ip,Kerala,Ernakulam,North Paravur,10.1333,76.2,1,0,0.1750786961341299,0.0,0.0
2021-07-10,fever_ip,Kerala,Ernakulam,North Paravur,10.1333,76.2,0,1,0.7110454424156196,0.0,0.0
2021-09-15,fever_ip,Kerala,Ernakulam,North Paravur,10.1333,76.2,0,1,0.6532222326693129,0.0003049026348939,0.0003049026348939
2021-09-19,fever_ip,Kerala,Ernakulam,North Paravur,10.1333,76.2,0,1,0.6769246821199723,5.625497443923093e-05,5.625497443923093e-05
2023-05-04,fever_ip,Kerala,Ernakulam,North Paravur,10.1333,76.2,0,0,0.1707267938778047,0.0,0.0
2023-05-06,fever_ip,Kerala,Ernakulam,North Paravur,10.1333,76.2,0,0,0.1000614285145297,0.0009332721520326,0.0009332721520326
2023-08-14,fever_ip,Kerala,Ernakulam,North Paravur,10.1333,76.2,0,1,0.6633139886728788,0.0,0.0
2023-09-22,fever_ip,Kerala,Ernakulam,North Paravur,10.1333,76.2,0,1,0.6159063872921527,0.0019474626484167,0.0019474626484167
2024-03-16,fever_ip,Kerala,Ernakulam,North Paravur,10.1333,76.2,1,1,0.7146991855503143,1.7180361155471816e-05,1.7180361155471816e-05
2021-05-07,fever_ip,Kerala,Idukki,Devikulam,10.0667,77.1,1,0,0.1950290173182879,0.0,0.0
2021-10-27,fever_ip,Kerala,Idukki,Devikulam,10.0667,77.1,0,0,0.0575411356891323,0.0001451693289481,0.0001451693289481
2023-07-09,fever_ip,Kerala,Idukki,Devikulam,10.0667,77.1,0,0,0.0806955851565074,0.0,0.0
2023-12-30,fever_ip,Kerala,Idukki,Devikulam,10.0667,77.1,0,0,0.266730984450289,0.0,0.0
2022-03-01,fever_ip,Kerala,Idukki,Idukki,9.8497872,76.9797914,1,1,0.6822999812382159,0.0,0.0
2021-08-13,fever_ip,Kerala,Idukki,Peerumade,9.5667,76.9667,1,1,0.6361122867563114,0.0,0.0
2023-09-02,fever_ip,Kerala,Idukki,Peerumade,9.5667,76.9667,0,1,0.7763789788080874,0.0027363916310939,0.0027363916310939
2020-09-17,fever_ip,Kerala,Idukki,Thodupuzha,9.8955,76.7241,0,0,0.0657269827764197,0.0,0.0
2021-08-13,fever_ip,Kerala,Idukki,Thodupuzha,9.8955,76.7241,0,1,0.6801857496985575,0.0,0.0
2022-12-29,fever_ip,Kerala,Idukki,Thodupuzha,9.8955,76.7241,1,0,0.0977661096418123,0.0,0.0
2023-05-06,fever_ip,Kerala,Idukki,Thodupuzha,9.8955,76.7241,1,1,0.7054519857911056,0.0515898119147148,0.0515898119147148
2023-10-27,fever_ip,Kerala,Idukki,Udumbanchola,9.8333,77.1333,0,1,0.6992709863438625,0.0,0.0
2023-12-31,fever_ip,Kerala,Idukki,Udumbanchola,9.8333,77.1333,0,1,0.7248334827465632,0.0,0.0
2022-09-20,fever_ip,Kerala,Kannur,Iritty,11.9333,75.7,1,1,0.6675763464973524,0.0,0.0
2023-07-08,fever_ip,Kerala,Kannur,Iritty,11.9333,75.7,1,1,0.6688126413624162,0.0001270639830794,0.0001270639830794
2023-09-15,fever_ip,Kerala,Kannur,Iritty,11.9333,75.7,1,1,0.6944317709262597,0.0107558336291946,0.0107558336291946
2023-09-22,fever_ip,Kerala,Kannur,Iritty,11.9333,75.7,0,0,0.2649235654925757,0.027618805003396,0.027618805003396
2024-08-12,fever_ip,Kerala,Kannur,Iritty,11.9333,75.7,0,0,0.035525454105005,0.0,0.0
2024-09-17,fever_ip,Kerala,Kannur,Iritty,11.9333,75.7,0,1,0.7301963137631217,0.0053614953919499,0.0053614953919499
2024-09-21,fever_ip,Kerala,Kannur,Iritty,11.9333,75.7,0,0,0.1911914366693129,0.0,0.0
2021-08-13,fever_ip,Kerala,Kannur,Kannur,11.8763836,75.3737973,1,0,0.269767910631986,0.0,0.0
2022-07-08,fever_ip,Kerala,Kannur,Kannur,11.8763836,75.3737973,0,0,0.3215304289758514,0.0,0.0
2022-09-21,fever_ip,Kerala,Kannur,Kannur,11.8763836,75.3737973,0,0,0.3727412087918998,0.0,0.0
2020-09-16,fever_ip,Kerala,Kannur,Payyanur,12.1,75.2,1,1,0.7035212909335254,0.0,0.0
2020-10-27,fever_ip,Kerala,Kannur,Payyanur,12.1,75.2,0,1,0.6802905549056887,0.0,0.0
2021-08-12,fever_ip,Kerala,Kannur,Payyanur,12.1,75.2,0,0,0.4871323889281263,0.0,0.0
2021-10-25,fever_ip,Kerala,Kannur,Payyanur,12.1,75.2,0,0,0.396654381898938,1.6124798171278027e-05,1.6124798171278027e-05
2021-12-29,fever_ip,Kerala,Kannur,Payyanur,12.1,75.2,0,1,0.7300546231408892,0.0,0.0
2022-08-13,fever_ip,Kerala,Kannur,Payyanur,12.1,75.2,1,0,0.3080524914686821,0.0007659279131357,0.0007659279131357
2022-09-16,fever_ip,Kerala,Kannur,Payyanur,12.1,75.2,0,1,0.7018939906725241,0.0123477741428072,0.0123477741428072
2023-03-02,fever_ip,Kerala,Kannur,Payyanur,12.1,75.2,0,0,0.1231450481383255,0.0,0.0
2023-12-29,fever_ip,Kerala,Kannur,Payyanur,12.1,75.2,0,0,0.1144431558401908,0.0001180565580397,0.0001180565580397
2020-09-21,fever_ip,Kerala,Kannur,Taliparamba,12.0333,75.35,1,1,0.6961546927766757,0.0,0.0
2021-10-27,fever_ip,Kerala,Kannur,Taliparamba,12.0333,75.35,1,1,0.6891693977382183,0.000688381773759,0.000688381773759
2022-09-17,fever_ip,Kerala,Kannur,Taliparamba,12.0333,75.35,0,0,0.3096408254922059,0.0,0.0
2022-09-22,fever_ip,Kerala,Kannur,Taliparamba,12.0333,75.35,0,0,0.225407915198836,0.0011345459442299,0.0011345459442299
2020-03-02,fever_ip,Kerala,Kannur,Thalassery,11.75,75.4833,1,0,0.0318604068784138,0.0,0.0
2020-03-02,fever_ip,Kerala,Kannur,Thalassery,11.75,75.4833,0,1,0.7020013089991736,0.0133601871946466,0.0133601871946466
2021-09-15,fever_ip,Kerala,Kannur,Thalassery,11.75,75.4833,1,0,0.1793973646597954,0.0,0.0
2023-03-01,fever_ip,Kerala,Kannur,Thalassery,11.75,75.4833,0,0,0.0925972168335926,0.0728236814784609,0.0728236814784609
2023-05-04,fever_ip,Kerala,Kannur,Thalassery,11.75,75.4833,0,1,0.6936874254447923,0.0,0.0
2024-05-07,fever_ip,Kerala,Kannur,Thalassery,11.75,75.4833,0,1,0.5744042983976329,2.3035425958968614e-05,2.3035425958968614e-05
2021-09-20,fever_ip,Kerala,Kasaragod,Hosdurg,12.3167,75.1,1,0,0.3673839585208426,0.0,0.0
2021-09-22,fever_ip,Kerala,Kasaragod,Hosdurg,12.3167,75.1,0,0,0.2430387864683946,0.0,0.0
2022-03-02,fever_ip,Kerala,Kasaragod,Hosdurg,12.3167,75.1,0,1,0.7637518084020862,0.0,0.0
2020-07-08,fever_ip,Kerala,Kasaragod,Kasaragod,12.5035577,74.9907022,1,0,0.1367208209607877,0.0,0.0
2020-10-26,fever_ip,Kerala,Kasaragod,Kasaragod,12.5035577,74.9907022,1,0,0.0923530859166585,0.0121726703559243,0.0121726703559243
2021-03-02,fever_ip,Kerala,Kasaragod,Kasaragod,12.5035577,74.9907022,0,1,0.7105350820301318,0.0001511973289052,0.0001511973289052
2021-09-17,fever_ip,Kerala,Kasaragod,Kasaragod,12.5035577,74.9907022,0,0,0.181559774306685,0.0,0.0
2023-05-07,fever_ip,Kerala,Kasaragod,Kasaragod,12.5035577,74.9907022,0,0,0.2017455897745759,0.0015783914644409,0.0015783914644409
2020-09-20,fever_ip,Kerala,Kasaragod,Manjeshwaram,12.7167,74.8833,1,0,0.0918629547756933,0.0,0.0
2022-09-16,fever_ip,Kerala,Kasaragod,Manjeshwaram,12.7167,74.8833,1,0,0.0841832323747348,0.0001549599794973,0.0001549599794973
2022-09-19,fever_ip,Kerala,Kasaragod,Manjeshwaram,12.7167,74.8833,0,1,0.7107030511780122,0.0007027482375006,0.0007027482375006
2022-09-23,fever_ip,Kerala,Kasaragod,Manjeshwaram,12.7167,74.8833,0,1,0.7266543929049335,0.0,0.0
2020-08-14,fever_ip,Kerala,Kasaragod,Nileshwaram,12.25,75.1,1,1,0.6947043998084808,0.0,0.0
2020-10-25,fever_ip,Kerala,Kasaragod,Nileshwaram,12.25,75.1,1,1,0.7235142150817155,0.0087307614871288,0.0087307614871288
2021-05-07,fever_ip,Kerala,Kasaragod,Nileshwaram,12.25,75.1,0,1,0.7000769294639446,0.0197534568353692,0.0197534568353692
2021-12-30,fever_ip,Kerala,Kasaragod,Nileshwaram,12.25,75.1,0,0,0.1054142428581143,0.0,0.0
2022-07-09,fever_ip,Kerala,Kasaragod,Nileshwaram,12.25,75.1,0,0,0.05198450187283,0.0,0.0
2022-08-14,fever_ip,Kerala,Kasaragod,Nileshwaram,12.25,75.1,0,0,0.0359175609691204,0.0,0.0
2022-10-26,fever_ip,Kerala,Kasaragod,Nileshwaram,12.25,75.1,0,1,0.7043116125740104,0.0018946637851251,0.0018946637851251
2020-09-22,fever_ip,Kerala,Kasaragod,Vellarikundu,12.4167,75.2333,0,1,0.6945281488981836,0.0,0.0
2020-10-25,fever_ip,Kerala,Kasaragod,Vellarikundu,12.4167,75.2333,0,1,0.7023626220979179,4.031199542819508e-05,4.031199542819508e-05
2021-12-28,fever_ip,Kerala,Kasaragod,Vellarikundu,12.4167,75.2333,1,1,0.6791809481428542,0.0,0.0
2021-12-30,fever_ip,Kerala,Kasaragod,Vellarikundu,12.4167,75.2333,0,1,0.6910246147750584,0.0420367370634832,0.0420367370634832
2022-09-19,fever_ip,Kerala,Kasaragod,Vellarikundu,12.4167,75.2333,1,1,0.6626246249216718,0.0,0.0
2022-09-19,fever_ip,Kerala,Kasaragod,Vellarikundu,12.4167,75.2333,0,0,0.1056477009954471,0.0078300014887818,0.0078300014887818
2021-05-04,fever_ip,Kerala,Kollam,Karunagappally,9.0574,76.5334,1,0,0.0863454423027725,0.0,0.0
2021-05-07,fever_ip,Kerala,Kollam,Karunagappally,9.0574,76.5334,0,0,0.0842207821988197,0.0007433107569459,0.0007433107569459
2021-12-29,fever_ip,Kerala,Kollam,Karunagappally,9.0574,76.5334,0,1,0.7199055169205703,0.0,0.0
2022-07-10,fever_ip,Kerala,Kollam,Karunagappally,9.0574,76.5334,0,0,0.1381772585594131,0.0,0.0
2020-07-08,fever_ip,Kerala,Kollam,Kollam,8.8879509,76.5955013,1,0,0.0970950017745645,0.0,0.0
2023-10-27,fever_ip,Kerala,Kollam,Kollam,8.8879509,76.5955013,0,1,0.6626668902095174,0.0,0.0
2020-12-28,fever_ip,Kerala,Kollam,Kottarakkara,9.0002,76.7788,1,0,0.1136949103947871,0.0,0.0
2021-09-22,fever_ip,Kerala,Kollam,Kottarakkara,9.0002,76.7788,0,0,0.0642141635777373,2.5016568173069305e-05,2.5016568173069305e-05
2020-05-05,fever_ip,Kerala,Kollam,Kunnathoor,9.0292,76.627,1,1,0.703304569062141,0.0,0.0
2022-09-15,fever_ip,Kerala,Kollam,Kunnathoor,9.0292,76.627,0,0,0.2325112570499797,0.0588147192520926,0.0588147192520926
2023-10-28,fever_ip,Kerala,Kollam,Kunnathoor,9.0292,76.627,0,1,0.7156643751380035,0.0,0.0
2024-07-07,fever_ip,Kerala,Kollam,Kunnathoor,9.0292,76.627,0,1,0.70330319903812,0.0001612479817127,0.0001612479817127
2024-07-10,fever_ip,Kerala,Kollam,Kunnathoor,9.0292,76.627,0,1,0.7298949239565213,0.0049583754376679,0.0049583754376679
2020-09-15,fever_ip,Kerala,Kollam,Pathanapuram,9.1,76.87,0,1,0.6989920700574187,0.0,0.0
2021-12-28,fever_ip,Kerala,Kollam,Pathanapuram,9.1,76.87,0,0,0.301131576794727,0.0,0.0
2020-07-09,fever_ip,Kerala,Kollam,Punalur,9.0089,76.9269,1,0,0.1116913996920591,0.0,0.0
2020-09-23,fever_ip,Kerala,Kollam,Punalur,9.0089,76.9269,0,0,0.1910278269004476,0.0,0.0
2023-09-17,fever_ip,Kerala,Kollam,Punalur,9.0089,76.9269,0,1,0.7379536671658187,0.0002663202219251,0.0002663202219251
2023-09-18,fever_ip,Kerala,Kollam,Punalur,9.0089,76.9269,0,1,0.722807484957285,0.0,0.0
2022-05-06,fever_ip,Kerala,Kottayam,Changanassery,9.45,76.5333,0,1,0.6431582901934317,0.0,0.0
2022-05-06,fever_ip,Kerala,Kottayam,Changanassery,9.45,76.5333,0,0,0.2776592567259754,4.031199542819508e-05,4.031199542819508e-05
2022-10-27,fever_ip,Kerala,Kottayam,Changanassery,9.45,76.5333,0,0,0.1278771209936487,0.0,0.0
2023-07-07,fever_ip,Kerala,Kottayam,Changanassery,9.45,76.5333,0,1,0.6759193200516588,0.0,0.0
2020-03-03,fever_ip,Kerala,Kottayam,Kottayam,9.6287383,76.64553257,1,1,0.7194906515159982,0.0,0.0
2020-09-19,fever_ip,Kerala,Kottayam,Kottayam,9.6287383,76.64553257,0,1,0.5664315151487915,0.0,0.0
2022-05-05,fever_ip,Kerala,Kottayam,Kottayam,9.6287383,76.64553257,0,0,0.2312098433914509,0.0,0.0
2023-03-03,fever_ip,Kerala,Kottayam,Kottayam,9.6287383,76.64553257,1,1,0.688597048485529,0.0002015599771409,0.0002015599771409
2020-05-05,fever_ip,Kerala,Kottayam,Meenachil,9.7167,76.6833,1,1,0.7686784671668754,0.0,0.0
2021-03-02,fever_ip,Kerala,Kottayam,Meenachil,9.7167,76.6833,0,1,0.675674744045849,0.0163314377934922,0.0163314377934922
2021-07-10,fever_ip,Kerala,Kottayam,Meenachil,9.7167,76.6833,0,1,0.6174177200594113,0.0,0.0
2021-07-08,fever_ip,Kerala,Kottayam,Vaikom,9.75,76.4,1,1,0.647890309853193,0.0,0.0
2021-08-12,fever_ip,Kerala,Kottayam,Vaikom,9.75,76.4,0,1,0.7413655567914788,0.0018299317529314,0.0018299317529314
2021-12-31,fever_ip,Kerala,Kottayam,Vaikom,9.75,76.4,1,1,0.7379077153234419,0.0,0.0
2022-03-02,fever_ip,Kerala,Kottayam,Vaikom,9.75,76.4,0,1,0.6898121104833081,0.007307609298382,0.007307609298382
2020-09-16,fever_ip,Kerala,Kozhikode,Koyilandy,11.4333,75.7,0,1,0.689661175533556,0.0,0.0
2020-03-02,fever_ip,Kerala,Kozhikode,Kozhikode,11.2450558,75.7754716,1,1,0.7213469857728101,0.0,0.0
2021-03-02,fever_ip,Kerala,Kozhikode,Kozhikode,11.2450558,75.7754716,1,1,0.7021534724176429,0.052044414967207,0.052044414967207
2021-05-06,fever_ip,Kerala,Kozhikode,Kozhikode,11.2450558,75.7754716,1,0,0.3301922511565484,0.0,0.0
2021-07-08,fever_ip,Kerala,Kozhikode,Kozhikode,11.2450558,75.7754716,0,0,0.3899875564880966,0.1656608274549243,0.1656608274549243
2022-03-03,fever_ip,Kerala,Kozhikode,Kozhikode,11.2450558,75.7754716,0,0,0.2580894445652344,0.0,0.0
2022-09-22,fever_ip,Kerala,Kozhikode,Kozhikode,11.2450558,75.7754716,0,0,0.3571532225182989,0.0019914125741528,0.0019914125741528
2024-07-10,fever_ip,Kerala,Kozhikode,Kozhikode,11.2450558,75.7754716,1,1,0.6882398176318296,0.0,0.0
2020-09-22,fever_ip,Kerala,Kozhikode,Thamarassery,11.2667,75.9333,1,1,0.6863632746505205,0.0,0.0
2020-10-27,fever_ip,Kerala,Kozhikode,Thamarassery,11.2667,75.9333,0,1,0.69415584947344,0.0007615778975221,0.0007615778975221
2020-12-29,fever_ip,Kerala,Kozhikode,Thamarassery,11.2667,75.9333,0,0,0.1262525658105576,0.0,0.0
2021-07-09,fever_ip,Kerala,Kozhikode,Thamarassery,11.2667,75.9333,0,0,0.1003911279057577,0.0012454490378379,0.0012454490378379
2021-08-13,fever_ip,Kerala,Kozhikode,Thamarassery,11.2667,75.9333,1,0,0.0854209729500661,0.0,0.0
2020-05-07,fever_ip,Kerala,Kozhikode,Vadakara,11.6,75.5833,1,0,0.1028096821295423,0.0,0.0
2021-09-23,fever_ip,Kerala,Kozhikode,Vadakara,11.6,75.5833,1,1,0.6741420919928561,0.0,0.0
2022-12-28,fever_ip,Kerala,Kozhikode,Vadakara,11.6,75.5833,0,1,0.7000825601219431,0.0253368738844663,0.0253368738844663
2022-12-31,fever_ip,Kerala,Kozhikode,Vadakara,11.6,75.5833,0,1,0.6651511169481281,0.0,0.0
2023-12-30,fever_ip,Kerala,Kozhikode,Vadakara,11.6,75.5833,0,1,0.7261911430965678,0.0,0.0
2021-09-16,fever_ip,Kerala,Malappuram,Ernad,11.1201,76.1197,1,0,0.1353316518587002,0.0,0.0
2021-12-29,fever_ip,Kerala,Malappuram,Ernad,11.1201,76.1197,1,1,0.7402531903318258,0.3397329087575099,0.3397329087575099
2023-12-29,fever_ip,Kerala,Malappuram,Ernad,11.1201,76.1197,0,1,0.7363085108899325,0.0,0.0
2024-03-01,fever_ip,Kerala,Malappuram,Ernad,11.1201,76.1197,0,0,0.0457027142900633,0.0,0.0
2021-03-03,fever_ip,Kerala,Malappuram,Kondotty,11.15,75.9667,1,0,0.0239259279887782,0.0,0.0
2020-12-29,fever_ip,Kerala,Malappuram,Nilambur,11.2833,76.2333,1,0,0.0611748813593758,0.0,0.0
2020-12-30,fever_ip,Kerala,Malappuram,Nilambur,11.2833,76.2333,0,0,0.0365020664020327,0.0,0.0
2020-12-31,fever_ip,Kerala,Malappuram,Nilambur,11.2833,76.2333,0,1,0.6920705012186886,0.0,0.0
2023-05-06,fever_ip,Kerala,Malappuram,Nilambur,11.2833,76.2333,0,0,0.0620906986061867,0.000378932757025,0.000378932757025
2023-09-15,fever_ip,Kerala,Malappuram,Nilambur,11.2833,76.2333,1,0,0.0551987355512799,0.0,0.0
2024-05-07,fever_ip,Kerala,Malappuram,Nilambur,11.2833,76.2333,0,1,0.6552961060835197,0.0030993122614192,0.0030993122614192
2024-05-07,fever_ip,Kerala,Malappuram,Nilambur,11.2833,76.2333,1,1,0.6733879548250549,0.0,0.0
2021-07-09,fever_ip,Kerala,Malappuram,Perinthalmanna,10.9667,76.2167,0,1,0.6960589032766612,0.0,0.0
2021-07-11,fever_ip,Kerala,Malappuram,Perinthalmanna,10.9667,76.2167,0,1,0.6688131676185484,0.0,0.0
2022-09-23,fever_ip,Kerala,Malappuram,Perinthalmanna,10.9667,76.2167,0,1,0.72825043037488,0.0014713878331291,0.0014713878331291
2022-10-27,fever_ip,Kerala,Malappuram,Perinthalmanna,10.9667,76.2167,0,1,0.650405946117038,0.0,0.0
2023-07-10,fever_ip,Kerala,Malappuram,Perinthalmanna,10.9667,76.2167,0,1,0.6933235891091235,0.0004434319497101,0.0004434319497101
2023-09-22,fever_ip,Kerala,Malappuram,Perinthalmanna,10.9667,76.2167,0,1,0.6699408894116031,0.0813513420164769,0.0813513420164769
2024-07-10,fever_ip,Kerala,Malappuram,Perinthalmanna,10.9667,76.2167,0,0,0.1063487660390979,0.0,0.0
2024-08-12,fever_ip,Kerala,Malappuram,Perinthalmanna,10.9667,76.2167,0,1,0.6463508349782505,0.0,0.0
2020-07-08,fever_ip,Kerala,Malappuram,Ponnani,10.7667,75.9167,0,1,0.6215903293257993,0.0,0.0
2020-09-21,fever_ip,Kerala,Malappuram,Ponnani,10.7667,75.9167,1,0,0.0686852718746295,0.0,0.0
2022-03-02,fever_ip,Kerala,Malappuram,Ponnani,10.7667,75.9167,1,0,0.0767075465241378,0.0091935798260904,0.0091935798260904
2020-09-19,fever_ip,Kerala,Malappuram,Tirur,10.9167,75.9167,1,0,0.0544392432179794,0.0,0.0
2021-03-03,fever_ip,Kerala,Malappuram,Tirur,10.9167,75.9167,1,1,0.6985698306643594,0.0018063446449834,0.0018063446449834
2023-09-18,fever_ip,Kerala,Malappuram,Tirur,10.9167,75.9167,0,1,0.7186892072978117,0.0,0.0
2023-12-29,fever_ip,Kerala,Malappuram,Tirur,10.9167,75.9167,0,1,0.688479471308711,0.0,0.0
2023-12-30,fever_ip,Kerala,Malappuram,Tirur,10.9167,75.9167,0,1,0.5581670632741025,3.2249596342556054e-05,3.2249596342556054e-05
2022-03-03,fever_ip,Kerala,Malappuram,Tirurangadi,11.0,75.9333,1,0,0.2548903949037809,0.0,0.0
2022-10-27,fever_ip,Kerala,Malappuram,Tirurangadi,11.0,75.9333,0,1,0.7077714329109576,2.6160231810474425e-05,2.6160231810474425e-05
2023-05-06,fever_ip,Kerala,Malappuram,Tirurangadi,11.0,75.9333,0,0,0.4363544121156208,0.0,0.0
2024-07-09,fever_ip,Kerala,Malappuram,Tirurangadi,11.0,75.9333,1,1,0.7320613682199005,0.0001612479817127,0.0001612479817127
2024-08-14,fever_ip,Kerala,Malappuram,Tirurangadi,11.0,75.9333,0,0,0.202251166520896,0.0022602442878874,0.0022602442878874
2021-08-12,fever_ip,Kerala,Palakkad,Alathur,10.6333,76.55,0,0,0.0903133959107912,0.0,0.0
2021-08-13,fever_ip,Kerala,Palakkad,Alathur,10.6333,76.55,1,0,0.0237587980776566,0.0001167439848076,0.0001167439848076
2021-09-23,fever_ip,Kerala,Palakkad,Alathur,10.6333,76.55,0,1,0.7244013584833161,0.0857960447571373,0.0857960447571373
2022-12-30,fever_ip,Kerala,Palakkad,Alathur,10.6333,76.55,0,0,0.2371529135883683,0.0,0.0
2023-09-18,fever_ip,Kerala,Palakkad,Alathur,10.6333,76.55,0,0,0.4019565536818375,0.0001612479817127,0.0001612479817127
2020-08-14,fever_ip,Kerala,Palakkad,Mannarkkad,11.0,76.4667,0,1,0.7190748792330329,0.0,0.0
2020-12-28,fever_ip,Kerala,Palakkad,Mannarkkad,11.0,76.4667,1,1,0.675956649249184,0.0,0.0
2021-09-21,fever_ip,Kerala,Palakkad,Mannarkkad,11.0,76.4667,0,0,0.3522930446129872,0.0052729257929105,0.0052729257929105
2022-10-27,fever_ip,Kerala,Palakkad,Mannarkkad,11.0,76.4667,0,0,0.4293471691814472,0.0,0.0
2023-09-15,fever_ip,Kerala,Palakkad,Mannarkkad,11.0,76.4667,1,0,0.2170503908723939,0.0,0.0
2023-09-19,fever_ip,Kerala,Palakkad,Mannarkkad,11.0,76.4667,0,1,0.7348479261124798,0.4136065122736203,0.4136065122736203
2023-12-29,fever_ip,Kerala,Palakkad,Mannarkkad,11.0,76.4667,0,1,0.6326477192090674,0.0,0.0
2021-09-16,fever_ip,Kerala,Palakkad,Ottapalam,10.7667,76.3667,0,0,0.4976917446991538,0.0,0.0
2022-08-13,fever_ip,Kerala,Palakkad,Ottapalam,10.7667,76.3667,1,1,0.672516680932751,0.0,0.0
2022-09-20,fever_ip,Kerala,Palakkad,Ottapalam,10.7667,76.3667,0,1,0.5748870419708076,0.0162423376111652,0.0162423376111652
2020-09-19,fever_ip,Kerala,Palakkad,Palakkad,10.78789845,76.47408711,1,0,0.4845723099326142,0.0,0.0
2022-07-10,fever_ip,Kerala,Palakkad,Palakkad,10.78789845,76.47408711,1,1,0.6777442721866431,0.0072995710140117,0.0072995710140117
2020-09-15,fever_ip,Kerala,Palakkad,Pattambi,10.8,76.2,1,1,0.7012330926427148,0.0,0.0
2020-12-31,fever_ip,Kerala,Palakkad,Pattambi,10.8,76.2,0,1,0.500179403438686,0.0001698271772255,0.0001698271772255
2020-03-01,fever_ip,Kerala,Pathanamthitta,Adoor,9.1667,76.7333,1,0,0.3882957385784697,0.0,0.0
2021-12-31,fever_ip,Kerala,Pathanamthitta,Adoor,9.1667,76.7333,0,0,0.4999240969669023,0.0,0.0
2023-08-26,fever_ip,Kerala,Pathanamthitta,Adoor,9.1667,76.7333,0,1,0.6865353782016126,0.0,0.0
2023-12-29,fever_ip,Kerala,Pathanamthitta,Adoor,9.1667,76.7333,1,1,0.6876388880714325,0.0,0.0
2024-09-15,fever_ip,Kerala,Pathanamthitta,Adoor,9.1667,76.7333,1,1,0.723374826500605,0.0862807740518308,0.0862807740518308
2020-09-17,fever_ip,Kerala,Pathanamthitta,Konni,9.2667,76.9333,1,1,0.6384474838025883,0.0,0.0
2020-12-30,fever_ip,Kerala,Pathanamthitta,Konni,9.2667,76.9333,0,1,0.7131042478472897,0.0,0.0
2022-03-03,fever_ip,Kerala,Pathanamthitta,Konni,9.2667,76.9333,0,1,0.7137683806340418,0.0001209359862845,0.0001209359862845
2022-07-08,fever_ip,Kerala,Pathanamthitta,Konni,9.2667,76.9333,0,1,0.5235176993045573,0.0,0.0
2022-10-25,fever_ip,Kerala,Pathanamthitta,Konni,9.2667,76.9333,0,1,0.723044438878381,0.0001776017151284,0.0001776017151284
2021-05-05,fever_ip,Kerala,Pathanamthitta,Kozhenchery,9.2780841,76.9737443,1,1,0.710703576076247,0.0,0.0
2022-03-01,fever_ip,Kerala,Pathanamthitta,Kozhenchery,9.2780841,76.9737443,0,1,0.7291671927406214,0.0,0.0
2020-05-07,fever_ip,Kerala,Pathanamthitta,Mallappally,9.3833,76.6833,0,1,0.739237690311305,0.0,0.0
2020-12-29,fever_ip,Kerala,Pathanamthitta,Mallappally,9.3833,76.6833,0,1,0.7072814255406737,0.0,0.0
2022-08-12,fever_ip,Kerala,Pathanamthitta,Mallappally,9.3833,76.6833,0,0,0.08608208432125,0.0010212372175142,0.0010212372175142
2022-09-18,fever_ip,Kerala,Pathanamthitta,Mallappally,9.3833,76.6833,1,0,0.0642819539441857,0.0,0.0
2023-09-17,fever_ip,Kerala,Pathanamthitta,Mallappally,9.3833,76.6833,0,1,0.6962207932747734,0.0536203296129307,0.0536203296129307
2022-05-07,fever_ip,Kerala,Pathanamthitta,Ranni,9.3833,76.9667,1,0,0.1971949788344168,0.0,0.0
2023-09-02,fever_ip,Kerala,Pathanamthitta,Ranni,9.3833,76.9667,1,0,0.1062265741348736,0.0007143319043446,0.0007143319043446
2023-09-18,fever_ip,Kerala,Pathanamthitta,Ranni,9.3833,76.9667,1,1,0.7145547509691057,0.0004594072537169,0.0004594072537169
2024-03-03,fever_ip,Kerala,Pathanamthitta,Ranni,9.3833,76.9667,0,0,0.0913285073762158,0.0770740541066131,0.0770740541066131
2024-08-14,fever_ip,Kerala,Pathanamthitta,Ranni,9.3833,76.9667,0,1,0.7256895372725127,0.0,0.0
2020-07-09,fever_ip,Kerala,Pathanamthitta,Thiruvalla,9.3833,76.5833,1,1,0.6751559421272249,0.0,0.0
2020-07-11,fever_ip,Kerala,Pathanamthitta,Thiruvalla,9.3833,76.5833,0,0,0.4649257122609899,0.0004474975398778,0.0004474975398778
2020-08-11,fever_ip,Kerala,Pathanamthitta,Thiruvalla,9.3833,76.5833,0,0,0.431383653899805,0.0,0.0
2020-09-14,fever_ip,Kerala,Pathanamthitta,Thiruvalla,9.3833,76.5833,0,0,0.0334007705575263,0.0001612479817127,0.0001612479817127
2021-09-18,fever_ip,Kerala,Pathanamthitta,Thiruvalla,9.3833,76.5833,0,1,0.6924552023773386,0.0,0.0
2020-08-13,fever_ip,Kerala,Thiruvananthapuram,Chirayinkeezhu,8.6963,76.8153,1,0,0.2517038045087909,0.0,0.0
2020-10-25,fever_ip,Kerala,Thiruvananthapuram,Chirayinkeezhu,8.6963,76.8153,0,1,0.7202811148372525,0.0001943627449881,0.0001943627449881
2021-09-16,fever_ip,Kerala,Thiruvananthapuram,Chirayinkeezhu,8.6963,76.8153,0,1,0.6005983101455928,0.0,0.0
2021-09-17,fever_ip,Kerala,Thiruvananthapuram,Chirayinkeezhu,8.6963,76.8153,0,0,0.0826432753501838,0.0,0.0
2022-09-20,fever_ip,Kerala,Thiruvananthapuram,Chirayinkeezhu,8.6963,76.8153,1,0,0.1138032169203836,0.0,0.0
2020-08-11,fever_ip,Kerala,Thiruvananthapuram,Kattakkada,8.5667,77.1,1,1,0.7219120945299075,0.0,0.0
2020-09-20,fever_ip,Kerala,Thiruvananthapuram,Kattakkada,8.5667,77.1,1,1,0.6238446422448549,0.0327045977519241,0.0327045977519241
2020-12-29,fever_ip,Kerala,Thiruvananthapuram,Kattakkada,8.5667,77.1,0,0,0.3813584540594014,0.0,0.0
2021-08-11,fever_ip,Kerala,Thiruvananthapuram,Kattakkada,8.5667,77.1,0,0,0.2581033476302292,0.0,0.0
2021-12-31,fever_ip,Kerala,Thiruvananthapuram,Kattakkada,8.5667,77.1,0,1,0.7448450198820072,0.0037248283775652,0.0037248283775652
2022-03-02,fever_ip,Kerala,Thiruvananthapuram,Kattakkada,8.5667,77.1,1,0,0.1009138090915746,0.0,0.0
2022-10-28,fever_ip,Kerala,Thiruvananthapuram,Kattakkada,8.5667,77.1,0,0,0.0752677507898197,0.507666842289164,0.507666842289164
2024-09-17,fever_ip,Kerala,Thiruvananthapuram,Kattakkada,8.5667,77.1,0,0,0.0998960276201514,0.0,0.0
2024-09-17,fever_ip,Kerala,Thiruvananthapuram,Kattakkada,8.5667,77.1,0,1,0.7132910319036533,0.0,0.0
2024-09-22,fever_ip,Kerala,Thiruvananthapuram,Kattakkada,8.5667,77.1,0,1,0.653174222146559,0.0,0.0
2020-07-10,fever_ip,Kerala,Thiruvananthapuram,Nedumangad,8.6036,77.0031,0,1,0.7186101283954442,0.0,0.0
2022-09-17,fever_ip,Kerala,Thiruvananthapuram,Nedumangad,8.6036,77.0031,0,1,0.7024654578715794,0.0,0.0
2023-09-18,fever_ip,Kerala,Thiruvananthapuram,Nedumangad,8.6036,77.0031,0,0,0.1530677504302413,4.031199542819508e-05,4.031199542819508e-05
2024-09-19,fever_ip,Kerala,Thiruvananthapuram,Nedumangad,8.6036,77.0031,1,0,0.1299699642803249,0.0012023329647035,0.0012023329647035
2020-09-18,fever_ip,Kerala,Thiruvananthapuram,Neyyattinkara,8.4004,77.0872,0,1,0.7012651831895623,0.0,0.0
2022-05-06,fever_ip,Kerala,Thiruvananthapuram,Neyyattinkara,8.4004,77.0872,1,1,0.7503060161681957,0.0001167439848076,0.0001167439848076
2022-07-11,fever_ip,Kerala,Thiruvananthapuram,Neyyattinkara,8.4004,77.0872,1,1,0.7038851905396863,0.0035141048565047,0.0035141048565047
2021-09-19,fever_ip,Kerala,Thiruvananthapuram,Thiruvananthapuram,8.4882267,76.947551,1,0,0.1313055948096398,0.0,0.0
2022-12-31,fever_ip,Kerala,Thiruvananthapuram,Thiruvananthapuram,8.4882267,76.947551,0,1,0.7290005729376706,0.0064075964680278,0.0064075964680278
2023-10-25,fever_ip,Kerala,Thiruvananthapuram,Thiruvananthapuram,8.4882267,76.947551,0,0,0.0993996378658166,0.0,0.0
2020-03-04,fever_ip,Kerala,Thiruvananthapuram,Varkala,8.7379,76.7163,1,0,0.1798467840126679,0.0,0.0
2022-10-26,fever_ip,Kerala,Thiruvananthapuram,Varkala,8.7379,76.7163,1,0,0.1589129205029317,0.0011053065178851,0.0011053065178851
2023-09-16,fever_ip,Kerala,Thiruvananthapuram,Varkala,8.7379,76.7163,0,0,0.1107695918948967,0.0028446739862831,0.0028446739862831
2023-10-26,fever_ip,Kerala,Thiruvananthapuram,Varkala,8.7379,76.7163,0,1,0.7588823625322876,0.0,0.0
2023-12-30,fever_ip,Kerala,Thiruvananthapuram,Varkala,8.7379,76.7163,0,1,0.6806324011687228,0.0017127181523777,0.0017127181523777
2021-10-25,fever_ip,Kerala,Thrissur,Chalakudy,10.3,76.3333,1,1,0.7151419037396218,0.0,0.0
2022-08-13,fever_ip,Kerala,Thrissur,Chalakudy,10.3,76.3333,1,1,0.6034953030842971,0.0,0.0
2020-09-21,fever_ip,Kerala,Thrissur,Chavakkad,10.5833,76.0167,0,0,0.0340027166355051,0.0,0.0
2020-10-27,fever_ip,Kerala,Thrissur,Chavakkad,10.5833,76.0167,1,1,0.7276447472651576,0.0003099199589947,0.0003099199589947
2021-10-25,fever_ip,Kerala,Thrissur,Chavakkad,10.5833,76.0167,1,1,0.5336463238333675,0.0127986591989863,0.0127986591989863
2021-12-29,fever_ip,Kerala,Thrissur,Chavakkad,10.5833,76.0167,0,1,0.7016685882660504,0.0036110342322595,0.0036110342322595
2020-09-14,fever_ip,Kerala,Thrissur,Kodungallur,10.2333,76.2,1,1,0.6688798083847166,0.0,0.0
2020-12-31,fever_ip,Kerala,Thrissur,Kodungallur,10.2333,76.2,1,0,0.3331901862335168,0.0009563001061677,0.0009563001061677
2022-07-09,fever_ip,Kerala,Thrissur,Kodungallur,10.2333,76.2,0,0,0.0497816328724913,0.0932513086236784,0.0932513086236784
2022-09-15,fever_ip,Kerala,Thrissur,Kodungallur,10.2333,76.2,1,0,0.0608707538395997,0.0,0.0
2022-07-09,fever_ip,Kerala,Thrissur,Kunnamkulam,10.65,76.0667,1,0,0.0559269961167559,0.0,0.0
2022-12-30,fever_ip,Kerala,Thrissur,Kunnamkulam,10.65,76.0667,1,0,0.038225235821556,0.0011187438496945,0.0011187438496945
2023-05-04,fever_ip,Kerala,Thrissur,Kunnamkulam,10.65,76.0667,0,1,0.7240663720915538,0.0023110118132462,0.0023110118132462
2023-08-12,fever_ip,Kerala,Thrissur,Kunnamkulam,10.65,76.0667,1,1,0.720063385950461,4.476893498372597e-05,4.476893498372597e-05
2022-07-11,fever_ip,Kerala,Thrissur,Mukundapuram,10.3333,76.2167,0,0,0.1999749530919732,0.0,0.0
2022-09-18,fever_ip,Kerala,Thrissur,Mukundapuram,10.3333,76.2167,1,0,0.0673140521842542,0.0,0.0
2023-08-12,fever_ip,Kerala,Thrissur,Mukundapuram,10.3333,76.2167,0,1,0.7011387279687216,0.0098930763673996,0.0098930763673996
2021-08-12,fever_ip,Kerala,Thrissur,Talappilly,10.6667,76.25,1,1,0.7269633852955689,0.0,0.0
2023-10-28,fever_ip,Kerala,Thrissur,Talappilly,10.6667,76.25,0,1,0.6184756191669947,0.0,0.0
2024-08-14,fever_ip,Kerala,Thrissur,Talappilly,10.6667,76.25,0,0,0.3056364738110637,0.0005428682050996,0.0005428682050996
2023-05-06,fever_ip,Kerala,Thrissur,Thrissur,10.5256264,76.2132542,1,1,0.6948958862642916,0.0,0.0
2023-07-15,fever_ip,Kerala,Thrissur,Thrissur,10.5256264,76.2132542,1,0,0.1610685213835887,0.0020623717221775,0.0020623717221775
2020-09-14,fever_ip,Kerala,Wayanad,Mananthavady,11.8,76.0,0,1,0.7207085084762341,0.0,0.0
2021-03-02,fever_ip,Kerala,Wayanad,Mananthavady,11.8,76.0,0,1,0.5973641746207698,0.0,0.0
2021-10-26,fever_ip,Kerala,Wayanad,Mananthavady,11.8,76.0,1,0,0.3313964489448808,0.0008950380185459,0.0008950380185459
2022-09-19,fever_ip,Kerala,Wayanad,Mananthavady,11.8,76.0,1,1,0.6884456263150848,0.0019740433838786,0.0019740433838786
2020-09-19,fever_ip,Kerala,Wayanad,Sulthan Bathery,11.6667,76.2667,1,1,0.7030307151543154,0.0,0.0
2021-09-21,fever_ip,Kerala,Wayanad,Sulthan Bathery,11.6667,76.2667,0,0,0.1437353274847073,0.0,0.0
2022-09-19,fever_ip,Kerala,Wayanad,Sulthan Bathery,11.6667,76.2667,1,1,0.6888002398342664,0.0,0.0
2020-09-21,fever_ip,Kerala,Wayanad,Vythiri,11.6226,76.0813,0,1,0.6882495881001941,0.0,0.0
2021-12-30,fever_ip,Kerala,Wayanad,Vythiri,11.6226,76.0813,0,1,0.737593344695798,0.0,0.0
2024-05-04,fever_ip,Kerala,Wayanad,Vythiri,11.6226,76.0813,1,0,0.2693744194018867,0.0,0.0
2020-04-01,fever_op,Kerala,Alappuzha,Ambalappuzha,9.5006651,76.41241429,1,0,0.12367621079907,0.0,0.0
2020-07-10,fever_op,Kerala,Alappuzha,Ambalappuzha,9.5006651,76.41241429,0,1,0.7297263755128871,0.5072484850532498,0.5072484850532498
2021-08-13,fever_op,Kerala,Alappuzha,Ambalappuzha,9.5006651,76.41241429,0,1,0.7204682114674152,0.0,0.0
2022-09-15,fever_op,Kerala,Alappuzha,Ambalappuzha,9.5006651,76.41241429,0,1,0.7052122974125085,0.0055899300327097,0.0055899300327097
2023-04-05,fever_op,Kerala,Alappuzha,Ambalappuzha,9.5006651,76.41241429,0,1,0.5191521394055439,0.0,0.0
2023-05-09,fever_op,Kerala,Alappuzha,Ambalappuzha,9.5006651,76.41241429,0,1,0.7269195811921269,0.0,0.0
2023-10-19,fever_op,Kerala,Alappuzha,Ambalappuzha,9.5006651,76.41241429,0,1,0.7515907011078162,0.0002418719725691,0.0002418719725691
2020-05-09,fever_op,Kerala,Alappuzha,Chenganoor,9.3167,76.6167,1,1,0.7280742201356029,0.0,0.0
2021-08-14,fever_op,Kerala,Alappuzha,Chenganoor,9.3167,76.6167,0,1,0.6384320185588961,0.0,0.0
2022-04-04,fever_op,Kerala,Alappuzha,Chenganoor,9.3167,76.6167,0,1,0.7053170333464195,0.0004837439451383,0.0004837439451383
2022-11-27,fever_op,Kerala,Alappuzha,Chenganoor,9.3167,76.6167,0,0,0.2643609214362016,0.0,0.0
2023-07-08,fever_op,Kerala,Alappuzha,Chenganoor,9.3167,76.6167,0,0,0.2625833105540895,0.0002149973089503,0.0002149973089503
2023-10-24,fever_op,Kerala,Alappuzha,Chenganoor,9.3167,76.6167,0,1,0.7143365639313651,0.0,0.0
2021-12-29,fever_op,Kerala,Alappuzha,Cherthala,9.6833,76.3333,1,1,0.6619373464709122,0.0,0.0
2023-04-02,fever_op,Kerala,Alappuzha,Cherthala,9.6833,76.3333,1,1,0.6878678205769106,0.0002524276024111,0.0002524276024111
2021-09-16,fever_op,Kerala,Alappuzha,Karthikappally,9.2833,76.4667,0,0,0.2961018682266773,0.0,0.0
2022-10-21,fever_op,Kerala,Alappuzha,Karthikappally,9.2833,76.4667,0,1,0.7181314748176589,0.0,0.0
2021-04-02,fever_op,Kerala,Alappuzha,Kuttanad,9.5833,76.4167,1,1,0.678765329918659,0.0,0.0
2020-08-15,fever_op,Kerala,Alappuzha,Mavelikkara,9.2667,76.55,0,0,0.0802157884976118,0.0,0.0
2021-04-04,fever_op,Kerala,Alappuzha,Mavelikkara,9.2667,76.55,0,1,0.7082835478680023,0.0,0.0
2023-12-29,fever_op,Kerala,Alappuzha,Mavelikkara,9.2667,76.55,1,1,0.7092045516529896,0.0,0.0
2020-08-14,fever_op,Kerala,Ernakulam,Aluva,10.1075,76.3516,1,1,0.6976344171660352,0.0,0.0
2022-04-06,fever_op,Kerala,Ernakulam,Aluva,10.1075,76.3516,1,1,0.6880943294985183,0.0002964826271853,0.0002964826271853
2022-05-08,fever_op,Kerala,Ernakulam,Aluva,10.1075,76.3516,1,1,0.7108655885773574,0.1328521260302144,0.1328521260302144
2023-12-29,fever_op,Kerala,Ernakulam,Aluva,10.1075,76.3516,1,1,0.6120026376146551,0.0003871313918108,0.0003871313918108
2020-12-30,fever_op,Kerala,Ernakulam,Kanayannur,9.98408,76.2741457,0,1,0.7035515021855181,0.0,0.0
2021-07-12,fever_op,Kerala,Ernakulam,Kanayannur,9.98408,76.2741457,0,1,0.6843279837043488,0.0,0.0
2021-09-14,fever_op,Kerala,Ernakulam,Kanayannur,9.98408,76.2741457,0,0,0.3301859399754508,0.0026159019005697,0.0026159019005697
2022-10-23,fever_op,Kerala,Ernakulam,Kanayannur,9.98408,76.2741457,1,1,0.6732555262832649,0.0,0.0
2023-10-18,fever_op,Kerala,Ernakulam,Kanayannur,9.98408,76.2741457,1,1,0.599167158466473,0.0018508368277192,0.0018508368277192
2023-10-21,fever_op,Kerala,Ernakulam,Kanayannur,9.98408,76.2741457,0,1,0.6737020731303583,0.4185685519008553,0.4185685519008553
2024-04-05,fever_op,Kerala,Ernakulam,Kanayannur,9.98408,76.2741457,0,0,0.0841048139238306,0.0,0.0
2023-04-01,fever_op,Kerala,Ernakulam,Kochi,9.9312,76.2673,0,1,0.7085329793120546,0.0,0.0
2023-04-01,fever_op,Kerala,Ernakulam,Kochi,9.9312,76.2673,1,0,0.3741046543950932,0.0,0.0
2021-04-01,fever_op,Kerala,Ernakulam,Kothamangalam,10.0667,76.6333,1,1,0.7230804615232015,0.0,0.0
2021-10-23,fever_op,Kerala,Ernakulam,Kothamangalam,10.0667,76.6333,1,1,0.7087095099320703,0.1388346023815952,0.1388346023815952
2022-10-25,fever_op,Kerala,Ernakulam,Kothamangalam,10.0667,76.6333,0,1,0.6668386839404351,0.0,0.0
2020-10-25,fever_op,Kerala,Ernakulam,Kunnathunad,10.1167,76.4833,1,1,0.7176653229300459,0.0,0.0
2021-12-31,fever_op,Kerala,Ernakulam,Kunnathunad,10.1167,76.4833,1,1,0.7162503121884474,0.0006267739157389,0.0006267739157389
2023-04-05,fever_op,Kerala,Ernakulam,Kunnathunad,10.1167,76.4833,1,0,0.1363454967441699,0.1770726000238055,0.1770726000238055
2023-09-17,fever_op,Kerala,Ernakulam,Kunnathunad,10.1167,76.4833,0,1,0.6913200120634057,0.0,0.0
2021-04-01,fever_op,Kerala,Ernakulam,Muvattupuzha,9.9833,76.5833,1,1,0.7306699712483156,0.0,0.0
2022-10-21,fever_op,Kerala,Ernakulam,Muvattupuzha,9.9833,76.5833,0,1,0.6977023345887214,0.0,0.0
2022-10-23,fever_op,Kerala,Ernakulam,Muvattupuzha,9.9833,76.5833,1,1,0.7010969708876438,0.0,0.0
2022-04-05,fever_op,Kerala,Ernakulam,North Paravur,10.1333,76.2,1,1,0.6760440953899078,0.0,0.0
2022-10-24,fever_op,Kerala,Ernakulam,North Paravur,10.1333,76.2,1,1,0.5409291649621912,0.0,0.0
2020-08-14,fever_op,Kerala,Idukki,Devikulam,10.0667,77.1,1,1,0.5019551027919309,0.0,0.0
2022-12-31,fever_op,Kerala,Idukki,Devikulam,10.0667,77.1,1,1,0.5370632117671252,0.0020039997297737,0.0020039997297737
2023-09-15,fever_op,Kerala,Idukki,Devikulam,10.0667,77.1,1,1,0.7305278013786258,0.0136901649069348,0.0136901649069348
2023-10-21,fever_op,Kerala,Idukki,Devikulam,10.0667,77.1,0,1,0.6519640215393164,0.0003069596398313,0.0003069596398313
2023-11-28,fever_op,Kerala,Idukki,Devikulam,10.0667,77.1,0,1,0.6898698285865719,0.0,0.0
2024-05-09,fever_op,Kerala,Idukki,Devikulam,10.0667,77.1,1,1,0.6774833289339172,0.0014351070372437,0.0014351070372437
2024-07-11,fever_op,Kerala,Idukki,Devikulam,10.0667,77.1,1,0,0.0649084971148079,0.0060394130375045,0.0060394130375045
2020-04-04,fever_op,Kerala,Idukki,Idukki,9.8497872,76.9797914,0,0,0.0776613193370328,0.0,0.0
2021-04-02,fever_op,Kerala,Idukki,Idukki,9.8497872,76.9797914,0,0,0.10477071738409,0.0,0.0
2021-04-03,fever_op,Kerala,Idukki,Idukki,9.8497872,76.9797914,1,1,0.6966173993261785,0.0,0.0
2021-05-07,fever_op,Kerala,Idukki,Idukki,9.8497872,76.9797914,1,0,0.2166885894042819,0.9999999983333334,0.9999999983333334
2023-09-16,fever_op,Kerala,Idukki,Idukki,9.8497872,76.9797914,0,0,0.123847690515057,0.0012941759318461,0.0012941759318461
2024-10-19,fever_op,Kerala,Idukki,Idukki,9.8497872,76.9797914,0,1,0.7351709171080573,0.0,0.0
2020-04-05,fever_op,Kerala,Idukki,Peerumade,9.5667,76.9667,1,1,0.7317767591674498,0.0,0.0
2023-10-14,fever_op,Kerala,Idukki,Peerumade,9.5667,76.9667,0,1,0.7249779332395216,0.0,0.0
2020-10-18,fever_op,Kerala,Idukki,Thodupuzha,9.8955,76.7241,1,1,0.7275866923008025,0.0,0.0
2020-10-24,fever_op,Kerala,Idukki,Thodupuzha,9.8955,76.7241,1,1,0.688772664035841,0.0010406350597242,0.0010406350597242
2021-10-17,fever_op,Kerala,Idukki,Thodupuzha,9.8955,76.7241,1,1,0.7351990767862688,0.0032616721864483,0.0032616721864483
2023-10-23,fever_op,Kerala,Idukki,Thodupuzha,9.8955,76.7241,1,1,0.5782705311764129,4.845079582473021e-05,4.845079582473021e-05
2024-04-02,fever_op,Kerala,Idukki,Thodupuzha,9.8955,76.7241,0,0,0.2527358832220061,0.2560237184565883,0.2560237184565883
2021-04-03,fever_op,Kerala,Idukki,Udumbanchola,9.8333,77.1333,0,1,0.7194102650551354,0.0,0.0
2022-11-28,fever_op,Kerala,Idukki,Udumbanchola,9.8333,77.1333,1,1,0.7233332137885311,0.0,0.0
2024-04-01,fever_op,Kerala,Idukki,Udumbanchola,9.8333,77.1333,0,1,0.7122800755668064,0.2088295687916926,0.2088295687916926
2024-04-05,fever_op,Kerala,Idukki,Udumbanchola,9.8333,77.1333,0,0,0.1472385879993085,0.0,0.0
2020-04-03,fever_op,Kerala,Kannur,Iritty,11.9333,75.7,1,1,0.7083746379804998,0.0,0.0
2021-04-04,fever_op,Kerala,Kannur,Iritty,11.9333,75.7,1,1,0.7103502614693887,0.0006559599119408,0.0006559599119408
2022-10-22,fever_op,Kerala,Kannur,Iritty,11.9333,75.7,1,1,0.6735541062215479,0.00189789317865,0.00189789317865
2022-12-31,fever_op,Kerala,Kannur,Iritty,11.9333,75.7,1,1,0.7019414269086798,0.0026185840772134,0.0026185840772134
2023-09-16,fever_op,Kerala,Kannur,Iritty,11.9333,75.7,0,1,0.7057832152518112,0.0196530949827449,0.0196530949827449
2020-07-11,fever_op,Kerala,Kannur,Kannur,11.8763836,75.3737973,1,1,0.5120928225249717,0.0,0.0
2020-12-31,fever_op,Kerala,Kannur,Kannur,11.8763836,75.3737973,1,0,0.4926551467058401,0.1400663760722669,0.1400663760722669
2021-09-16,fever_op,Kerala,Kannur,Kannur,11.8763836,75.3737973,0,0,0.4211553656957777,0.0,0.0
2021-10-22,fever_op,Kerala,Kannur,Kannur,11.8763836,75.3737973,0,1,0.753059575863464,0.0,0.0
2024-04-03,fever_op,Kerala,Kannur,Kannur,11.8763836,75.3737973,0,0,0.2385287161597962,0.0,0.0
2020-10-22,fever_op,Kerala,Kannur,Payyanur,12.1,75.2,1,1,0.7160171211500935,0.0,0.0
2021-04-04,fever_op,Kerala,Kannur,Payyanur,12.1,75.2,1,1,0.7363399429147022,0.0042372954276858,0.0042372954276858
2023-07-10,fever_op,Kerala,Kannur,Payyanur,12.1,75.2,0,1,0.6602084585315546,0.0029433852157044,0.0029433852157044
2020-04-04,fever_op,Kerala,Kannur,Taliparamba,12.0333,75.35,0,0,0.2984563930654909,0.0,0.0
2020-07-11,fever_op,Kerala,Kannur,Taliparamba,12.0333,75.35,1,1,0.7482214811880266,0.0,0.0
2020-10-18,fever_op,Kerala,Kannur,Taliparamba,12.0333,75.35,0,1,0.7241179059672602,0.8408737220146316,0.8408737220146316
2020-11-25,fever_op,Kerala,Kannur,Taliparamba,12.0333,75.35,0,1,0.7112913989098285,0.0,0.0
2020-12-29,fever_op,Kerala,Kannur,Taliparamba,12.0333,75.35,0,1,0.7121858021256654,0.0002418719725691,0.0002418719725691
2021-04-02,fever_op,Kerala,Kannur,Taliparamba,12.0333,75.35,0,1,0.7161472296175323,0.0003090586316161,0.0003090586316161
2021-10-24,fever_op,Kerala,Kannur,Taliparamba,12.0333,75.35,0,1,0.6641204676372366,0.0,0.0
2020-07-11,fever_op,Kerala,Kannur,Thalassery,11.75,75.4833,0,1,0.7305518749386636,0.0,0.0
2022-10-19,fever_op,Kerala,Kannur,Thalassery,11.75,75.4833,0,1,0.7273736720037643,0.0,0.0
2023-09-15,fever_op,Kerala,Kannur,Thalassery,11.75,75.4833,0,1,0.7288148046535906,8.062399085639016e-05,8.062399085639016e-05
2021-04-03,fever_op,Kerala,Kasaragod,Hosdurg,12.3167,75.1,1,1,0.7079354580240517,0.0,0.0
2021-11-26,fever_op,Kerala,Kasaragod,Hosdurg,12.3167,75.1,1,1,0.7647963302372025,0.0008155425566044,0.0008155425566044
2022-04-05,fever_op,Kerala,Kasaragod,Hosdurg,12.3167,75.1,0,1,0.7115595026106462,0.0,0.0
2022-10-25,fever_op,Kerala,Kasaragod,Hosdurg,12.3167,75.1,1,0,0.0359450978588346,2.239555301566393e-05,2.239555301566393e-05
2023-04-01,fever_op,Kerala,Kasaragod,Hosdurg,12.3167,75.1,0,1,0.727813426112467,0.0056391811142098,0.0056391811142098
2023-10-21,fever_op,Kerala,Kasaragod,Hosdurg,12.3167,75.1,0,1,0.7358456985700293,0.0,0.0
2024-04-06,fever_op,Kerala,Kasaragod,Hosdurg,12.3167,75.1,0,1,0.7158879886947891,0.0014109198399868,0.0014109198399868
2022-07-11,fever_op,Kerala,Kasaragod,Kasaragod,12.5035577,74.9907022,1,1,0.700831621313401,0.0,0.0
2022-10-24,fever_op,Kerala,Kasaragod,Kasaragod,12.5035577,74.9907022,1,1,0.7187855141682314,0.0001482413135926,0.0001482413135926
2020-10-21,fever_op,Kerala,Kasaragod,Vellarikundu,12.4167,75.2333,1,1,0.7237905420996802,0.0,0.0
2020-10-24,fever_op,Kerala,Kasaragod,Vellarikundu,12.4167,75.2333,0,1,0.5635116566831112,0.0,0.0
2021-10-18,fever_op,Kerala,Kasaragod,Vellarikundu,12.4167,75.2333,0,1,0.7276668368560061,0.0,0.0
2022-11-25,fever_op,Kerala,Kasaragod,Vellarikundu,12.4167,75.2333,0,1,0.7110998784214217,0.0004837439451383,0.0004837439451383
2023-10-18,fever_op,Kerala,Kasaragod,Vellarikundu,12.4167,75.2333,0,1,0.7099151546412971,0.0014847303408576,0.0014847303408576
2021-10-21,fever_op,Kerala,Kollam,Karunagappally,9.0574,76.5334,1,1,0.7001696366424912,0.0,0.0
2023-04-04,fever_op,Kerala,Kollam,Kollam,8.8879509,76.5955013,0,1,0.7143828331307922,0.0,0.0
2024-04-01,fever_op,Kerala,Kollam,Kollam,8.8879509,76.5955013,0,1,0.733439569411043,0.0,0.0
2024-10-19,fever_op,Kerala,Kollam,Kollam,8.8879509,76.5955013,1,1,0.7062834759878953,0.0,0.0
2020-05-07,fever_op,Kerala,Kollam,Kottarakkara,9.0002,76.7788,0,1,0.7235327419897303,0.0,0.0
2020-04-03,fever_op,Kerala,Kollam,Kunnathoor,9.0292,76.627,0,1,0.7222048830670958,0.0,0.0
2020-11-26,fever_op,Kerala,Kollam,Kunnathoor,9.0292,76.627,1,1,0.7290567986700214,0.0,0.0
2021-07-09,fever_op,Kerala,Kollam,Kunnathoor,9.0292,76.627,1,0,0.0880992565515781,0.0046486973157634,0.0046486973157634
2022-09-16,fever_op,Kerala,Kollam,Kunnathoor,9.0292,76.627,1,1,0.7029527443595218,0.012186154047359,0.012186154047359
2022-10-19,fever_op,Kerala,Kollam,Kunnathoor,9.0292,76.627,1,0,0.0553377486960527,0.0053359374334582,0.0053359374334582
2022-10-18,fever_op,Kerala,Kollam,Pathanapuram,9.1,76.87,0,0,0.0457181482311854,0.0,0.0
2022-10-24,fever_op,Kerala,Kollam,Pathanapuram,9.1,76.87,1,1,0.7057746999637875,0.0,0.0
2021-07-10,fever_op,Kerala,Kollam,Punalur,9.0089,76.9269,0,1,0.6667646399973033,0.0,0.0
2022-08-15,fever_op,Kerala,Kollam,Punalur,9.0089,76.9269,0,1,0.7322721899717728,0.0,0.0
2022-10-24,fever_op,Kerala,Kollam,Punalur,9.0089,76.9269,0,1,0.7209846733205199,0.0,0.0
2023-09-14,fever_op,Kerala,Kollam,Punalur,9.0089,76.9269,0,1,0.5278994630688771,0.0001881226453315,0.0001881226453315
2020-07-10,fever_op,Kerala,Kottayam,Changanassery,9.45,76.5333,1,1,0.7185772279724968,0.0,0.0
2021-05-07,fever_op,Kerala,Kottayam,Changanassery,9.45,76.5333,0,0,0.0596519184573271,0.7643839816271284,0.7643839816271284
2023-10-24,fever_op,Kerala,Kottayam,Changanassery,9.45,76.5333,0,0,0.2271150725259899,0.0,0.0
2024-09-17,fever_op,Kerala,Kottayam,Changanassery,9.45,76.5333,0,1,0.7119559299761445,3.5832884825062285e-05,3.5832884825062285e-05
2020-05-07,fever_op,Kerala,Kottayam,Kanjirappally,9.5667,76.7833,0,1,0.7101404822196846,0.0,0.0
2020-10-25,fever_op,Kerala,Kottayam,Kanjirappally,9.5667,76.7833,1,1,0.6974734423166654,0.0,0.0
2023-10-26,fever_op,Kerala,Kottayam,Kanjirappally,9.5667,76.7833,0,1,0.6767576131516353,0.1733486020812107,0.1733486020812107
2023-12-29,fever_op,Kerala,Kottayam,Kanjirappally,9.5667,76.7833,0,1,0.6669263980451353,0.0,0.0
2020-04-01,fever_op,Kerala,Kottayam,Kottayam,9.6287383,76.64553257,0,1,0.718073386759766,0.0,0.0
2021-10-18,fever_op,Kerala,Kottayam,Kottayam,9.6287383,76.64553257,1,0,0.175816728056296,4.031199542819508e-05,4.031199542819508e-05
2022-04-01,fever_op,Kerala,Kottayam,Kottayam,9.6287383,76.64553257,1,0,0.0758353686902311,0.0064366859438711,0.0064366859438711
2020-05-09,fever_op,Kerala,Kottayam,Meenachil,9.7167,76.6833,1,1,0.7186928423457277,0.0,0.0
2020-08-14,fever_op,Kerala,Kottayam,Meenachil,9.7167,76.6833,0,1,0.6406083201822166,0.0,0.0
2021-10-23,fever_op,Kerala,Kottayam,Meenachil,9.7167,76.6833,0,0,0.1971623347608088,0.0,0.0
2023-05-07,fever_op,Kerala,Kottayam,Meenachil,9.7167,76.6833,0,1,0.698443061059173,0.0,0.0
2024-09-16,fever_op,Kerala,Kottayam,Meenachil,9.7167,76.6833,0,1,0.7020783481363272,0.0021841772068367,0.0021841772068367
2020-04-01,fever_op,Kerala,Kottayam,Vaikom,9.75,76.4,1,1,0.7374421647332023,0.0,0.0
2020-10-23,fever_op,Kerala,Kottayam,Vaikom,9.75,76.4,0,1,0.6898157562360262,7.085546782069631e-05,7.085546782069631e-05
2020-11-28,fever_op,Kerala,Kottayam,Vaikom,9.75,76.4,0,1,0.6434013903487329,0.0,0.0
2021-07-10,fever_op,Kerala,Kottayam,Vaikom,9.75,76.4,0,0,0.4027220524417251,0.0,0.0
2021-09-15,fever_op,Kerala,Kottayam,Vaikom,9.75,76.4,0,1,0.5048674320804485,0.0,0.0
2021-10-24,fever_op,Kerala,Kottayam,Vaikom,9.75,76.4,0,0,0.4310767557951633,0.0012899838537022,0.0012899838537022
2022-04-05,fever_op,Kerala,Kottayam,Vaikom,9.75,76.4,0,1,0.6925035280636191,0.0,0.0
2022-08-12,fever_op,Kerala,Kottayam,Vaikom,9.75,76.4,0,1,0.7218148628348681,0.0,0.0
2023-08-13,fever_op,Kerala,Kottayam,Vaikom,9.75,76.4,0,0,0.1341422684593719,0.0,0.0
2020-10-18,fever_op,Kerala,Kozhikode,Koyilandy,11.4333,75.7,1,1,0.7217547172886536,0.0,0.0
2020-12-30,fever_op,Kerala,Kozhikode,Koyilandy,11.4333,75.7,1,0,0.307373609810619,0.0005892490634792,0.0005892490634792
2023-12-31,fever_op,Kerala,Kozhikode,Koyilandy,11.4333,75.7,0,1,0.7252790143514964,0.0053421645032249,0.0053421645032249
2020-11-25,fever_op,Kerala,Kozhikode,Kozhikode,11.2450558,75.7754716,1,0,0.214035136412899,0.0,0.0
2022-04-01,fever_op,Kerala,Kozhikode,Kozhikode,11.2450558,75.7754716,0,0,0.1183580736450118,0.0131162982284073,0.0131162982284073
2023-09-17,fever_op,Kerala,Kozhikode,Kozhikode,11.2450558,75.7754716,0,1,0.7039059241486489,0.0,0.0
2020-04-05,fever_op,Kerala,Kozhikode,Thamarassery,11.2667,75.9333,0,1,0.64929291568614,0.0,0.0
2020-05-07,fever_op,Kerala,Kozhikode,Thamarassery,11.2667,75.9333,0,1,0.7102413512900132,0.0,0.0
2020-10-25,fever_op,Kerala,Kozhikode,Thamarassery,11.2667,75.9333,1,1,0.6905520737359896,0.0,0.0
2021-04-04,fever_op,Kerala,Kozhikode,Thamarassery,11.2667,75.9333,0,0,0.0330858431563802,0.5018225266112114,0.5018225266112114
2021-08-13,fever_op,Kerala,Kozhikode,Thamarassery,11.2667,75.9333,0,1,0.7255255538041852,0.0,0.0
2021-08-14,fever_op,Kerala,Kozhikode,Thamarassery,11.2667,75.9333,0,1,0.7294044667985272,0.0008062399085639,0.0008062399085639
2022-05-08,fever_op,Kerala,Kozhikode,Thamarassery,11.2667,75.9333,0,0,0.3868788264443478,0.0,0.0
2024-04-06,fever_op,Kerala,Kozhikode,Thamarassery,11.2667,75.9333,0,1,0.6873847381371264,0.000846551903992,0.000846551903992
2024-08-13,fever_op,Kerala,Kozhikode,Thamarassery,11.2667,75.9333,1,1,0.6339645881067935,0.0,0.0
2021-10-20,fever_op,Kerala,Kozhikode,Vadakara,11.6,75.5833,1,1,0.7285701928650464,0.0,0.0
2021-04-03,fever_op,Kerala,Malappuram,Ernad,11.1201,76.1197,1,1,0.7233928723471478,0.0,0.0
2021-10-25,fever_op,Kerala,Malappuram,Ernad,11.1201,76.1197,0,1,0.6881977080118853,0.0,0.0
2022-04-01,fever_op,Kerala,Malappuram,Ernad,11.1201,76.1197,0,1,0.7181225295916959,0.0,0.0
2020-07-11,fever_op,Kerala,Malappuram,Kondotty,11.15,75.9667,1,1,0.7135433188442439,0.0,0.0
2022-04-06,fever_op,Kerala,Malappuram,Kondotty,11.15,75.9667,0,1,0.6297569306806906,0.000160332188952,0.000160332188952
2022-07-12,fever_op,Kerala,Malappuram,Kondotty,11.15,75.9667,0,0,0.2276894428630456,0.0,0.0
2022-09-16,fever_op,Kerala,Malappuram,Kondotty,11.15,75.9667,0,0,0.22161994436969,0.0,0.0
2023-09-14,fever_op,Kerala,Malappuram,Kondotty,11.15,75.9667,1,1,0.7315109185410583,0.0017931624716307,0.0017931624716307
2022-08-14,fever_op,Kerala,Malappuram,Nilambur,11.2833,76.2333,0,1,0.5951631732712027,0.0,0.0
2022-12-29,fever_op,Kerala,Malappuram,Nilambur,11.2833,76.2333,1,1,0.7451278087031823,0.0,0.0
2023-04-01,fever_op,Kerala,Malappuram,Nilambur,11.2833,76.2333,1,0,0.3227719122865796,0.0526656389353124,0.0526656389353124
2023-05-08,fever_op,Kerala,Malappuram,Nilambur,11.2833,76.2333,0,0,0.160322206798162,0.0,0.0
2024-10-18,fever_op,Kerala,Malappuram,Nilambur,11.2833,76.2333,0,1,0.7400000071635223,0.0005022686128168,0.0005022686128168
2024-11-25,fever_op,Kerala,Malappuram,Nilambur,11.2833,76.2333,1,1,0.6909098877152188,0.0,0.0
2020-07-10,fever_op,Kerala,Malappuram,Perinthalmanna,10.9667,76.2167,0,0,0.1082041522826894,0.0,0.0
2020-12-30,fever_op,Kerala,Malappuram,Tirur,10.9167,75.9167,1,1,0.7395847347996819,0.0,0.0
2021-05-06,fever_op,Kerala,Malappuram,Tirur,10.9167,75.9167,0,1,0.6048472552718479,7.076132384399465e-05,7.076132384399465e-05
2021-10-22,fever_op,Kerala,Malappuram,Tirur,10.9167,75.9167,0,1,0.6293382122451578,0.0,0.0
2022-10-18,fever_op,Kerala,Malappuram,Tirur,10.9167,75.9167,0,1,0.5130718747538512,0.0001074986544751,0.0001074986544751
2023-09-15,fever_op,Kerala,Malappuram,Tirur,10.9167,75.9167,0,0,0.2686306117823255,0.0,0.0
2023-09-30,fever_op,Kerala,Malappuram,Tirur,10.9167,75.9167,0,0,0.1012312334976389,0.0013772910164299,0.0013772910164299
2021-04-02,fever_op,Kerala,Malappuram,Tirurangadi,11.0,75.9333,0,1,0.7313952702139994,0.0,0.0
2021-09-15,fever_op,Kerala,Malappuram,Tirurangadi,11.0,75.9333,1,1,0.7230763655494004,0.0,0.0
2022-08-13,fever_op,Kerala,Malappuram,Tirurangadi,11.0,75.9333,0,1,0.6907349998301379,0.3215262994092776,0.3215262994092776
2020-12-30,fever_op,Kerala,Palakkad,Alathur,10.6333,76.55,1,1,0.6503114706438001,0.0,0.0
2021-10-17,fever_op,Kerala,Palakkad,Alathur,10.6333,76.55,0,0,0.4044507795095965,0.0,0.0
2021-12-29,fever_op,Kerala,Palakkad,Alathur,10.6333,76.55,0,1,0.7540808466924598,0.0,0.0
2020-04-04,fever_op,Kerala,Palakkad,Chittur,10.7,76.75,1,0,0.1433320852205729,0.0,0.0
2020-07-10,fever_op,Kerala,Palakkad,Chittur,10.7,76.75,1,1,0.7192649872016357,0.0,0.0
2021-04-05,fever_op,Kerala,Palakkad,Chittur,10.7,76.75,0,0,0.0536533252999733,0.0761324017572688,0.0761324017572688
2020-07-09,fever_op,Kerala,Palakkad,Mannarkkad,11.0,76.4667,0,1,0.729041601760958,0.0,0.0
2020-10-19,fever_op,Kerala,Palakkad,Mannarkkad,11.0,76.4667,1,0,0.0971353939308698,0.0,0.0
2021-12-30,fever_op,Kerala,Palakkad,Mannarkkad,11.0,76.4667,1,0,0.0956064281364279,0.2587481242149704,0.2587481242149704
2022-10-24,fever_op,Kerala,Palakkad,Mannarkkad,11.0,76.4667,0,0,0.0990545826992218,0.025890366346031,0.025890366346031
2023-04-03,fever_op,Kerala,Palakkad,Mannarkkad,11.0,76.4667,0,1,0.6903659954046626,0.0,0.0
2023-04-03,fever_op,Kerala,Palakkad,Mannarkkad,11.0,76.4667,0,1,0.7137209349740238,0.0006046799314229,0.0006046799314229
2020-10-19,fever_op,Kerala,Palakkad,Ottapalam,10.7667,76.3667,0,1,0.694453814730294,0.0,0.0
2023-08-13,fever_op,Kerala,Palakkad,Ottapalam,10.7667,76.3667,0,1,0.7052385547907203,0.0,0.0
2024-10-21,fever_op,Kerala,Palakkad,Ottapalam,10.7667,76.3667,0,1,0.7084034422566681,0.0002821839679973,0.0002821839679973
2020-10-19,fever_op,Kerala,Palakkad,Palakkad,10.78789845,76.47408711,1,1,0.5607087310137081,0.0,0.0
2020-10-24,fever_op,Kerala,Palakkad,Palakkad,10.78789845,76.47408711,0,1,0.700408099332723,0.0,0.0
2021-11-27,fever_op,Kerala,Palakkad,Palakkad,10.78789845,76.47408711,0,1,0.7183791117837685,0.0,0.0
2020-05-06,fever_op,Kerala,Palakkad,Pattambi,10.8,76.2,1,0,0.1337134312586594,0.0,0.0
2020-05-08,fever_op,Kerala,Palakkad,Pattambi,10.8,76.2,0,1,0.722148456039597,0.051535433036645,0.051535433036645
2020-08-13,fever_op,Kerala,Palakkad,Pattambi,10.8,76.2,0,0,0.0958735454848446,0.0,0.0
2021-04-02,fever_op,Kerala,Palakkad,Pattambi,10.8,76.2,0,1,0.7210094812964333,0.0053527523311092,0.0053527523311092
2021-04-04,fever_op,Kerala,Palakkad,Pattambi,10.8,76.2,0,1,0.6731658034516562,0.0,0.0
2022-08-13,fever_op,Kerala,Palakkad,Pattambi,10.8,76.2,0,0,0.1484668037420231,0.0,0.0
2022-09-16,fever_op,Kerala,Palakkad,Pattambi,10.8,76.2,0,1,0.6668258024906976,0.0059424763991313,0.0059424763991313
2023-10-23,fever_op,Kerala,Palakkad,Pattambi,10.8,76.2,0,1,0.5283623426954669,0.0,0.0
2024-04-05,fever_op,Kerala,Palakkad,Pattambi,10.8,76.2,0,0,0.3939503288423261,4.031199542819508e-05,4.031199542819508e-05
2022-10-19,fever_op,Kerala,Pathanamthitta,Adoor,9.1667,76.7333,1,1,0.6772862674217892,0.0,0.0
2020-08-13,fever_op,Kerala,Pathanamthitta,Konni,9.2667,76.9333,0,0,0.4084672701592108,0.0,0.0
2020-10-18,fever_op,Kerala,Pathanamthitta,Konni,9.2667,76.9333,0,1,0.6853842467524544,0.0,0.0
2020-10-19,fever_op,Kerala,Pathanamthitta,Konni,9.2667,76.9333,0,1,0.681411437471208,0.0009674878902766,0.0009674878902766
2024-09-16,fever_op,Kerala,Pathanamthitta,Konni,9.2667,76.9333,0,1,0.8187700783962433,0.0,0.0
2020-04-02,fever_op,Kerala,Pathanamthitta,Kozhenchery,9.2780841,76.9737443,1,1,0.7357053291631042,0.0,0.0
2021-09-16,fever_op,Kerala,Pathanamthitta,Kozhenchery,9.2780841,76.9737443,0,0,0.2159589776657848,0.0,0.0
2022-10-24,fever_op,Kerala,Pathanamthitta,Kozhenchery,9.2780841,76.9737443,0,0,0.3473653332241383,0.0,0.0
2022-11-26,fever_op,Kerala,Pathanamthitta,Kozhenchery,9.2780841,76.9737443,1,1,0.7233134015627705,0.0,0.0
2023-04-06,fever_op,Kerala,Pathanamthitta,Kozhenchery,9.2780841,76.9737443,0,1,0.6630872997608778,0.0212436013734922,0.0212436013734922
2024-04-13,fever_op,Kerala,Pathanamthitta,Kozhenchery,9.2780841,76.9737443,0,1,0.7110633311509603,0.0,0.0
2024-08-13,fever_op,Kerala,Pathanamthitta,Kozhenchery,9.2780841,76.9737443,0,1,0.7703252640982332,0.0,0.0
2020-04-02,fever_op,Kerala,Pathanamthitta,Mallappally,9.3833,76.6833,1,1,0.7652121633188439,0.0,0.0
2020-10-21,fever_op,Kerala,Pathanamthitta,Mallappally,9.3833,76.6833,0,1,0.6871922608472602,0.0,0.0
2021-04-04,fever_op,Kerala,Pathanamthitta,Mallappally,9.3833,76.6833,0,1,0.5157851393754154,0.0,0.0
2021-09-14,fever_op,Kerala,Pathanamthitta,Mallappally,9.3833,76.6833,0,1,0.7311459554721194,0.0009943625538954,0.0009943625538954
2021-10-23,fever_op,Kerala,Pathanamthitta,Mallappally,9.3833,76.6833,0,1,0.6505166831787405,0.0,0.0
2021-07-09,fever_op,Kerala,Pathanamthitta,Ranni,9.3833,76.9667,1,0,0.2462264551899471,0.0,0.0
2021-10-23,fever_op,Kerala,Pathanamthitta,Ranni,9.3833,76.9667,1,1,0.54076499264351,0.0784760733955889,0.0784760733955889
2021-12-31,fever_op,Kerala,Pathanamthitta,Ranni,9.3833,76.9667,0,1,0.5084357806958302,0.0002493755884847,0.0002493755884847
2022-04-04,fever_op,Kerala,Pathanamthitta,Ranni,9.3833,76.9667,0,1,0.6817763768948055,0.0,0.0
2022-05-09,fever_op,Kerala,Pathanamthitta,Ranni,9.3833,76.9667,0,1,0.6930174342600659,0.0,0.0
2022-11-27,fever_op,Kerala,Pathanamthitta,Ranni,9.3833,76.9667,0,0,0.1482204572609119,0.0,0.0
2020-10-20,fever_op,Kerala,Pathanamthitta,Thiruvalla,9.3833,76.5833,1,0,0.2210215381297581,0.0,0.0
2021-10-21,fever_op,Kerala,Pathanamthitta,Thiruvalla,9.3833,76.5833,0,0,0.1483587245265604,0.1324189049628024,0.1324189049628024
2023-04-02,fever_op,Kerala,Pathanamthitta,Thiruvalla,9.3833,76.5833,0,1,0.7280525880875339,0.0,0.0
2023-09-15,fever_op,Kerala,Pathanamthitta,Thiruvalla,9.3833,76.5833,0,1,0.6848164970394276,0.0,0.0
2024-07-11,fever_op,Kerala,Pathanamthitta,Thiruvalla,9.3833,76.5833,0,0,0.2679341820571755,8.062399085639016e-05,8.062399085639016e-05
2020-04-01,fever_op,Kerala,Thiruvananthapuram,Chirayinkeezhu,8.6963,76.8153,1,0,0.3117129876327001,0.0,0.0
2020-09-15,fever_op,Kerala,Thiruvananthapuram,Chirayinkeezhu,8.6963,76.8153,1,0,0.3616301520270377,0.0005781305887357,0.0005781305887357
2020-11-25,fever_op,Kerala,Thiruvananthapuram,Chirayinkeezhu,8.6963,76.8153,1,1,0.6747603226351202,0.0037953542708512,0.0037953542708512
2021-07-09,fever_op,Kerala,Thiruvananthapuram,Chirayinkeezhu,8.6963,76.8153,1,1,0.5139317284759211,0.0010642836536861,0.0010642836536861
2020-10-26,fever_op,Kerala,Thiruvananthapuram,Kattakkada,8.5667,77.1,1,0,0.4182533494564021,0.0,0.0
2022-12-31,fever_op,Kerala,Thiruvananthapuram,Kattakkada,8.5667,77.1,0,0,0.4977931652240329,0.0031408035764438,0.0031408035764438
2023-07-12,fever_op,Kerala,Thiruvananthapuram,Kattakkada,8.5667,77.1,1,1,0.7320403681400528,0.0,0.0
2020-05-08,fever_op,Kerala,Thiruvananthapuram,Nedumangad,8.6036,77.0031,1,0,0.2893178196502045,0.0,0.0
2020-08-12,fever_op,Kerala,Thiruvananthapuram,Nedumangad,8.6036,77.0031,0,1,0.7141832211518531,0.0,0.0
2020-10-24,fever_op,Kerala,Thiruvananthapuram,Nedumangad,8.6036,77.0031,0,0,0.1240693199521514,0.0,0.0
2023-07-11,fever_op,Kerala,Thiruvananthapuram,Nedumangad,8.6036,77.0031,0,0,0.1573645748428528,0.0015587304898902,0.0015587304898902
2023-10-21,fever_op,Kerala,Thiruvananthapuram,Nedumangad,8.6036,77.0031,0,1,0.7294087711062421,0.0,0.0
2023-10-21,fever_op,Kerala,Thiruvananthapuram,Nedumangad,8.6036,77.0031,0,1,0.6805258529702433,0.0010660960808761,0.0010660960808761
2020-05-06,fever_op,Kerala,Thiruvananthapuram,Neyyattinkara,8.4004,77.0872,0,0,0.1060447547941487,0.0,0.0
2021-11-27,fever_op,Kerala,Thiruvananthapuram,Neyyattinkara,8.4004,77.0872,1,0,0.1873807569421924,0.0,0.0
2022-09-15,fever_op,Kerala,Thiruvananthapuram,Neyyattinkara,8.4004,77.0872,1,1,0.7369385444232469,0.0131383422957848,0.0131383422957848
2021-07-10,fever_op,Kerala,Thiruvananthapuram,Thiruvananthapuram,8.4882267,76.947551,1,1,0.7558518900198667,0.0,0.0
2022-08-13,fever_op,Kerala,Thiruvananthapuram,Thiruvananthapuram,8.4882267,76.947551,1,0,0.0389903336356554,0.0002030874393392,0.0002030874393392
2023-08-12,fever_op,Kerala,Thiruvananthapuram,Thiruvananthapuram,8.4882267,76.947551,0,1,0.706256808552906,0.5046131521265224,0.5046131521265224
2024-04-01,fever_op,Kerala,Thiruvananthapuram,Thiruvananthapuram,8.4882267,76.947551,0,1,0.6621507664360928,0.0,0.0
2020-10-23,fever_op,Kerala,Thiruvananthapuram,Varkala,8.7379,76.7163,1,1,0.6378080363688208,0.0,0.0
2021-04-03,fever_op,Kerala,Thiruvananthapuram,Varkala,8.7379,76.7163,0,1,0.7570734373148932,0.0015231557950443,0.0015231557950443
2021-10-23,fever_op,Kerala,Thiruvananthapuram,Varkala,8.7379,76.7163,0,0,0.121492596420456,0.0,0.0
2021-10-25,fever_op,Kerala,Thiruvananthapuram,Varkala,8.7379,76.7163,0,0,0.1112085932531938,0.0004300605737972,0.0004300605737972
2022-10-22,fever_op,Kerala,Thiruvananthapuram,Varkala,8.7379,76.7163,0,1,0.6841633613387339,0.0004235515147294,0.0004235515147294
2022-12-30,fever_op,Kerala,Thiruvananthapuram,Varkala,8.7379,76.7163,1,1,0.6899011870594716,0.0001873369664681,0.0001873369664681
2020-04-05,fever_op,Kerala,Thrissur,Chalakudy,10.3,76.3333,1,1,0.6539784825793816,0.0,0.0
2020-10-20,fever_op,Kerala,Thrissur,Chalakudy,10.3,76.3333,1,0,0.419515065871873,0.0197216933357885,0.0197216933357885
2021-10-20,fever_op,Kerala,Thrissur,Chalakudy,10.3,76.3333,0,0,0.0953851839113922,0.0017886791630388,0.0017886791630388
2023-05-08,fever_op,Kerala,Thrissur,Chalakudy,10.3,76.3333,0,1,0.7112042639489125,0.0,0.0
2021-09-16,fever_op,Kerala,Thrissur,Chavakkad,10.5833,76.0167,0,1,0.5799857843627946,0.0,0.0
2022-12-29,fever_op,Kerala,Thrissur,Chavakkad,10.5833,76.0167,1,0,0.4910518812840436,0.0,0.0
2023-07-11,fever_op,Kerala,Thrissur,Chavakkad,10.5833,76.0167,1,0,0.4259732792423686,0.0095563681876165,0.0095563681876165
2022-08-13,fever_op,Kerala,Thrissur,Kodungallur,10.2333,76.2,0,1,0.6659396109057478,0.0,0.0
2022-10-21,fever_op,Kerala,Thrissur,Kodungallur,10.2333,76.2,0,0,0.2191234909418047,0.0,0.0
2022-12-30,fever_op,Kerala,Thrissur,Kodungallur,10.2333,76.2,0,1,0.6989516692550585,0.0,0.0
2024-07-10,fever_op,Kerala,Thrissur,Kodungallur,10.2333,76.2,0,1,0.708282493102101,0.0070758128929169,0.0070758128929169
2020-10-20,fever_op,Kerala,Thrissur,Kunnamkulam,10.65,76.0667,0,0,0.4704664997315141,0.0,0.0
2021-05-07,fever_op,Kerala,Thrissur,Kunnamkulam,10.65,76.0667,0,1,0.7230332558738702,0.0,0.0
2022-08-13,fever_op,Kerala,Thrissur,Kunnamkulam,10.65,76.0667,0,1,0.690184895075987,9.674878902766816e-05,9.674878902766816e-05
2023-04-03,fever_op,Kerala,Thrissur,Kunnamkulam,10.65,76.0667,0,1,0.7278686153155572,3.664726857108642e-05,3.664726857108642e-05
2021-04-04,fever_op,Kerala,Thrissur,Mukundapuram,10.3333,76.2167,1,0,0.4650195113359382,0.0,0.0
2021-07-11,fever_op,Kerala,Thrissur,Mukundapuram,10.3333,76.2167,0,1,0.7001434006577968,0.8169329072230823,0.8169329072230823
2021-10-20,fever_op,Kerala,Thrissur,Mukundapuram,10.3333,76.2167,0,1,0.708840504971553,0.0,0.0
2021-12-30,fever_op,Kerala,Thrissur,Mukundapuram,10.3333,76.2167,0,1,0.6544144344707779,0.0,0.0
2022-04-06,fever_op,Kerala,Thrissur,Mukundapuram,10.3333,76.2167,1,1,0.6969296861864023,0.0004031199542819,0.0004031199542819
2024-04-04,fever_op,Kerala,Thrissur,Mukundapuram,10.3333,76.2167,1,0,0.1078092010878531,0.0290710132104933,0.0290710132104933
2021-12-31,fever_op,Kerala,Thrissur,Talappilly,10.6667,76.25,1,0,0.1208502756598329,0.0,0.0
2022-05-07,fever_op,Kerala,Thrissur,Talappilly,10.6667,76.25,1,0,0.2323536608891512,0.0,0.0
2023-08-13,fever_op,Kerala,Thrissur,Talappilly,10.6667,76.25,1,0,0.2895122052774702,0.9999999983333334,0.9999999983333334
2021-10-18,fever_op,Kerala,Thrissur,Thrissur,10.5256264,76.2132542,1,1,0.67003355472342,0.0,0.0
2023-10-25,fever_op,Kerala,Thrissur,Thrissur,10.5256264,76.2132542,1,1,0.6730108781696618,0.0136394631854302,0.0136394631854302
2024-10-25,fever_op,Kerala,Thrissur,Thrissur,10.5256264,76.2132542,0,1,0.5587801741352069,0.0,0.0
2021-10-24,fever_op,Kerala,Wayanad,Mananthavady,11.8,76.0,0,0,0.2686530988512899,0.0,0.0
2022-09-14,fever_op,Kerala,Wayanad,Mananthavady,11.8,76.0,1,0,0.4086288965202674,0.0,0.0
2022-10-18,fever_op,Kerala,Wayanad,Mananthavady,11.8,76.0,1,0,0.4246636811232346,0.6528782017215461,0.6528782017215461
2023-05-09,fever_op,Kerala,Wayanad,Mananthavady,11.8,76.0,0,1,0.7208227316071455,0.0,0.0
2022-04-05,fever_op,Kerala,Wayanad,Sulthan Bathery,11.6667,76.2667,1,1,0.7369764676838417,0.0,0.0
2022-05-07,fever_op,Kerala,Wayanad,Sulthan Bathery,11.6667,76.2667,0,1,0.560223339182859,0.0,0.0
2022-09-16,fever_op,Kerala,Wayanad,Sulthan Bathery,11.6667,76.2667,0,0,0.4739675728330194,0.0,0.0
2023-11-04,fever_op,Kerala,Wayanad,Sulthan Bathery,11.6667,76.2667,1,1,0.5793972091026575,0.0002149973089503,0.0002149973089503
2023-12-31,fever_op,Kerala,Wayanad,Sulthan Bathery,11.6667,76.2667,1,1,0.6474865838001915,0.0178351861404756,0.0178351861404756
2020-09-16,fever_op,Kerala,Wayanad,Vythiri,11.6226,76.0813,0,0,0.126342622115433,0.0,0.0
2020-10-21,fever_op,Kerala,Wayanad,Vythiri,11.6226,76.0813,0,0,0.0696034616690727,0.0,0.0
2022-10-22,fever_op,Kerala,Wayanad,Vythiri,11.6226,76.0813,1,1,0.7296985536654538,0.0,0.0
2023-10-23,fever_op,Kerala,Wayanad,Vythiri,11.6226,76.0813,0,0,0.174771861152873,0.7085162213448105,0.7085162213448105
2023-10-24,fever_op,Kerala,Wayanad,Vythiri,11.6226,76.0813,0,0,0.2198611891031855,0.0,0.0
2024-04-04,fever_op,Kerala,Wayanad,Vythiri,11.6226,76.0813,0,0,0.1464476665848281,0.0143510703724374,0.0143510703724374
2022-09-14,food_poisoning,Kerala,Alappuzha,Chenganoor,9.3167,76.6167,1,0,0.1187758000491258,0.0,0.0
2022-09-21,food_poisoning,Kerala,Alappuzha,Chenganoor,9.3167,76.6167,1,0,0.1531747024865684,0.0005795279225613,0.0005795279225613
2022-11-30,food_poisoning,Kerala,Alappuzha,Chenganoor,9.3167,76.6167,0,1,0.664315496198557,0.0008608875566282,0.0008608875566282
2022-09-14,food_poisoning,Kerala,Alappuzha,Karthikappally,9.2833,76.4667,1,0,0.067748490819515,0.0,0.0
2022-09-21,food_poisoning,Kerala,Alappuzha,Mavelikkara,9.2667,76.55,0,0,0.1135012698756262,0.0,0.0
2022-11-24,food_poisoning,Kerala,Alappuzha,Mavelikkara,9.2667,76.55,0,0,0.1819435056794916,0.0,0.0
2023-04-06,food_poisoning,Kerala,Ernakulam,Aluva,10.1075,76.3516,1,0,0.0972790754576998,0.0,0.0
2023-09-13,food_poisoning,Kerala,Ernakulam,Aluva,10.1075,76.3516,1,0,0.0606860830699317,0.0012535478314778,0.0012535478314778
2022-09-10,food_poisoning,Kerala,Ernakulam,Kochi,9.9312,76.2673,1,1,0.7263440853410483,0.0,0.0
2023-04-02,food_poisoning,Kerala,Ernakulam,Kochi,9.9312,76.2673,1,1,0.6747922645288469,0.0008963818793054,0.0008963818793054
2022-04-03,food_poisoning,Kerala,Ernakulam,Kothamangalam,10.0667,76.6333,1,1,0.7106639430570538,0.0,0.0
2023-04-04,food_poisoning,Kerala,Ernakulam,Kothamangalam,10.0667,76.6333,1,1,0.7213508106032472,0.000476221269563,0.000476221269563
2023-04-04,food_poisoning,Kerala,Ernakulam,Kothamangalam,10.0667,76.6333,1,1,0.7199854179679184,0.0001279378882109,0.0001279378882109
2023-11-18,food_poisoning,Kerala,Ernakulam,Kothamangalam,10.0667,76.6333,1,0,0.2774605935154967,0.0022987858461504,0.0022987858461504
2024-04-05,food_poisoning,Kerala,Ernakulam,Kothamangalam,10.0667,76.6333,0,0,0.140525218673548,0.0014741493524625,0.0014741493524625
2022-09-12,food_poisoning,Kerala,Ernakulam,Kunnathunad,10.1167,76.4833,0,1,0.6907804699060632,0.0,0.0
2022-04-04,food_poisoning,Kerala,Ernakulam,Muvattupuzha,9.9833,76.5833,1,0,0.0586983294722509,0.0,0.0
2023-09-20,food_poisoning,Kerala,Ernakulam,Muvattupuzha,9.9833,76.5833,0,1,0.7064939287464052,0.0477671218332954,0.0477671218332954
2022-09-20,food_poisoning,Kerala,Idukki,Devikulam,10.0667,77.1,1,1,0.6742215627670578,0.0,0.0
2022-04-01,food_poisoning,Kerala,Idukki,Peerumade,9.5667,76.9667,1,1,0.6005167185446809,0.0,0.0
2024-04-03,food_poisoning,Kerala,Idukki,Peerumade,9.5667,76.9667,1,1,0.7314591197354672,0.0006267739157389,0.0006267739157389
2023-09-17,food_poisoning,Kerala,Idukki,Thodupuzha,9.8955,76.7241,0,1,0.7026896027273201,0.0,0.0
2024-04-03,food_poisoning,Kerala,Kannur,Payyanur,12.1,75.2,1,1,0.7155374487989257,0.0,0.0
2023-09-08,food_poisoning,Kerala,Kannur,Taliparamba,12.0333,75.35,1,1,0.6560500316474759,0.0,0.0
2022-09-13,food_poisoning,Kerala,Kannur,Thalassery,11.75,75.4833,1,1,0.6899672678664921,0.0,0.0
2022-11-28,food_poisoning,Kerala,Kannur,Thalassery,11.75,75.4833,1,1,0.6482052459575212,0.0011187438496945,0.0011187438496945
2023-09-17,food_poisoning,Kerala,Kannur,Thalassery,11.75,75.4833,1,0,0.2480191036137064,0.9999999983333334,0.9999999983333334
2022-09-11,food_poisoning,Kerala,Kasaragod,Hosdurg,12.3167,75.1,1,0,0.3050913014727623,0.0,0.0
2022-11-24,food_poisoning,Kerala,Kasaragod,Hosdurg,12.3167,75.1,1,1,0.7199328184176966,0.0019456277373698,0.0019456277373698
2023-09-09,food_poisoning,Kerala,Kasaragod,Hosdurg,12.3167,75.1,0,1,0.6974980460867841,0.0,0.0
2022-04-05,food_poisoning,Kerala,Kasaragod,Kasaragod,12.5035577,74.9907022,1,0,0.0468377484632252,0.0,0.0
2022-11-23,food_poisoning,Kerala,Kasaragod,Kasaragod,12.5035577,74.9907022,1,1,0.6814826432947289,0.0016579597768276,0.0016579597768276
2023-09-30,food_poisoning,Kerala,Kasaragod,Manjeshwaram,12.7167,74.8833,0,0,0.1482981044085587,0.0,0.0
2023-11-27,food_poisoning,Kerala,Kasaragod,Manjeshwaram,12.7167,74.8833,1,1,0.7079401521352675,0.0,0.0
2022-09-20,food_poisoning,Kerala,Kollam,Karunagappally,9.0574,76.5334,0,1,0.7062364245934921,0.0,0.0
2023-09-08,food_poisoning,Kerala,Kollam,Karunagappally,9.0574,76.5334,1,0,0.3774666473757612,0.0,0.0
2024-09-13,food_poisoning,Kerala,Kollam,Karunagappally,9.0574,76.5334,1,1,0.700643631604078,0.0184878894078411,0.0184878894078411
2024-09-15,food_poisoning,Kerala,Kollam,Karunagappally,9.0574,76.5334,0,1,0.714718114291892,0.0401676319648838,0.0401676319648838
2023-04-06,food_poisoning,Kerala,Kollam,Punalur,9.0089,76.9269,1,0,0.1153388524416723,0.0,0.0
2023-09-11,food_poisoning,Kerala,Kollam,Punalur,9.0089,76.9269,0,0,0.1683352292506182,0.0,0.0
2023-09-16,food_poisoning,Kerala,Kottayam,Kanjirappally,9.5667,76.7833,1,0,0.2223676120340958,0.0,0.0
2023-11-26,food_poisoning,Kerala,Kottayam,Kanjirappally,9.5667,76.7833,1,0,0.2823565981219922,0.000402483537465,0.000402483537465
2024-04-02,food_poisoning,Kerala,Kottayam,Kanjirappally,9.5667,76.7833,0,0,0.2631919560210657,0.1619115583093283,0.1619115583093283
2024-11-24,food_poisoning,Kerala,Kottayam,Kanjirappally,9.5667,76.7833,0,1,0.6898157562360262,0.0,0.0
2022-11-28,food_poisoning,Kerala,Kottayam,Kottayam,9.6287383,76.64553257,1,1,0.7198670759378989,0.0,0.0
2023-09-16,food_poisoning,Kerala,Kottayam,Kottayam,9.6287383,76.64553257,0,1,0.6941113920875466,0.0,0.0
2024-09-10,food_poisoning,Kerala,Kottayam,Kottayam,9.6287383,76.64553257,0,0,0.0936912444791609,0.0003999942425379,0.0003999942425379
2023-09-16,food_poisoning,Kerala,Kottayam,Meenachil,9.7167,76.6833,0,0,0.1034679712229712,0.0,0.0
2022-04-02,food_poisoning,Kerala,Kozhikode,Koyilandy,11.4333,75.7,1,1,0.7246803912486315,0.0,0.0
2022-09-16,food_poisoning,Kerala,Kozhikode,Koyilandy,11.4333,75.7,0,0,0.2556425841619985,0.0001253204226445,0.0001253204226445
2023-04-04,food_poisoning,Kerala,Kozhikode,Koyilandy,11.4333,75.7,0,0,0.3563351006121716,0.0,0.0
2023-04-07,food_poisoning,Kerala,Kozhikode,Koyilandy,11.4333,75.7,1,0,0.1619962860235687,2.6874663618796715e-05,2.6874663618796715e-05
2023-09-10,food_poisoning,Kerala,Kozhikode,Koyilandy,11.4333,75.7,1,0,0.1359738538906586,0.009777049631314,0.009777049631314
2023-09-11,food_poisoning,Kerala,Kozhikode,Koyilandy,11.4333,75.7,0,1,0.7176612395880169,0.0204509833449555,0.0204509833449555
2022-04-02,food_poisoning,Kerala,Kozhikode,Kozhikode,11.2450558,75.7754716,0,1,0.7268240142048412,0.0,0.0
2023-09-08,food_poisoning,Kerala,Kozhikode,Kozhikode,11.2450558,75.7754716,1,1,0.736975528807067,0.0,0.0
2022-11-24,food_poisoning,Kerala,Kozhikode,Thamarassery,11.2667,75.9333,1,1,0.5549464243617721,0.0,0.0
2022-09-10,food_poisoning,Kerala,Malappuram,Kondotty,11.15,75.9667,1,1,0.560322959238152,0.0,0.0
2023-11-24,food_poisoning,Kerala,Malappuram,Kondotty,11.15,75.9667,1,1,0.5455716657670684,0.003255451560513,0.003255451560513
2023-11-27,food_poisoning,Kerala,Malappuram,Kondotty,11.15,75.9667,0,1,0.6973796683941724,0.021166106609595,0.021166106609595
2024-09-19,food_poisoning,Kerala,Malappuram,Kondotty,11.15,75.9667,0,0,0.1316682824649877,0.0,0.0
2024-09-22,food_poisoning,Kerala,Malappuram,Kondotty,11.15,75.9667,0,1,0.7120378161799858,0.0011488918697035,0.0011488918697035
2022-09-08,food_poisoning,Kerala,Malappuram,Perinthalmanna,10.9667,76.2167,0,1,0.6651357212160443,0.0,0.0
2022-09-09,food_poisoning,Kerala,Malappuram,Perinthalmanna,10.9667,76.2167,0,0,0.4896006070825686,0.0001751159772114,0.0001751159772114
2024-09-08,food_poisoning,Kerala,Malappuram,Perinthalmanna,10.9667,76.2167,1,1,0.72023051518363,0.0,0.0
2024-09-09,food_poisoning,Kerala,Malappuram,Perinthalmanna,10.9667,76.2167,1,0,0.1105626582918412,0.1187257369895161,0.1187257369895161
2022-04-02,food_poisoning,Kerala,Malappuram,Ponnani,10.7667,75.9167,1,0,0.113789349921223,0.0,0.0
2022-04-06,food_poisoning,Kerala,Malappuram,Ponnani,10.7667,75.9167,0,0,0.1474316127789421,0.0137122093473535,0.0137122093473535
2023-09-15,food_poisoning,Kerala,Malappuram,Ponnani,10.7667,75.9167,0,0,0.1816554179075768,0.0,0.0
2022-09-09,food_poisoning,Kerala,Palakkad,Alathur,10.6333,76.55,0,0,0.3241706852167664,0.0,0.0
2022-09-18,food_poisoning,Kerala,Palakkad,Alathur,10.6333,76.55,0,1,0.6763864430456822,0.0,0.0
2022-09-14,food_poisoning,Kerala,Palakkad,Chittur,10.7,76.75,1,1,0.6741015511916929,0.0,0.0
2022-09-20,food_poisoning,Kerala,Palakkad,Chittur,10.7,76.75,1,1,0.6026939304383506,0.058175099071911,0.058175099071911
2023-09-18,food_poisoning,Kerala,Palakkad,Chittur,10.7,76.75,0,1,0.7266119014267151,0.0,0.0
2022-09-12,food_poisoning,Kerala,Palakkad,Ottapalam,10.7667,76.3667,0,1,0.6672322381610108,0.0,0.0
2023-11-29,food_poisoning,Kerala,Palakkad,Ottapalam,10.7667,76.3667,1,1,0.5803354839204101,0.0003099199589947,0.0003099199589947
2022-09-08,food_poisoning,Kerala,Pathanamthitta,Adoor,9.1667,76.7333,1,0,0.421906155345573,0.0,0.0
2022-09-10,food_poisoning,Kerala,Pathanamthitta,Adoor,9.1667,76.7333,0,1,0.7191470695515089,0.0012735989583653,0.0012735989583653
2022-11-25,food_poisoning,Kerala,Pathanamthitta,Adoor,9.1667,76.7333,0,1,0.6832894424887123,0.0,0.0
2022-11-24,food_poisoning,Kerala,Pathanamthitta,Konni,9.2667,76.9333,1,1,0.6799950837565184,0.0,0.0
2023-09-21,food_poisoning,Kerala,Pathanamthitta,Konni,9.2667,76.9333,0,1,0.622327867820365,0.0,0.0
2023-09-16,food_poisoning,Kerala,Pathanamthitta,Mallappally,9.3833,76.6833,0,1,0.5162551706830886,0.0,0.0
2022-11-24,food_poisoning,Kerala,Pathanamthitta,Ranni,9.3833,76.9667,1,1,0.6768379203839047,0.0,0.0
2022-09-11,food_poisoning,Kerala,Thiruvananthapuram,Kattakkada,8.5667,77.1,1,1,0.691778998457169,0.0,0.0
2022-09-15,food_poisoning,Kerala,Thiruvananthapuram,Nedumangad,8.6036,77.0031,1,0,0.0770731476077724,0.0,0.0
2022-09-18,food_poisoning,Kerala,Thiruvananthapuram,Varkala,8.7379,76.7163,0,0,0.0853563744823506,0.0,0.0
2022-09-19,food_poisoning,Kerala,Thiruvananthapuram,Varkala,8.7379,76.7163,0,1,0.7309464864755532,0.0,0.0
2023-11-28,food_poisoning,Kerala,Thiruvananthapuram,Varkala,8.7379,76.7163,0,0,0.3506429526475074,2.6874663618796715e-05,2.6874663618796715e-05
2022-09-15,food_poisoning,Kerala,Thrissur,Chavakkad,10.5833,76.0167,0,1,0.6999062483623494,0.0,0.0
2022-04-02,food_poisoning,Kerala,Thrissur,Mukundapuram,10.3333,76.2167,1,0,0.1012209588107698,0.0,0.0
2022-11-24,food_poisoning,Kerala,Thrissur,Thrissur,10.5256264,76.2132542,1,0,0.1430082164216558,0.0,0.0
2022-04-05,food_poisoning,Kerala,Wayanad,Mananthavady,11.8,76.0,1,1,0.6851507123083185,0.0,0.0
2023-04-01,food_poisoning,Kerala,Wayanad,Vythiri,11.6226,76.0813,1,0,0.2579903873837741,0.0,0.0
2020-07-09,hepatitis_a_confirmed,Kerala,Alappuzha,Ambalappuzha,9.5006651,76.41241429,0,0,0.2722937325738733,0.0,0.0
2022-10-22,hepatitis_a_confirmed,Kerala,Alappuzha,Ambalappuzha,9.5006651,76.41241429,1,0,0.0820129075070969,0.0001167439848076,0.0001167439848076
2022-10-26,hepatitis_a_confirmed,Kerala,Alappuzha,Ambalappuzha,9.5006651,76.41241429,1,0,0.0585737297992865,0.9999999983333334,0.9999999983333334
2022-11-28,hepatitis_a_confirmed,Kerala,Alappuzha,Ambalappuzha,9.5006651,76.41241429,0,0,0.1384337133000509,0.0052103522412935,0.0052103522412935
2023-03-05,hepatitis_a_confirmed,Kerala,Alappuzha,Ambalappuzha,9.5006651,76.41241429,0,1,0.674620770355026,0.0,0.0
2023-07-13,hepatitis_a_confirmed,Kerala,Alappuzha,Ambalappuzha,9.5006651,76.41241429,0,1,0.7078676022641281,0.0080301494892964,0.0080301494892964
2023-10-21,hepatitis_a_confirmed,Kerala,Alappuzha,Ambalappuzha,9.5006651,76.41241429,0,1,0.713014150787345,0.0,0.0
2023-11-30,hepatitis_a_confirmed,Kerala,Alappuzha,Ambalappuzha,9.5006651,76.41241429,0,1,0.6948072815483907,0.0024097615044854,0.0024097615044854
2020-09-17,hepatitis_a_confirmed,Kerala,Alappuzha,Chenganoor,9.3167,76.6167,1,1,0.695954433526011,0.0,0.0
2021-03-02,hepatitis_a_confirmed,Kerala,Alappuzha,Chenganoor,9.3167,76.6167,0,1,0.5780572670753455,0.0086064566149405,0.0086064566149405
2021-03-04,hepatitis_a_confirmed,Kerala,Alappuzha,Chenganoor,9.3167,76.6167,0,0,0.4772413093182193,0.0,0.0
2021-10-24,hepatitis_a_confirmed,Kerala,Alappuzha,Chenganoor,9.3167,76.6167,0,1,0.7242549475394562,0.0006853039222793,0.0006853039222793
2023-08-15,hepatitis_a_confirmed,Kerala,Alappuzha,Chenganoor,9.3167,76.6167,0,0,0.1207253041533503,0.0,0.0
2021-11-27,hepatitis_a_confirmed,Kerala,Alappuzha,Cherthala,9.6833,76.3333,0,1,0.6890466165791049,0.0,0.0
2022-09-17,hepatitis_a_confirmed,Kerala,Alappuzha,Cherthala,9.6833,76.3333,1,0,0.1230416737939385,0.0,0.0
2022-10-21,hepatitis_a_confirmed,Kerala,Alappuzha,Cherthala,9.6833,76.3333,0,1,0.707356672526345,0.0086632683625838,0.0086632683625838
2023-07-13,hepatitis_a_confirmed,Kerala,Alappuzha,Cherthala,9.6833,76.3333,0,1,0.651998607721179,0.0,0.0
2023-08-14,hepatitis_a_confirmed,Kerala,Alappuzha,Cherthala,9.6833,76.3333,1,0,0.4105185928877041,0.0001881226453315,0.0001881226453315
2020-07-11,hepatitis_a_confirmed,Kerala,Alappuzha,Karthikappally,9.2833,76.4667,0,0,0.2541301658086192,0.0,0.0
2020-08-14,hepatitis_a_confirmed,Kerala,Alappuzha,Karthikappally,9.2833,76.4667,1,1,0.7065503296004776,4.031199542819508e-05,4.031199542819508e-05
2020-08-15,hepatitis_a_confirmed,Kerala,Alappuzha,Karthikappally,9.2833,76.4667,1,1,0.7139721930886428,0.0777845236652979,0.0777845236652979
2020-11-30,hepatitis_a_confirmed,Kerala,Alappuzha,Karthikappally,9.2833,76.4667,0,0,0.1884345944220443,0.0013658132758754,0.0013658132758754
2021-09-16,hepatitis_a_confirmed,Kerala,Alappuzha,Karthikappally,9.2833,76.4667,1,1,0.678218693698031,0.0,0.0
2022-03-03,hepatitis_a_confirmed,Kerala,Alappuzha,Karthikappally,9.2833,76.4667,0,0,0.4163011391422444,0.1856542036864876,0.1856542036864876
2023-10-27,hepatitis_a_confirmed,Kerala,Alappuzha,Karthikappally,9.2833,76.4667,0,0,0.2709863790793754,0.0,0.0
2020-10-25,hepatitis_a_confirmed,Kerala,Alappuzha,Kuttanad,9.5833,76.4167,0,0,0.3374857408002282,0.0,0.0
2023-07-09,hepatitis_a_confirmed,Kerala,Alappuzha,Kuttanad,9.5833,76.4167,0,0,0.1907982759998275,0.0,0.0
2023-08-14,hepatitis_a_confirmed,Kerala,Alappuzha,Kuttanad,9.5833,76.4167,0,1,0.7176102096428302,8.062399085639016e-05,8.062399085639016e-05
2020-10-20,hepatitis_a_confirmed,Kerala,Alappuzha,Mavelikkara,9.2667,76.55,1,0,0.229611471009039,0.0,0.0
2022-09-15,hepatitis_a_confirmed,Kerala,Alappuzha,Mavelikkara,9.2667,76.55,0,1,0.7321025371087674,0.0,0.0
2023-07-13,hepatitis_a_confirmed,Kerala,Alappuzha,Mavelikkara,9.2667,76.55,1,0,0.4080541782171111,1.007799885704877e-05,1.007799885704877e-05
2021-08-14,hepatitis_a_confirmed,Kerala,Ernakulam,Aluva,10.1075,76.3516,1,1,0.7236226159554624,0.0,0.0
2021-08-14,hepatitis_a_confirmed,Kerala,Ernakulam,Aluva,10.1075,76.3516,0,1,0.7196599006305766,0.0145318323222081,0.0145318323222081
2022-09-18,hepatitis_a_confirmed,Kerala,Ernakulam,Aluva,10.1075,76.3516,0,1,0.6719117599041291,0.0,0.0
2020-07-10,hepatitis_a_confirmed,Kerala,Ernakulam,Kanayannur,9.98408,76.2741457,1,1,0.6797263404253481,0.0,0.0
2022-11-27,hepatitis_a_confirmed,Kerala,Ernakulam,Kanayannur,9.98408,76.2741457,1,1,0.6758574289005216,0.0002964826271853,0.0002964826271853
2023-10-21,hepatitis_a_confirmed,Kerala,Ernakulam,Kanayannur,9.98408,76.2741457,0,1,0.6586673565708445,0.0013864958185267,0.0013864958185267
2023-10-24,hepatitis_a_confirmed,Kerala,Ernakulam,Kanayannur,9.98408,76.2741457,0,1,0.6959339335150913,0.0,0.0
2020-07-13,hepatitis_a_confirmed,Kerala,Ernakulam,Kochi,9.9312,76.2673,1,0,0.3977367123981342,0.0,0.0
2020-03-02,hepatitis_a_confirmed,Kerala,Ernakulam,Kothamangalam,10.0667,76.6333,0,0,0.1781112794649158,0.0,0.0
2022-09-17,hepatitis_a_confirmed,Kerala,Ernakulam,Kothamangalam,10.0667,76.6333,1,0,0.0361536240911878,0.0,0.0
2024-11-26,hepatitis_a_confirmed,Kerala,Ernakulam,Kothamangalam,10.0667,76.6333,0,1,0.7288180099555421,0.0342600261928228,0.0342600261928228
2022-10-26,hepatitis_a_confirmed,Kerala,Ernakulam,Kunnathunad,10.1167,76.4833,1,1,0.7329586287141211,0.0,0.0
2020-11-27,hepatitis_a_confirmed,Kerala,Ernakulam,Muvattupuzha,9.9833,76.5833,1,1,0.727623159036836,0.0,0.0
2023-10-27,hepatitis_a_confirmed,Kerala,Ernakulam,Muvattupuzha,9.9833,76.5833,1,1,0.5821572094886535,0.0015231557950443,0.0015231557950443
2024-03-16,hepatitis_a_confirmed,Kerala,Ernakulam,Muvattupuzha,9.9833,76.5833,1,0,0.4082875471293999,0.0019021906053366,0.0019021906053366
2024-05-18,hepatitis_a_confirmed,Kerala,Ernakulam,Muvattupuzha,9.9833,76.5833,0,0,0.0866742935064821,0.003944737794838,0.003944737794838
2024-07-12,hepatitis_a_confirmed,Kerala,Ernakulam,Muvattupuzha,9.9833,76.5833,0,0,0.118699086098413,0.0,0.0
2020-07-10,hepatitis_a_confirmed,Kerala,Idukki,Devikulam,10.0667,77.1,1,0,0.1300870588620236,0.0,0.0
2024-03-06,hepatitis_a_confirmed,Kerala,Idukki,Idukki,9.8497872,76.9797914,1,1,0.71953935530693,0.0,0.0
2020-09-17,hepatitis_a_confirmed,Kerala,Idukki,Peerumade,9.5667,76.9667,1,1,0.6560816576870035,0.0,0.0
2023-10-27,hepatitis_a_confirmed,Kerala,Idukki,Peerumade,9.5667,76.9667,1,1,0.5958283529133518,0.0,0.0
2023-11-30,hepatitis_a_confirmed,Kerala,Idukki,Peerumade,9.5667,76.9667,0,1,0.7314903934638026,0.1035307655340986,0.1035307655340986
2020-10-25,hepatitis_a_confirmed,Kerala,Idukki,Thodupuzha,9.8955,76.7241,1,1,0.6659632182171131,0.0,0.0
2022-11-26,hepatitis_a_confirmed,Kerala,Idukki,Thodupuzha,9.8955,76.7241,0,0,0.2153128659707013,0.0,0.0
2022-11-27,hepatitis_a_confirmed,Kerala,Idukki,Thodupuzha,9.8955,76.7241,0,1,0.7054054270918998,0.0,0.0
2024-09-15,hepatitis_a_confirmed,Kerala,Idukki,Udumbanchola,9.8333,77.1333,1,0,0.1196603085786356,0.0,0.0
2024-10-22,hepatitis_a_confirmed,Kerala,Idukki,Udumbanchola,9.8333,77.1333,1,0,0.1204653420613763,0.0033512011473112,0.0033512011473112
2020-08-15,hepatitis_a_confirmed,Kerala,Kannur,Iritty,11.9333,75.7,0,1,0.6750596506654865,0.0,0.0
2020-11-27,hepatitis_a_confirmed,Kerala,Kannur,Iritty,11.9333,75.7,0,0,0.4914297843505464,0.0,0.0
2022-09-17,hepatitis_a_confirmed,Kerala,Kannur,Iritty,11.9333,75.7,1,0,0.4470806021856566,0.0004614620189306,0.0004614620189306
2022-10-24,hepatitis_a_confirmed,Kerala,Kannur,Iritty,11.9333,75.7,0,1,0.7163667425003054,0.0024517680647896,0.0024517680647896
2023-09-15,hepatitis_a_confirmed,Kerala,Kannur,Iritty,11.9333,75.7,1,1,0.7013019510128138,0.0,0.0
2020-07-08,hepatitis_a_confirmed,Kerala,Kannur,Kannur,11.8763836,75.3737973,1,1,0.7124231864795998,0.0,0.0
2020-11-27,hepatitis_a_confirmed,Kerala,Kannur,Kannur,11.8763836,75.3737973,0,0,0.2474334455215487,0.0083847215341827,0.0083847215341827
2021-05-07,hepatitis_a_confirmed,Kerala,Kannur,Kannur,11.8763836,75.3737973,0,1,0.6805035617892409,0.0,0.0
2022-03-05,hepatitis_a_confirmed,Kerala,Kannur,Kannur,11.8763836,75.3737973,0,1,0.6824223057701495,0.0,0.0
2020-07-10,hepatitis_a_confirmed,Kerala,Kannur,Payyanur,12.1,75.2,0,1,0.7068766826969353,0.0,0.0
2020-10-24,hepatitis_a_confirmed,Kerala,Kannur,Payyanur,12.1,75.2,0,1,0.6771661224972156,0.0,0.0
2022-05-07,hepatitis_a_confirmed,Kerala,Kannur,Payyanur,12.1,75.2,1,1,0.5193088455820281,0.0005831064853761,0.0005831064853761
2020-10-21,hepatitis_a_confirmed,Kerala,Kannur,Taliparamba,12.0333,75.35,1,0,0.2687623914340684,0.0,0.0
2022-07-13,hepatitis_a_confirmed,Kerala,Kannur,Taliparamba,12.0333,75.35,1,0,0.466905170979898,0.0001093266519901,0.0001093266519901
2023-10-21,hepatitis_a_confirmed,Kerala,Kannur,Taliparamba,12.0333,75.35,1,1,0.6714029246198052,0.0002004970128941,0.0002004970128941
2024-03-03,hepatitis_a_confirmed,Kerala,Kannur,Taliparamba,12.0333,75.35,0,1,0.6121654928828099,0.0033021939065753,0.0033021939065753
2024-03-04,hepatitis_a_confirmed,Kerala,Kannur,Taliparamba,12.0333,75.35,1,0,0.1710585020252742,0.0,0.0
2024-03-04,hepatitis_a_confirmed,Kerala,Kannur,Taliparamba,12.0333,75.35,0,0,0.1619534890114994,0.0103699930835907,0.0103699930835907
2024-09-19,hepatitis_a_confirmed,Kerala,Kannur,Taliparamba,12.0333,75.35,0,0,0.2991935285309448,0.0,0.0
2020-07-12,hepatitis_a_confirmed,Kerala,Kannur,Thalassery,11.75,75.4833,1,0,0.3599629622448263,0.0,0.0
2021-09-19,hepatitis_a_confirmed,Kerala,Kannur,Thalassery,11.75,75.4833,0,1,0.6696975671063745,0.0,0.0
2021-09-19,hepatitis_a_confirmed,Kerala,Kannur,Thalassery,11.75,75.4833,0,1,0.679065975714982,5.758856489742153e-05,5.758856489742153e-05
2022-10-20,hepatitis_a_confirmed,Kerala,Kannur,Thalassery,11.75,75.4833,0,0,0.2703341065577078,0.0,0.0
2023-11-30,hepatitis_a_confirmed,Kerala,Kannur,Thalassery,11.75,75.4833,0,0,0.4628716652852034,8.062399085639016e-05,8.062399085639016e-05
2020-03-04,hepatitis_a_confirmed,Kerala,Kasaragod,Hosdurg,12.3167,75.1,0,1,0.6826582404959599,0.0,0.0
2022-10-23,hepatitis_a_confirmed,Kerala,Kasaragod,Hosdurg,12.3167,75.1,0,1,0.6969960999635455,0.0,0.0
2022-10-26,hepatitis_a_confirmed,Kerala,Kasaragod,Hosdurg,12.3167,75.1,1,0,0.0921229891431644,0.0006483682993439,0.0006483682993439
2023-09-23,hepatitis_a_confirmed,Kerala,Kasaragod,Hosdurg,12.3167,75.1,0,1,0.677492046220792,0.0137309644247496,0.0137309644247496
2020-11-28,hepatitis_a_confirmed,Kerala,Kasaragod,Kasaragod,12.5035577,74.9907022,1,1,0.5202916459399615,0.0,0.0
2021-03-02,hepatitis_a_confirmed,Kerala,Kasaragod,Kasaragod,12.5035577,74.9907022,0,1,0.5262713953816994,3.1236186282896074e-05,3.1236186282896074e-05
2021-03-05,hepatitis_a_confirmed,Kerala,Kasaragod,Kasaragod,12.5035577,74.9907022,0,0,0.4459703439480846,0.0,0.0
2021-11-28,hepatitis_a_confirmed,Kerala,Kasaragod,Kasaragod,12.5035577,74.9907022,0,0,0.0757392594970255,0.0009271758948484,0.0009271758948484
2020-10-23,hepatitis_a_confirmed,Kerala,Kasaragod,Manjeshwaram,12.7167,74.8833,0,0,0.070672067661333,0.0,0.0
2021-03-03,hepatitis_a_confirmed,Kerala,Kasaragod,Manjeshwaram,12.7167,74.8833,0,1,0.6837741604444298,0.0,0.0
2021-09-16,hepatitis_a_confirmed,Kerala,Kasaragod,Manjeshwaram,12.7167,74.8833,0,0,0.0901605753914305,0.0050518277945739,0.0050518277945739
2020-03-05,hepatitis_a_confirmed,Kerala,Kasaragod,Nileshwaram,12.25,75.1,1,0,0.0758633496301907,0.0,0.0
2020-07-08,hepatitis_a_confirmed,Kerala,Kasaragod,Nileshwaram,12.25,75.1,0,0,0.0665647964301081,0.0002381106347815,0.0002381106347815
2020-08-15,hepatitis_a_confirmed,Kerala,Kasaragod,Nileshwaram,12.25,75.1,1,0,0.0710328662997975,0.0,0.0
2020-10-20,hepatitis_a_confirmed,Kerala,Kasaragod,Nileshwaram,12.25,75.1,1,1,0.7199217414091731,0.2130799258825372,0.2130799258825372
2022-09-15,hepatitis_a_confirmed,Kerala,Kasaragod,Nileshwaram,12.25,75.1,0,1,0.7165463165683783,0.0,0.0
2022-10-22,hepatitis_a_confirmed,Kerala,Kasaragod,Nileshwaram,12.25,75.1,0,1,0.668913229971206,0.0,0.0
2022-11-30,hepatitis_a_confirmed,Kerala,Kasaragod,Nileshwaram,12.25,75.1,0,1,0.6601625595458589,0.0017334158034123,0.0017334158034123
2024-03-05,hepatitis_a_confirmed,Kerala,Kasaragod,Nileshwaram,12.25,75.1,0,0,0.3867639216727943,0.0,0.0
2020-03-03,hepatitis_a_confirmed,Kerala,Kasaragod,Vellarikundu,12.4167,75.2333,0,1,0.7106034329537707,0.0,0.0
2021-11-27,hepatitis_a_confirmed,Kerala,Kasaragod,Vellarikundu,12.4167,75.2333,0,1,0.6888968619460384,0.0,0.0
2023-03-04,hepatitis_a_confirmed,Kerala,Kasaragod,Vellarikundu,12.4167,75.2333,0,0,0.0794555592222267,0.0011261283761285,0.0011261283761285
2024-03-05,hepatitis_a_confirmed,Kerala,Kasaragod,Vellarikundu,12.4167,75.2333,1,0,0.118069502545142,0.0,0.0
2024-07-10,hepatitis_a_confirmed,Kerala,Kasaragod,Vellarikundu,12.4167,75.2333,0,0,0.0906873385322577,0.0482846629925555,0.0482846629925555
2020-05-08,hepatitis_a_confirmed,Kerala,Kollam,Karunagappally,9.0574,76.5334,1,1,0.6736059047779571,0.0,0.0
2020-08-14,hepatitis_a_confirmed,Kerala,Kollam,Karunagappally,9.0574,76.5334,1,1,0.7070741441800518,0.007921937596429,0.007921937596429
2020-10-27,hepatitis_a_confirmed,Kerala,Kollam,Karunagappally,9.0574,76.5334,0,1,0.6415148205708922,0.0,0.0
2023-09-17,hepatitis_a_confirmed,Kerala,Kollam,Karunagappally,9.0574,76.5334,0,1,0.7159200989314998,0.0,0.0
2021-07-09,hepatitis_a_confirmed,Kerala,Kollam,Kollam,8.8879509,76.5955013,1,0,0.3835688937023538,0.0,0.0
2021-10-27,hepatitis_a_confirmed,Kerala,Kollam,Kollam,8.8879509,76.5955013,0,0,0.2585145104767153,0.0,0.0
2022-03-01,hepatitis_a_confirmed,Kerala,Kollam,Kollam,8.8879509,76.5955013,0,0,0.3500420581620362,0.0,0.0
2022-03-05,hepatitis_a_confirmed,Kerala,Kollam,Kollam,8.8879509,76.5955013,0,0,0.4072487639852713,1.3437331809398353e-05,1.3437331809398353e-05
2020-03-05,hepatitis_a_confirmed,Kerala,Kollam,Kottarakkara,9.0002,76.7788,1,0,0.4087555532618975,0.0,0.0
2021-08-15,hepatitis_a_confirmed,Kerala,Kollam,Kottarakkara,9.0002,76.7788,1,1,0.6709871890010062,0.0035452155217937,0.0035452155217937
2021-11-28,hepatitis_a_confirmed,Kerala,Kollam,Kottarakkara,9.0002,76.7788,0,0,0.2424058087717123,0.0159877926901686,0.0159877926901686
2020-10-27,hepatitis_a_confirmed,Kerala,Kollam,Kunnathoor,9.0292,76.627,1,0,0.1629131036090616,0.0,0.0
2021-10-26,hepatitis_a_confirmed,Kerala,Kollam,Kunnathoor,9.0292,76.627,1,1,0.6467407506648298,0.0007143319043446,0.0007143319043446
2022-05-08,hepatitis_a_confirmed,Kerala,Kollam,Kunnathoor,9.0292,76.627,0,1,0.7238701901977695,0.0071402891548986,0.0071402891548986
2023-03-02,hepatitis_a_confirmed,Kerala,Kollam,Pathanapuram,9.1,76.87,1,1,0.6854753556871469,0.0,0.0
2023-07-09,hepatitis_a_confirmed,Kerala,Kollam,Pathanapuram,9.1,76.87,0,0,0.1647493569218566,0.0,0.0
2023-11-27,hepatitis_a_confirmed,Kerala,Kollam,Pathanapuram,9.1,76.87,0,1,0.7247309133632774,0.0013428072584961,0.0013428072584961
2020-03-03,hepatitis_a_confirmed,Kerala,Kollam,Punalur,9.0089,76.9269,0,1,0.6896484833095959,0.0,0.0
2022-09-16,hepatitis_a_confirmed,Kerala,Kollam,Punalur,9.0089,76.9269,1,0,0.0882292764865202,0.0,0.0
2020-03-06,hepatitis_a_confirmed,Kerala,Kottayam,Changanassery,9.45,76.5333,0,1,0.68121243592966,0.0,0.0
2020-11-28,hepatitis_a_confirmed,Kerala,Kottayam,Changanassery,9.45,76.5333,0,1,0.685387027020525,0.0003099199589947,0.0003099199589947
2021-03-01,hepatitis_a_confirmed,Kerala,Kottayam,Changanassery,9.45,76.5333,1,1,0.6831200197756414,0.0,0.0
2022-07-10,hepatitis_a_confirmed,Kerala,Kottayam,Changanassery,9.45,76.5333,0,0,0.1083411834839285,0.1165566202930313,0.1165566202930313
2022-07-13,hepatitis_a_confirmed,Kerala,Kottayam,Changanassery,9.45,76.5333,0,1,0.6718211450844278,0.0,0.0
2020-03-02,hepatitis_a_confirmed,Kerala,Kottayam,Kottayam,9.6287383,76.64553257,0,1,0.7219471889878851,0.0,0.0
2020-07-13,hepatitis_a_confirmed,Kerala,Kottayam,Kottayam,9.6287383,76.64553257,0,1,0.6985823693461982,0.0,0.0
2020-09-19,hepatitis_a_confirmed,Kerala,Kottayam,Kottayam,9.6287383,76.64553257,1,1,0.6822289696387128,4.031199542819508e-05,4.031199542819508e-05
2021-07-13,hepatitis_a_confirmed,Kerala,Kottayam,Kottayam,9.6287383,76.64553257,1,1,0.6888201551825097,0.9999999983333334,0.9999999983333334
2022-07-08,hepatitis_a_confirmed,Kerala,Kottayam,Kottayam,9.6287383,76.64553257,0,1,0.786706890336084,0.0,0.0
2022-09-18,hepatitis_a_confirmed,Kerala,Kottayam,Kottayam,9.6287383,76.64553257,0,1,0.72182560506846,0.0,0.0
2020-03-05,hepatitis_a_confirmed,Kerala,Kottayam,Meenachil,9.7167,76.6833,1,1,0.6575227358563259,0.0,0.0
2020-11-28,hepatitis_a_confirmed,Kerala,Kottayam,Meenachil,9.7167,76.6833,0,1,0.7069816623778812,0.0,0.0
2021-03-02,hepatitis_a_confirmed,Kerala,Kottayam,Meenachil,9.7167,76.6833,0,0,0.1709184322147351,0.0,0.0
2022-10-24,hepatitis_a_confirmed,Kerala,Kottayam,Meenachil,9.7167,76.6833,0,0,0.1553045605015558,0.0,0.0
2022-10-25,hepatitis_a_confirmed,Kerala,Kottayam,Meenachil,9.7167,76.6833,0,1,0.6837998568613437,0.0,0.0
2022-11-29,hepatitis_a_confirmed,Kerala,Kottayam,Meenachil,9.7167,76.6833,0,0,0.0954950592981185,0.0010077998857048,0.0010077998857048
2023-05-08,hepatitis_a_confirmed,Kerala,Kottayam,Meenachil,9.7167,76.6833,0,0,0.0524596877018147,0.0002112173812643,0.0002112173812643
2023-07-01,hepatitis_a_confirmed,Kerala,Kottayam,Meenachil,9.7167,76.6833,0,1,0.6641864356230921,0.0,0.0
2023-10-28,hepatitis_a_confirmed,Kerala,Kottayam,Meenachil,9.7167,76.6833,0,1,0.7122326425217477,0.0001074986544751,0.0001074986544751
2020-10-24,hepatitis_a_confirmed,Kerala,Kottayam,Vaikom,9.75,76.4,0,1,0.5742172584904072,0.0,0.0
2021-09-17,hepatitis_a_confirmed,Kerala,Kottayam,Vaikom,9.75,76.4,0,0,0.279348706574465,0.0,0.0
2021-10-21,hepatitis_a_confirmed,Kerala,Kottayam,Vaikom,9.75,76.4,0,0,0.2814581433417485,0.0001612479817127,0.0001612479817127
2022-07-12,hepatitis_a_confirmed,Kerala,Kottayam,Vaikom,9.75,76.4,0,0,0.3489924860601717,0.0,0.0
2020-10-26,hepatitis_a_confirmed,Kerala,Kozhikode,Koyilandy,11.4333,75.7,1,0,0.3211838196936831,0.0,0.0
2022-10-22,hepatitis_a_confirmed,Kerala,Kozhikode,Koyilandy,11.4333,75.7,0,1,0.7151372114538629,0.0,0.0
2020-03-05,hepatitis_a_confirmed,Kerala,Kozhikode,Thamarassery,11.2667,75.9333,0,1,0.6768523000392338,0.0,0.0
2020-11-27,hepatitis_a_confirmed,Kerala,Kozhikode,Thamarassery,11.2667,75.9333,0,1,0.7161424481139816,0.0,0.0
2021-03-01,hepatitis_a_confirmed,Kerala,Kozhikode,Thamarassery,11.2667,75.9333,0,1,0.6292611667339951,0.0,0.0
2021-05-07,hepatitis_a_confirmed,Kerala,Kozhikode,Thamarassery,11.2667,75.9333,1,1,0.6759379144502385,0.0004434319497101,0.0004434319497101
2022-10-25,hepatitis_a_confirmed,Kerala,Kozhikode,Thamarassery,11.2667,75.9333,1,1,0.6831529043486441,0.9999999983333334,0.9999999983333334
2022-11-30,hepatitis_a_confirmed,Kerala,Kozhikode,Thamarassery,11.2667,75.9333,0,1,0.6816418280370962,0.0,0.0
2023-07-11,hepatitis_a_confirmed,Kerala,Kozhikode,Thamarassery,11.2667,75.9333,0,1,0.7205234198751156,0.0,0.0
2024-07-10,hepatitis_a_confirmed,Kerala,Kozhikode,Thamarassery,11.2667,75.9333,0,1,0.7087256540979388,0.0068933512182213,0.0068933512182213
2024-10-22,hepatitis_a_confirmed,Kerala,Kozhikode,Thamarassery,11.2667,75.9333,0,1,0.7112853070089209,0.0038857294965694,0.0038857294965694
2024-10-23,hepatitis_a_confirmed,Kerala,Kozhikode,Thamarassery,11.2667,75.9333,0,1,0.725702103933559,0.0,0.0
2020-03-06,hepatitis_a_confirmed,Kerala,Kozhikode,Vadakara,11.6,75.5833,1,1,0.7215601033056245,0.0,0.0
2020-10-24,hepatitis_a_confirmed,Kerala,Malappuram,Ernad,11.1201,76.1197,0,1,0.7084767413657302,0.0,0.0
2022-11-27,hepatitis_a_confirmed,Kerala,Malappuram,Ernad,11.1201,76.1197,1,0,0.4891234866497476,0.0,0.0
2020-11-29,hepatitis_a_confirmed,Kerala,Malappuram,Kondotty,11.15,75.9667,0,0,0.2579509618589312,0.0,0.0
2022-07-10,hepatitis_a_confirmed,Kerala,Malappuram,Kondotty,11.15,75.9667,0,0,0.3809574937365224,0.0,0.0
2022-10-21,hepatitis_a_confirmed,Kerala,Malappuram,Kondotty,11.15,75.9667,0,0,0.4288657157693197,0.0003628079588537,0.0003628079588537
2023-09-15,hepatitis_a_confirmed,Kerala,Malappuram,Kondotty,11.15,75.9667,0,1,0.6956616088554963,0.0,0.0
2023-09-17,hepatitis_a_confirmed,Kerala,Malappuram,Kondotty,11.15,75.9667,1,0,0.0560133609803375,4.031199542819508e-05,4.031199542819508e-05
2024-07-09,hepatitis_a_confirmed,Kerala,Malappuram,Kondotty,11.15,75.9667,0,1,0.6948651172970051,0.9999999983333334,0.9999999983333334
2020-09-19,hepatitis_a_confirmed,Kerala,Malappuram,Nilambur,11.2833,76.2333,1,0,0.350746965570101,0.0,0.0
2021-08-14,hepatitis_a_confirmed,Kerala,Malappuram,Nilambur,11.2833,76.2333,1,1,0.7364582652288254,0.0009839398679112,0.0009839398679112
2022-09-16,hepatitis_a_confirmed,Kerala,Malappuram,Perinthalmanna,10.9667,76.2167,1,1,0.7202313732287071,0.0,0.0
2020-09-18,hepatitis_a_confirmed,Kerala,Malappuram,Ponnani,10.7667,75.9167,0,1,0.6760550923863599,0.0,0.0
2021-10-24,hepatitis_a_confirmed,Kerala,Malappuram,Ponnani,10.7667,75.9167,0,0,0.0589451181425167,0.0,0.0
2022-11-30,hepatitis_a_confirmed,Kerala,Malappuram,Ponnani,10.7667,75.9167,0,0,0.0412090841602302,0.0084252070444927,0.0084252070444927
2023-08-14,hepatitis_a_confirmed,Kerala,Malappuram,Ponnani,10.7667,75.9167,0,1,0.6874430993846091,0.0058051126309979,0.0058051126309979
2023-11-04,hepatitis_a_confirmed,Kerala,Malappuram,Ponnani,10.7667,75.9167,0,0,0.0411654347692678,0.0,0.0
2024-09-17,hepatitis_a_confirmed,Kerala,Malappuram,Ponnani,10.7667,75.9167,0,0,0.0817847429828287,0.0006174100352423,0.0006174100352423
2020-03-04,hepatitis_a_confirmed,Kerala,Malappuram,Tirur,10.9167,75.9167,0,1,0.7320317611417554,0.0,0.0
2021-07-13,hepatitis_a_confirmed,Kerala,Malappuram,Tirur,10.9167,75.9167,1,0,0.1094607585730115,0.0,0.0
2023-10-22,hepatitis_a_confirmed,Kerala,Malappuram,Tirur,10.9167,75.9167,0,0,0.1807946806833836,0.0023145159558174,0.0023145159558174
2022-03-02,hepatitis_a_confirmed,Kerala,Malappuram,Tirurangadi,11.0,75.9333,0,1,0.6620678777371681,0.0,0.0
2022-09-18,hepatitis_a_confirmed,Kerala,Malappuram,Tirurangadi,11.0,75.9333,0,1,0.6918536257667114,0.0,0.0
2023-07-08,hepatitis_a_confirmed,Kerala,Malappuram,Tirurangadi,11.0,75.9333,1,1,0.7116984872469029,0.0001209359862845,0.0001209359862845
2023-11-30,hepatitis_a_confirmed,Kerala,Malappuram,Tirurangadi,11.0,75.9333,1,0,0.1329509067809121,0.0018642593827626,0.0018642593827626
2024-03-04,hepatitis_a_confirmed,Kerala,Malappuram,Tirurangadi,11.0,75.9333,0,0,0.0742968389544083,0.9999999983333334,0.9999999983333334
2020-09-15,hepatitis_a_confirmed,Kerala,Palakkad,Alathur,10.6333,76.55,0,0,0.2068590168964382,0.0,0.0
2022-03-02,hepatitis_a_confirmed,Kerala,Palakkad,Alathur,10.6333,76.55,1,1,0.6751840301625707,0.0,0.0
2022-08-14,hepatitis_a_confirmed,Kerala,Palakkad,Alathur,10.6333,76.55,1,1,0.7148159421359292,0.0013534316347289,0.0013534316347289
2021-07-11,hepatitis_a_confirmed,Kerala,Palakkad,Chittur,10.7,76.75,0,1,0.712656143836338,0.0,0.0
2023-07-12,hepatitis_a_confirmed,Kerala,Palakkad,Chittur,10.7,76.75,1,1,0.7341745381947712,0.0,0.0
2023-11-27,hepatitis_a_confirmed,Kerala,Palakkad,Chittur,10.7,76.75,1,1,0.6035202690435546,0.003387159561276,0.003387159561276
2024-09-18,hepatitis_a_confirmed,Kerala,Palakkad,Chittur,10.7,76.75,1,0,0.2982136647152193,0.0040419095914136,0.0040419095914136
2021-03-04,hepatitis_a_confirmed,Kerala,Palakkad,Ottapalam,10.7667,76.3667,1,1,0.6851437804995133,0.0,0.0
2021-07-10,hepatitis_a_confirmed,Kerala,Palakkad,Ottapalam,10.7667,76.3667,1,0,0.2075534165283045,0.0002055653056272,0.0002055653056272
2021-07-11,hepatitis_a_confirmed,Kerala,Palakkad,Ottapalam,10.7667,76.3667,0,0,0.1095662866514514,0.8445425017065857,0.8445425017065857
2021-07-12,hepatitis_a_confirmed,Kerala,Palakkad,Ottapalam,10.7667,76.3667,0,1,0.72202463994627,0.0,0.0
2023-03-06,hepatitis_a_confirmed,Kerala,Palakkad,Ottapalam,10.7667,76.3667,0,0,0.4039261567601282,0.0,0.0
2023-07-10,hepatitis_a_confirmed,Kerala,Palakkad,Ottapalam,10.7667,76.3667,0,0,0.2534629268613439,0.0,0.0
2023-09-30,hepatitis_a_confirmed,Kerala,Palakkad,Ottapalam,10.7667,76.3667,0,0,0.1242889285605279,0.0002821839679973,0.0002821839679973
2020-07-08,hepatitis_a_confirmed,Kerala,Palakkad,Pattambi,10.8,76.2,0,0,0.0735485709058752,0.0,0.0
2022-03-03,hepatitis_a_confirmed,Kerala,Palakkad,Pattambi,10.8,76.2,0,0,0.1354865167989121,4.031199542819508e-05,4.031199542819508e-05
2022-07-09,hepatitis_a_confirmed,Kerala,Palakkad,Pattambi,10.8,76.2,0,0,0.0861012793026032,0.0,0.0
2023-05-07,hepatitis_a_confirmed,Kerala,Palakkad,Pattambi,10.8,76.2,0,1,0.7276990887033529,0.003824437658557,0.003824437658557
2023-11-29,hepatitis_a_confirmed,Kerala,Palakkad,Pattambi,10.8,76.2,0,1,0.6921372573754421,0.0002150567552804,0.0002150567552804
2024-07-13,hepatitis_a_confirmed,Kerala,Palakkad,Pattambi,10.8,76.2,1,1,0.678597903057696,0.0,0.0
2020-05-07,hepatitis_a_confirmed,Kerala,Pathanamthitta,Adoor,9.1667,76.7333,0,1,0.6695733760242826,0.0,0.0
2020-07-10,hepatitis_a_confirmed,Kerala,Pathanamthitta,Adoor,9.1667,76.7333,1,1,0.7917610068892006,0.0,0.0
2020-11-28,hepatitis_a_confirmed,Kerala,Pathanamthitta,Kozhenchery,9.2780841,76.9737443,1,0,0.178255501220458,0.0,0.0
2021-03-03,hepatitis_a_confirmed,Kerala,Pathanamthitta,Kozhenchery,9.2780841,76.9737443,0,0,0.1678839778459191,0.0001218524636035,0.0001218524636035
2022-10-25,hepatitis_a_confirmed,Kerala,Pathanamthitta,Kozhenchery,9.2780841,76.9737443,0,1,0.7529607666055701,0.0,0.0
2023-07-08,hepatitis_a_confirmed,Kerala,Pathanamthitta,Kozhenchery,9.2780841,76.9737443,1,0,0.1349872995183971,0.0005643679359947,0.0005643679359947
2022-10-25,hepatitis_a_confirmed,Kerala,Pathanamthitta,Mallappally,9.3833,76.6833,0,0,0.1493927604493662,0.0,0.0
2023-07-12,hepatitis_a_confirmed,Kerala,Pathanamthitta,Mallappally,9.3833,76.6833,0,1,0.7270692354174615,0.0,0.0
2021-08-14,hepatitis_a_confirmed,Kerala,Pathanamthitta,Ranni,9.3833,76.9667,0,1,0.7062162561746791,0.0,0.0
2021-11-30,hepatitis_a_confirmed,Kerala,Pathanamthitta,Ranni,9.3833,76.9667,1,0,0.2668570128528348,0.0,0.0
2020-07-09,hepatitis_a_confirmed,Kerala,Pathanamthitta,Thiruvalla,9.3833,76.5833,0,0,0.1473568439079519,0.0,0.0
2021-07-12,hepatitis_a_confirmed,Kerala,Pathanamthitta,Thiruvalla,9.3833,76.5833,0,1,0.6771319573528206,0.0,0.0
2021-11-27,hepatitis_a_confirmed,Kerala,Pathanamthitta,Thiruvalla,9.3833,76.5833,0,0,0.4780034765181402,0.0004031199542819,0.0004031199542819
2022-07-11,hepatitis_a_confirmed,Kerala,Pathanamthitta,Thiruvalla,9.3833,76.5833,0,0,0.4758844916873723,0.0,0.0
2023-07-09,hepatitis_a_confirmed,Kerala,Pathanamthitta,Thiruvalla,9.3833,76.5833,0,1,0.7162340052198475,0.0002015599771409,0.0002015599771409
2024-07-08,hepatitis_a_confirmed,Kerala,Pathanamthitta,Thiruvalla,9.3833,76.5833,1,1,0.6663272401885654,0.0008370246459487,0.0008370246459487
2021-03-02,hepatitis_a_confirmed,Kerala,Thiruvananthapuram,Chirayinkeezhu,8.6963,76.8153,0,1,0.7506146097047959,0.0,0.0
2021-05-07,hepatitis_a_confirmed,Kerala,Thiruvananthapuram,Chirayinkeezhu,8.6963,76.8153,0,0,0.1820693891623917,0.0001167439848076,0.0001167439848076
2022-11-28,hepatitis_a_confirmed,Kerala,Thiruvananthapuram,Chirayinkeezhu,8.6963,76.8153,1,0,0.0758544195579737,0.0,0.0
2021-11-29,hepatitis_a_confirmed,Kerala,Thiruvananthapuram,Kattakkada,8.5667,77.1,1,1,0.7200491243218409,0.0,0.0
2020-03-05,hepatitis_a_confirmed,Kerala,Thiruvananthapuram,Nedumangad,8.6036,77.0031,1,0,0.1884003474092671,0.0,0.0
2021-03-01,hepatitis_a_confirmed,Kerala,Thiruvananthapuram,Nedumangad,8.6036,77.0031,0,0,0.4004376947723611,0.0,0.0
2021-07-13,hepatitis_a_confirmed,Kerala,Thiruvananthapuram,Nedumangad,8.6036,77.0031,0,1,0.7199478389294964,0.0,0.0
2021-10-26,hepatitis_a_confirmed,Kerala,Thiruvananthapuram,Nedumangad,8.6036,77.0031,0,1,0.657810100882895,2.015599771409754e-05,2.015599771409754e-05
2020-10-25,hepatitis_a_confirmed,Kerala,Thiruvananthapuram,Neyyattinkara,8.4004,77.0872,1,0,0.495848244005605,0.0,0.0
2020-10-26,hepatitis_a_confirmed,Kerala,Thiruvananthapuram,Neyyattinkara,8.4004,77.0872,1,1,0.715225420436094,0.0004825945633811,0.0004825945633811
2021-09-15,hepatitis_a_confirmed,Kerala,Thiruvananthapuram,Neyyattinkara,8.4004,77.0872,0,1,0.71384726010354,0.1628778319796106,0.1628778319796106
2021-11-29,hepatitis_a_confirmed,Kerala,Thiruvananthapuram,Neyyattinkara,8.4004,77.0872,0,0,0.2516461239192076,0.0,0.0
2022-03-03,hepatitis_a_confirmed,Kerala,Thiruvananthapuram,Neyyattinkara,8.4004,77.0872,0,0,0.2517910549322808,0.0,0.0
2023-10-21,hepatitis_a_confirmed,Kerala,Thiruvananthapuram,Neyyattinkara,8.4004,77.0872,0,1,0.6608000378316612,0.0010749865447518,0.0010749865447518
2020-03-02,hepatitis_a_confirmed,Kerala,Thiruvananthapuram,Thiruvananthapuram,8.4882267,76.947551,1,0,0.2291019747221453,0.0,0.0
2022-07-09,hepatitis_a_confirmed,Kerala,Thiruvananthapuram,Thiruvananthapuram,8.4882267,76.947551,1,0,0.1517598754967718,0.0744521099398043,0.0744521099398043
2023-09-23,hepatitis_a_confirmed,Kerala,Thiruvananthapuram,Thiruvananthapuram,8.4882267,76.947551,1,0,0.1099684825346921,0.0,0.0
2024-03-01,hepatitis_a_confirmed,Kerala,Thiruvananthapuram,Thiruvananthapuram,8.4882267,76.947551,0,1,0.7258695807418535,0.0719170747438924,0.0719170747438924
2024-03-01,hepatitis_a_confirmed,Kerala,Thiruvananthapuram,Thiruvananthapuram,8.4882267,76.947551,0,1,0.6033723168952417,0.0,0.0
2020-11-27,hepatitis_a_confirmed,Kerala,Thiruvananthapuram,Varkala,8.7379,76.7163,1,1,0.5961617680378043,0.0,0.0
2023-07-13,hepatitis_a_confirmed,Kerala,Thiruvananthapuram,Varkala,8.7379,76.7163,1,1,0.7316538666789068,0.0,0.0
2022-03-02,hepatitis_a_confirmed,Kerala,Thrissur,Chavakkad,10.5833,76.0167,1,0,0.0851568376707165,0.0,0.0
2020-03-01,hepatitis_a_confirmed,Kerala,Thrissur,Kodungallur,10.2333,76.2,1,0,0.2490005987519559,0.0,0.0
2020-03-06,hepatitis_a_confirmed,Kerala,Thrissur,Kodungallur,10.2333,76.2,0,0,0.2101580846619382,0.0,0.0
2021-11-29,hepatitis_a_confirmed,Kerala,Thrissur,Kodungallur,10.2333,76.2,1,1,0.690274377991696,0.0,0.0
2022-07-12,hepatitis_a_confirmed,Kerala,Thrissur,Kodungallur,10.2333,76.2,0,0,0.099444702985192,0.0872561098433348,0.0872561098433348
2020-11-30,hepatitis_a_confirmed,Kerala,Thrissur,Kunnamkulam,10.65,76.0667,1,0,0.1363495962406929,0.0,0.0
2022-03-02,hepatitis_a_confirmed,Kerala,Thrissur,Kunnamkulam,10.65,76.0667,0,1,0.7128948727914629,0.0,0.0
2023-07-08,hepatitis_a_confirmed,Kerala,Thrissur,Kunnamkulam,10.65,76.0667,1,0,0.2063794180148448,0.0,0.0
2023-10-26,hepatitis_a_confirmed,Kerala,Thrissur,Kunnamkulam,10.65,76.0667,0,0,0.2292059141063181,0.0036151083724923,0.0036151083724923
2024-03-02,hepatitis_a_confirmed,Kerala,Thrissur,Kunnamkulam,10.65,76.0667,0,0,0.1792540714530167,0.0,0.0
2020-07-08,hepatitis_a_confirmed,Kerala,Thrissur,Mukundapuram,10.3333,76.2167,1,0,0.161264938086449,0.0,0.0
2023-03-05,hepatitis_a_confirmed,Kerala,Thrissur,Mukundapuram,10.3333,76.2167,0,0,0.2019638400814841,0.0,0.0
2023-07-12,hepatitis_a_confirmed,Kerala,Thrissur,Mukundapuram,10.3333,76.2167,0,1,0.7177182760148386,0.0,0.0
2020-07-11,hepatitis_a_confirmed,Kerala,Thrissur,Talappilly,10.6667,76.25,0,0,0.1057862837160564,0.0,0.0
2021-09-16,hepatitis_a_confirmed,Kerala,Thrissur,Talappilly,10.6667,76.25,0,1,0.7083381473274816,0.0,0.0
2022-03-02,hepatitis_a_confirmed,Kerala,Thrissur,Thrissur,10.5256264,76.2132542,1,0,0.2993933398415065,0.0,0.0
2022-05-07,hepatitis_a_confirmed,Kerala,Thrissur,Thrissur,10.5256264,76.2132542,1,0,0.1476890933436733,0.0006191262021113,0.0006191262021113
2022-09-15,hepatitis_a_confirmed,Kerala,Thrissur,Thrissur,10.5256264,76.2132542,0,0,0.0969426041528565,0.0001835432135684,0.0001835432135684
2023-09-18,hepatitis_a_confirmed,Kerala,Thrissur,Thrissur,10.5256264,76.2132542,0,1,0.720234059209563,0.0,0.0
2024-03-03,hepatitis_a_confirmed,Kerala,Thrissur,Thrissur,10.5256264,76.2132542,0,0,0.1325951391099072,0.0,0.0
2020-08-15,hepatitis_a_confirmed,Kerala,Wayanad,Mananthavady,11.8,76.0,1,1,0.7297947218963039,0.0,0.0
2020-10-24,hepatitis_a_confirmed,Kerala,Wayanad,Mananthavady,11.8,76.0,0,1,0.7662970042242204,0.004047478786451,0.004047478786451
2020-11-29,hepatitis_a_confirmed,Kerala,Wayanad,Mananthavady,11.8,76.0,1,1,0.6834102788937432,0.0,0.0
2021-03-04,hepatitis_a_confirmed,Kerala,Wayanad,Mananthavady,11.8,76.0,0,1,0.732230962434728,0.1554194136493986,0.1554194136493986
2021-09-18,hepatitis_a_confirmed,Kerala,Wayanad,Mananthavady,11.8,76.0,0,1,0.7375831977298843,0.0,0.0
2021-10-20,hepatitis_a_confirmed,Kerala,Wayanad,Mananthavady,11.8,76.0,0,1,0.6228617248846982,7.017273278241364e-05,7.017273278241364e-05
2022-03-04,hepatitis_a_confirmed,Kerala,Wayanad,Mananthavady,11.8,76.0,0,0,0.2570470246730444,0.0,0.0
2020-03-03,hepatitis_a_confirmed,Kerala,Wayanad,Sulthan Bathery,11.6667,76.2667,1,0,0.2964789250303777,0.0,0.0
2022-10-24,hepatitis_a_confirmed,Kerala,Wayanad,Sulthan Bathery,11.6667,76.2667,1,1,0.7115641165212948,0.0024667836675274,0.0024667836675274
2023-03-03,hepatitis_a_confirmed,Kerala,Wayanad,Sulthan Bathery,11.6667,76.2667,0,0,0.168432367663573,0.0004098278159216,0.0004098278159216
2024-03-16,hepatitis_a_confirmed,Kerala,Wayanad,Sulthan Bathery,11.6667,76.2667,1,0,0.10210319558593,0.0001829685593707,0.0001829685593707
2024-07-10,hepatitis_a_confirmed,Kerala,Wayanad,Sulthan Bathery,11.6667,76.2667,0,0,0.1252834979762682,0.664281464696993,0.664281464696993
2021-03-05,hepatitis_a_confirmed,Kerala,Wayanad,Vythiri,11.6226,76.0813,1,0,0.0979291724929292,0.0,0.0
2022-07-09,hepatitis_a_confirmed,Kerala,Wayanad,Vythiri,11.6226,76.0813,1,0,0.1606350123180765,0.0001734391766207,0.0001734391766207
2024-03-03,hepatitis_a_confirmed,Kerala,Wayanad,Vythiri,11.6226,76.0813,0,0,0.1971126336978811,3.838136646328731e-05,3.838136646328731e-05
2024-05-06,hepatitis_a_confirmed,Kerala,Wayanad,Vythiri,11.6226,76.0813,1,1,0.720738127883545,0.0,0.0
2021-04-09,hepatitis_a_probable,Kerala,Alappuzha,Ambalappuzha,9.5006651,76.41241429,1,1,0.6885771235994831,0.0,0.0
2023-02-01,hepatitis_a_probable,Kerala,Alappuzha,Ambalappuzha,9.5006651,76.41241429,0,1,0.6971220160762269,0.0,0.0
2024-11-22,hepatitis_a_probable,Kerala,Alappuzha,Ambalappuzha,9.5006651,76.41241429,0,1,0.60618475147844,0.0,0.0
2020-04-07,hepatitis_a_probable,Kerala,Alappuzha,Chenganoor,9.3167,76.6167,1,0,0.2690138382746534,0.0,0.0
2021-10-14,hepatitis_a_probable,Kerala,Alappuzha,Chenganoor,9.3167,76.6167,1,1,0.7114896848588913,0.0,0.0
2022-11-22,hepatitis_a_probable,Kerala,Alappuzha,Chenganoor,9.3167,76.6167,0,1,0.7104406286515434,0.9999999983333334,0.9999999983333334
2022-11-27,hepatitis_a_probable,Kerala,Alappuzha,Chenganoor,9.3167,76.6167,0,1,0.6968082899579636,0.0,0.0
2023-12-09,hepatitis_a_probable,Kerala,Alappuzha,Chenganoor,9.3167,76.6167,0,1,0.7057323905957145,0.0005240559405665,0.0005240559405665
2021-12-29,hepatitis_a_probable,Kerala,Alappuzha,Cherthala,9.6833,76.3333,0,1,0.7399991015007491,0.0,0.0
2022-04-09,hepatitis_a_probable,Kerala,Alappuzha,Cherthala,9.6833,76.3333,1,1,0.5888768304386083,0.0,0.0
2023-03-04,hepatitis_a_probable,Kerala,Alappuzha,Cherthala,9.6833,76.3333,1,1,0.5113679717549726,0.0107470835613444,0.0107470835613444
2023-04-08,hepatitis_a_probable,Kerala,Alappuzha,Karthikappally,9.2833,76.4667,1,0,0.2088353976838031,0.0,0.0
2023-10-14,hepatitis_a_probable,Kerala,Alappuzha,Karthikappally,9.2833,76.4667,0,1,0.6629375553206854,0.0,0.0
2023-11-23,hepatitis_a_probable,Kerala,Alappuzha,Karthikappally,9.2833,76.4667,0,1,0.6614834832320585,0.0,0.0
2024-10-12,hepatitis_a_probable,Kerala,Alappuzha,Karthikappally,9.2833,76.4667,0,0,0.0736072963691103,0.0040311995428195,0.0040311995428195
2020-11-22,hepatitis_a_probable,Kerala,Alappuzha,Kuttanad,9.5833,76.4167,1,0,0.0717392752894056,0.0,0.0
2021-10-19,hepatitis_a_probable,Kerala,Alappuzha,Kuttanad,9.5833,76.4167,1,0,0.0968826778435727,0.000582994921436,0.000582994921436
2021-11-25,hepatitis_a_probable,Kerala,Alappuzha,Kuttanad,9.5833,76.4167,0,1,0.714849791793233,0.9999999983333334,0.9999999983333334
2022-09-11,hepatitis_a_probable,Kerala,Alappuzha,Kuttanad,9.5833,76.4167,0,1,0.5654413217640454,0.0,0.0
2022-11-26,hepatitis_a_probable,Kerala,Alappuzha,Kuttanad,9.5833,76.4167,0,1,0.5846915035366959,0.0003154851816119,0.0003154851816119
2023-09-10,hepatitis_a_probable,Kerala,Alappuzha,Kuttanad,9.5833,76.4167,0,0,0.0384407869802086,0.0005750702356659,0.0005750702356659
2023-10-13,hepatitis_a_probable,Kerala,Alappuzha,Kuttanad,9.5833,76.4167,0,1,0.6805859519223548,0.0,0.0
2024-04-07,hepatitis_a_probable,Kerala,Alappuzha,Kuttanad,9.5833,76.4167,0,1,0.6722890180924146,0.0,0.0
2024-11-22,hepatitis_a_probable,Kerala,Alappuzha,Kuttanad,9.5833,76.4167,0,1,0.6735540675077387,0.0,0.0
2021-02-01,hepatitis_a_probable,Kerala,Alappuzha,Mavelikkara,9.2667,76.55,1,0,0.2989249138552001,0.0,0.0
2023-12-31,hepatitis_a_probable,Kerala,Alappuzha,Mavelikkara,9.2667,76.55,1,0,0.1659730587148219,0.0029581696986376,0.0029581696986376
2024-04-07,hepatitis_a_probable,Kerala,Alappuzha,Mavelikkara,9.2667,76.55,0,0,0.1379463454623929,6.768644456014181e-05,6.768644456014181e-05
2021-12-31,hepatitis_a_probable,Kerala,Ernakulam,Aluva,10.1075,76.3516,1,1,0.6977869010781181,0.0,0.0
2022-03-04,hepatitis_a_probable,Kerala,Ernakulam,Aluva,10.1075,76.3516,1,1,0.7074783192975247,0.000497640599491,0.000497640599491
2022-10-13,hepatitis_a_probable,Kerala,Ernakulam,Aluva,10.1075,76.3516,0,1,0.6917432177862155,0.003190697813696,0.003190697813696
2022-10-15,hepatitis_a_probable,Kerala,Ernakulam,Aluva,10.1075,76.3516,0,1,0.7114640159123996,0.0,0.0
2022-10-16,hepatitis_a_probable,Kerala,Ernakulam,Aluva,10.1075,76.3516,0,1,0.5764248433871739,0.0011556105356082,0.0011556105356082
2023-09-11,hepatitis_a_probable,Kerala,Ernakulam,Aluva,10.1075,76.3516,1,0,0.2534940072585235,0.0013644557453882,0.0013644557453882
2023-10-18,hepatitis_a_probable,Kerala,Ernakulam,Aluva,10.1075,76.3516,0,1,0.7113943557359135,0.0023952290030836,0.0023952290030836
2023-11-04,hepatitis_a_probable,Kerala,Ernakulam,Aluva,10.1075,76.3516,0,1,0.6949053281053149,0.0,0.0
2021-09-09,hepatitis_a_probable,Kerala,Ernakulam,Kanayannur,9.98408,76.2741457,1,1,0.6893082578950702,0.0,0.0
2020-11-25,hepatitis_a_probable,Kerala,Ernakulam,Kochi,9.9312,76.2673,1,0,0.2160632062745767,0.0,0.0
2020-04-07,hepatitis_a_probable,Kerala,Ernakulam,Kothamangalam,10.0667,76.6333,1,1,0.6853908745778692,0.0,0.0
2023-02-02,hepatitis_a_probable,Kerala,Ernakulam,Kothamangalam,10.0667,76.6333,0,0,0.2332211632830934,0.000812896355286,0.000812896355286
2023-09-10,hepatitis_a_probable,Kerala,Ernakulam,Kothamangalam,10.0667,76.6333,0,1,0.6808955144422504,0.0,0.0
2023-10-13,hepatitis_a_probable,Kerala,Ernakulam,Kothamangalam,10.0667,76.6333,0,1,0.5988172287723423,0.0,0.0
2023-10-17,hepatitis_a_probable,Kerala,Ernakulam,Kothamangalam,10.0667,76.6333,0,1,0.7186892072978117,0.0,0.0
2020-10-15,hepatitis_a_probable,Kerala,Ernakulam,Muvattupuzha,9.9833,76.5833,1,1,0.5836660908007892,0.0,0.0
2021-09-10,hepatitis_a_probable,Kerala,Ernakulam,Muvattupuzha,9.9833,76.5833,0,0,0.3518658910621524,0.0,0.0
2021-11-25,hepatitis_a_probable,Kerala,Ernakulam,Muvattupuzha,9.9833,76.5833,0,1,0.6951980309195046,0.0032443691135358,0.0032443691135358
2022-03-04,hepatitis_a_probable,Kerala,Ernakulam,Muvattupuzha,9.9833,76.5833,0,0,0.0881805007879603,0.0,0.0
2023-11-22,hepatitis_a_probable,Kerala,Ernakulam,Muvattupuzha,9.9833,76.5833,0,0,0.0508772461836939,0.0,0.0
2020-02-01,hepatitis_a_probable,Kerala,Ernakulam,North Paravur,10.1333,76.2,1,0,0.1066527237161379,0.0,0.0
2021-09-10,hepatitis_a_probable,Kerala,Idukki,Devikulam,10.0667,77.1,1,0,0.0725287752419298,0.0,0.0
2022-03-05,hepatitis_a_probable,Kerala,Idukki,Devikulam,10.0667,77.1,1,1,0.7154200922107643,0.0053291646137615,0.0053291646137615
2023-04-07,hepatitis_a_probable,Kerala,Idukki,Devikulam,10.0667,77.1,0,0,0.3298821983052539,0.0028269274914816,0.0028269274914816
2024-03-23,hepatitis_a_probable,Kerala,Idukki,Devikulam,10.0667,77.1,1,0,0.2877595570973169,0.0,0.0
2020-11-27,hepatitis_a_probable,Kerala,Idukki,Idukki,9.8497872,76.9797914,1,1,0.7327174307724634,0.0,0.0
2021-03-06,hepatitis_a_probable,Kerala,Idukki,Idukki,9.8497872,76.9797914,0,1,0.7447419167618033,0.0043837738079498,0.0043837738079498
2022-02-02,hepatitis_a_probable,Kerala,Idukki,Idukki,9.8497872,76.9797914,0,1,0.7377759593029793,0.0,0.0
2022-03-05,hepatitis_a_probable,Kerala,Idukki,Idukki,9.8497872,76.9797914,1,1,0.7124996409498059,1.3437331809398353e-05,1.3437331809398353e-05
2023-03-06,hepatitis_a_probable,Kerala,Idukki,Idukki,9.8497872,76.9797914,0,0,0.2085177340980956,0.9744990837201752,0.9744990837201752
2020-03-06,hepatitis_a_probable,Kerala,Idukki,Peerumade,9.5667,76.9667,1,0,0.1422945852363424,0.0,0.0
2020-10-18,hepatitis_a_probable,Kerala,Idukki,Thodupuzha,9.8955,76.7241,1,1,0.7105860657754342,0.0,0.0
2020-11-27,hepatitis_a_probable,Kerala,Idukki,Thodupuzha,9.8955,76.7241,0,1,0.7042086300331786,0.0045203407230618,0.0045203407230618
2021-04-07,hepatitis_a_probable,Kerala,Idukki,Thodupuzha,9.8955,76.7241,0,0,0.0768710777026252,0.0,0.0
2021-12-31,hepatitis_a_probable,Kerala,Idukki,Thodupuzha,9.8955,76.7241,0,0,0.1539017858027851,0.0006046799314229,0.0006046799314229
2022-10-17,hepatitis_a_probable,Kerala,Idukki,Thodupuzha,9.8955,76.7241,0,0,0.0975607214789912,0.0002586114541948,0.0002586114541948
2022-10-20,hepatitis_a_probable,Kerala,Idukki,Thodupuzha,9.8955,76.7241,0,1,0.6882878827529306,0.0,0.0
2022-11-24,hepatitis_a_probable,Kerala,Idukki,Thodupuzha,9.8955,76.7241,0,1,0.7154419859913891,0.0,0.0
2020-09-11,hepatitis_a_probable,Kerala,Idukki,Udumbanchola,9.8333,77.1333,1,1,0.6594774159065309,0.0,0.0
2021-11-25,hepatitis_a_probable,Kerala,Idukki,Udumbanchola,9.8333,77.1333,0,0,0.0838436750459775,0.0002862856756819,0.0002862856756819
2023-02-03,hepatitis_a_probable,Kerala,Idukki,Udumbanchola,9.8333,77.1333,1,0,0.1930841912955169,0.0,0.0
2022-10-12,hepatitis_a_probable,Kerala,Kannur,Iritty,11.9333,75.7,1,1,0.7169918111871414,0.0,0.0
2023-03-05,hepatitis_a_probable,Kerala,Kannur,Iritty,11.9333,75.7,0,0,0.455041546520316,0.0008491358861279,0.0008491358861279
2023-10-20,hepatitis_a_probable,Kerala,Kannur,Iritty,11.9333,75.7,1,0,0.1399513364588705,0.0,0.0
2024-03-05,hepatitis_a_probable,Kerala,Kannur,Iritty,11.9333,75.7,1,1,0.687068299459691,0.1496838198043326,0.1496838198043326
2024-10-18,hepatitis_a_probable,Kerala,Kannur,Iritty,11.9333,75.7,0,1,0.7125492239926129,0.0,0.0
2020-09-11,hepatitis_a_probable,Kerala,Kannur,Kannur,11.8763836,75.3737973,0,0,0.1018605841138433,0.0,0.0
2022-10-13,hepatitis_a_probable,Kerala,Kannur,Kannur,11.8763836,75.3737973,1,0,0.1247064744144118,0.0,0.0
2023-10-07,hepatitis_a_probable,Kerala,Kannur,Kannur,11.8763836,75.3737973,1,1,0.7000151734299336,0.0043837624801735,0.0043837624801735
2023-10-12,hepatitis_a_probable,Kerala,Kannur,Kannur,11.8763836,75.3737973,1,1,0.7475019832061097,0.0142269444002827,0.0142269444002827
2020-11-22,hepatitis_a_probable,Kerala,Kannur,Payyanur,12.1,75.2,1,1,0.6514921180772812,0.0,0.0
2022-11-26,hepatitis_a_probable,Kerala,Kannur,Payyanur,12.1,75.2,1,0,0.3261728631320201,0.2045373038541642,0.2045373038541642
2020-04-07,hepatitis_a_probable,Kerala,Kannur,Taliparamba,12.0333,75.35,0,1,0.7185941910427261,0.0,0.0
2020-11-25,hepatitis_a_probable,Kerala,Kannur,Taliparamba,12.0333,75.35,0,1,0.7336325043902666,0.0,0.0
2021-11-27,hepatitis_a_probable,Kerala,Kannur,Taliparamba,12.0333,75.35,0,1,0.674502338566334,0.0002418719725691,0.0002418719725691
2022-11-22,hepatitis_a_probable,Kerala,Kannur,Taliparamba,12.0333,75.35,0,1,0.7255102881361358,0.0002015599771409,0.0002015599771409
2022-11-24,hepatitis_a_probable,Kerala,Kannur,Taliparamba,12.0333,75.35,0,1,0.7200734317779165,4.031199542819508e-05,4.031199542819508e-05
2022-11-27,hepatitis_a_probable,Kerala,Kannur,Taliparamba,12.0333,75.35,0,1,0.651525819680547,0.0015285848148002,0.0015285848148002
2023-02-01,hepatitis_a_probable,Kerala,Kannur,Taliparamba,12.0333,75.35,0,1,0.7156806630565028,0.0,0.0
2020-04-08,hepatitis_a_probable,Kerala,Kannur,Thalassery,11.75,75.4833,1,1,0.7060062417258769,0.0,0.0
2020-10-15,hepatitis_a_probable,Kerala,Kasaragod,Hosdurg,12.3167,75.1,1,1,0.7137454010469548,0.0,0.0
2022-10-18,hepatitis_a_probable,Kerala,Kasaragod,Hosdurg,12.3167,75.1,0,1,0.6938545085123492,0.0,0.0
2023-10-16,hepatitis_a_probable,Kerala,Kasaragod,Hosdurg,12.3167,75.1,0,1,0.6785418423090168,0.0,0.0
2022-11-22,hepatitis_a_probable,Kerala,Kasaragod,Kasaragod,12.5035577,74.9907022,1,1,0.6911866919338415,0.0,0.0
2023-12-31,hepatitis_a_probable,Kerala,Kasaragod,Kasaragod,12.5035577,74.9907022,1,1,0.669934295301073,0.0,0.0
2021-12-30,hepatitis_a_probable,Kerala,Kasaragod,Manjeshwaram,12.7167,74.8833,0,1,0.6953687174712627,0.0,0.0
2022-10-15,hepatitis_a_probable,Kerala,Kasaragod,Manjeshwaram,12.7167,74.8833,0,1,0.6159847477925228,0.0,0.0
2023-09-10,hepatitis_a_probable,Kerala,Kasaragod,Manjeshwaram,12.7167,74.8833,1,0,0.3813791870823756,8.062399085639016e-05,8.062399085639016e-05
2023-10-12,hepatitis_a_probable,Kerala,Kasaragod,Manjeshwaram,12.7167,74.8833,0,1,0.7112939343860417,0.0123151441850774,0.0123151441850774
2020-04-08,hepatitis_a_probable,Kerala,Kasaragod,Nileshwaram,12.25,75.1,1,1,0.6312802393204401,0.0,0.0
2023-11-23,hepatitis_a_probable,Kerala,Kasaragod,Nileshwaram,12.25,75.1,0,0,0.2221274315197186,0.0,0.0
2024-10-14,hepatitis_a_probable,Kerala,Kasaragod,Nileshwaram,12.25,75.1,0,1,0.6895758334733486,0.0,0.0
2021-12-29,hepatitis_a_probable,Kerala,Kasaragod,Vellarikundu,12.4167,75.2333,1,1,0.6673329892999298,0.0,0.0
2022-10-15,hepatitis_a_probable,Kerala,Kasaragod,Vellarikundu,12.4167,75.2333,1,1,0.6705515166248007,0.009746198683825,0.009746198683825
2022-10-15,hepatitis_a_probable,Kerala,Kasaragod,Vellarikundu,12.4167,75.2333,0,1,0.6897369058421458,0.0007725599658498,0.0007725599658498
2021-04-09,hepatitis_a_probable,Kerala,Kollam,Karunagappally,9.0574,76.5334,0,0,0.0499897480521411,0.0,0.0
2022-03-06,hepatitis_a_probable,Kerala,Kollam,Karunagappally,9.0574,76.5334,0,0,0.0634120510445804,0.0,0.0
2020-10-18,hepatitis_a_probable,Kerala,Kollam,Kollam,8.8879509,76.5955013,1,1,0.6827480624045232,0.0,0.0
2020-11-28,hepatitis_a_probable,Kerala,Kollam,Kollam,8.8879509,76.5955013,0,0,0.2997538084713264,0.0,0.0
2023-09-10,hepatitis_a_probable,Kerala,Kollam,Kollam,8.8879509,76.5955013,0,0,0.2305392777847667,0.0001392596205701,0.0001392596205701
2021-10-15,hepatitis_a_probable,Kerala,Kollam,Kottarakkara,9.0002,76.7788,1,1,0.7312677950126134,0.0,0.0
2022-02-02,hepatitis_a_probable,Kerala,Kollam,Kottarakkara,9.0002,76.7788,0,1,0.6737901160886591,0.0037280144453754,0.0037280144453754
2023-02-02,hepatitis_a_probable,Kerala,Kollam,Kottarakkara,9.0002,76.7788,0,1,0.5903224325321194,0.0,0.0
2024-03-05,hepatitis_a_probable,Kerala,Kollam,Kottarakkara,9.0002,76.7788,0,1,0.7281549935828386,0.0,0.0
2020-10-17,hepatitis_a_probable,Kerala,Kollam,Kunnathoor,9.0292,76.627,0,1,0.6787277623266961,0.0,0.0
2020-11-20,hepatitis_a_probable,Kerala,Kollam,Kunnathoor,9.0292,76.627,0,1,0.6371745257631027,0.0,0.0
2022-11-27,hepatitis_a_probable,Kerala,Kollam,Kunnathoor,9.0292,76.627,0,1,0.5629556658706096,0.0,0.0
2023-10-15,hepatitis_a_probable,Kerala,Kollam,Kunnathoor,9.0292,76.627,1,1,0.7247725072725918,0.0,0.0
2020-11-25,hepatitis_a_probable,Kerala,Kollam,Pathanapuram,9.1,76.87,1,1,0.6948811195486191,0.0,0.0
2021-09-09,hepatitis_a_probable,Kerala,Kollam,Pathanapuram,9.1,76.87,0,1,0.6429280186275147,0.0002487628755539,0.0002487628755539
2022-10-17,hepatitis_a_probable,Kerala,Kollam,Punalur,9.0089,76.9269,0,1,0.7080022323189503,0.0,0.0
2023-10-17,hepatitis_a_probable,Kerala,Kottayam,Changanassery,9.45,76.5333,1,1,0.7067738052677488,0.0,0.0
2020-02-02,hepatitis_a_probable,Kerala,Kottayam,Kanjirappally,9.5667,76.7833,0,1,0.6809679713722028,0.0,0.0
2020-10-17,hepatitis_a_probable,Kerala,Kottayam,Kanjirappally,9.5667,76.7833,0,1,0.5509971486286855,0.0,0.0
2020-11-21,hepatitis_a_probable,Kerala,Kottayam,Kanjirappally,9.5667,76.7833,0,1,0.731566499279552,0.0,0.0
2022-09-10,hepatitis_a_probable,Kerala,Kottayam,Kanjirappally,9.5667,76.7833,0,1,0.7053514624722681,0.0019349757805533,0.0019349757805533
2022-09-10,hepatitis_a_probable,Kerala,Kottayam,Kanjirappally,9.5667,76.7833,0,1,0.7148061226714337,0.0,0.0
2023-09-09,hepatitis_a_probable,Kerala,Kottayam,Kanjirappally,9.5667,76.7833,0,1,0.531511068374442,0.0002015599771409,0.0002015599771409
2020-10-18,hepatitis_a_probable,Kerala,Kottayam,Kottayam,9.6287383,76.64553257,1,0,0.4816287684139411,0.0,0.0
2020-10-19,hepatitis_a_probable,Kerala,Kottayam,Kottayam,9.6287383,76.64553257,1,1,0.7619308113449421,0.0035452155217937,0.0035452155217937
2020-11-23,hepatitis_a_probable,Kerala,Kottayam,Kottayam,9.6287383,76.64553257,0,1,0.7431390361379127,0.199844145264221,0.199844145264221
2022-09-09,hepatitis_a_probable,Kerala,Kottayam,Kottayam,9.6287383,76.64553257,0,0,0.2489139870355058,0.0,0.0
2023-11-21,hepatitis_a_probable,Kerala,Kottayam,Kottayam,9.6287383,76.64553257,0,0,0.1155733580114077,0.0004031199542819,0.0004031199542819
2024-04-07,hepatitis_a_probable,Kerala,Kottayam,Kottayam,9.6287383,76.64553257,0,1,0.7194988225934945,0.0010884238765612,0.0010884238765612
2020-10-18,hepatitis_a_probable,Kerala,Kottayam,Meenachil,9.7167,76.6833,1,1,0.7110532470979882,0.0,0.0
2020-12-30,hepatitis_a_probable,Kerala,Kottayam,Meenachil,9.7167,76.6833,1,1,0.6672373022406778,0.1670367264275974,0.1670367264275974
2021-04-08,hepatitis_a_probable,Kerala,Kottayam,Vaikom,9.75,76.4,1,1,0.717345804955265,0.0,0.0
2020-09-11,hepatitis_a_probable,Kerala,Kozhikode,Koyilandy,11.4333,75.7,0,1,0.6753938544204854,0.0,0.0
2020-11-22,hepatitis_a_probable,Kerala,Kozhikode,Koyilandy,11.4333,75.7,0,1,0.6959611110371934,0.0,0.0
2022-11-25,hepatitis_a_probable,Kerala,Kozhikode,Koyilandy,11.4333,75.7,0,1,0.6750421667981331,0.0004031199542819,0.0004031199542819
2023-03-05,hepatitis_a_probable,Kerala,Kozhikode,Koyilandy,11.4333,75.7,0,0,0.1094563989678202,2.015599771409754e-05,2.015599771409754e-05
2020-11-22,hepatitis_a_probable,Kerala,Kozhikode,Kozhikode,11.2450558,75.7754716,1,0,0.1039501140197099,0.0,0.0
2021-10-19,hepatitis_a_probable,Kerala,Kozhikode,Kozhikode,11.2450558,75.7754716,1,1,0.6979111686381266,0.001388351813261,0.001388351813261
2021-11-21,hepatitis_a_probable,Kerala,Kozhikode,Kozhikode,11.2450558,75.7754716,0,1,0.6891108987341736,0.000699572070537,0.000699572070537
2022-10-18,hepatitis_a_probable,Kerala,Kozhikode,Kozhikode,11.2450558,75.7754716,0,0,0.1379065205449597,0.0,0.0
2024-09-10,hepatitis_a_probable,Kerala,Kozhikode,Kozhikode,11.2450558,75.7754716,1,1,0.7061131066474496,0.0,0.0
2024-10-16,hepatitis_a_probable,Kerala,Kozhikode,Kozhikode,11.2450558,75.7754716,0,1,0.6951460254723435,0.0127676017121333,0.0127676017121333
2024-11-24,hepatitis_a_probable,Kerala,Kozhikode,Kozhikode,11.2450558,75.7754716,0,1,0.6702503213172768,0.0,0.0
2020-10-17,hepatitis_a_probable,Kerala,Kozhikode,Thamarassery,11.2667,75.9333,1,1,0.6718508385766546,0.0,0.0
2020-12-29,hepatitis_a_probable,Kerala,Kozhikode,Thamarassery,11.2667,75.9333,0,1,0.7081005629496023,0.003334123105194,0.003334123105194
2021-10-14,hepatitis_a_probable,Kerala,Kozhikode,Thamarassery,11.2667,75.9333,0,1,0.6887212994777598,0.0,0.0
2022-12-31,hepatitis_a_probable,Kerala,Kozhikode,Thamarassery,11.2667,75.9333,0,0,0.354369226109943,8.062399085639016e-05,8.062399085639016e-05
2024-02-02,hepatitis_a_probable,Kerala,Kozhikode,Thamarassery,11.2667,75.9333,0,0,0.0759708809945309,0.0026326505086069,0.0026326505086069
2021-10-19,hepatitis_a_probable,Kerala,Kozhikode,Vadakara,11.6,75.5833,0,0,0.085355619858591,0.0,0.0
2020-04-09,hepatitis_a_probable,Kerala,Malappuram,Ernad,11.1201,76.1197,1,1,0.7186221660992758,0.0,0.0
2021-09-10,hepatitis_a_probable,Kerala,Malappuram,Ernad,11.1201,76.1197,0,0,0.1057331705653796,0.0,0.0
2022-04-07,hepatitis_a_probable,Kerala,Malappuram,Ernad,11.1201,76.1197,0,0,0.1182308953649908,0.0022217974117415,0.0022217974117415
2020-10-12,hepatitis_a_probable,Kerala,Malappuram,Kondotty,11.15,75.9667,1,1,0.7130262670144047,0.0,0.0
2021-11-24,hepatitis_a_probable,Kerala,Malappuram,Kondotty,11.15,75.9667,1,1,0.704375383935444,0.0193999618784993,0.0193999618784993
2022-09-09,hepatitis_a_probable,Kerala,Malappuram,Kondotty,11.15,75.9667,0,1,0.5507593486587704,0.0060924213944261,0.0060924213944261
2023-09-11,hepatitis_a_probable,Kerala,Malappuram,Kondotty,11.15,75.9667,0,0,0.2930576987845719,0.0,0.0
2024-02-03,hepatitis_a_probable,Kerala,Malappuram,Kondotty,11.15,75.9667,0,1,0.6997580332663128,0.000846551903992,0.000846551903992
2024-03-04,hepatitis_a_probable,Kerala,Malappuram,Nilambur,11.2833,76.2333,1,1,0.5324324000713253,0.0,0.0
2020-10-18,hepatitis_a_probable,Kerala,Malappuram,Perinthalmanna,10.9667,76.2167,0,0,0.4807549710042882,0.0,0.0
2022-11-27,hepatitis_a_probable,Kerala,Malappuram,Perinthalmanna,10.9667,76.2167,0,1,0.7327721626844034,0.0,0.0
2023-09-09,hepatitis_a_probable,Kerala,Malappuram,Perinthalmanna,10.9667,76.2167,1,0,0.3135533303699914,4.031199542819508e-05,4.031199542819508e-05
2023-09-16,hepatitis_a_probable,Kerala,Malappuram,Perinthalmanna,10.9667,76.2167,0,1,0.7005221319249259,0.0037824462692951,0.0037824462692951
2020-11-21,hepatitis_a_probable,Kerala,Malappuram,Tirurangadi,11.0,75.9333,1,0,0.3792479768252571,0.0,0.0
2022-10-13,hepatitis_a_probable,Kerala,Malappuram,Tirurangadi,11.0,75.9333,0,1,0.6813889622757585,0.0001962435084051,0.0001962435084051
2020-10-16,hepatitis_a_probable,Kerala,Palakkad,Alathur,10.6333,76.55,1,1,0.6963511121819856,0.0,0.0
2022-04-07,hepatitis_a_probable,Kerala,Palakkad,Alathur,10.6333,76.55,0,1,0.6607831684654201,0.0,0.0
2022-10-19,hepatitis_a_probable,Kerala,Palakkad,Alathur,10.6333,76.55,0,0,0.1408301958013212,0.0,0.0
2023-04-07,hepatitis_a_probable,Kerala,Palakkad,Alathur,10.6333,76.55,0,1,0.6847299594820743,0.0,0.0
2023-11-21,hepatitis_a_probable,Kerala,Palakkad,Alathur,10.6333,76.55,0,1,0.5606505006902223,0.0,0.0
2021-09-11,hepatitis_a_probable,Kerala,Palakkad,Chittur,10.7,76.75,1,1,0.6686933826794622,0.0,0.0
2021-10-16,hepatitis_a_probable,Kerala,Palakkad,Chittur,10.7,76.75,0,1,0.697161096416732,0.0,0.0
2021-11-20,hepatitis_a_probable,Kerala,Palakkad,Chittur,10.7,76.75,0,1,0.597207365456573,0.0,0.0
2023-02-03,hepatitis_a_probable,Kerala,Palakkad,Chittur,10.7,76.75,0,1,0.7125168691703382,0.0001343733180939,0.0001343733180939
2020-03-05,hepatitis_a_probable,Kerala,Palakkad,Mannarkkad,11.0,76.4667,1,1,0.7204800268080207,0.0,0.0
2020-10-16,hepatitis_a_probable,Kerala,Palakkad,Mannarkkad,11.0,76.4667,0,1,0.6987612842780705,0.0007092877532181,0.0007092877532181
2020-12-31,hepatitis_a_probable,Kerala,Palakkad,Mannarkkad,11.0,76.4667,0,1,0.7228844038592824,0.0,0.0
2020-12-31,hepatitis_a_probable,Kerala,Palakkad,Mannarkkad,11.0,76.4667,1,1,0.6510016187678275,0.0,0.0
2021-11-22,hepatitis_a_probable,Kerala,Palakkad,Mannarkkad,11.0,76.4667,1,1,0.5631465724469628,0.1430331024258843,0.1430331024258843
2020-10-15,hepatitis_a_probable,Kerala,Palakkad,Ottapalam,10.7667,76.3667,1,1,0.7032008626084035,0.0,0.0
2020-10-20,hepatitis_a_probable,Kerala,Palakkad,Ottapalam,10.7667,76.3667,1,1,0.6985511193293037,0.8214478507110401,0.8214478507110401
2021-02-02,hepatitis_a_probable,Kerala,Palakkad,Ottapalam,10.7667,76.3667,0,1,0.6797049152013968,0.0,0.0
2023-11-11,hepatitis_a_probable,Kerala,Palakkad,Ottapalam,10.7667,76.3667,0,1,0.659384159298465,0.0,0.0
2023-11-25,hepatitis_a_probable,Kerala,Palakkad,Ottapalam,10.7667,76.3667,0,1,0.6622112291858092,0.0,0.0
2020-11-22,hepatitis_a_probable,Kerala,Palakkad,Palakkad,10.78789845,76.47408711,1,1,0.5468619368972407,0.0,0.0
2022-09-10,hepatitis_a_probable,Kerala,Palakkad,Palakkad,10.78789845,76.47408711,0,1,0.5879327875323385,0.0,0.0
2022-11-20,hepatitis_a_probable,Kerala,Palakkad,Palakkad,10.78789845,76.47408711,0,1,0.7266096610501596,1.465890742843457e-05,1.465890742843457e-05
2020-10-17,hepatitis_a_probable,Kerala,Palakkad,Pattambi,10.8,76.2,1,1,0.7577182138909013,0.0,0.0
2021-03-06,hepatitis_a_probable,Kerala,Palakkad,Pattambi,10.8,76.2,0,1,0.7018029373705644,0.0016277257802565,0.0016277257802565
2022-10-14,hepatitis_a_probable,Kerala,Palakkad,Pattambi,10.8,76.2,0,1,0.7131015335357707,0.0,0.0
2022-10-18,hepatitis_a_probable,Kerala,Palakkad,Pattambi,10.8,76.2,1,1,0.6907072212092742,4.031199542819508e-05,4.031199542819508e-05
2023-10-15,hepatitis_a_probable,Kerala,Palakkad,Pattambi,10.8,76.2,1,1,0.7510414520053067,0.0233908802459074,0.0233908802459074
2024-10-18,hepatitis_a_probable,Kerala,Palakkad,Pattambi,10.8,76.2,1,1,0.6954778401940298,0.0001457707419223,0.0001457707419223
2020-04-07,hepatitis_a_probable,Kerala,Pathanamthitta,Adoor,9.1667,76.7333,1,1,0.6691122231668958,0.0,0.0
2020-09-09,hepatitis_a_probable,Kerala,Pathanamthitta,Adoor,9.1667,76.7333,0,1,0.6526748943067134,0.0001415431554827,0.0001415431554827
2020-11-27,hepatitis_a_probable,Kerala,Pathanamthitta,Adoor,9.1667,76.7333,0,1,0.6939396740344305,0.0,0.0
2021-10-20,hepatitis_a_probable,Kerala,Pathanamthitta,Adoor,9.1667,76.7333,0,1,0.6798152262946471,0.0001612479817127,0.0001612479817127
2021-11-25,hepatitis_a_probable,Kerala,Pathanamthitta,Adoor,9.1667,76.7333,0,1,0.6982620512904428,0.0,0.0
2020-04-06,hepatitis_a_probable,Kerala,Pathanamthitta,Konni,9.2667,76.9333,0,1,0.699033168968204,0.0,0.0
2020-12-29,hepatitis_a_probable,Kerala,Pathanamthitta,Konni,9.2667,76.9333,0,1,0.6240449502611904,0.000444723940778,0.000444723940778
2022-11-21,hepatitis_a_probable,Kerala,Pathanamthitta,Konni,9.2667,76.9333,0,1,0.7020743092825338,0.0,0.0
2022-11-22,hepatitis_a_probable,Kerala,Pathanamthitta,Konni,9.2667,76.9333,1,0,0.1369436895738556,4.031199542819508e-05,4.031199542819508e-05
2020-04-08,hepatitis_a_probable,Kerala,Pathanamthitta,Kozhenchery,9.2780841,76.9737443,1,0,0.3094875624536347,0.0,0.0
2020-09-09,hepatitis_a_probable,Kerala,Pathanamthitta,Kozhenchery,9.2780841,76.9737443,0,1,0.7051874446013306,0.0020818230100759,0.0020818230100759
2020-11-26,hepatitis_a_probable,Kerala,Pathanamthitta,Mallappally,9.3833,76.6833,1,0,0.4268294391190259,0.0,0.0
2023-10-12,hepatitis_a_probable,Kerala,Pathanamthitta,Mallappally,9.3833,76.6833,0,0,0.1371394613056916,0.0009255678755073,0.0009255678755073
2021-11-20,hepatitis_a_probable,Kerala,Pathanamthitta,Ranni,9.3833,76.9667,1,0,0.0369857023033406,0.0,0.0
2021-11-24,hepatitis_a_probable,Kerala,Pathanamthitta,Ranni,9.3833,76.9667,0,1,0.6502089340296567,0.000246969417395,0.000246969417395
2022-10-16,hepatitis_a_probable,Kerala,Pathanamthitta,Ranni,9.3833,76.9667,0,1,0.6898374037695371,0.0,0.0
2022-10-18,hepatitis_a_probable,Kerala,Pathanamthitta,Ranni,9.3833,76.9667,0,1,0.6452075432919651,0.0047836901241458,0.0047836901241458
2022-11-23,hepatitis_a_probable,Kerala,Pathanamthitta,Ranni,9.3833,76.9667,0,0,0.1188679781950161,0.0,0.0
2020-09-10,hepatitis_a_probable,Kerala,Pathanamthitta,Thiruvalla,9.3833,76.5833,1,1,0.7249407153683406,0.0,0.0
2020-02-01,hepatitis_a_probable,Kerala,Thiruvananthapuram,Kattakkada,8.5667,77.1,1,1,0.6511012935859258,0.0,0.0
2020-10-13,hepatitis_a_probable,Kerala,Thiruvananthapuram,Kattakkada,8.5667,77.1,0,1,0.6499807815398853,0.0022444216971383,0.0022444216971383
2020-10-15,hepatitis_a_probable,Kerala,Thiruvananthapuram,Kattakkada,8.5667,77.1,0,1,0.7000140615269749,0.0,0.0
2020-10-17,hepatitis_a_probable,Kerala,Thiruvananthapuram,Kattakkada,8.5667,77.1,1,1,0.7013469568688948,0.0003224959634255,0.0003224959634255
2022-11-21,hepatitis_a_probable,Kerala,Thiruvananthapuram,Kattakkada,8.5667,77.1,0,1,0.6772286094298895,0.0046822085672135,0.0046822085672135
2023-10-14,hepatitis_a_probable,Kerala,Thiruvananthapuram,Kattakkada,8.5667,77.1,0,0,0.2896670334522188,0.0,0.0
2020-09-10,hepatitis_a_probable,Kerala,Thiruvananthapuram,Nedumangad,8.6036,77.0031,1,0,0.1482381553674743,0.0,0.0
2021-11-22,hepatitis_a_probable,Kerala,Thiruvananthapuram,Neyyattinkara,8.4004,77.0872,0,1,0.6916701374640465,0.0,0.0
2022-10-14,hepatitis_a_probable,Kerala,Thiruvananthapuram,Neyyattinkara,8.4004,77.0872,0,1,0.6624621767551327,0.0,0.0
2020-11-24,hepatitis_a_probable,Kerala,Thiruvananthapuram,Thiruvananthapuram,8.4882267,76.947551,1,1,0.6968299604754539,0.0,0.0
2020-04-08,hepatitis_a_probable,Kerala,Thiruvananthapuram,Varkala,8.7379,76.7163,0,1,0.615451168198939,0.0,0.0
2021-03-04,hepatitis_a_probable,Kerala,Thiruvananthapuram,Varkala,8.7379,76.7163,0,1,0.6735708921628455,0.0,0.0
2023-10-14,hepatitis_a_probable,Kerala,Thiruvananthapuram,Varkala,8.7379,76.7163,0,1,0.7192693313955912,0.0015318558262714,0.0015318558262714
2024-04-08,hepatitis_a_probable,Kerala,Thiruvananthapuram,Varkala,8.7379,76.7163,0,1,0.6879928169510083,0.0,0.0
2021-02-01,hepatitis_a_probable,Kerala,Thrissur,Chalakudy,10.3,76.3333,1,1,0.6015767550436829,0.0,0.0
2021-11-21,hepatitis_a_probable,Kerala,Thrissur,Chalakudy,10.3,76.3333,0,0,0.1941866224433133,0.0021971757039608,0.0021971757039608
2023-10-13,hepatitis_a_probable,Kerala,Thrissur,Chalakudy,10.3,76.3333,1,1,0.689876727684931,0.0,0.0
2023-11-22,hepatitis_a_probable,Kerala,Thrissur,Chalakudy,10.3,76.3333,1,1,0.6303305766660712,0.0540994851232343,0.0540994851232343
2024-10-16,hepatitis_a_probable,Kerala,Thrissur,Chalakudy,10.3,76.3333,0,1,0.6736144337852977,0.106536246829639,0.106536246829639
2024-11-22,hepatitis_a_probable,Kerala,Thrissur,Chalakudy,10.3,76.3333,0,1,0.7022588552095769,0.0,0.0
2022-10-17,hepatitis_a_probable,Kerala,Thrissur,Chavakkad,10.5833,76.0167,1,1,0.7097510409718728,0.0,0.0
2023-12-30,hepatitis_a_probable,Kerala,Thrissur,Chavakkad,10.5833,76.0167,0,1,0.7168107996473719,0.0,0.0
2024-04-07,hepatitis_a_probable,Kerala,Thrissur,Chavakkad,10.5833,76.0167,0,0,0.290049637993262,4.448220185180146e-05,4.448220185180146e-05
2020-09-11,hepatitis_a_probable,Kerala,Thrissur,Kodungallur,10.2333,76.2,1,0,0.1719106354133137,0.0,0.0
2022-04-07,hepatitis_a_probable,Kerala,Thrissur,Kodungallur,10.2333,76.2,0,1,0.6579671715493305,0.0,0.0
2022-10-19,hepatitis_a_probable,Kerala,Thrissur,Kodungallur,10.2333,76.2,0,1,0.7071090442935382,0.0,0.0
2020-03-04,hepatitis_a_probable,Kerala,Thrissur,Kunnamkulam,10.65,76.0667,1,1,0.6638580445926628,0.0,0.0
2020-09-10,hepatitis_a_probable,Kerala,Thrissur,Kunnamkulam,10.65,76.0667,0,1,0.6916633848439007,0.0,0.0
2021-11-22,hepatitis_a_probable,Kerala,Thrissur,Kunnamkulam,10.65,76.0667,0,1,0.718799249814248,0.0,0.0
2021-11-23,hepatitis_a_probable,Kerala,Thrissur,Kunnamkulam,10.65,76.0667,0,1,0.7261357137486089,0.0016527918125559,0.0016527918125559
2023-10-21,hepatitis_a_probable,Kerala,Thrissur,Kunnamkulam,10.65,76.0667,0,1,0.674636272620879,0.0,0.0
2024-10-14,hepatitis_a_probable,Kerala,Thrissur,Kunnamkulam,10.65,76.0667,0,1,0.6931902210669517,0.0,0.0
2020-11-23,hepatitis_a_probable,Kerala,Thrissur,Talappilly,10.6667,76.25,1,1,0.7285855525454733,0.0,0.0
2021-02-02,hepatitis_a_probable,Kerala,Thrissur,Talappilly,10.6667,76.25,0,1,0.7317087344374725,0.0,0.0
2021-11-20,hepatitis_a_probable,Kerala,Thrissur,Talappilly,10.6667,76.25,0,1,0.7249404455301738,0.0,0.0
2023-09-10,hepatitis_a_probable,Kerala,Thrissur,Talappilly,10.6667,76.25,0,1,0.7169728865947974,0.0,0.0
2023-11-26,hepatitis_a_probable,Kerala,Thrissur,Talappilly,10.6667,76.25,0,1,0.7042127764296214,0.0033593329523495,0.0033593329523495
2020-04-08,hepatitis_a_probable,Kerala,Thrissur,Thrissur,10.5256264,76.2132542,1,1,0.716007815928997,0.0,0.0
2022-04-08,hepatitis_a_probable,Kerala,Thrissur,Thrissur,10.5256264,76.2132542,1,1,0.717217945428054,0.0,0.0
2022-11-27,hepatitis_a_probable,Kerala,Thrissur,Thrissur,10.5256264,76.2132542,0,1,0.658292358199036,0.0059682689930005,0.0059682689930005
2020-03-04,hepatitis_a_probable,Kerala,Wayanad,Mananthavady,11.8,76.0,1,1,0.7088935275047895,0.0,0.0
2020-10-13,hepatitis_a_probable,Kerala,Wayanad,Mananthavady,11.8,76.0,1,1,0.6074311967614474,0.9999999983333334,0.9999999983333334
2021-10-19,hepatitis_a_probable,Kerala,Wayanad,Sulthan Bathery,11.6667,76.2667,1,1,0.5344282177598383,0.0,0.0
2023-10-12,hepatitis_a_probable,Kerala,Wayanad,Sulthan Bathery,11.6667,76.2667,1,0,0.3888601633406434,0.000476221269563,0.000476221269563
2020-10-19,hepatitis_a_probable,Kerala,Wayanad,Vythiri,11.6226,76.0813,0,1,0.667210445707802,0.0,0.0
2020-10-20,hepatitis_a_probable,Kerala,Wayanad,Vythiri,11.6226,76.0813,0,1,0.6477916916207769,0.0,0.0
2021-03-06,hepatitis_a_probable,Kerala,Wayanad,Vythiri,11.6226,76.0813,0,1,0.5882736877036178,0.0001209359862845,0.0001209359862845
2021-10-17,hepatitis_a_probable,Kerala,Wayanad,Vythiri,11.6226,76.0813,0,1,0.6648287719515872,0.0,0.0
2024-03-04,hepatitis_a_probable,Kerala,Wayanad,Vythiri,11.6226,76.0813,0,1,0.7095852914773327,4.031199542819508e-05,4.031199542819508e-05
2020-06-08,hepatitis_b,Kerala,Alappuzha,Ambalappuzha,9.5006651,76.41241429,1,1,0.7045519542450067,0.0,0.0
2020-06-10,hepatitis_b,Kerala,Alappuzha,Ambalappuzha,9.5006651,76.41241429,1,1,0.680806946497936,0.0012873564928459,0.0012873564928459
2020-10-18,hepatitis_b,Kerala,Alappuzha,Ambalappuzha,9.5006651,76.41241429,0,1,0.717284774133812,0.0,0.0
2020-11-23,hepatitis_b,Kerala,Alappuzha,Chenganoor,9.3167,76.6167,1,1,0.7214395146307477,0.0,0.0
2021-06-11,hepatitis_b,Kerala,Alappuzha,Chenganoor,9.3167,76.6167,0,1,0.6788539071342659,0.0,0.0
2022-05-05,hepatitis_b,Kerala,Alappuzha,Chenganoor,9.3167,76.6167,0,1,0.5793565246589993,0.0,0.0
2024-06-07,hepatitis_b,Kerala,Alappuzha,Chenganoor,9.3167,76.6167,0,1,0.6946666863725538,0.0002149973089503,0.0002149973089503
2024-10-15,hepatitis_b,Kerala,Alappuzha,Chenganoor,9.3167,76.6167,0,1,0.5527314519873792,7.329453714217287e-05,7.329453714217287e-05
2020-06-10,hepatitis_b,Kerala,Alappuzha,Cherthala,9.6833,76.3333,1,1,0.6689611269547245,0.0,0.0
2021-11-26,hepatitis_b,Kerala,Alappuzha,Cherthala,9.6833,76.3333,0,1,0.6610228438999504,0.0,0.0
2020-11-22,hepatitis_b,Kerala,Alappuzha,Karthikappally,9.2833,76.4667,1,1,0.6459158489456356,0.0,0.0
2022-11-26,hepatitis_b,Kerala,Alappuzha,Karthikappally,9.2833,76.4667,1,0,0.2957392014153063,0.526378051534963,0.526378051534963
2021-05-04,hepatitis_b,Kerala,Alappuzha,Kuttanad,9.5833,76.4167,1,0,0.3487528606489591,0.0,0.0
2021-11-22,hepatitis_b,Kerala,Alappuzha,Kuttanad,9.5833,76.4167,1,1,0.7046979352718136,0.0143295340644569,0.0143295340644569
2021-11-22,hepatitis_b,Kerala,Alappuzha,Kuttanad,9.5833,76.4167,0,1,0.6597341346837726,0.0023736020403776,0.0023736020403776
2022-05-02,hepatitis_b,Kerala,Alappuzha,Kuttanad,9.5833,76.4167,0,1,0.7122540813277146,0.0,0.0
2020-05-04,hepatitis_b,Kerala,Alappuzha,Mavelikkara,9.2667,76.55,0,1,0.7004084429701812,0.0,0.0
2021-05-03,hepatitis_b,Kerala,Alappuzha,Mavelikkara,9.2667,76.55,0,1,0.7183817341528205,0.0,0.0
2023-05-06,hepatitis_b,Kerala,Alappuzha,Mavelikkara,9.2667,76.55,1,0,0.2481104735627496,0.0,0.0
2023-11-20,hepatitis_b,Kerala,Alappuzha,Mavelikkara,9.2667,76.55,1,1,0.6963336779013842,0.0112546069872927,0.0112546069872927
2024-06-11,hepatitis_b,Kerala,Alappuzha,Mavelikkara,9.2667,76.55,1,1,0.678830203937862,0.0737642907043117,0.0737642907043117
2024-10-15,hepatitis_b,Kerala,Alappuzha,Mavelikkara,9.2667,76.55,0,1,0.7251700782514072,0.0,0.0
2024-11-21,hepatitis_b,Kerala,Alappuzha,Mavelikkara,9.2667,76.55,0,1,0.7139336275886827,0.0,0.0
2020-06-09,hepatitis_b,Kerala,Ernakulam,Aluva,10.1075,76.3516,1,1,0.655400124534733,0.0,0.0
2020-11-29,hepatitis_b,Kerala,Ernakulam,Aluva,10.1075,76.3516,0,1,0.5548989805147625,0.0,0.0
2021-05-05,hepatitis_b,Kerala,Ernakulam,Aluva,10.1075,76.3516,0,1,0.720845246863934,0.0,0.0
2021-06-10,hepatitis_b,Kerala,Ernakulam,Aluva,10.1075,76.3516,0,1,0.7270193431566441,4.031199542819508e-05,4.031199542819508e-05
2022-10-13,hepatitis_b,Kerala,Ernakulam,Aluva,10.1075,76.3516,1,1,0.7256123316455807,4.031199542819508e-05,4.031199542819508e-05
2023-11-19,hepatitis_b,Kerala,Ernakulam,Aluva,10.1075,76.3516,0,1,0.6642086056924618,0.0156542104451134,0.0156542104451134
2024-06-09,hepatitis_b,Kerala,Ernakulam,Aluva,10.1075,76.3516,0,1,0.7202408244078339,0.0,0.0
2020-05-05,hepatitis_b,Kerala,Ernakulam,Kanayannur,9.98408,76.2741457,0,1,0.750782800040159,0.0,0.0
2021-05-04,hepatitis_b,Kerala,Ernakulam,Kanayannur,9.98408,76.2741457,1,1,0.7762301159883175,0.0003099199589947,0.0003099199589947
2021-10-13,hepatitis_b,Kerala,Ernakulam,Kanayannur,9.98408,76.2741457,1,0,0.1579642403378507,0.9316078504421248,0.9316078504421248
2022-10-15,hepatitis_b,Kerala,Ernakulam,Kanayannur,9.98408,76.2741457,0,1,0.7214492696603123,0.0,0.0
2020-05-01,hepatitis_b,Kerala,Ernakulam,Kochi,9.9312,76.2673,0,0,0.0961000952921683,0.0,0.0
2020-11-20,hepatitis_b,Kerala,Ernakulam,Kochi,9.9312,76.2673,0,0,0.148847183995095,0.0,0.0
2023-11-21,hepatitis_b,Kerala,Ernakulam,Kochi,9.9312,76.2673,1,1,0.7258962004177802,4.8374394513834085e-05,4.8374394513834085e-05
2020-06-11,hepatitis_b,Kerala,Ernakulam,Kothamangalam,10.0667,76.6333,1,1,0.7262255292155076,0.0,0.0
2022-10-14,hepatitis_b,Kerala,Ernakulam,Kothamangalam,10.0667,76.6333,1,1,0.6895471144073447,0.0138667501267032,0.0138667501267032
2023-11-21,hepatitis_b,Kerala,Ernakulam,Kothamangalam,10.0667,76.6333,0,1,0.7569471010345588,0.0035703879507229,0.0035703879507229
2021-11-24,hepatitis_b,Kerala,Ernakulam,Kunnathunad,10.1167,76.4833,1,1,0.5577479363971909,0.0,0.0
2022-10-14,hepatitis_b,Kerala,Ernakulam,Kunnathunad,10.1167,76.4833,1,1,0.7011899257797272,0.0031105695798727,0.0031105695798727
2022-11-28,hepatitis_b,Kerala,Ernakulam,Kunnathunad,10.1167,76.4833,1,1,0.7119786698045293,0.0,0.0
2023-05-01,hepatitis_b,Kerala,Ernakulam,Kunnathunad,10.1167,76.4833,0,1,0.7215930572882536,0.0055223029320109,0.0055223029320109
2023-11-28,hepatitis_b,Kerala,Ernakulam,Kunnathunad,10.1167,76.4833,1,1,0.6727121291591571,0.0,0.0
2024-06-11,hepatitis_b,Kerala,Ernakulam,Kunnathunad,10.1167,76.4833,0,1,0.7099317582730693,0.8655368963170544,0.8655368963170544
2022-10-15,hepatitis_b,Kerala,Ernakulam,Muvattupuzha,9.9833,76.5833,0,1,0.7016307951438943,0.0,0.0
2023-05-06,hepatitis_b,Kerala,Ernakulam,Muvattupuzha,9.9833,76.5833,0,1,0.7277667848252749,0.0,0.0
2020-05-01,hepatitis_b,Kerala,Ernakulam,North Paravur,10.1333,76.2,1,1,0.7305907936721703,0.0,0.0
2021-11-23,hepatitis_b,Kerala,Ernakulam,North Paravur,10.1333,76.2,0,1,0.5571673433227478,0.1133642616260289,0.1133642616260289
2022-10-17,hepatitis_b,Kerala,Ernakulam,North Paravur,10.1333,76.2,0,1,0.7304360386282499,0.0,0.0
2023-05-04,hepatitis_b,Kerala,Ernakulam,North Paravur,10.1333,76.2,0,1,0.6705645006911152,0.0017898525970118,0.0017898525970118
2024-06-11,hepatitis_b,Kerala,Ernakulam,North Paravur,10.1333,76.2,0,1,0.6956877834698467,0.0,0.0
2020-10-19,hepatitis_b,Kerala,Idukki,Devikulam,10.0667,77.1,1,1,0.7640245363595922,0.0,0.0
2020-11-21,hepatitis_b,Kerala,Idukki,Devikulam,10.0667,77.1,0,1,0.7027063265445936,0.0,0.0
2021-10-18,hepatitis_b,Kerala,Idukki,Devikulam,10.0667,77.1,0,1,0.6954422401209015,2.015599771409754e-05,2.015599771409754e-05
2022-10-14,hepatitis_b,Kerala,Idukki,Devikulam,10.0667,77.1,0,1,0.7148201135693651,8.868638994202917e-05,8.868638994202917e-05
2022-10-19,hepatitis_b,Kerala,Idukki,Devikulam,10.0667,77.1,1,1,0.7373090597936486,0.0,0.0
2020-06-09,hepatitis_b,Kerala,Idukki,Idukki,9.8497872,76.9797914,1,1,0.6816575191800337,0.0,0.0
2024-05-05,hepatitis_b,Kerala,Idukki,Idukki,9.8497872,76.9797914,0,1,0.7088795424830998,0.0257363526779898,0.0257363526779898
2024-05-11,hepatitis_b,Kerala,Idukki,Idukki,9.8497872,76.9797914,0,0,0.3701765392954791,0.0,0.0
2020-05-03,hepatitis_b,Kerala,Idukki,Peerumade,9.5667,76.9667,1,1,0.6848571955929154,0.0,0.0
2020-05-05,hepatitis_b,Kerala,Idukki,Peerumade,9.5667,76.9667,0,1,0.5798831111854729,0.0,0.0
2020-11-23,hepatitis_b,Kerala,Idukki,Peerumade,9.5667,76.9667,0,1,0.7069855412251158,5.758856489742153e-05,5.758856489742153e-05
2023-11-20,hepatitis_b,Kerala,Idukki,Peerumade,9.5667,76.9667,0,1,0.6403815701789537,0.0,0.0
2023-11-23,hepatitis_b,Kerala,Idukki,Peerumade,9.5667,76.9667,0,0,0.168872738143146,0.0,0.0
2024-06-12,hepatitis_b,Kerala,Idukki,Peerumade,9.5667,76.9667,0,1,0.6831194317957875,4.031199542819508e-05,4.031199542819508e-05
2020-11-26,hepatitis_b,Kerala,Idukki,Thodupuzha,9.8955,76.7241,1,0,0.1041131935190611,0.0,0.0
2022-06-07,hepatitis_b,Kerala,Idukki,Thodupuzha,9.8955,76.7241,1,1,0.7218492848126836,0.0,0.0
2022-11-25,hepatitis_b,Kerala,Idukki,Thodupuzha,9.8955,76.7241,0,1,0.7199174696740646,0.0052221352395126,0.0052221352395126
2023-06-09,hepatitis_b,Kerala,Idukki,Thodupuzha,9.8955,76.7241,0,0,0.0718218919607345,0.0,0.0
2023-11-26,hepatitis_b,Kerala,Idukki,Thodupuzha,9.8955,76.7241,1,0,0.081832764656202,0.0009394793973048,0.0009394793973048
2020-06-09,hepatitis_b,Kerala,Idukki,Udumbanchola,9.8333,77.1333,1,1,0.6641617410126771,0.0,0.0
2020-11-28,hepatitis_b,Kerala,Idukki,Udumbanchola,9.8333,77.1333,0,1,0.7105301036643843,0.0,0.0
2022-10-13,hepatitis_b,Kerala,Idukki,Udumbanchola,9.8333,77.1333,0,1,0.7263362239836799,0.0,0.0
2022-05-01,hepatitis_b,Kerala,Kannur,Iritty,11.9333,75.7,1,1,0.6671610411750116,0.0,0.0
2023-05-02,hepatitis_b,Kerala,Kannur,Iritty,11.9333,75.7,1,0,0.0528471595585224,0.9999999983333334,0.9999999983333334
2023-10-19,hepatitis_b,Kerala,Kannur,Iritty,11.9333,75.7,0,1,0.6992116412973531,0.0,0.0
2020-06-10,hepatitis_b,Kerala,Kannur,Kannur,11.8763836,75.3737973,0,0,0.2019426918134973,0.0,0.0
2020-06-12,hepatitis_b,Kerala,Kannur,Kannur,11.8763836,75.3737973,1,1,0.7245804878732055,0.0,0.0
2022-06-09,hepatitis_b,Kerala,Kannur,Kannur,11.8763836,75.3737973,0,0,0.0968679691149061,0.6597422274029547,0.6597422274029547
2022-06-09,hepatitis_b,Kerala,Kannur,Kannur,11.8763836,75.3737973,0,1,0.6537660272433338,0.0,0.0
2020-05-04,hepatitis_b,Kerala,Kannur,Payyanur,12.1,75.2,0,1,0.70388928621207,0.0,0.0
2020-11-28,hepatitis_b,Kerala,Kannur,Payyanur,12.1,75.2,1,1,0.733665750558842,0.0,0.0
2021-05-05,hepatitis_b,Kerala,Kannur,Payyanur,12.1,75.2,0,1,0.7040950100809686,0.0716844451242477,0.0716844451242477
2024-05-04,hepatitis_b,Kerala,Kannur,Payyanur,12.1,75.2,0,1,0.6855436424576683,0.0,0.0
2024-10-15,hepatitis_b,Kerala,Kannur,Payyanur,12.1,75.2,0,0,0.4179041273022064,0.0114716421275663,0.0114716421275663
2021-05-05,hepatitis_b,Kerala,Kannur,Taliparamba,12.0333,75.35,0,0,0.4054718237613724,0.0,0.0
2021-10-18,hepatitis_b,Kerala,Kannur,Taliparamba,12.0333,75.35,1,0,0.1208431265116492,0.0,0.0
2022-05-02,hepatitis_b,Kerala,Kannur,Taliparamba,12.0333,75.35,0,1,0.7255677054025179,0.0052747831597178,0.0052747831597178
2022-10-14,hepatitis_b,Kerala,Kannur,Taliparamba,12.0333,75.35,0,1,0.6985612827032671,0.0,0.0
2023-10-13,hepatitis_b,Kerala,Kannur,Taliparamba,12.0333,75.35,0,1,0.718182152580471,8.958221206265572e-05,8.958221206265572e-05
2020-11-23,hepatitis_b,Kerala,Kannur,Thalassery,11.75,75.4833,1,1,0.7004594446118301,0.0,0.0
2021-05-07,hepatitis_b,Kerala,Kannur,Thalassery,11.75,75.4833,0,1,0.7106785378248697,0.0,0.0
2022-05-01,hepatitis_b,Kerala,Kannur,Thalassery,11.75,75.4833,0,0,0.104440735383918,0.0,0.0
2023-06-12,hepatitis_b,Kerala,Kannur,Thalassery,11.75,75.4833,0,0,0.184332894119435,0.0,0.0
2020-05-07,hepatitis_b,Kerala,Kasaragod,Hosdurg,12.3167,75.1,1,0,0.1034153730056607,0.0,0.0
2020-10-16,hepatitis_b,Kerala,Kasaragod,Hosdurg,12.3167,75.1,0,0,0.157208022846463,0.0,0.0
2022-05-06,hepatitis_b,Kerala,Kasaragod,Hosdurg,12.3167,75.1,1,0,0.2502778369579912,0.0009876438879907,0.0009876438879907
2022-06-07,hepatitis_b,Kerala,Kasaragod,Hosdurg,12.3167,75.1,0,0,0.1776822228615819,0.042169847564805,0.042169847564805
2022-06-10,hepatitis_b,Kerala,Kasaragod,Hosdurg,12.3167,75.1,0,0,0.206733719471186,0.0,0.0
2023-06-03,hepatitis_b,Kerala,Kasaragod,Hosdurg,12.3167,75.1,0,0,0.155736205406365,0.0004952616581178,0.0004952616581178
2023-06-09,hepatitis_b,Kerala,Kasaragod,Hosdurg,12.3167,75.1,0,0,0.1430426675212556,0.0003676453983051,0.0003676453983051
2023-10-18,hepatitis_b,Kerala,Kasaragod,Hosdurg,12.3167,75.1,1,0,0.0926983366953433,7.946393343399603e-05,7.946393343399603e-05
2022-10-19,hepatitis_b,Kerala,Kasaragod,Manjeshwaram,12.7167,74.8833,0,0,0.1243122319753903,0.0,0.0
2022-11-26,hepatitis_b,Kerala,Kasaragod,Manjeshwaram,12.7167,74.8833,1,0,0.0964472324933785,0.0,0.0
2023-10-16,hepatitis_b,Kerala,Kasaragod,Manjeshwaram,12.7167,74.8833,1,0,0.118506437306828,0.0304264479339716,0.0304264479339716
2023-10-16,hepatitis_b,Kerala,Kasaragod,Manjeshwaram,12.7167,74.8833,1,0,0.1602018235871592,0.0082628550933497,0.0082628550933497
2021-10-16,hepatitis_b,Kerala,Kasaragod,Nileshwaram,12.25,75.1,1,1,0.6592965865400524,0.0,0.0
2023-11-26,hepatitis_b,Kerala,Kasaragod,Nileshwaram,12.25,75.1,0,1,0.654487131608591,1.400927817691882e-05,1.400927817691882e-05
2024-05-02,hepatitis_b,Kerala,Kasaragod,Nileshwaram,12.25,75.1,1,0,0.1940670932481479,0.0,0.0
2020-06-08,hepatitis_b,Kerala,Kasaragod,Vellarikundu,12.4167,75.2333,1,0,0.0552244478104852,0.0,0.0
2022-10-14,hepatitis_b,Kerala,Kasaragod,Vellarikundu,12.4167,75.2333,1,0,0.2944053886220106,0.3373685072099475,0.3373685072099475
2023-10-13,hepatitis_b,Kerala,Kasaragod,Vellarikundu,12.4167,75.2333,0,1,0.7151147115026046,0.0,0.0
2020-06-10,hepatitis_b,Kerala,Kollam,Karunagappally,9.0574,76.5334,1,1,0.6142424239908817,0.0,0.0
2021-06-08,hepatitis_b,Kerala,Kollam,Karunagappally,9.0574,76.5334,0,0,0.1033516924409277,0.0393269477999971,0.0393269477999971
2021-10-13,hepatitis_b,Kerala,Kollam,Karunagappally,9.0574,76.5334,0,0,0.0445040262538644,0.0,0.0
2022-05-06,hepatitis_b,Kerala,Kollam,Karunagappally,9.0574,76.5334,0,1,0.7345297754729105,0.0,0.0
2022-11-29,hepatitis_b,Kerala,Kollam,Karunagappally,9.0574,76.5334,0,0,0.0562894735383936,0.0,0.0
2021-11-19,hepatitis_b,Kerala,Kollam,Kollam,8.8879509,76.5955013,0,1,0.5990194167899728,0.0,0.0
2022-10-16,hepatitis_b,Kerala,Kollam,Kollam,8.8879509,76.5955013,1,0,0.1683134596189487,4.031199542819508e-05,4.031199542819508e-05
2022-11-30,hepatitis_b,Kerala,Kollam,Kollam,8.8879509,76.5955013,0,0,0.1941781773523418,0.0847452883210469,0.0847452883210469
2023-05-05,hepatitis_b,Kerala,Kollam,Kollam,8.8879509,76.5955013,0,0,0.3246614151026425,0.0,0.0
2023-10-14,hepatitis_b,Kerala,Kollam,Kollam,8.8879509,76.5955013,1,0,0.3751849524029099,0.0013562292185916,0.0013562292185916
2022-11-20,hepatitis_b,Kerala,Kollam,Kottarakkara,9.0002,76.7788,1,0,0.2429334652593749,0.0,0.0
2022-11-28,hepatitis_b,Kerala,Kollam,Kottarakkara,9.0002,76.7788,0,1,0.5255082297655133,0.1122674434954859,0.1122674434954859
2021-05-06,hepatitis_b,Kerala,Kollam,Kunnathoor,9.0292,76.627,1,0,0.3313447992396442,0.0,0.0
2020-06-07,hepatitis_b,Kerala,Kollam,Pathanapuram,9.1,76.87,1,1,0.5365125107340226,0.0,0.0
2020-06-08,hepatitis_b,Kerala,Kollam,Pathanapuram,9.1,76.87,1,0,0.4443202985379,0.2488642751701248,0.2488642751701248
2020-10-16,hepatitis_b,Kerala,Kollam,Pathanapuram,9.1,76.87,0,0,0.1584742708740721,0.0,0.0
2020-11-30,hepatitis_b,Kerala,Kollam,Pathanapuram,9.1,76.87,0,0,0.1484587298862782,0.0007036275565648,0.0007036275565648
2021-11-23,hepatitis_b,Kerala,Kollam,Pathanapuram,9.1,76.87,0,0,0.369841882382508,0.0,0.0
2023-11-21,hepatitis_b,Kerala,Kollam,Pathanapuram,9.1,76.87,0,0,0.2815616404971863,0.0555787345363528,0.0555787345363528
2020-10-14,hepatitis_b,Kerala,Kollam,Punalur,9.0089,76.9269,1,0,0.0978409627926517,0.0,0.0
2022-06-12,hepatitis_b,Kerala,Kollam,Punalur,9.0089,76.9269,0,0,0.1982902939772379,0.0004594426595808,0.0004594426595808
2022-10-18,hepatitis_b,Kerala,Kollam,Punalur,9.0089,76.9269,0,0,0.1858638817721467,0.0,0.0
2023-06-11,hepatitis_b,Kerala,Kollam,Punalur,9.0089,76.9269,0,0,0.1765512379494859,2.267549742835973e-05,2.267549742835973e-05
2023-11-22,hepatitis_b,Kerala,Kollam,Punalur,9.0089,76.9269,0,0,0.1491864267977062,0.0,0.0
2024-05-05,hepatitis_b,Kerala,Kollam,Punalur,9.0089,76.9269,0,0,0.2896930265419514,0.0020424744350285,0.0020424744350285
2024-10-17,hepatitis_b,Kerala,Kollam,Punalur,9.0089,76.9269,0,1,0.5758445751507836,0.0019342971759781,0.0019342971759781
2020-05-02,hepatitis_b,Kerala,Kottayam,Changanassery,9.45,76.5333,1,0,0.3712446894789005,0.0,0.0
2020-06-12,hepatitis_b,Kerala,Kottayam,Changanassery,9.45,76.5333,0,0,0.103959858352959,0.0,0.0
2021-05-02,hepatitis_b,Kerala,Kottayam,Changanassery,9.45,76.5333,0,0,0.0957677121321661,0.0,0.0
2021-06-10,hepatitis_b,Kerala,Kottayam,Kanjirappally,9.5667,76.7833,1,0,0.1015864130194879,0.0,0.0
2021-11-20,hepatitis_b,Kerala,Kottayam,Kanjirappally,9.5667,76.7833,0,0,0.3798940187723122,9.393748733314308e-05,9.393748733314308e-05
2021-11-27,hepatitis_b,Kerala,Kottayam,Kottayam,9.6287383,76.64553257,1,0,0.2799852221235673,0.0,0.0
2022-06-07,hepatitis_b,Kerala,Kottayam,Kottayam,9.6287383,76.64553257,1,0,0.3267268223858631,0.7868601586336487,0.7868601586336487
2022-11-30,hepatitis_b,Kerala,Kottayam,Kottayam,9.6287383,76.64553257,0,0,0.3512144239444978,0.0,0.0
2023-06-09,hepatitis_b,Kerala,Kottayam,Kottayam,9.6287383,76.64553257,0,1,0.6356158205108356,0.0,0.0
2023-11-29,hepatitis_b,Kerala,Kottayam,Kottayam,9.6287383,76.64553257,0,0,0.1382896957740835,0.0,0.0
2021-10-18,hepatitis_b,Kerala,Kottayam,Meenachil,9.7167,76.6833,1,0,0.0862772590077258,0.0,0.0
2023-06-12,hepatitis_b,Kerala,Kottayam,Meenachil,9.7167,76.6833,1,0,0.0746626279424757,0.0479272228572812,0.0479272228572812
2023-11-19,hepatitis_b,Kerala,Kottayam,Meenachil,9.7167,76.6833,0,0,0.0861973914169232,0.0125043172754404,0.0125043172754404
2024-11-22,hepatitis_b,Kerala,Kottayam,Meenachil,9.7167,76.6833,0,0,0.0621071110192311,0.0,0.0
2021-06-09,hepatitis_b,Kerala,Kottayam,Vaikom,9.75,76.4,1,0,0.0817426004648953,0.0,0.0
2021-10-14,hepatitis_b,Kerala,Kottayam,Vaikom,9.75,76.4,0,0,0.069535739243029,0.0005716855591488,0.0005716855591488
2021-10-18,hepatitis_b,Kerala,Kottayam,Vaikom,9.75,76.4,0,0,0.0548578922141105,0.0,0.0
2022-10-17,hepatitis_b,Kerala,Kottayam,Vaikom,9.75,76.4,0,0,0.0818308885860125,0.0030883313068394,0.0030883313068394
2020-10-16,hepatitis_b,Kerala,Kozhikode,Koyilandy,11.4333,75.7,1,0,0.1422884886484157,0.0,0.0
2020-10-17,hepatitis_b,Kerala,Kozhikode,Koyilandy,11.4333,75.7,1,0,0.1927118386407636,0.0001033066529982,0.0001033066529982
2021-11-22,hepatitis_b,Kerala,Kozhikode,Koyilandy,11.4333,75.7,1,0,0.354536207407182,0.1216297303504412,0.1216297303504412
2022-05-04,hepatitis_b,Kerala,Kozhikode,Koyilandy,11.4333,75.7,1,0,0.2304186153788957,0.0,0.0
2022-06-10,hepatitis_b,Kerala,Kozhikode,Koyilandy,11.4333,75.7,0,0,0.0493870994268947,0.3779550697737342,0.3779550697737342
2023-06-08,hepatitis_b,Kerala,Kozhikode,Koyilandy,11.4333,75.7,0,0,0.0657736134362264,0.0,0.0
2023-10-18,hepatitis_b,Kerala,Kozhikode,Koyilandy,11.4333,75.7,0,0,0.0577766170511144,0.0025094217154051,0.0025094217154051
2020-06-12,hepatitis_b,Kerala,Kozhikode,Kozhikode,11.2450558,75.7754716,0,0,0.0905073486406966,0.0,0.0
2021-10-18,hepatitis_b,Kerala,Kozhikode,Kozhikode,11.2450558,75.7754716,1,0,0.3511335057879639,0.0,0.0
2022-06-08,hepatitis_b,Kerala,Kozhikode,Kozhikode,11.2450558,75.7754716,0,0,0.0915996782146578,0.0162899910294049,0.0162899910294049
2022-10-16,hepatitis_b,Kerala,Kozhikode,Kozhikode,11.2450558,75.7754716,0,0,0.1159087749369665,0.0,0.0
2022-11-29,hepatitis_b,Kerala,Kozhikode,Kozhikode,11.2450558,75.7754716,0,1,0.547430775318444,4.031199542819508e-05,4.031199542819508e-05
2021-05-02,hepatitis_b,Kerala,Kozhikode,Thamarassery,11.2667,75.9333,1,1,0.7039204211413103,0.0,0.0
2022-11-23,hepatitis_b,Kerala,Kozhikode,Thamarassery,11.2667,75.9333,1,0,0.2427038709974941,0.1736975749277623,0.1736975749277623
2021-11-26,hepatitis_b,Kerala,Kozhikode,Vadakara,11.6,75.5833,1,1,0.610491378696283,0.0,0.0
2023-11-20,hepatitis_b,Kerala,Kozhikode,Vadakara,11.6,75.5833,1,1,0.7073850582725264,0.0021770197062467,0.0021770197062467
2024-05-04,hepatitis_b,Kerala,Kozhikode,Vadakara,11.6,75.5833,0,0,0.2780561383964915,0.9166731096321188,0.9166731096321188
2020-06-11,hepatitis_b,Kerala,Malappuram,Ernad,11.1201,76.1197,0,0,0.2959887557508216,0.0,0.0
2020-11-20,hepatitis_b,Kerala,Malappuram,Ernad,11.1201,76.1197,0,0,0.0405052918662396,0.0,0.0
2021-05-02,hepatitis_b,Kerala,Malappuram,Ernad,11.1201,76.1197,0,0,0.0734077674830708,0.0,0.0
2022-05-03,hepatitis_b,Kerala,Malappuram,Ernad,11.1201,76.1197,1,1,0.7205930616599039,0.0,0.0
2022-05-06,hepatitis_b,Kerala,Malappuram,Ernad,11.1201,76.1197,1,1,0.6696912400172674,0.0121305137861437,0.0121305137861437
2023-11-27,hepatitis_b,Kerala,Malappuram,Ernad,11.1201,76.1197,0,0,0.2646406086143411,0.0001244499113423,0.0001244499113423
2022-06-07,hepatitis_b,Kerala,Malappuram,Kondotty,11.15,75.9667,1,0,0.3543011961174634,0.0,0.0
2022-05-01,hepatitis_b,Kerala,Malappuram,Perinthalmanna,10.9667,76.2167,1,0,0.2586530647925097,0.0,0.0
2023-11-22,hepatitis_b,Kerala,Malappuram,Perinthalmanna,10.9667,76.2167,0,0,0.4115334232567268,0.4113272604162463,0.4113272604162463
2020-10-16,hepatitis_b,Kerala,Malappuram,Ponnani,10.7667,75.9167,1,0,0.111687857239565,0.0,0.0
2020-11-19,hepatitis_b,Kerala,Malappuram,Ponnani,10.7667,75.9167,1,1,0.7009977938610497,0.0006551215116454,0.0006551215116454
2021-06-07,hepatitis_b,Kerala,Malappuram,Ponnani,10.7667,75.9167,0,1,0.6161673907238111,0.0,0.0
2021-06-08,hepatitis_b,Kerala,Malappuram,Ponnani,10.7667,75.9167,0,1,0.6856875755520505,0.0005531301377766,0.0005531301377766
2021-06-11,hepatitis_b,Kerala,Malappuram,Ponnani,10.7667,75.9167,0,1,0.7041676014216419,0.0,0.0
2021-11-26,hepatitis_b,Kerala,Malappuram,Ponnani,10.7667,75.9167,0,1,0.67192682777916,8.062399085639016e-05,8.062399085639016e-05
2022-06-10,hepatitis_b,Kerala,Malappuram,Tirurangadi,11.0,75.9333,1,1,0.6989152073692534,0.0,0.0
2024-10-19,hepatitis_b,Kerala,Palakkad,Alathur,10.6333,76.55,1,1,0.6967435265412039,0.0,0.0
2020-06-09,hepatitis_b,Kerala,Palakkad,Chittur,10.7,76.75,1,1,0.7001669908971703,0.0,0.0
2023-05-01,hepatitis_b,Kerala,Palakkad,Chittur,10.7,76.75,1,1,0.7318130832280569,0.0223935857741974,0.0223935857741974
2020-05-03,hepatitis_b,Kerala,Palakkad,Mannarkkad,11.0,76.4667,1,1,0.7360376781045548,0.0,0.0
2020-06-10,hepatitis_b,Kerala,Palakkad,Mannarkkad,11.0,76.4667,0,0,0.3472586805814909,0.0,0.0
2020-06-11,hepatitis_b,Kerala,Palakkad,Mannarkkad,11.0,76.4667,0,1,0.6619540391952402,0.0,0.0
2021-11-30,hepatitis_b,Kerala,Palakkad,Mannarkkad,11.0,76.4667,0,1,0.723027458858382,0.0,0.0
2022-06-08,hepatitis_b,Kerala,Palakkad,Mannarkkad,11.0,76.4667,0,1,0.6861257123118102,0.0,0.0
2023-05-07,hepatitis_b,Kerala,Palakkad,Mannarkkad,11.0,76.4667,0,1,0.7061599193644057,0.0002015599771409,0.0002015599771409
2023-11-30,hepatitis_b,Kerala,Palakkad,Mannarkkad,11.0,76.4667,0,1,0.5833684550190708,0.0,0.0
2020-05-02,hepatitis_b,Kerala,Palakkad,Ottapalam,10.7667,76.3667,0,0,0.0571821345972204,0.0,0.0
2020-11-26,hepatitis_b,Kerala,Palakkad,Ottapalam,10.7667,76.3667,1,0,0.118823159769138,0.0,0.0
2021-11-22,hepatitis_b,Kerala,Palakkad,Ottapalam,10.7667,76.3667,0,0,0.1054574918238244,0.0060038942592258,0.0060038942592258
2020-11-27,hepatitis_b,Kerala,Palakkad,Palakkad,10.78789845,76.47408711,0,1,0.5576301069048281,0.0,0.0
2022-10-14,hepatitis_b,Kerala,Palakkad,Palakkad,10.78789845,76.47408711,0,1,0.7150358126599872,0.0,0.0
2023-11-23,hepatitis_b,Kerala,Palakkad,Palakkad,10.78789845,76.47408711,0,0,0.4992678849558589,0.0063289832822266,0.0063289832822266
2023-11-30,hepatitis_b,Kerala,Palakkad,Palakkad,10.78789845,76.47408711,0,0,0.0947094465314418,0.0,0.0
2020-11-30,hepatitis_b,Kerala,Palakkad,Pattambi,10.8,76.2,1,0,0.1227931697190798,0.0,0.0
2021-11-22,hepatitis_b,Kerala,Palakkad,Pattambi,10.8,76.2,1,0,0.1420047171625039,0.9999999983333334,0.9999999983333334
2021-11-24,hepatitis_b,Kerala,Palakkad,Pattambi,10.8,76.2,0,0,0.1229646562883048,0.0,0.0
2021-11-29,hepatitis_b,Kerala,Palakkad,Pattambi,10.8,76.2,0,0,0.2897596406515832,0.0,0.0
2022-10-14,hepatitis_b,Kerala,Palakkad,Pattambi,10.8,76.2,0,0,0.1236675155077225,0.0010884238765612,0.0010884238765612
2022-10-16,hepatitis_b,Kerala,Palakkad,Pattambi,10.8,76.2,0,0,0.0530613432531968,0.0,0.0
2020-11-25,hepatitis_b,Kerala,Pathanamthitta,Adoor,9.1667,76.7333,1,0,0.1255006775569377,0.0,0.0
2022-05-02,hepatitis_b,Kerala,Pathanamthitta,Adoor,9.1667,76.7333,0,0,0.145915191721838,0.0,0.0
2022-06-07,hepatitis_b,Kerala,Pathanamthitta,Adoor,9.1667,76.7333,0,0,0.3975277314849659,0.0,0.0
2023-10-16,hepatitis_b,Kerala,Pathanamthitta,Adoor,9.1667,76.7333,0,1,0.7202368990723439,0.0074980311496442,0.0074980311496442
2023-10-17,hepatitis_b,Kerala,Pathanamthitta,Adoor,9.1667,76.7333,0,0,0.4742478407903443,0.0,0.0
2021-05-03,hepatitis_b,Kerala,Pathanamthitta,Konni,9.2667,76.9333,0,0,0.3792834401929143,0.0,0.0
2023-06-08,hepatitis_b,Kerala,Pathanamthitta,Konni,9.2667,76.9333,0,0,0.1740482810987655,0.0,0.0
2023-06-12,hepatitis_b,Kerala,Pathanamthitta,Konni,9.2667,76.9333,1,1,0.6558880504160427,0.0001573867237829,0.0001573867237829
2023-10-16,hepatitis_b,Kerala,Pathanamthitta,Konni,9.2667,76.9333,1,0,0.0775217106993073,0.1903419370174551,0.1903419370174551
2020-05-06,hepatitis_b,Kerala,Pathanamthitta,Kozhenchery,9.2780841,76.9737443,1,0,0.0837214147770337,0.0,0.0
2022-06-07,hepatitis_b,Kerala,Pathanamthitta,Mallappally,9.3833,76.6833,1,0,0.0992238175728056,0.0,0.0
2020-05-02,hepatitis_b,Kerala,Pathanamthitta,Ranni,9.3833,76.9667,1,0,0.2679300228877112,0.0,0.0
2020-11-29,hepatitis_b,Kerala,Thiruvananthapuram,Chirayinkeezhu,8.6963,76.8153,1,0,0.106045028052295,0.0,0.0
2023-05-05,hepatitis_b,Kerala,Thiruvananthapuram,Chirayinkeezhu,8.6963,76.8153,0,0,0.1645629674063173,9.252238948646267e-05,9.252238948646267e-05
2023-11-22,hepatitis_b,Kerala,Thiruvananthapuram,Chirayinkeezhu,8.6963,76.8153,1,1,0.6698962425235533,0.0,0.0
2024-06-11,hepatitis_b,Kerala,Thiruvananthapuram,Chirayinkeezhu,8.6963,76.8153,0,0,0.1325630440019961,0.2139322176630105,0.2139322176630105
2022-05-07,hepatitis_b,Kerala,Thiruvananthapuram,Kattakkada,8.5667,77.1,0,0,0.0905468007746892,0.0,0.0
2021-06-12,hepatitis_b,Kerala,Thiruvananthapuram,Nedumangad,8.6036,77.0031,1,0,0.408166614507772,0.0,0.0
2021-11-28,hepatitis_b,Kerala,Thiruvananthapuram,Nedumangad,8.6036,77.0031,1,0,0.2956617890149488,0.0013398231233672,0.0013398231233672
2022-06-08,hepatitis_b,Kerala,Thiruvananthapuram,Nedumangad,8.6036,77.0031,0,0,0.1130598933136434,0.061673846701284,0.061673846701284
2022-11-26,hepatitis_b,Kerala,Thiruvananthapuram,Nedumangad,8.6036,77.0031,0,1,0.6941864698268272,0.0,0.0
2020-05-03,hepatitis_b,Kerala,Thiruvananthapuram,Neyyattinkara,8.4004,77.0872,1,0,0.3455191959962839,0.0,0.0
2021-05-03,hepatitis_b,Kerala,Thiruvananthapuram,Neyyattinkara,8.4004,77.0872,1,0,0.2671728457856562,0.0396726826397155,0.0396726826397155
2021-05-05,hepatitis_b,Kerala,Thiruvananthapuram,Neyyattinkara,8.4004,77.0872,0,1,0.5977473176121574,0.0,0.0
2021-06-11,hepatitis_b,Kerala,Thiruvananthapuram,Neyyattinkara,8.4004,77.0872,0,1,0.6819500600009705,1.0481118811330718e-05,1.0481118811330718e-05
2022-05-03,hepatitis_b,Kerala,Thiruvananthapuram,Neyyattinkara,8.4004,77.0872,0,1,0.6677540280669705,0.0,0.0
2021-11-24,hepatitis_b,Kerala,Thiruvananthapuram,Thiruvananthapuram,8.4882267,76.947551,0,0,0.4067659625698699,0.0,0.0
2024-05-06,hepatitis_b,Kerala,Thiruvananthapuram,Thiruvananthapuram,8.4882267,76.947551,1,0,0.2025906818812323,0.0,0.0
2020-10-16,hepatitis_b,Kerala,Thiruvananthapuram,Varkala,8.7379,76.7163,1,0,0.2537400554173257,0.0,0.0
2023-06-08,hepatitis_b,Kerala,Thiruvananthapuram,Varkala,8.7379,76.7163,1,0,0.379158090349344,0.7750890559686158,0.7750890559686158
2023-11-11,hepatitis_b,Kerala,Thiruvananthapuram,Varkala,8.7379,76.7163,0,0,0.1269605189070662,0.0,0.0
2024-11-22,hepatitis_b,Kerala,Thiruvananthapuram,Varkala,8.7379,76.7163,0,0,0.3022610563149773,0.0,0.0
2024-11-29,hepatitis_b,Kerala,Thiruvananthapuram,Varkala,8.7379,76.7163,0,1,0.7019009559656405,0.0096345669073386,0.0096345669073386
2021-06-07,hepatitis_b,Kerala,Thrissur,Chalakudy,10.3,76.3333,1,0,0.2762741890415673,0.0,0.0
2021-06-08,hepatitis_b,Kerala,Thrissur,Chalakudy,10.3,76.3333,0,0,0.1003945628582631,9.255678755073974e-05,9.255678755073974e-05
2021-11-25,hepatitis_b,Kerala,Thrissur,Chalakudy,10.3,76.3333,0,0,0.3002623963649583,0.0,0.0
2024-05-05,hepatitis_b,Kerala,Thrissur,Chalakudy,10.3,76.3333,0,1,0.7220365649448024,0.0,0.0
2024-05-06,hepatitis_b,Kerala,Thrissur,Chalakudy,10.3,76.3333,1,0,0.1107432892455758,0.002160968547624,0.002160968547624
2020-11-20,hepatitis_b,Kerala,Thrissur,Chavakkad,10.5833,76.0167,0,0,0.1111625811310922,0.0,0.0
2021-10-13,hepatitis_b,Kerala,Thrissur,Chavakkad,10.5833,76.0167,0,1,0.6651817196783137,0.0,0.0
2023-11-23,hepatitis_b,Kerala,Thrissur,Chavakkad,10.5833,76.0167,1,1,0.7041789523375555,0.0,0.0
2024-05-06,hepatitis_b,Kerala,Thrissur,Chavakkad,10.5833,76.0167,0,1,0.7032039560267891,0.9999999983333334,0.9999999983333334
2020-11-25,hepatitis_b,Kerala,Thrissur,Kodungallur,10.2333,76.2,1,0,0.1994107277563742,0.0,0.0
2021-11-22,hepatitis_b,Kerala,Thrissur,Kodungallur,10.2333,76.2,1,1,0.7040797425098204,0.0,0.0
2022-06-07,hepatitis_b,Kerala,Thrissur,Kodungallur,10.2333,76.2,0,1,0.6960446291911854,0.2707124107481421,0.2707124107481421
2022-11-21,hepatitis_b,Kerala,Thrissur,Kodungallur,10.2333,76.2,0,0,0.1459234749838814,0.0,0.0
2022-11-29,hepatitis_b,Kerala,Thrissur,Kodungallur,10.2333,76.2,0,0,0.1654973673360292,0.0,0.0
2020-11-28,hepatitis_b,Kerala,Thrissur,Kunnamkulam,10.65,76.0667,1,0,0.1581667966415577,0.0,0.0
2021-11-29,hepatitis_b,Kerala,Thrissur,Kunnamkulam,10.65,76.0667,0,0,0.1418604000685606,0.0,0.0
2021-11-30,hepatitis_b,Kerala,Thrissur,Kunnamkulam,10.65,76.0667,1,0,0.1792286448442584,0.0,0.0
2022-11-24,hepatitis_b,Kerala,Thrissur,Kunnamkulam,10.65,76.0667,0,0,0.2371866686015044,0.1458792512716989,0.1458792512716989
2022-11-24,hepatitis_b,Kerala,Thrissur,Kunnamkulam,10.65,76.0667,0,0,0.1826399874547028,0.0,0.0
2020-10-13,hepatitis_b,Kerala,Thrissur,Mukundapuram,10.3333,76.2167,1,0,0.1734604286968582,0.0,0.0
2021-06-08,hepatitis_b,Kerala,Thrissur,Mukundapuram,10.3333,76.2167,1,0,0.2369857661794506,0.0051427073054791,0.0051427073054791
2021-10-14,hepatitis_b,Kerala,Thrissur,Mukundapuram,10.3333,76.2167,1,0,0.2329582024175692,0.0,0.0
2021-11-21,hepatitis_b,Kerala,Thrissur,Mukundapuram,10.3333,76.2167,1,0,0.1216995766488209,0.2169666990940632,0.2169666990940632
2021-11-30,hepatitis_b,Kerala,Thrissur,Mukundapuram,10.3333,76.2167,1,0,0.1510386629038943,0.0001814204493033,0.0001814204493033
2024-10-14,hepatitis_b,Kerala,Thrissur,Mukundapuram,10.3333,76.2167,0,0,0.1945103402955221,0.0071739923917253,0.0071739923917253
2020-11-27,hepatitis_b,Kerala,Thrissur,Talappilly,10.6667,76.25,1,0,0.2302008089603804,0.0,0.0
2021-11-24,hepatitis_b,Kerala,Thrissur,Talappilly,10.6667,76.25,1,0,0.2602752474908019,0.00040122488706,0.00040122488706
2022-10-13,hepatitis_b,Kerala,Thrissur,Talappilly,10.6667,76.25,1,0,0.094215436760115,0.0006479001054031,0.0006479001054031
2023-10-18,hepatitis_b,Kerala,Thrissur,Talappilly,10.6667,76.25,0,1,0.6545944679029252,0.0665643014924564,0.0665643014924564
2020-05-03,hepatitis_b,Kerala,Thrissur,Thrissur,10.5256264,76.2132542,1,0,0.4882535902108894,0.0,0.0
2022-11-20,hepatitis_b,Kerala,Thrissur,Thrissur,10.5256264,76.2132542,1,0,0.3106414278064204,2.5412796615889437e-05,2.5412796615889437e-05
2022-11-22,hepatitis_b,Kerala,Thrissur,Thrissur,10.5256264,76.2132542,1,0,0.3875722873886376,0.0079540293242834,0.0079540293242834
2023-05-03,hepatitis_b,Kerala,Thrissur,Thrissur,10.5256264,76.2132542,1,0,0.3654419425455122,0.0402820938986409,0.0402820938986409
2020-06-07,hepatitis_b,Kerala,Wayanad,Mananthavady,11.8,76.0,1,0,0.1368476074543965,0.0,0.0
2021-06-08,hepatitis_b,Kerala,Wayanad,Mananthavady,11.8,76.0,1,0,0.1004135181637482,0.0004178492771592,0.0004178492771592
2022-05-06,hepatitis_b,Kerala,Wayanad,Mananthavady,11.8,76.0,0,0,0.044484243833535,0.0037189441951036,0.0037189441951036
2022-06-09,hepatitis_b,Kerala,Wayanad,Mananthavady,11.8,76.0,1,0,0.1850169237227098,0.0,0.0
2022-10-15,hepatitis_b,Kerala,Wayanad,Mananthavady,11.8,76.0,1,0,0.2189637957489685,0.0031367867000124,0.0031367867000124
2023-10-15,hepatitis_b,Kerala,Wayanad,Mananthavady,11.8,76.0,1,0,0.1470885233370308,0.0099273331542006,0.0099273331542006
2024-11-19,hepatitis_b,Kerala,Wayanad,Mananthavady,11.8,76.0,1,0,0.1524336081934486,0.001024359088512,0.001024359088512
2021-05-04,hepatitis_b,Kerala,Wayanad,Sulthan Bathery,11.6667,76.2667,0,0,0.3109546565949809,0.0,0.0
2021-06-08,hepatitis_b,Kerala,Wayanad,Vythiri,11.6226,76.0813,1,0,0.3233508031383856,0.0,0.0
2021-11-22,hepatitis_b,Kerala,Wayanad,Vythiri,11.6226,76.0813,1,0,0.3192263350305815,0.0006941759066305,0.0006941759066305
2022-06-11,hepatitis_b,Kerala,Wayanad,Vythiri,11.6226,76.0813,1,0,0.0914864668228071,0.9999999983333334,0.9999999983333334
2023-05-01,hepatitis_b,Kerala,Wayanad,Vythiri,11.6226,76.0813,0,0,0.1380356117053438,0.0,0.0
2023-05-05,hepatitis_b,Kerala,Wayanad,Vythiri,11.6226,76.0813,0,0,0.2055720168964325,0.0,0.0
2023-11-19,hepatitis_b,Kerala,Wayanad,Vythiri,11.6226,76.0813,0,0,0.1794696281881622,0.0,0.0
2023-09-13,hepatitis_c,Kerala,Alappuzha,Ambalappuzha,9.5006651,76.41241429,1,0,0.1917701690471351,0.0,0.0
2024-06-05,hepatitis_c,Kerala,Alappuzha,Ambalappuzha,9.5006651,76.41241429,1,0,0.1293212231675105,0.0030059995946605,0.0030059995946605
2020-12-31,hepatitis_c,Kerala,Alappuzha,Chenganoor,9.3167,76.6167,0,0,0.0598475921987653,0.0,0.0
2021-10-15,hepatitis_c,Kerala,Alappuzha,Chenganoor,9.3167,76.6167,1,0,0.1036654037982893,0.0,0.0
2022-01-02,hepatitis_c,Kerala,Alappuzha,Chenganoor,9.3167,76.6167,0,0,0.1140160682573345,0.012139903835857,0.012139903835857
2022-12-31,hepatitis_c,Kerala,Alappuzha,Chenganoor,9.3167,76.6167,0,0,0.0973130118697435,0.0,0.0
2024-06-04,hepatitis_c,Kerala,Alappuzha,Chenganoor,9.3167,76.6167,1,0,0.171566522158095,0.004387975640569,0.004387975640569
2021-11-24,hepatitis_c,Kerala,Alappuzha,Cherthala,9.6833,76.3333,1,0,0.1116665333766953,0.0,0.0
2024-01-13,hepatitis_c,Kerala,Alappuzha,Cherthala,9.6833,76.3333,1,0,0.0891914131582158,0.0052976672849765,0.0052976672849765
2024-09-09,hepatitis_c,Kerala,Alappuzha,Cherthala,9.6833,76.3333,1,0,0.2009246124168155,0.0104372878144946,0.0104372878144946
2024-09-09,hepatitis_c,Kerala,Alappuzha,Cherthala,9.6833,76.3333,0,0,0.1531656614373776,0.2293992519693063,0.2293992519693063
2022-10-17,hepatitis_c,Kerala,Alappuzha,Karthikappally,9.2833,76.4667,1,0,0.1209130477152369,0.0,0.0
2023-03-03,hepatitis_c,Kerala,Alappuzha,Karthikappally,9.2833,76.4667,0,0,0.0985900600827615,1.3470459785498836e-05,1.3470459785498836e-05
2023-10-17,hepatitis_c,Kerala,Alappuzha,Karthikappally,9.2833,76.4667,1,0,0.1023340771661417,0.0,0.0
2023-11-25,hepatitis_c,Kerala,Alappuzha,Karthikappally,9.2833,76.4667,0,0,0.0999251002037655,0.0015584339554216,0.0015584339554216
2023-11-25,hepatitis_c,Kerala,Alappuzha,Mavelikkara,9.2667,76.55,1,0,0.3202452209165969,0.0,0.0
2022-11-22,hepatitis_c,Kerala,Ernakulam,Aluva,10.1075,76.3516,1,0,0.3830910836009683,0.0,0.0
2023-07-07,hepatitis_c,Kerala,Ernakulam,Aluva,10.1075,76.3516,0,0,0.3167238808994591,0.0,0.0
2022-11-23,hepatitis_c,Kerala,Ernakulam,Kanayannur,9.98408,76.2741457,1,0,0.2657181309423254,0.0,0.0
2023-09-12,hepatitis_c,Kerala,Ernakulam,Kanayannur,9.98408,76.2741457,0,0,0.1023575815628708,0.0004933567335054,0.0004933567335054
2024-10-15,hepatitis_c,Kerala,Ernakulam,Kanayannur,9.98408,76.2741457,0,0,0.1155202720620578,0.0,0.0
2020-10-15,hepatitis_c,Kerala,Ernakulam,Kothamangalam,10.0667,76.6333,1,0,0.420787472775533,0.0,0.0
2020-10-16,hepatitis_c,Kerala,Ernakulam,Kothamangalam,10.0667,76.6333,0,0,0.0734893738679366,0.9999999983333334,0.9999999983333334
2021-12-31,hepatitis_c,Kerala,Ernakulam,Kothamangalam,10.0667,76.6333,0,0,0.1040732444774388,0.0,0.0
2022-10-17,hepatitis_c,Kerala,Ernakulam,Kothamangalam,10.0667,76.6333,0,0,0.086793065430652,0.0004837439451383,0.0004837439451383
2023-07-08,hepatitis_c,Kerala,Ernakulam,Kothamangalam,10.0667,76.6333,0,0,0.1072631077646946,0.000132453699264,0.000132453699264
2023-09-11,hepatitis_c,Kerala,Ernakulam,Kothamangalam,10.0667,76.6333,0,0,0.1132350606578905,0.0,0.0
2023-10-17,hepatitis_c,Kerala,Ernakulam,Kothamangalam,10.0667,76.6333,0,0,0.3289124192145302,0.6842077169302899,0.6842077169302899
2023-11-23,hepatitis_c,Kerala,Ernakulam,Kothamangalam,10.0667,76.6333,0,0,0.0821872122628648,0.0,0.0
2024-01-01,hepatitis_c,Kerala,Ernakulam,Kothamangalam,10.0667,76.6333,0,0,0.1691674566653687,0.0003224959634255,0.0003224959634255
2024-10-15,hepatitis_c,Kerala,Ernakulam,Kothamangalam,10.0667,76.6333,0,0,0.1598912744258833,0.0,0.0
2021-07-06,hepatitis_c,Kerala,Ernakulam,Kunnathunad,10.1167,76.4833,0,0,0.195325257256241,0.0,0.0
2021-10-21,hepatitis_c,Kerala,Ernakulam,Kunnathunad,10.1167,76.4833,1,0,0.1760435977973874,0.0,0.0
2022-09-12,hepatitis_c,Kerala,Ernakulam,Kunnathunad,10.1167,76.4833,0,0,0.2964880944900121,0.0874292783407131,0.0874292783407131
2022-11-25,hepatitis_c,Kerala,Ernakulam,Kunnathunad,10.1167,76.4833,0,0,0.172452925269225,0.0,0.0
2023-12-30,hepatitis_c,Kerala,Ernakulam,Kunnathunad,10.1167,76.4833,0,0,0.2214551345873855,0.0002015599771409,0.0002015599771409
2024-09-10,hepatitis_c,Kerala,Ernakulam,Kunnathunad,10.1167,76.4833,0,0,0.3234040169005128,0.0002015599771409,0.0002015599771409
2020-09-11,hepatitis_c,Kerala,Ernakulam,Muvattupuzha,9.9833,76.5833,1,0,0.2413130180491972,0.0,0.0
2020-10-16,hepatitis_c,Kerala,Ernakulam,Muvattupuzha,9.9833,76.5833,0,0,0.072096213399016,0.0,0.0
2023-10-20,hepatitis_c,Kerala,Ernakulam,Muvattupuzha,9.9833,76.5833,0,0,0.0928479558920364,0.0,0.0
2024-01-01,hepatitis_c,Kerala,Ernakulam,Muvattupuzha,9.9833,76.5833,0,1,0.6305866316530964,2.48073818019662e-05,2.48073818019662e-05
2021-01-02,hepatitis_c,Kerala,Ernakulam,North Paravur,10.1333,76.2,1,1,0.589022103904028,0.0,0.0
2022-12-31,hepatitis_c,Kerala,Ernakulam,North Paravur,10.1333,76.2,1,1,0.5654917051293887,0.0032756075582271,0.0032756075582271
2023-09-12,hepatitis_c,Kerala,Ernakulam,North Paravur,10.1333,76.2,1,0,0.4443013438967755,0.0129157017536584,0.0129157017536584
2021-01-02,hepatitis_c,Kerala,Idukki,Devikulam,10.0667,77.1,0,0,0.0706480667112474,0.0,0.0
2021-09-13,hepatitis_c,Kerala,Idukki,Devikulam,10.0667,77.1,1,0,0.0716294160921124,0.0,0.0
2022-07-08,hepatitis_c,Kerala,Idukki,Devikulam,10.0667,77.1,1,0,0.064624805532989,0.9999999983333334,0.9999999983333334
2022-10-18,hepatitis_c,Kerala,Idukki,Devikulam,10.0667,77.1,0,0,0.3067744744363856,0.0,0.0
2020-07-07,hepatitis_c,Kerala,Idukki,Idukki,9.8497872,76.9797914,1,0,0.2728724525833038,0.0,0.0
2020-10-19,hepatitis_c,Kerala,Idukki,Idukki,9.8497872,76.9797914,1,0,0.1725149723195424,0.0,0.0
2024-01-01,hepatitis_c,Kerala,Idukki,Idukki,9.8497872,76.9797914,1,0,0.1695229053221761,0.0246939004868705,0.0246939004868705
2020-09-12,hepatitis_c,Kerala,Idukki,Peerumade,9.5667,76.9667,1,0,0.2053413178051562,0.0,0.0
2021-06-05,hepatitis_c,Kerala,Idukki,Peerumade,9.5667,76.9667,0,0,0.1680398774455966,0.8549336815800609,0.8549336815800609
2022-01-02,hepatitis_c,Kerala,Idukki,Peerumade,9.5667,76.9667,0,0,0.2724258737370588,0.0,0.0
2022-10-18,hepatitis_c,Kerala,Idukki,Peerumade,9.5667,76.9667,0,0,0.322267811912975,0.0017737277988405,0.0017737277988405
2020-10-17,hepatitis_c,Kerala,Idukki,Thodupuzha,9.8955,76.7241,1,0,0.1294625415464288,0.0,0.0
2021-09-13,hepatitis_c,Kerala,Idukki,Thodupuzha,9.8955,76.7241,0,0,0.1492375590867507,0.0007375519004561,0.0007375519004561
2022-09-09,hepatitis_c,Kerala,Idukki,Thodupuzha,9.8955,76.7241,1,0,0.2688851520934845,0.0,0.0
2022-09-11,hepatitis_c,Kerala,Idukki,Thodupuzha,9.8955,76.7241,0,0,0.2932329031555842,0.4768078341713435,0.4768078341713435
2024-11-28,hepatitis_c,Kerala,Idukki,Thodupuzha,9.8955,76.7241,0,0,0.3348027336341019,0.0,0.0
2024-10-20,hepatitis_c,Kerala,Idukki,Udumbanchola,9.8333,77.1333,1,0,0.0512160888554347,0.0,0.0
2020-11-22,hepatitis_c,Kerala,Kannur,Iritty,11.9333,75.7,1,0,0.0772562532724393,0.0,0.0
2021-10-18,hepatitis_c,Kerala,Kannur,Iritty,11.9333,75.7,0,0,0.0901454833229255,0.0,0.0
2022-07-06,hepatitis_c,Kerala,Kannur,Iritty,11.9333,75.7,0,0,0.1874160132001738,0.0,0.0
2022-09-10,hepatitis_c,Kerala,Kannur,Iritty,11.9333,75.7,0,0,0.2219012851503587,0.0006853039222793,0.0006853039222793
2024-10-23,hepatitis_c,Kerala,Kannur,Iritty,11.9333,75.7,0,0,0.1805810294903037,0.0,0.0
2024-11-27,hepatitis_c,Kerala,Kannur,Iritty,11.9333,75.7,0,0,0.2694836058739562,0.0111935208776575,0.0111935208776575
2021-09-11,hepatitis_c,Kerala,Kannur,Kannur,11.8763836,75.3737973,0,0,0.0754429201873697,0.0,0.0
2022-09-10,hepatitis_c,Kerala,Kannur,Kannur,11.8763836,75.3737973,0,0,0.176926752099728,0.0,0.0
2023-06-05,hepatitis_c,Kerala,Kannur,Kannur,11.8763836,75.3737973,0,0,0.1673724727556101,0.0,0.0
2023-09-11,hepatitis_c,Kerala,Kannur,Kannur,11.8763836,75.3737973,1,0,0.1635110757855373,0.0019383034288385,0.0019383034288385
2020-09-10,hepatitis_c,Kerala,Kannur,Payyanur,12.1,75.2,1,0,0.1198706194049335,0.0,0.0
2020-10-16,hepatitis_c,Kerala,Kannur,Payyanur,12.1,75.2,1,0,0.2255235662233771,0.0461432737653134,0.0461432737653134
2021-09-10,hepatitis_c,Kerala,Kannur,Payyanur,12.1,75.2,0,0,0.2575816295757694,0.0,0.0
2021-10-21,hepatitis_c,Kerala,Kannur,Payyanur,12.1,75.2,0,0,0.0944535472960233,1.007799885704877e-05,1.007799885704877e-05
2021-03-03,hepatitis_c,Kerala,Kannur,Taliparamba,12.0333,75.35,1,0,0.1011077194012154,0.0,0.0
2023-01-01,hepatitis_c,Kerala,Kannur,Taliparamba,12.0333,75.35,1,0,0.0825934643507179,0.9999999983333334,0.9999999983333334
2023-11-24,hepatitis_c,Kerala,Kannur,Taliparamba,12.0333,75.35,0,0,0.1261196388666706,0.0,0.0
2022-01-02,hepatitis_c,Kerala,Kannur,Thalassery,11.75,75.4833,1,0,0.2481690964203787,0.0,0.0
2024-03-03,hepatitis_c,Kerala,Kannur,Thalassery,11.75,75.4833,1,0,0.281924568919051,0.0036216475111732,0.0036216475111732
2021-09-10,hepatitis_c,Kerala,Kasaragod,Hosdurg,12.3167,75.1,0,0,0.2902782973478285,0.0,0.0
2022-01-01,hepatitis_c,Kerala,Kasaragod,Hosdurg,12.3167,75.1,0,0,0.0982884320768911,0.0,0.0
2023-01-01,hepatitis_c,Kerala,Kasaragod,Hosdurg,12.3167,75.1,0,0,0.1221287363900919,8.062399085639016e-05,8.062399085639016e-05
2020-10-16,hepatitis_c,Kerala,Kasaragod,Kasaragod,12.5035577,74.9907022,1,0,0.1673347248048198,0.0,0.0
2021-10-16,hepatitis_c,Kerala,Kasaragod,Kasaragod,12.5035577,74.9907022,0,0,0.1641409828564537,0.0,0.0
2022-09-10,hepatitis_c,Kerala,Kasaragod,Kasaragod,12.5035577,74.9907022,0,0,0.0345588085745365,7.4865134366648e-05,7.4865134366648e-05
2022-10-16,hepatitis_c,Kerala,Kasaragod,Kasaragod,12.5035577,74.9907022,0,0,0.0554752660381994,0.0006109632085161,0.0006109632085161
2022-10-20,hepatitis_c,Kerala,Kasaragod,Kasaragod,12.5035577,74.9907022,0,0,0.0538265165273506,0.0003050444603385,0.0003050444603385
2023-10-14,hepatitis_c,Kerala,Kasaragod,Kasaragod,12.5035577,74.9907022,0,0,0.0781579496982056,0.0,0.0
2024-01-01,hepatitis_c,Kerala,Kasaragod,Manjeshwaram,12.7167,74.8833,1,0,0.0506145397076321,0.0,0.0
2020-11-27,hepatitis_c,Kerala,Kasaragod,Nileshwaram,12.25,75.1,1,0,0.0794184199364773,0.0,0.0
2021-03-03,hepatitis_c,Kerala,Kasaragod,Nileshwaram,12.25,75.1,1,0,0.1068669920496471,0.0046034913783459,0.0046034913783459
2022-11-23,hepatitis_c,Kerala,Kasaragod,Nileshwaram,12.25,75.1,0,0,0.087028322169268,0.0,0.0
2024-03-02,hepatitis_c,Kerala,Kasaragod,Nileshwaram,12.25,75.1,0,0,0.0620328533137418,0.0,0.0
2020-09-11,hepatitis_c,Kerala,Kasaragod,Vellarikundu,12.4167,75.2333,1,0,0.0784229494810287,0.0,0.0
2021-07-07,hepatitis_c,Kerala,Kasaragod,Vellarikundu,12.4167,75.2333,0,0,0.0914905272780128,0.4679172930034848,0.4679172930034848
2021-10-20,hepatitis_c,Kerala,Kasaragod,Vellarikundu,12.4167,75.2333,0,0,0.0851077401072065,0.0,0.0
2020-12-30,hepatitis_c,Kerala,Kollam,Karunagappally,9.0574,76.5334,1,0,0.1224466469694817,0.0,0.0
2021-10-22,hepatitis_c,Kerala,Kollam,Karunagappally,9.0574,76.5334,0,0,0.1210336069540965,0.0,0.0
2022-11-26,hepatitis_c,Kerala,Kollam,Karunagappally,9.0574,76.5334,1,0,0.2591159992490494,0.0,0.0
2023-07-08,hepatitis_c,Kerala,Kollam,Karunagappally,9.0574,76.5334,0,0,0.1017796594987606,0.4821550930812713,0.4821550930812713
2021-10-20,hepatitis_c,Kerala,Kollam,Kollam,8.8879509,76.5955013,0,0,0.1015390353432728,0.0,0.0
2023-11-27,hepatitis_c,Kerala,Kollam,Kollam,8.8879509,76.5955013,0,0,0.2124648096023566,0.0,0.0
2020-01-02,hepatitis_c,Kerala,Kollam,Kottarakkara,9.0002,76.7788,1,0,0.3200820131080512,0.0,0.0
2020-01-02,hepatitis_c,Kerala,Kollam,Kottarakkara,9.0002,76.7788,0,0,0.2021207921836815,0.2241363266003186,0.2241363266003186
2020-10-17,hepatitis_c,Kerala,Kollam,Kottarakkara,9.0002,76.7788,0,0,0.2181547385187743,0.0,0.0
2020-10-20,hepatitis_c,Kerala,Kollam,Kottarakkara,9.0002,76.7788,0,0,0.1244012556743677,0.0024791877188339,0.0024791877188339
2021-06-05,hepatitis_c,Kerala,Kollam,Kottarakkara,9.0002,76.7788,0,0,0.2545485902943078,0.0,0.0
2021-09-12,hepatitis_c,Kerala,Kollam,Kottarakkara,9.0002,76.7788,0,0,0.2860428361897744,0.0001128735871989,0.0001128735871989
2023-10-14,hepatitis_c,Kerala,Kollam,Kunnathoor,9.0292,76.627,0,0,0.2982971191803306,0.0,0.0
2021-09-12,hepatitis_c,Kerala,Kollam,Pathanapuram,9.1,76.87,1,0,0.1737588912625396,0.0,0.0
2020-09-12,hepatitis_c,Kerala,Kollam,Punalur,9.0089,76.9269,1,0,0.0966491556616342,0.0,0.0
2020-10-19,hepatitis_c,Kerala,Kollam,Punalur,9.0089,76.9269,0,0,0.0710464404427439,0.0233576923204926,0.0233576923204926
2022-11-22,hepatitis_c,Kerala,Kollam,Punalur,9.0089,76.9269,0,0,0.1060729584351821,0.0,0.0
2023-09-10,hepatitis_c,Kerala,Kollam,Punalur,9.0089,76.9269,0,0,0.125846442154828,0.0,0.0
2021-10-17,hepatitis_c,Kerala,Kottayam,Changanassery,9.45,76.5333,0,0,0.2300663746054626,0.0,0.0
2023-11-26,hepatitis_c,Kerala,Kottayam,Changanassery,9.45,76.5333,0,0,0.1224119336829434,0.0,0.0
2024-07-09,hepatitis_c,Kerala,Kottayam,Changanassery,9.45,76.5333,1,0,0.0630741871598146,0.0,0.0
2020-10-17,hepatitis_c,Kerala,Kottayam,Kanjirappally,9.5667,76.7833,1,0,0.1163501196823795,0.0,0.0
2020-12-30,hepatitis_c,Kerala,Kottayam,Kanjirappally,9.5667,76.7833,0,0,0.1099342813344949,0.0079353749282384,0.0079353749282384
2022-09-10,hepatitis_c,Kerala,Kottayam,Kanjirappally,9.5667,76.7833,0,0,0.1808859224194137,0.0,0.0
2024-07-06,hepatitis_c,Kerala,Kottayam,Kanjirappally,9.5667,76.7833,0,0,0.0934964194120719,0.0,0.0
2024-10-18,hepatitis_c,Kerala,Kottayam,Kanjirappally,9.5667,76.7833,1,0,0.4513369934702131,0.0007256159177075,0.0007256159177075
2020-07-06,hepatitis_c,Kerala,Kottayam,Kottayam,9.6287383,76.64553257,1,1,0.5031340364521006,0.0,0.0
2021-07-06,hepatitis_c,Kerala,Kottayam,Kottayam,9.6287383,76.64553257,0,0,0.4953506151670306,0.0,0.0
2020-09-11,hepatitis_c,Kerala,Kottayam,Meenachil,9.7167,76.6833,1,0,0.1221328852859385,0.0,0.0
2021-11-25,hepatitis_c,Kerala,Kottayam,Meenachil,9.7167,76.6833,0,0,0.0423232487386572,0.0020651453212772,0.0020651453212772
2022-03-04,hepatitis_c,Kerala,Kottayam,Meenachil,9.7167,76.6833,1,0,0.4969708960988739,0.0,0.0
2020-07-07,hepatitis_c,Kerala,Kottayam,Vaikom,9.75,76.4,0,1,0.5271172224115864,0.0,0.0
2022-11-28,hepatitis_c,Kerala,Kottayam,Vaikom,9.75,76.4,1,0,0.3956427391484148,0.0,0.0
2024-09-12,hepatitis_c,Kerala,Kottayam,Vaikom,9.75,76.4,1,0,0.4071025319610377,0.0148126743917317,0.0148126743917317
2024-10-17,hepatitis_c,Kerala,Kottayam,Vaikom,9.75,76.4,1,0,0.0619288888429736,0.0216020705517611,0.0216020705517611
2024-10-20,hepatitis_c,Kerala,Kottayam,Vaikom,9.75,76.4,0,0,0.0726647312517586,0.0918794409333712,0.0918794409333712
2020-07-08,hepatitis_c,Kerala,Kozhikode,Koyilandy,11.4333,75.7,1,0,0.0679956360833819,0.0,0.0
2022-07-07,hepatitis_c,Kerala,Kozhikode,Koyilandy,11.4333,75.7,0,0,0.080274668328843,0.0,0.0
2022-12-31,hepatitis_c,Kerala,Kozhikode,Koyilandy,11.4333,75.7,0,0,0.0732686613742601,0.0,0.0
2021-07-07,hepatitis_c,Kerala,Kozhikode,Kozhikode,11.2450558,75.7754716,1,0,0.3455360890055344,0.0,0.0
2022-07-06,hepatitis_c,Kerala,Kozhikode,Thamarassery,11.2667,75.9333,0,0,0.3491153858282284,0.0,0.0
2021-10-20,hepatitis_c,Kerala,Kozhikode,Vadakara,11.6,75.5833,1,0,0.0764176281478922,0.0,0.0
2021-11-28,hepatitis_c,Kerala,Kozhikode,Vadakara,11.6,75.5833,0,0,0.0741377138797571,0.0622249509246131,0.0622249509246131
2022-03-04,hepatitis_c,Kerala,Kozhikode,Vadakara,11.6,75.5833,0,0,0.0981469376835268,0.0,0.0
2022-11-25,hepatitis_c,Kerala,Kozhikode,Vadakara,11.6,75.5833,0,0,0.1613145163840033,0.0,0.0
2023-07-08,hepatitis_c,Kerala,Kozhikode,Vadakara,11.6,75.5833,0,0,0.1251313561670672,0.000439767222853,0.000439767222853
2023-09-13,hepatitis_c,Kerala,Kozhikode,Vadakara,11.6,75.5833,0,0,0.1325128267899751,0.0,0.0
2023-11-27,hepatitis_c,Kerala,Kozhikode,Vadakara,11.6,75.5833,0,0,0.1217430451352751,0.0,0.0
2023-11-29,hepatitis_c,Kerala,Kozhikode,Vadakara,11.6,75.5833,0,0,0.0721295153750716,0.0015119766837861,0.0015119766837861
2022-11-28,hepatitis_c,Kerala,Malappuram,Ernad,11.1201,76.1197,1,0,0.1349566755941459,0.0,0.0
2021-11-22,hepatitis_c,Kerala,Malappuram,Kondotty,11.15,75.9667,0,0,0.0815525103837571,0.0,0.0
2022-11-27,hepatitis_c,Kerala,Malappuram,Kondotty,11.15,75.9667,1,0,0.1168494027212331,1.6124798171278027e-05,1.6124798171278027e-05
2023-06-05,hepatitis_c,Kerala,Malappuram,Kondotty,11.15,75.9667,1,0,0.0802729548763803,0.3200133835908242,0.3200133835908242
2023-09-16,hepatitis_c,Kerala,Malappuram,Kondotty,11.15,75.9667,0,0,0.1915727533830072,0.0,0.0
2020-10-15,hepatitis_c,Kerala,Malappuram,Nilambur,11.2833,76.2333,0,0,0.2231233029883769,0.0,0.0
2020-10-22,hepatitis_c,Kerala,Malappuram,Nilambur,11.2833,76.2333,1,0,0.1259260748914402,0.0,0.0
2021-09-11,hepatitis_c,Kerala,Malappuram,Nilambur,11.2833,76.2333,0,0,0.0819068991147109,0.0024784290181279,0.0024784290181279
2021-11-25,hepatitis_c,Kerala,Malappuram,Perinthalmanna,10.9667,76.2167,0,0,0.1382468110443079,0.0,0.0
2022-07-07,hepatitis_c,Kerala,Malappuram,Perinthalmanna,10.9667,76.2167,1,0,0.235433709707,0.0,0.0
2022-11-25,hepatitis_c,Kerala,Malappuram,Perinthalmanna,10.9667,76.2167,0,0,0.2577605682839847,0.0652514399004298,0.0652514399004298
2020-10-16,hepatitis_c,Kerala,Malappuram,Tirur,10.9167,75.9167,1,0,0.271934356785652,0.0,0.0
2021-10-17,hepatitis_c,Kerala,Malappuram,Tirur,10.9167,75.9167,0,0,0.083307957131597,0.0004872016485729,0.0004872016485729
2023-10-28,hepatitis_c,Kerala,Malappuram,Tirur,10.9167,75.9167,0,0,0.1163333238573911,0.0,0.0
2023-11-26,hepatitis_c,Kerala,Malappuram,Tirur,10.9167,75.9167,1,0,0.1380038787163323,0.0,0.0
2021-09-09,hepatitis_c,Kerala,Malappuram,Tirurangadi,11.0,75.9333,0,0,0.1386040016253637,0.0,0.0
2022-06-05,hepatitis_c,Kerala,Malappuram,Tirurangadi,11.0,75.9333,0,0,0.1609784614349531,0.0,0.0
2022-10-16,hepatitis_c,Kerala,Malappuram,Tirurangadi,11.0,75.9333,0,0,0.0929925631702924,0.0,0.0
2021-10-18,hepatitis_c,Kerala,Palakkad,Alathur,10.6333,76.55,0,0,0.0669236787905863,0.0,0.0
2022-09-13,hepatitis_c,Kerala,Palakkad,Alathur,10.6333,76.55,0,0,0.1618464297437886,0.0,0.0
2021-07-08,hepatitis_c,Kerala,Palakkad,Chittur,10.7,76.75,0,0,0.1085272723928663,0.0,0.0
2022-09-13,hepatitis_c,Kerala,Palakkad,Chittur,10.7,76.75,0,0,0.0936598748143428,0.0,0.0
2020-09-13,hepatitis_c,Kerala,Palakkad,Mannarkkad,11.0,76.4667,1,0,0.4891775332774724,0.0,0.0
2021-07-07,hepatitis_c,Kerala,Palakkad,Mannarkkad,11.0,76.4667,1,0,0.0780930222062855,0.9999999983333334,0.9999999983333334
2022-09-09,hepatitis_c,Kerala,Palakkad,Mannarkkad,11.0,76.4667,0,0,0.4355296224273502,0.0,0.0
2022-11-27,hepatitis_c,Kerala,Palakkad,Mannarkkad,11.0,76.4667,1,0,0.1686926612258623,0.0068278442256505,0.0068278442256505
2021-10-15,hepatitis_c,Kerala,Palakkad,Ottapalam,10.7667,76.3667,0,0,0.3618665764031131,0.0,0.0
2022-12-31,hepatitis_c,Kerala,Palakkad,Ottapalam,10.7667,76.3667,1,0,0.1061847898374338,0.0,0.0
2023-09-16,hepatitis_c,Kerala,Palakkad,Ottapalam,10.7667,76.3667,1,0,0.1335287999610146,0.0236214545242375,0.0236214545242375
2023-11-28,hepatitis_c,Kerala,Palakkad,Ottapalam,10.7667,76.3667,1,0,0.1906610800877475,0.0,0.0
2021-10-14,hepatitis_c,Kerala,Palakkad,Palakkad,10.78789845,76.47408711,0,0,0.1410219355010256,0.0,0.0
2021-10-16,hepatitis_c,Kerala,Palakkad,Palakkad,10.78789845,76.47408711,1,0,0.1106102104779702,0.0,0.0
2024-01-02,hepatitis_c,Kerala,Palakkad,Palakkad,10.78789845,76.47408711,0,0,0.0897738282110843,0.0187910741002714,0.0187910741002714
2021-07-08,hepatitis_c,Kerala,Palakkad,Pattambi,10.8,76.2,1,0,0.0714058631416888,0.0,0.0
2022-11-23,hepatitis_c,Kerala,Palakkad,Pattambi,10.8,76.2,1,0,0.1694652221975004,0.001388351813261,0.001388351813261
2022-11-28,hepatitis_c,Kerala,Palakkad,Pattambi,10.8,76.2,0,1,0.748521670465296,0.0079848208725478,0.0079848208725478
2023-09-11,hepatitis_c,Kerala,Palakkad,Pattambi,10.8,76.2,0,0,0.1025648799799514,0.0,0.0
2023-09-11,hepatitis_c,Kerala,Palakkad,Pattambi,10.8,76.2,0,0,0.078195531667808,4.031199542819508e-05,4.031199542819508e-05
2023-07-08,hepatitis_c,Kerala,Pathanamthitta,Adoor,9.1667,76.7333,1,0,0.1246748284717395,0.0,0.0
2023-07-15,hepatitis_c,Kerala,Pathanamthitta,Adoor,9.1667,76.7333,0,0,0.344813339626381,0.0,0.0
2024-09-11,hepatitis_c,Kerala,Pathanamthitta,Adoor,9.1667,76.7333,0,0,0.1647763782723828,2.3035425958968614e-05,2.3035425958968614e-05
2021-10-16,hepatitis_c,Kerala,Pathanamthitta,Konni,9.2667,76.9333,1,0,0.2952508321604496,0.0,0.0
2022-06-05,hepatitis_c,Kerala,Pathanamthitta,Konni,9.2667,76.9333,1,1,0.6885932830791911,0.0059515311961788,0.0059515311961788
2022-11-25,hepatitis_c,Kerala,Pathanamthitta,Konni,9.2667,76.9333,0,0,0.2396783358771412,0.0424995716031138,0.0424995716031138
2023-07-15,hepatitis_c,Kerala,Pathanamthitta,Konni,9.2667,76.9333,0,0,0.238615875253181,0.0,0.0
2023-10-16,hepatitis_c,Kerala,Pathanamthitta,Konni,9.2667,76.9333,0,0,0.249133286902935,0.0,0.0
2023-12-30,hepatitis_c,Kerala,Pathanamthitta,Konni,9.2667,76.9333,0,0,0.2528822524195132,0.0016124798171278,0.0016124798171278
2024-11-26,hepatitis_c,Kerala,Pathanamthitta,Konni,9.2667,76.9333,0,0,0.2999961315248485,0.0019778901753326,0.0019778901753326
2020-10-20,hepatitis_c,Kerala,Pathanamthitta,Kozhenchery,9.2780841,76.9737443,1,0,0.0794965939177122,0.0,0.0
2020-01-01,hepatitis_c,Kerala,Pathanamthitta,Mallappally,9.3833,76.6833,1,1,0.6323565747000677,0.0,0.0
2020-07-07,hepatitis_c,Kerala,Pathanamthitta,Mallappally,9.3833,76.6833,0,1,0.6879413768583817,0.0,0.0
2023-01-01,hepatitis_c,Kerala,Pathanamthitta,Mallappally,9.3833,76.6833,0,1,0.6471737036229367,0.0,0.0
2021-06-05,hepatitis_c,Kerala,Pathanamthitta,Ranni,9.3833,76.9667,1,1,0.5971249112940911,0.0,0.0
2022-03-03,hepatitis_c,Kerala,Pathanamthitta,Ranni,9.3833,76.9667,1,1,0.5180228877355283,0.0039032954727235,0.0039032954727235
2022-07-08,hepatitis_c,Kerala,Pathanamthitta,Thiruvalla,9.3833,76.5833,1,0,0.3446988967695367,0.0,0.0
2022-10-20,hepatitis_c,Kerala,Pathanamthitta,Thiruvalla,9.3833,76.5833,0,0,0.1143598553773832,0.0,0.0
2023-06-04,hepatitis_c,Kerala,Pathanamthitta,Thiruvalla,9.3833,76.5833,0,0,0.1360940333655328,0.0,0.0
2021-10-19,hepatitis_c,Kerala,Thiruvananthapuram,Chirayinkeezhu,8.6963,76.8153,1,0,0.0948823194321236,0.0,0.0
2022-10-23,hepatitis_c,Kerala,Thiruvananthapuram,Chirayinkeezhu,8.6963,76.8153,0,0,0.2094442730148681,0.0,0.0
2021-10-18,hepatitis_c,Kerala,Thiruvananthapuram,Kattakkada,8.5667,77.1,1,0,0.3551917055160559,0.0,0.0
2020-11-25,hepatitis_c,Kerala,Thiruvananthapuram,Nedumangad,8.6036,77.0031,0,0,0.2982036570754557,0.0,0.0
2021-07-07,hepatitis_c,Kerala,Thiruvananthapuram,Nedumangad,8.6036,77.0031,1,1,0.6916838724960823,0.0,0.0
2021-09-09,hepatitis_c,Kerala,Thiruvananthapuram,Nedumangad,8.6036,77.0031,1,0,0.0999360115955314,0.0087142881461507,0.0087142881461507
2020-10-21,hepatitis_c,Kerala,Thiruvananthapuram,Neyyattinkara,8.4004,77.0872,1,0,0.1065954258382501,0.0,0.0
2022-07-08,hepatitis_c,Kerala,Thiruvananthapuram,Neyyattinkara,8.4004,77.0872,0,0,0.0667876823272537,0.0007273085445559,0.0007273085445559
2023-09-09,hepatitis_c,Kerala,Thiruvananthapuram,Neyyattinkara,8.4004,77.0872,0,0,0.1930563624788293,0.0,0.0
2022-07-06,hepatitis_c,Kerala,Thiruvananthapuram,Thiruvananthapuram,8.4882267,76.947551,1,0,0.2694066567344091,0.0,0.0
2023-06-17,hepatitis_c,Kerala,Thiruvananthapuram,Thiruvananthapuram,8.4882267,76.947551,0,0,0.1081448824782782,0.0,0.0
2021-10-21,hepatitis_c,Kerala,Thrissur,Chalakudy,10.3,76.3333,1,0,0.1999616697467388,0.0,0.0
2020-09-12,hepatitis_c,Kerala,Thrissur,Chavakkad,10.5833,76.0167,1,0,0.2363891527835779,0.0,0.0
2022-07-08,hepatitis_c,Kerala,Thrissur,Chavakkad,10.5833,76.0167,1,0,0.266266487889038,0.000824948688871,0.000824948688871
2023-10-07,hepatitis_c,Kerala,Thrissur,Chavakkad,10.5833,76.0167,1,0,0.1582107948736648,0.0034714671137258,0.0034714671137258
2022-11-27,hepatitis_c,Kerala,Thrissur,Kodungallur,10.2333,76.2,0,0,0.2880986459040794,0.0,0.0
2020-07-08,hepatitis_c,Kerala,Thrissur,Kunnamkulam,10.65,76.0667,1,0,0.232534259795396,0.0,0.0
2021-03-04,hepatitis_c,Kerala,Thrissur,Kunnamkulam,10.65,76.0667,0,0,0.2768078660263242,0.0,0.0
2021-10-20,hepatitis_c,Kerala,Thrissur,Kunnamkulam,10.65,76.0667,0,0,0.1699999534196965,0.0,0.0
2022-07-06,hepatitis_c,Kerala,Thrissur,Kunnamkulam,10.65,76.0667,0,0,0.1568330689133089,0.0,0.0
2023-10-07,hepatitis_c,Kerala,Thrissur,Kunnamkulam,10.65,76.0667,1,1,0.6669321791504044,7.23103765474263e-05,7.23103765474263e-05
2022-01-01,hepatitis_c,Kerala,Thrissur,Mukundapuram,10.3333,76.2167,1,1,0.6036190646691942,0.0,0.0
2022-01-01,hepatitis_c,Kerala,Thrissur,Mukundapuram,10.3333,76.2167,0,1,0.6772022549321474,0.00462364737606,0.00462364737606
2020-07-08,hepatitis_c,Kerala,Thrissur,Thrissur,10.5256264,76.2132542,1,1,0.6620774354478753,0.0,0.0
2020-10-22,hepatitis_c,Kerala,Thrissur,Thrissur,10.5256264,76.2132542,1,1,0.5691081395154977,0.1776831657033558,0.1776831657033558
2020-11-24,hepatitis_c,Kerala,Thrissur,Thrissur,10.5256264,76.2132542,0,1,0.6638957121186898,0.0,0.0
2020-11-29,hepatitis_c,Kerala,Thrissur,Thrissur,10.5256264,76.2132542,0,1,0.6116157978543653,0.0,0.0
2021-10-17,hepatitis_c,Kerala,Thrissur,Thrissur,10.5256264,76.2132542,0,0,0.4388633588570789,0.0036818289157751,0.0036818289157751
2024-06-05,hepatitis_c,Kerala,Thrissur,Thrissur,10.5256264,76.2132542,0,0,0.1745131349305007,0.0,0.0
2021-03-03,hepatitis_c,Kerala,Wayanad,Sulthan Bathery,11.6667,76.2667,1,1,0.6790156190068128,0.0,0.0
2021-09-09,hepatitis_c,Kerala,Wayanad,Sulthan Bathery,11.6667,76.2667,0,1,0.6586148423165724,0.0,0.0
2022-06-05,hepatitis_c,Kerala,Wayanad,Sulthan Bathery,11.6667,76.2667,0,0,0.087036377742681,0.0,0.0
2020-12-30,hepatitis_c,Kerala,Wayanad,Vythiri,11.6226,76.0813,1,0,0.109710161566594,0.0,0.0
2022-12-30,hepatitis_c,Kerala,Wayanad,Vythiri,11.6226,76.0813,1,0,0.0930970403280461,0.0112290424834412,0.0112290424834412
2024-07-06,hepatitis_c,Kerala,Wayanad,Vythiri,11.6226,76.0813,0,0,0.1452846950701588,0.0002106410837169,0.0002106410837169
2023-12-05,hepatitis_e,Kerala,Ernakulam,Aluva,10.1075,76.3516,1,0,0.1216224693809117,0.0,0.0
2021-12-25,hepatitis_e,Kerala,Kottayam,Changanassery,9.45,76.5333,1,1,0.6575314061135826,0.0,0.0
2022-12-09,hepatitis_e,Kerala,Kozhikode,Thamarassery,11.2667,75.9333,1,1,0.6256452257438959,0.0,0.0
2022-12-19,hepatitis_e,Kerala,Palakkad,Pattambi,10.8,76.2,1,1,0.670714103161414,0.0,0.0
2021-12-13,hepatitis_e,Kerala,Pathanamthitta,Mallappally,9.3833,76.6833,1,1,0.6375869544765986,0.0,0.0
2022-12-03,hepatitis_e,Kerala,Thrissur,Talappilly,10.6667,76.25,1,1,0.6470579856937647,0.0,0.0
2022-12-11,hepatitis_e,Kerala,Thrissur,Talappilly,10.6667,76.25,1,0,0.1841185764936931,0.0003396543544511,0.0003396543544511
2024-12-04,hepatitis_e,Kerala,Thrissur,Talappilly,10.6667,76.25,0,1,0.6753549208112496,0.0535282227192937,0.0535282227192937
2020-12-24,influenza_h1n1_seasonal,Kerala,Alappuzha,Ambalappuzha,9.5006651,76.41241429,1,0,0.4217616458117812,0.0,0.0
2020-11-20,influenza_h1n1_seasonal,Kerala,Alappuzha,Chenganoor,9.3167,76.6167,0,0,0.0766003290523323,0.0,0.0
2023-12-28,influenza_h1n1_seasonal,Kerala,Alappuzha,Chenganoor,9.3167,76.6167,1,0,0.2848863934409109,0.0,0.0
2023-11-12,influenza_h1n1_seasonal,Kerala,Alappuzha,Cherthala,9.6833,76.3333,1,1,0.6055660566206921,0.0,0.0
2023-12-23,influenza_h1n1_seasonal,Kerala,Alappuzha,Cherthala,9.6833,76.3333,0,1,0.6355461590428992,0.0,0.0
2023-12-23,influenza_h1n1_seasonal,Kerala,Alappuzha,Cherthala,9.6833,76.3333,1,0,0.4533913051140456,0.0,0.0
2022-10-05,influenza_h1n1_seasonal,Kerala,Alappuzha,Kuttanad,9.5833,76.4167,1,0,0.229291435823167,0.0,0.0
2022-11-12,influenza_h1n1_seasonal,Kerala,Alappuzha,Kuttanad,9.5833,76.4167,1,0,0.236487768266491,0.0008032655385612,0.0008032655385612
2022-11-15,influenza_h1n1_seasonal,Kerala,Alappuzha,Kuttanad,9.5833,76.4167,1,0,0.4335117887629159,0.0005570322420894,0.0005570322420894
2020-11-11,influenza_h1n1_seasonal,Kerala,Alappuzha,Mavelikkara,9.2667,76.55,1,0,0.1438618882725234,0.0,0.0
2023-11-25,influenza_h1n1_seasonal,Kerala,Alappuzha,Mavelikkara,9.2667,76.55,0,0,0.2280298899014293,0.0017726077608968,0.0017726077608968
2024-11-14,influenza_h1n1_seasonal,Kerala,Alappuzha,Mavelikkara,9.2667,76.55,0,1,0.6540362846198464,0.0,0.0
2023-12-09,influenza_h1n1_seasonal,Kerala,Ernakulam,Aluva,10.1075,76.3516,1,0,0.2115051652256473,0.0,0.0
2023-12-23,influenza_h1n1_seasonal,Kerala,Ernakulam,Aluva,10.1075,76.3516,0,0,0.0994372981071083,0.0907050197431786,0.0907050197431786
2024-11-11,influenza_h1n1_seasonal,Kerala,Ernakulam,Aluva,10.1075,76.3516,0,0,0.2458108721614981,0.0,0.0
2022-10-03,influenza_h1n1_seasonal,Kerala,Ernakulam,Kanayannur,9.98408,76.2741457,1,0,0.2619464295861306,0.0,0.0
2023-10-07,influenza_h1n1_seasonal,Kerala,Ernakulam,Kanayannur,9.98408,76.2741457,0,0,0.3624633470425052,0.0081981361230504,0.0081981361230504
2020-11-16,influenza_h1n1_seasonal,Kerala,Ernakulam,Kochi,9.9312,76.2673,0,1,0.6126631306262025,0.0,0.0
2020-11-20,influenza_h1n1_seasonal,Kerala,Ernakulam,Kochi,9.9312,76.2673,0,1,0.5643536664815746,0.0,0.0
2023-12-30,influenza_h1n1_seasonal,Kerala,Ernakulam,Kochi,9.9312,76.2673,0,0,0.1814516088184616,0.0,0.0
2023-12-30,influenza_h1n1_seasonal,Kerala,Ernakulam,Kochi,9.9312,76.2673,0,0,0.4089908225769129,0.0,0.0
2024-10-02,influenza_h1n1_seasonal,Kerala,Ernakulam,Kochi,9.9312,76.2673,0,0,0.4109272644075377,0.0,0.0
2022-12-28,influenza_h1n1_seasonal,Kerala,Ernakulam,Kothamangalam,10.0667,76.6333,0,0,0.0956384417568963,0.0,0.0
2023-12-25,influenza_h1n1_seasonal,Kerala,Ernakulam,Kothamangalam,10.0667,76.6333,0,0,0.0828219482721425,0.0,0.0
2023-11-18,influenza_h1n1_seasonal,Kerala,Ernakulam,Muvattupuzha,9.9833,76.5833,1,0,0.2145275770920835,0.0,0.0
2024-10-01,influenza_h1n1_seasonal,Kerala,Ernakulam,Muvattupuzha,9.9833,76.5833,1,0,0.1597671443945316,0.0001298785280626,0.0001298785280626
2024-12-23,influenza_h1n1_seasonal,Kerala,Ernakulam,Muvattupuzha,9.9833,76.5833,0,0,0.2364566054076601,0.059321081809117,0.059321081809117
2022-11-10,influenza_h1n1_seasonal,Kerala,Ernakulam,North Paravur,10.1333,76.2,0,0,0.1705878776447934,0.0,0.0
2020-11-09,influenza_h1n1_seasonal,Kerala,Idukki,Devikulam,10.0667,77.1,1,0,0.0534797865077026,0.0,0.0
2022-10-02,influenza_h1n1_seasonal,Kerala,Idukki,Devikulam,10.0667,77.1,1,0,0.0914754509120076,0.0042192354307101,0.0042192354307101
2022-12-27,influenza_h1n1_seasonal,Kerala,Idukki,Devikulam,10.0667,77.1,1,1,0.6763363636375337,0.0,0.0
2024-10-01,influenza_h1n1_seasonal,Kerala,Idukki,Devikulam,10.0667,77.1,1,0,0.3875220457797517,0.0077944591146707,0.0077944591146707
2024-12-28,influenza_h1n1_seasonal,Kerala,Idukki,Devikulam,10.0667,77.1,0,0,0.0943589852436204,0.3235681958555081,0.3235681958555081
2020-11-20,influenza_h1n1_seasonal,Kerala,Idukki,Idukki,9.8497872,76.9797914,0,0,0.498867828638123,0.0,0.0
2023-12-28,influenza_h1n1_seasonal,Kerala,Idukki,Idukki,9.8497872,76.9797914,0,1,0.5011178985956272,0.0,0.0
2022-12-30,influenza_h1n1_seasonal,Kerala,Idukki,Peerumade,9.5667,76.9667,1,0,0.1492877867375902,0.0,0.0
2023-10-03,influenza_h1n1_seasonal,Kerala,Idukki,Peerumade,9.5667,76.9667,1,0,0.3800214777441604,0.9999999983333334,0.9999999983333334
2022-10-01,influenza_h1n1_seasonal,Kerala,Idukki,Thodupuzha,9.8955,76.7241,0,0,0.2869612797264486,0.0,0.0
2022-10-05,influenza_h1n1_seasonal,Kerala,Idukki,Thodupuzha,9.8955,76.7241,0,0,0.096903724384801,0.0,0.0
2022-10-06,influenza_h1n1_seasonal,Kerala,Idukki,Thodupuzha,9.8955,76.7241,1,0,0.3132021468711225,0.0,0.0
2022-11-21,influenza_h1n1_seasonal,Kerala,Idukki,Thodupuzha,9.8955,76.7241,0,0,0.4525269696360968,0.009748385803912,0.009748385803912
2023-10-21,influenza_h1n1_seasonal,Kerala,Idukki,Thodupuzha,9.8955,76.7241,0,0,0.176840602515352,0.0,0.0
2023-12-26,influenza_h1n1_seasonal,Kerala,Idukki,Thodupuzha,9.8955,76.7241,1,1,0.5861406002904804,0.0,0.0
2024-11-11,influenza_h1n1_seasonal,Kerala,Idukki,Thodupuzha,9.8955,76.7241,0,1,0.6777939821165622,0.1411465905807317,0.1411465905807317
2020-11-20,influenza_h1n1_seasonal,Kerala,Kannur,Kannur,11.8763836,75.3737973,1,1,0.6907295364783124,0.0,0.0
2022-10-05,influenza_h1n1_seasonal,Kerala,Kannur,Kannur,11.8763836,75.3737973,1,1,0.6912401581984586,0.1799701898542718,0.1799701898542718
2022-12-28,influenza_h1n1_seasonal,Kerala,Kannur,Kannur,11.8763836,75.3737973,0,1,0.6342368423305326,0.0,0.0
2023-10-01,influenza_h1n1_seasonal,Kerala,Kannur,Kannur,11.8763836,75.3737973,0,1,0.6621294044767088,0.0,0.0
2023-11-21,influenza_h1n1_seasonal,Kerala,Kannur,Kannur,11.8763836,75.3737973,0,1,0.670858469125681,0.0,0.0
2022-10-04,influenza_h1n1_seasonal,Kerala,Kannur,Payyanur,12.1,75.2,1,0,0.238625564760343,0.0,0.0
2020-11-15,influenza_h1n1_seasonal,Kerala,Kasaragod,Manjeshwaram,12.7167,74.8833,1,1,0.7177232325325476,0.0,0.0
2020-11-17,influenza_h1n1_seasonal,Kerala,Kasaragod,Manjeshwaram,12.7167,74.8833,0,1,0.725925492574472,0.0003909130901562,0.0003909130901562
2022-10-01,influenza_h1n1_seasonal,Kerala,Kasaragod,Manjeshwaram,12.7167,74.8833,0,1,0.7022680661420211,0.0,0.0
2022-12-24,influenza_h1n1_seasonal,Kerala,Kasaragod,Manjeshwaram,12.7167,74.8833,0,1,0.5673626288504285,0.0006322986577245,0.0006322986577245
2024-11-11,influenza_h1n1_seasonal,Kerala,Kasaragod,Manjeshwaram,12.7167,74.8833,1,1,0.72829270746359,0.0,0.0
2024-11-19,influenza_h1n1_seasonal,Kerala,Kasaragod,Manjeshwaram,12.7167,74.8833,1,0,0.2849797469002937,0.0053162079342293,0.0053162079342293
2024-11-08,influenza_h1n1_seasonal,Kerala,Kasaragod,Nileshwaram,12.25,75.1,1,1,0.7325071038438612,0.0,0.0
2022-11-15,influenza_h1n1_seasonal,Kerala,Kasaragod,Vellarikundu,12.4167,75.2333,1,1,0.7192588861105601,0.0,0.0
2022-12-23,influenza_h1n1_seasonal,Kerala,Kasaragod,Vellarikundu,12.4167,75.2333,0,1,0.6801175114285651,0.0,0.0
2020-12-24,influenza_h1n1_seasonal,Kerala,Kollam,Karunagappally,9.0574,76.5334,1,1,0.6739754390617724,0.0,0.0
2020-11-13,influenza_h1n1_seasonal,Kerala,Kollam,Kunnathoor,9.0292,76.627,1,0,0.2681065636061578,0.0,0.0
2023-10-05,influenza_h1n1_seasonal,Kerala,Kollam,Kunnathoor,9.0292,76.627,1,1,0.7224917981409001,5.165332649912924e-05,5.165332649912924e-05
2023-11-17,influenza_h1n1_seasonal,Kerala,Kollam,Kunnathoor,9.0292,76.627,1,1,0.737246789059599,0.0039690568562368,0.0039690568562368
2022-10-07,influenza_h1n1_seasonal,Kerala,Kollam,Pathanapuram,9.1,76.87,1,0,0.3138251295057236,0.0,0.0
2023-10-03,influenza_h1n1_seasonal,Kerala,Kollam,Pathanapuram,9.1,76.87,1,1,0.7199765150883617,0.0,0.0
2022-11-09,influenza_h1n1_seasonal,Kerala,Kottayam,Changanassery,9.45,76.5333,1,0,0.0890680698570441,0.0,0.0
2022-11-11,influenza_h1n1_seasonal,Kerala,Kottayam,Changanassery,9.45,76.5333,0,0,0.1006346749306605,3.502319544229706e-05,3.502319544229706e-05
2022-12-24,influenza_h1n1_seasonal,Kerala,Kottayam,Changanassery,9.45,76.5333,1,0,0.2451144580939223,0.0,0.0
2023-10-04,influenza_h1n1_seasonal,Kerala,Kottayam,Changanassery,9.45,76.5333,1,0,0.1947401316453031,0.3362844115290449,0.3362844115290449
2023-11-04,influenza_h1n1_seasonal,Kerala,Kottayam,Changanassery,9.45,76.5333,1,0,0.2944897418079664,0.0,0.0
2023-11-10,influenza_h1n1_seasonal,Kerala,Kottayam,Changanassery,9.45,76.5333,0,1,0.7351872341024098,0.0120292079786061,0.0120292079786061
2022-11-09,influenza_h1n1_seasonal,Kerala,Kottayam,Kanjirappally,9.5667,76.7833,1,0,0.2178929025016928,0.0,0.0
2023-11-04,influenza_h1n1_seasonal,Kerala,Kottayam,Kanjirappally,9.5667,76.7833,0,0,0.1059985805845354,0.0,0.0
2023-11-08,influenza_h1n1_seasonal,Kerala,Kottayam,Kanjirappally,9.5667,76.7833,0,0,0.1172194764831941,0.0,0.0
2023-12-23,influenza_h1n1_seasonal,Kerala,Kottayam,Kanjirappally,9.5667,76.7833,0,1,0.7154763953779146,0.0001074986544751,0.0001074986544751
2023-12-27,influenza_h1n1_seasonal,Kerala,Kottayam,Kanjirappally,9.5667,76.7833,1,0,0.1957967446383395,0.0005298147970562,0.0005298147970562
2024-11-09,influenza_h1n1_seasonal,Kerala,Kottayam,Kanjirappally,9.5667,76.7833,0,1,0.7126140806855763,0.9999999983333334,0.9999999983333334
2022-11-07,influenza_h1n1_seasonal,Kerala,Kottayam,Meenachil,9.7167,76.6833,1,1,0.650295565741287,0.0,0.0
2023-11-09,influenza_h1n1_seasonal,Kerala,Kottayam,Meenachil,9.7167,76.6833,0,1,0.6751780849830199,0.0076330620274342,0.0076330620274342
2020-10-04,influenza_h1n1_seasonal,Kerala,Kottayam,Vaikom,9.75,76.4,1,1,0.6957128132708835,0.0,0.0
2022-10-03,influenza_h1n1_seasonal,Kerala,Kottayam,Vaikom,9.75,76.4,1,0,0.0797465824410183,0.0004178492771592,0.0004178492771592
2023-12-22,influenza_h1n1_seasonal,Kerala,Kottayam,Vaikom,9.75,76.4,1,0,0.0425077406939114,0.0021352306989344,0.0021352306989344
2020-11-14,influenza_h1n1_seasonal,Kerala,Kozhikode,Koyilandy,11.4333,75.7,1,0,0.095776373364122,0.0,0.0
2020-11-09,influenza_h1n1_seasonal,Kerala,Kozhikode,Kozhikode,11.2450558,75.7754716,0,0,0.1546291830571661,0.0,0.0
2020-12-27,influenza_h1n1_seasonal,Kerala,Kozhikode,Kozhikode,11.2450558,75.7754716,0,0,0.1676184777874687,0.0,0.0
2024-10-01,influenza_h1n1_seasonal,Kerala,Kozhikode,Kozhikode,11.2450558,75.7754716,0,0,0.2272771559569179,0.0039505755519631,0.0039505755519631
2023-11-20,influenza_h1n1_seasonal,Kerala,Kozhikode,Vadakara,11.6,75.5833,0,0,0.0947715490670865,0.0,0.0
2023-12-26,influenza_h1n1_seasonal,Kerala,Kozhikode,Vadakara,11.6,75.5833,1,0,0.1198193266250318,0.0,0.0
2024-10-01,influenza_h1n1_seasonal,Kerala,Kozhikode,Vadakara,11.6,75.5833,1,0,0.2422191753496309,0.0023676836131238,0.0023676836131238
2020-11-19,influenza_h1n1_seasonal,Kerala,Malappuram,Ernad,11.1201,76.1197,1,1,0.6815681517740785,0.0,0.0
2020-11-11,influenza_h1n1_seasonal,Kerala,Malappuram,Kondotty,11.15,75.9667,1,0,0.090395673932667,0.0,0.0
2024-12-26,influenza_h1n1_seasonal,Kerala,Malappuram,Kondotty,11.15,75.9667,0,0,0.1347980502861717,0.0028711956128772,0.0028711956128772
2022-12-30,influenza_h1n1_seasonal,Kerala,Malappuram,Nilambur,11.2833,76.2333,1,1,0.559048861452914,0.0,0.0
2023-11-13,influenza_h1n1_seasonal,Kerala,Malappuram,Nilambur,11.2833,76.2333,1,1,0.5654230321832907,0.0596219951430516,0.0596219951430516
2024-11-10,influenza_h1n1_seasonal,Kerala,Malappuram,Nilambur,11.2833,76.2333,1,0,0.1759910622606866,0.0044343076706632,0.0044343076706632
2020-10-04,influenza_h1n1_seasonal,Kerala,Malappuram,Perinthalmanna,10.9667,76.2167,1,0,0.3329501369287712,0.0,0.0
2020-12-30,influenza_h1n1_seasonal,Kerala,Malappuram,Perinthalmanna,10.9667,76.2167,1,0,0.1586721190537595,0.0243050287164204,0.0243050287164204
2023-11-09,influenza_h1n1_seasonal,Kerala,Malappuram,Perinthalmanna,10.9667,76.2167,0,1,0.6583694211299362,0.0,0.0
2024-11-16,influenza_h1n1_seasonal,Kerala,Malappuram,Ponnani,10.7667,75.9167,0,0,0.2160322559338609,0.0,0.0
2023-11-10,influenza_h1n1_seasonal,Kerala,Malappuram,Tirurangadi,11.0,75.9333,0,0,0.1434828685414108,0.0,0.0
2023-12-23,influenza_h1n1_seasonal,Kerala,Malappuram,Tirurangadi,11.0,75.9333,1,0,0.154148035008148,0.000444723940778,0.000444723940778
2022-11-09,influenza_h1n1_seasonal,Kerala,Palakkad,Chittur,10.7,76.75,0,0,0.1473935311648476,0.0,0.0
2023-11-11,influenza_h1n1_seasonal,Kerala,Palakkad,Chittur,10.7,76.75,0,0,0.038037840225405,0.0,0.0
2023-10-07,influenza_h1n1_seasonal,Kerala,Palakkad,Mannarkkad,11.0,76.4667,1,0,0.0492453700020503,0.0,0.0
2020-11-12,influenza_h1n1_seasonal,Kerala,Palakkad,Ottapalam,10.7667,76.3667,0,1,0.6994788050891013,0.0,0.0
2020-11-15,influenza_h1n1_seasonal,Kerala,Palakkad,Ottapalam,10.7667,76.3667,1,0,0.1550614451038349,0.0,0.0
2023-11-10,influenza_h1n1_seasonal,Kerala,Palakkad,Ottapalam,10.7667,76.3667,1,0,0.1907016795791363,0.0024543608251476,0.0024543608251476
2023-10-04,influenza_h1n1_seasonal,Kerala,Palakkad,Palakkad,10.78789845,76.47408711,1,0,0.117134763268391,0.0,0.0
2023-11-21,influenza_h1n1_seasonal,Kerala,Palakkad,Palakkad,10.78789845,76.47408711,0,0,0.072632207151762,0.0,0.0
2024-10-05,influenza_h1n1_seasonal,Kerala,Palakkad,Palakkad,10.78789845,76.47408711,0,0,0.4828587500205666,4.2433679398100055e-06,4.2433679398100055e-06
2024-11-10,influenza_h1n1_seasonal,Kerala,Palakkad,Palakkad,10.78789845,76.47408711,0,1,0.6388467055384728,0.0,0.0
2022-11-20,influenza_h1n1_seasonal,Kerala,Palakkad,Pattambi,10.8,76.2,1,0,0.0464023301490201,0.0,0.0
2023-12-28,influenza_h1n1_seasonal,Kerala,Palakkad,Pattambi,10.8,76.2,0,0,0.0755181607328216,0.0,0.0
2022-11-16,influenza_h1n1_seasonal,Kerala,Pathanamthitta,Adoor,9.1667,76.7333,1,0,0.0726072288220578,0.0,0.0
2023-11-21,influenza_h1n1_seasonal,Kerala,Pathanamthitta,Adoor,9.1667,76.7333,0,1,0.7056818738412859,5.795279225613556e-05,5.795279225613556e-05
2023-11-12,influenza_h1n1_seasonal,Kerala,Pathanamthitta,Konni,9.2667,76.9333,1,0,0.3327375664455334,0.0,0.0
2024-10-01,influenza_h1n1_seasonal,Kerala,Pathanamthitta,Kozhenchery,9.2780841,76.9737443,1,0,0.080250577712593,0.0,0.0
2022-11-13,influenza_h1n1_seasonal,Kerala,Pathanamthitta,Mallappally,9.3833,76.6833,1,0,0.2830554977019049,0.0,0.0
2023-11-18,influenza_h1n1_seasonal,Kerala,Pathanamthitta,Mallappally,9.3833,76.6833,1,1,0.6499300545555718,0.9999999983333334,0.9999999983333334
2022-11-08,influenza_h1n1_seasonal,Kerala,Pathanamthitta,Ranni,9.3833,76.9667,0,0,0.1833313150323809,0.0,0.0
2023-11-19,influenza_h1n1_seasonal,Kerala,Pathanamthitta,Thiruvalla,9.3833,76.5833,1,0,0.2282978775145126,0.0,0.0
2020-11-12,influenza_h1n1_seasonal,Kerala,Thiruvananthapuram,Kattakkada,8.5667,77.1,1,0,0.1876091898123133,0.0,0.0
2024-10-02,influenza_h1n1_seasonal,Kerala,Thiruvananthapuram,Kattakkada,8.5667,77.1,0,0,0.101700306197181,0.0,0.0
2022-10-06,influenza_h1n1_seasonal,Kerala,Thiruvananthapuram,Nedumangad,8.6036,77.0031,1,0,0.1272745324336986,0.0,0.0
2023-11-12,influenza_h1n1_seasonal,Kerala,Thiruvananthapuram,Nedumangad,8.6036,77.0031,1,0,0.243224402150065,0.0553099445265771,0.0553099445265771
2022-12-29,influenza_h1n1_seasonal,Kerala,Thiruvananthapuram,Neyyattinkara,8.4004,77.0872,1,1,0.5220173245687825,0.0,0.0
2023-12-02,influenza_h1n1_seasonal,Kerala,Thiruvananthapuram,Neyyattinkara,8.4004,77.0872,1,0,0.0458343122893208,0.0007171055034443,0.0007171055034443
2024-10-06,influenza_h1n1_seasonal,Kerala,Thiruvananthapuram,Neyyattinkara,8.4004,77.0872,0,0,0.0494072671020306,0.0081102063478213,0.0081102063478213
2024-12-24,influenza_h1n1_seasonal,Kerala,Thiruvananthapuram,Neyyattinkara,8.4004,77.0872,0,1,0.7098003020107891,0.0,0.0
2024-12-25,influenza_h1n1_seasonal,Kerala,Thiruvananthapuram,Neyyattinkara,8.4004,77.0872,1,1,0.6777873768758159,1.007799885704877e-05,1.007799885704877e-05
2022-11-08,influenza_h1n1_seasonal,Kerala,Thiruvananthapuram,Thiruvananthapuram,8.4882267,76.947551,1,0,0.1726610512117611,0.0,0.0
2024-11-09,influenza_h1n1_seasonal,Kerala,Thiruvananthapuram,Thiruvananthapuram,8.4882267,76.947551,0,0,0.0567497216818329,0.0051628633031932,0.0051628633031932
2020-11-08,influenza_h1n1_seasonal,Kerala,Thiruvananthapuram,Varkala,8.7379,76.7163,1,0,0.0437593935876232,0.0,0.0
2023-10-07,influenza_h1n1_seasonal,Kerala,Thiruvananthapuram,Varkala,8.7379,76.7163,1,0,0.0358830322832431,0.0006708328506266,0.0006708328506266
2023-11-13,influenza_h1n1_seasonal,Kerala,Thiruvananthapuram,Varkala,8.7379,76.7163,1,0,0.2314583751084169,0.0021235275125806,0.0021235275125806
2023-11-18,influenza_h1n1_seasonal,Kerala,Thiruvananthapuram,Varkala,8.7379,76.7163,0,0,0.1991268808894584,0.0013563370954083,0.0013563370954083
2022-12-27,influenza_h1n1_seasonal,Kerala,Thrissur,Chalakudy,10.3,76.3333,1,0,0.1868605004320007,0.0,0.0
2022-10-05,influenza_h1n1_seasonal,Kerala,Thrissur,Kodungallur,10.2333,76.2,1,0,0.2768623562701708,0.0,0.0
2023-10-02,influenza_h1n1_seasonal,Kerala,Thrissur,Kodungallur,10.2333,76.2,0,0,0.1621051024595718,0.000476221269563,0.000476221269563
2023-12-28,influenza_h1n1_seasonal,Kerala,Thrissur,Kodungallur,10.2333,76.2,1,0,0.1672834148814454,0.0,0.0
2024-10-02,influenza_h1n1_seasonal,Kerala,Thrissur,Kodungallur,10.2333,76.2,1,0,0.2590240858739332,0.9999999983333334,0.9999999983333334
2020-11-13,influenza_h1n1_seasonal,Kerala,Thrissur,Mukundapuram,10.3333,76.2167,1,0,0.38328689880869,0.0,0.0
2020-12-24,influenza_h1n1_seasonal,Kerala,Thrissur,Mukundapuram,10.3333,76.2167,0,0,0.4512767755723887,0.0,0.0
2023-10-05,influenza_h1n1_seasonal,Kerala,Thrissur,Mukundapuram,10.3333,76.2167,1,0,0.2908052154250277,0.0,0.0
2023-12-28,influenza_h1n1_seasonal,Kerala,Thrissur,Mukundapuram,10.3333,76.2167,0,1,0.6728006771911725,0.0024329036197034,0.0024329036197034
2023-12-31,influenza_h1n1_seasonal,Kerala,Thrissur,Mukundapuram,10.3333,76.2167,0,1,0.5692932408712036,0.0,0.0
2020-11-08,influenza_h1n1_seasonal,Kerala,Thrissur,Talappilly,10.6667,76.25,1,0,0.4872561606830096,0.0,0.0
2022-10-03,influenza_h1n1_seasonal,Kerala,Thrissur,Talappilly,10.6667,76.25,0,0,0.1954373514598911,0.0,0.0
2022-11-13,influenza_h1n1_seasonal,Kerala,Thrissur,Talappilly,10.6667,76.25,0,0,0.0956681328385649,0.0,0.0
2022-12-24,influenza_h1n1_seasonal,Kerala,Thrissur,Talappilly,10.6667,76.25,0,0,0.1741043483392008,0.0,0.0
2022-12-26,influenza_h1n1_seasonal,Kerala,Thrissur,Talappilly,10.6667,76.25,0,0,0.0967814631625592,0.007457719154216,0.007457719154216
2023-11-09,influenza_h1n1_seasonal,Kerala,Thrissur,Talappilly,10.6667,76.25,0,0,0.1778728932690496,0.0,0.0
2020-11-20,influenza_h1n1_seasonal,Kerala,Thrissur,Thrissur,10.5256264,76.2132542,1,0,0.1780672051796545,0.0,0.0
2022-10-03,influenza_h1n1_seasonal,Kerala,Thrissur,Thrissur,10.5256264,76.2132542,0,0,0.2262222818130759,0.0007143319043446,0.0007143319043446
2022-11-09,influenza_h1n1_seasonal,Kerala,Wayanad,Mananthavady,11.8,76.0,1,0,0.1730829971726971,0.0,0.0
2022-11-13,influenza_h1n1_seasonal,Kerala,Wayanad,Mananthavady,11.8,76.0,1,0,0.0910700075261404,0.0012535478314778,0.0012535478314778
2022-11-20,influenza_h1n1_seasonal,Kerala,Wayanad,Mananthavady,11.8,76.0,0,1,0.6212347510759524,0.004358573328827,0.004358573328827
2023-11-08,influenza_h1n1_seasonal,Kerala,Wayanad,Mananthavady,11.8,76.0,0,1,0.6830247019365295,0.0,0.0
2024-10-05,influenza_h1n1_seasonal,Kerala,Wayanad,Mananthavady,11.8,76.0,0,1,0.7003843109691368,0.0020522720836644,0.0020522720836644
2024-11-12,influenza_h1n1_seasonal,Kerala,Wayanad,Mananthavady,11.8,76.0,0,0,0.1479074443431862,0.0,0.0
2020-11-16,influenza_h1n1_seasonal,Kerala,Wayanad,Sulthan Bathery,11.6667,76.2667,1,0,0.1758646778760899,0.0,0.0
2020-12-31,influenza_h1n1_seasonal,Kerala,Wayanad,Sulthan Bathery,11.6667,76.2667,0,0,0.1261240389725048,0.0,0.0
2022-10-08,influenza_h1n1_seasonal,Kerala,Wayanad,Sulthan Bathery,11.6667,76.2667,1,0,0.2404918891212387,0.002329137513629,0.002329137513629
2023-11-09,influenza_h1n1_seasonal,Kerala,Wayanad,Sulthan Bathery,11.6667,76.2667,0,0,0.178450281798695,0.0130346111704255,0.0130346111704255
2023-11-12,influenza_h1n1_seasonal,Kerala,Wayanad,Sulthan Bathery,11.6667,76.2667,0,1,0.539381770411742,0.0,0.0
2024-10-02,influenza_h1n1_seasonal,Kerala,Wayanad,Sulthan Bathery,11.6667,76.2667,0,0,0.4495964437120745,0.0008312611471055,0.0008312611471055
2024-11-08,influenza_h1n1_seasonal,Kerala,Wayanad,Sulthan Bathery,11.6667,76.2667,0,0,0.4236672985124008,0.0,0.0
2024-12-24,influenza_h1n1_seasonal,Kerala,Wayanad,Sulthan Bathery,11.6667,76.2667,0,0,0.0988985947733507,0.0018677891215063,0.0018677891215063
2022-10-23,japanese_encephalitis,Kerala,Alappuzha,Karthikappally,9.2833,76.4667,1,0,0.4121800610099956,0.0,0.0
2022-09-06,kala_azar,Kerala,Alappuzha,Kuttanad,9.5833,76.4167,1,0,0.4129743780631875,0.0,0.0
2022-10-23,leptospirosis_confirmed,Kerala,Alappuzha,Ambalappuzha,9.5006651,76.41241429,0,1,0.6740587276391588,0.0,0.0
2022-10-26,leptospirosis_confirmed,Kerala,Alappuzha,Ambalappuzha,9.5006651,76.41241429,0,0,0.0750389524475898,0.0,0.0
2024-09-12,leptospirosis_confirmed,Kerala,Alappuzha,Ambalappuzha,9.5006651,76.41241429,1,0,0.3123269927656357,0.0,0.0
2024-09-14,leptospirosis_confirmed,Kerala,Alappuzha,Ambalappuzha,9.5006651,76.41241429,0,0,0.1050362033616624,0.0080366896744195,0.0080366896744195
2020-04-05,leptospirosis_confirmed,Kerala,Alappuzha,Chenganoor,9.3167,76.6167,1,0,0.4395462560230531,0.0,0.0
2020-10-17,leptospirosis_confirmed,Kerala,Alappuzha,Chenganoor,9.3167,76.6167,1,0,0.1423441185715917,0.0386414967786267,0.0386414967786267
2021-09-15,leptospirosis_confirmed,Kerala,Alappuzha,Chenganoor,9.3167,76.6167,0,0,0.0883349915581642,0.0138394591083814,0.0138394591083814
2022-05-06,leptospirosis_confirmed,Kerala,Alappuzha,Chenganoor,9.3167,76.6167,0,1,0.6879770792840771,0.0,0.0
2022-11-28,leptospirosis_confirmed,Kerala,Alappuzha,Chenganoor,9.3167,76.6167,1,1,0.6537061852878375,0.0,0.0
2023-04-04,leptospirosis_confirmed,Kerala,Alappuzha,Chenganoor,9.3167,76.6167,0,1,0.7028134566534965,0.5107449625398128,0.5107449625398128
2020-12-30,leptospirosis_confirmed,Kerala,Alappuzha,Cherthala,9.6833,76.3333,1,0,0.2153422481603986,0.0,0.0
2021-10-27,leptospirosis_confirmed,Kerala,Alappuzha,Cherthala,9.6833,76.3333,0,0,0.1541877268769327,0.0069153150663759,0.0069153150663759
2021-11-28,leptospirosis_confirmed,Kerala,Alappuzha,Cherthala,9.6833,76.3333,0,0,0.065843138763678,0.0,0.0
2023-10-23,leptospirosis_confirmed,Kerala,Alappuzha,Cherthala,9.6833,76.3333,1,0,0.0625231732355698,0.0,0.0
2020-09-09,leptospirosis_confirmed,Kerala,Alappuzha,Karthikappally,9.2833,76.4667,1,0,0.1764295281182957,0.0,0.0
2022-10-25,leptospirosis_confirmed,Kerala,Alappuzha,Karthikappally,9.2833,76.4667,1,0,0.243624816479927,0.0002381106347815,0.0002381106347815
2023-04-04,leptospirosis_confirmed,Kerala,Alappuzha,Karthikappally,9.2833,76.4667,1,1,0.6615887080628429,0.9569044489352944,0.9569044489352944
2023-10-17,leptospirosis_confirmed,Kerala,Alappuzha,Karthikappally,9.2833,76.4667,0,0,0.0848819523008851,0.0,0.0
2024-10-23,leptospirosis_confirmed,Kerala,Alappuzha,Karthikappally,9.2833,76.4667,0,0,0.3776129624681577,0.0,0.0
2021-10-24,leptospirosis_confirmed,Kerala,Alappuzha,Kuttanad,9.5833,76.4167,1,0,0.3093174178407551,0.0,0.0
2023-09-10,leptospirosis_confirmed,Kerala,Alappuzha,Kuttanad,9.5833,76.4167,0,0,0.083783164037165,0.0039289845302908,0.0039289845302908
2020-09-10,leptospirosis_confirmed,Kerala,Alappuzha,Mavelikkara,9.2667,76.55,1,0,0.085620866292494,0.0,0.0
2020-09-12,leptospirosis_confirmed,Kerala,Alappuzha,Mavelikkara,9.2667,76.55,0,0,0.1178341534506449,0.0017927637586109,0.0017927637586109
2021-09-10,leptospirosis_confirmed,Kerala,Alappuzha,Mavelikkara,9.2667,76.55,0,1,0.6937929175179286,0.0,0.0
2022-10-21,leptospirosis_confirmed,Kerala,Alappuzha,Mavelikkara,9.2667,76.55,1,1,0.6842938096079065,0.0,0.0
2022-10-22,leptospirosis_confirmed,Kerala,Alappuzha,Mavelikkara,9.2667,76.55,0,0,0.4014052052050077,0.0355988365808582,0.0355988365808582
2023-01-02,leptospirosis_confirmed,Kerala,Alappuzha,Mavelikkara,9.2667,76.55,1,0,0.0655123693925027,0.0,0.0
2020-04-05,leptospirosis_confirmed,Kerala,Ernakulam,Aluva,10.1075,76.3516,1,0,0.0466212334539768,0.0,0.0
2020-10-17,leptospirosis_confirmed,Kerala,Ernakulam,Aluva,10.1075,76.3516,1,1,0.7146988575770047,0.026461892424953,0.026461892424953
2020-10-20,leptospirosis_confirmed,Kerala,Ernakulam,Aluva,10.1075,76.3516,0,0,0.2978599423236944,0.0629699666762624,0.0629699666762624
2023-10-22,leptospirosis_confirmed,Kerala,Ernakulam,Aluva,10.1075,76.3516,0,0,0.3416203035445847,0.0,0.0
2020-09-12,leptospirosis_confirmed,Kerala,Ernakulam,Kanayannur,9.98408,76.2741457,1,1,0.5976186343409441,0.0,0.0
2022-09-09,leptospirosis_confirmed,Kerala,Ernakulam,Kanayannur,9.98408,76.2741457,1,0,0.1075266816511648,0.0,0.0
2020-09-12,leptospirosis_confirmed,Kerala,Ernakulam,Kochi,9.9312,76.2673,1,0,0.0827908740416874,0.0,0.0
2020-09-14,leptospirosis_confirmed,Kerala,Ernakulam,Kochi,9.9312,76.2673,0,0,0.0639788090053426,0.0,0.0
2021-04-04,leptospirosis_confirmed,Kerala,Ernakulam,Kochi,9.9312,76.2673,0,1,0.6367647997583001,0.0,0.0
2023-01-02,leptospirosis_confirmed,Kerala,Ernakulam,Kochi,9.9312,76.2673,1,0,0.027318017910921,0.0,0.0
2021-01-02,leptospirosis_confirmed,Kerala,Ernakulam,Kothamangalam,10.0667,76.6333,1,0,0.0814142811615592,0.0,0.0
2021-10-19,leptospirosis_confirmed,Kerala,Ernakulam,Kothamangalam,10.0667,76.6333,1,0,0.3973823932072436,0.0001549599794973,0.0001549599794973
2022-04-04,leptospirosis_confirmed,Kerala,Ernakulam,Kothamangalam,10.0667,76.6333,1,1,0.7540608944476708,0.0016080108726377,0.0016080108726377
2022-07-08,leptospirosis_confirmed,Kerala,Ernakulam,Kothamangalam,10.0667,76.6333,1,1,0.6398204771077798,0.9999999983333334,0.9999999983333334
2022-10-19,leptospirosis_confirmed,Kerala,Ernakulam,Kothamangalam,10.0667,76.6333,0,0,0.1180104738761878,0.0,0.0
2024-10-24,leptospirosis_confirmed,Kerala,Ernakulam,Kothamangalam,10.0667,76.6333,0,0,0.0622455887075792,0.0,0.0
2020-10-28,leptospirosis_confirmed,Kerala,Ernakulam,Kunnathunad,10.1167,76.4833,1,0,0.0424624982231033,0.0,0.0
2020-10-18,leptospirosis_confirmed,Kerala,Ernakulam,Muvattupuzha,9.9833,76.5833,1,1,0.6335836609127543,0.0,0.0
2021-07-09,leptospirosis_confirmed,Kerala,Ernakulam,Muvattupuzha,9.9833,76.5833,1,1,0.6443160915531614,0.0063995914907674,0.0063995914907674
2024-09-12,leptospirosis_confirmed,Kerala,Ernakulam,Muvattupuzha,9.9833,76.5833,0,1,0.6752168869988379,0.0147481958489282,0.0147481958489282
2021-07-07,leptospirosis_confirmed,Kerala,Ernakulam,North Paravur,10.1333,76.2,0,0,0.1572128121738226,0.0,0.0
2022-10-18,leptospirosis_confirmed,Kerala,Ernakulam,North Paravur,10.1333,76.2,0,0,0.1035118524639034,0.0,0.0
2024-05-06,leptospirosis_confirmed,Kerala,Ernakulam,North Paravur,10.1333,76.2,1,1,0.5297045828485717,0.0,0.0
2024-09-15,leptospirosis_confirmed,Kerala,Ernakulam,North Paravur,10.1333,76.2,1,0,0.0547980487409652,0.0846053169800472,0.0846053169800472
2020-10-17,leptospirosis_confirmed,Kerala,Idukki,Devikulam,10.0667,77.1,1,0,0.4344842627957498,0.0,0.0
2023-04-04,leptospirosis_confirmed,Kerala,Idukki,Devikulam,10.0667,77.1,1,0,0.136379336772107,0.0001587404231876,0.0001587404231876
2024-09-13,leptospirosis_confirmed,Kerala,Idukki,Devikulam,10.0667,77.1,0,0,0.3609890262526922,0.0013096799053813,0.0013096799053813
2024-09-15,leptospirosis_confirmed,Kerala,Idukki,Devikulam,10.0667,77.1,1,0,0.2341350150270414,0.0,0.0
2024-10-16,leptospirosis_confirmed,Kerala,Idukki,Devikulam,10.0667,77.1,1,0,0.2754591389904477,0.0136496227230592,0.0136496227230592
2020-10-21,leptospirosis_confirmed,Kerala,Idukki,Idukki,9.8497872,76.9797914,1,0,0.0460105650246895,0.0,0.0
2021-10-18,leptospirosis_confirmed,Kerala,Idukki,Idukki,9.8497872,76.9797914,1,0,0.0589411983335893,0.0327976795687677,0.0327976795687677
2023-09-09,leptospirosis_confirmed,Kerala,Idukki,Idukki,9.8497872,76.9797914,0,1,0.700003612227188,0.0,0.0
2023-09-12,leptospirosis_confirmed,Kerala,Idukki,Idukki,9.8497872,76.9797914,0,0,0.2527877726973861,0.0,0.0
2022-09-15,leptospirosis_confirmed,Kerala,Idukki,Peerumade,9.5667,76.9667,1,1,0.5687760216019303,0.0,0.0
2020-09-14,leptospirosis_confirmed,Kerala,Idukki,Thodupuzha,9.8955,76.7241,1,0,0.3659922274209121,0.0,0.0
2021-09-11,leptospirosis_confirmed,Kerala,Idukki,Thodupuzha,9.8955,76.7241,1,0,0.3031800618445776,0.0069153150663759,0.0069153150663759
2021-09-15,leptospirosis_confirmed,Kerala,Idukki,Thodupuzha,9.8955,76.7241,0,1,0.716138281862789,0.0003374344383413,0.0003374344383413
2022-04-04,leptospirosis_confirmed,Kerala,Idukki,Thodupuzha,9.8955,76.7241,0,1,0.6766301310779468,0.0,0.0
2023-10-16,leptospirosis_confirmed,Kerala,Idukki,Thodupuzha,9.8955,76.7241,1,0,0.0658374496799119,0.0,0.0
2023-10-23,leptospirosis_confirmed,Kerala,Idukki,Thodupuzha,9.8955,76.7241,0,0,0.0704714416275072,0.5293177858464277,0.5293177858464277
2024-10-18,leptospirosis_confirmed,Kerala,Idukki,Thodupuzha,9.8955,76.7241,0,0,0.1695171129092755,0.0,0.0
2020-10-25,leptospirosis_confirmed,Kerala,Idukki,Udumbanchola,9.8333,77.1333,1,0,0.1066595506137591,0.0,0.0
2021-10-22,leptospirosis_confirmed,Kerala,Idukki,Udumbanchola,9.8333,77.1333,0,1,0.6865483457568747,0.0001997432458146,0.0001997432458146
2022-11-28,leptospirosis_confirmed,Kerala,Idukki,Udumbanchola,9.8333,77.1333,0,1,0.5067245258290093,0.0,0.0
2020-01-01,leptospirosis_confirmed,Kerala,Kannur,Iritty,11.9333,75.7,1,1,0.6457527252017478,0.0,0.0
2021-09-10,leptospirosis_confirmed,Kerala,Kannur,Iritty,11.9333,75.7,0,1,0.639142474391533,0.0597956102468364,0.0597956102468364
2022-09-13,leptospirosis_confirmed,Kerala,Kannur,Iritty,11.9333,75.7,0,1,0.7050049544428654,0.0,0.0
2023-01-02,leptospirosis_confirmed,Kerala,Kannur,Iritty,11.9333,75.7,0,0,0.1735856569522656,0.0102795588341897,0.0102795588341897
2023-09-09,leptospirosis_confirmed,Kerala,Kannur,Iritty,11.9333,75.7,0,0,0.1356447091689326,0.0,0.0
2020-10-19,leptospirosis_confirmed,Kerala,Kannur,Kannur,11.8763836,75.3737973,1,0,0.2456440569926772,0.0,0.0
2023-04-05,leptospirosis_confirmed,Kerala,Kannur,Kannur,11.8763836,75.3737973,1,1,0.532707223727529,0.0011053065178851,0.0011053065178851
2023-07-08,leptospirosis_confirmed,Kerala,Kannur,Kannur,11.8763836,75.3737973,0,1,0.6031863653332102,0.0,0.0
2023-10-21,leptospirosis_confirmed,Kerala,Kannur,Kannur,11.8763836,75.3737973,1,1,0.6802147972768294,0.0,0.0
2020-04-03,leptospirosis_confirmed,Kerala,Kannur,Payyanur,12.1,75.2,1,0,0.0828805954123371,0.0,0.0
2022-04-03,leptospirosis_confirmed,Kerala,Kannur,Payyanur,12.1,75.2,0,1,0.6412073049086583,0.0,0.0
2023-10-19,leptospirosis_confirmed,Kerala,Kannur,Payyanur,12.1,75.2,1,0,0.1101716934283626,0.0006190062490505,0.0006190062490505
2020-01-01,leptospirosis_confirmed,Kerala,Kannur,Taliparamba,12.0333,75.35,0,0,0.0751483558151979,0.0,0.0
2020-05-06,leptospirosis_confirmed,Kerala,Kannur,Taliparamba,12.0333,75.35,1,0,0.0850014573402609,0.0,0.0
2021-05-06,leptospirosis_confirmed,Kerala,Kannur,Taliparamba,12.0333,75.35,1,0,0.1220724815894327,0.0031573327996024,0.0031573327996024
2021-09-15,leptospirosis_confirmed,Kerala,Kannur,Taliparamba,12.0333,75.35,1,1,0.7357000448671481,0.004366888270973,0.004366888270973
2021-10-20,leptospirosis_confirmed,Kerala,Kannur,Taliparamba,12.0333,75.35,0,1,0.7650857999702931,0.0038151812219865,0.0038151812219865
2022-09-11,leptospirosis_confirmed,Kerala,Kannur,Taliparamba,12.0333,75.35,0,1,0.7317716897722248,0.0,0.0
2023-12-31,leptospirosis_confirmed,Kerala,Kannur,Taliparamba,12.0333,75.35,0,0,0.1950346310302049,0.0,0.0
2022-10-25,leptospirosis_confirmed,Kerala,Kannur,Thalassery,11.75,75.4833,1,1,0.6745706723258854,0.0,0.0
2023-09-10,leptospirosis_confirmed,Kerala,Kannur,Thalassery,11.75,75.4833,0,0,0.1050858413800911,0.0011187438496945,0.0011187438496945
2023-09-13,leptospirosis_confirmed,Kerala,Kannur,Thalassery,11.75,75.4833,0,1,0.6849323149573948,0.0,0.0
2024-09-13,leptospirosis_confirmed,Kerala,Kannur,Thalassery,11.75,75.4833,1,1,0.7014561329712014,0.0,0.0
2021-10-22,leptospirosis_confirmed,Kerala,Kasaragod,Hosdurg,12.3167,75.1,0,1,0.6637169500114477,0.0,0.0
2021-11-28,leptospirosis_confirmed,Kerala,Kasaragod,Hosdurg,12.3167,75.1,1,1,0.5598548419439459,0.0001751159772114,0.0001751159772114
2022-07-09,leptospirosis_confirmed,Kerala,Kasaragod,Hosdurg,12.3167,75.1,1,0,0.3655469518672117,0.0125248859824757,0.0125248859824757
2022-10-27,leptospirosis_confirmed,Kerala,Kasaragod,Hosdurg,12.3167,75.1,0,0,0.362579562714469,0.0004892265442211,0.0004892265442211
2020-01-02,leptospirosis_confirmed,Kerala,Kasaragod,Kasaragod,12.5035577,74.9907022,1,1,0.6607855160843205,0.0,0.0
2021-10-16,leptospirosis_confirmed,Kerala,Kasaragod,Kasaragod,12.5035577,74.9907022,0,0,0.067595156803319,0.0,0.0
2023-05-07,leptospirosis_confirmed,Kerala,Kasaragod,Kasaragod,12.5035577,74.9907022,0,0,0.1887100996813066,0.0,0.0
2023-10-19,leptospirosis_confirmed,Kerala,Kasaragod,Kasaragod,12.5035577,74.9907022,0,0,0.1061870397539242,0.0,0.0
2023-10-26,leptospirosis_confirmed,Kerala,Kasaragod,Kasaragod,12.5035577,74.9907022,1,0,0.1216027738648213,0.0002418719725691,0.0002418719725691
2024-04-03,leptospirosis_confirmed,Kerala,Kasaragod,Kasaragod,12.5035577,74.9907022,0,0,0.2190932256952717,0.0316935703938068,0.0316935703938068
2020-10-18,leptospirosis_confirmed,Kerala,Kasaragod,Manjeshwaram,12.7167,74.8833,1,0,0.0826189849439018,0.0,0.0
2021-04-02,leptospirosis_confirmed,Kerala,Kasaragod,Manjeshwaram,12.7167,74.8833,0,0,0.0639864138518044,0.0,0.0
2020-10-26,leptospirosis_confirmed,Kerala,Kasaragod,Nileshwaram,12.25,75.1,1,0,0.1293811916015132,0.0,0.0
2020-10-27,leptospirosis_confirmed,Kerala,Kasaragod,Nileshwaram,12.25,75.1,0,0,0.484754024633594,0.0,0.0
2020-10-28,leptospirosis_confirmed,Kerala,Kasaragod,Nileshwaram,12.25,75.1,0,1,0.7183341027304684,0.0004733425888673,0.0004733425888673
2020-11-28,leptospirosis_confirmed,Kerala,Kasaragod,Nileshwaram,12.25,75.1,0,1,0.5248042398141962,0.0,0.0
2022-11-28,leptospirosis_confirmed,Kerala,Kasaragod,Nileshwaram,12.25,75.1,0,1,0.7010340234118295,0.0,0.0
2023-10-07,leptospirosis_confirmed,Kerala,Kasaragod,Nileshwaram,12.25,75.1,0,1,0.6939025862931842,0.0001007799885704,0.0001007799885704
2020-07-09,leptospirosis_confirmed,Kerala,Kasaragod,Vellarikundu,12.4167,75.2333,0,1,0.7412072582264444,0.0,0.0
2021-10-24,leptospirosis_confirmed,Kerala,Kasaragod,Vellarikundu,12.4167,75.2333,1,1,0.7269526984232342,0.0,0.0
2021-10-20,leptospirosis_confirmed,Kerala,Kollam,Karunagappally,9.0574,76.5334,0,1,0.702290187349502,0.0,0.0
2020-09-14,leptospirosis_confirmed,Kerala,Kollam,Kollam,8.8879509,76.5955013,1,1,0.6772734764116309,0.0,0.0
2020-10-28,leptospirosis_confirmed,Kerala,Kollam,Kollam,8.8879509,76.5955013,1,1,0.7271872951616126,0.0012850451602628,0.0012850451602628
2020-12-31,leptospirosis_confirmed,Kerala,Kollam,Kollam,8.8879509,76.5955013,1,0,0.2651265463181795,0.7688461819875151,0.7688461819875151
2023-01-01,leptospirosis_confirmed,Kerala,Kollam,Kollam,8.8879509,76.5955013,0,1,0.7218051996241472,0.0,0.0
2022-10-21,leptospirosis_confirmed,Kerala,Kollam,Kottarakkara,9.0002,76.7788,0,1,0.6823021613634278,0.0,0.0
2023-01-01,leptospirosis_confirmed,Kerala,Kollam,Kottarakkara,9.0002,76.7788,0,0,0.0646362295015082,0.0,0.0
2023-09-30,leptospirosis_confirmed,Kerala,Kollam,Kottarakkara,9.0002,76.7788,0,0,0.0593406769535353,0.0002687466361879,0.0002687466361879
2024-10-21,leptospirosis_confirmed,Kerala,Kollam,Kottarakkara,9.0002,76.7788,0,0,0.4576953370883826,0.0,0.0
2020-09-14,leptospirosis_confirmed,Kerala,Kollam,Kunnathoor,9.0292,76.627,1,0,0.1249021671011997,0.0,0.0
2022-10-16,leptospirosis_confirmed,Kerala,Kollam,Kunnathoor,9.0292,76.627,0,1,0.6834392583118976,0.000185005571067,0.000185005571067
2024-04-13,leptospirosis_confirmed,Kerala,Kollam,Kunnathoor,9.0292,76.627,0,1,0.6147203905648633,0.0,0.0
2024-05-07,leptospirosis_confirmed,Kerala,Kollam,Kunnathoor,9.0292,76.627,0,1,0.5690546537483608,2.48073818019662e-05,2.48073818019662e-05
2021-09-15,leptospirosis_confirmed,Kerala,Kollam,Pathanapuram,9.1,76.87,1,1,0.569590861597603,0.0,0.0
2021-10-19,leptospirosis_confirmed,Kerala,Kollam,Pathanapuram,9.1,76.87,0,1,0.7393547531987779,0.0,0.0
2020-10-28,leptospirosis_confirmed,Kerala,Kollam,Punalur,9.0089,76.9269,1,1,0.7165297581814997,0.0,0.0
2022-09-15,leptospirosis_confirmed,Kerala,Kollam,Punalur,9.0089,76.9269,1,1,0.6911618654750576,0.0024948907399112,0.0024948907399112
2022-10-17,leptospirosis_confirmed,Kerala,Kollam,Punalur,9.0089,76.9269,0,1,0.7288217237483994,0.0009840954414171,0.0009840954414171
2020-07-08,leptospirosis_confirmed,Kerala,Kottayam,Changanassery,9.45,76.5333,0,1,0.6428027382972159,0.0,0.0
2020-09-12,leptospirosis_confirmed,Kerala,Kottayam,Changanassery,9.45,76.5333,0,1,0.7376717658347028,0.0,0.0
2021-09-09,leptospirosis_confirmed,Kerala,Kottayam,Changanassery,9.45,76.5333,0,1,0.6876311298051655,0.0003276339422914,0.0003276339422914
2021-04-04,leptospirosis_confirmed,Kerala,Kottayam,Kanjirappally,9.5667,76.7833,1,0,0.1898145499568418,0.0,0.0
2021-09-14,leptospirosis_confirmed,Kerala,Kottayam,Kanjirappally,9.5667,76.7833,1,0,0.0556780697594617,0.0018833185788679,0.0018833185788679
2022-05-06,leptospirosis_confirmed,Kerala,Kottayam,Kottayam,9.6287383,76.64553257,0,0,0.0577950063622579,0.0,0.0
2022-07-08,leptospirosis_confirmed,Kerala,Kottayam,Kottayam,9.6287383,76.64553257,1,0,0.1338122169379309,0.0,0.0
2022-10-25,leptospirosis_confirmed,Kerala,Kottayam,Kottayam,9.6287383,76.64553257,1,0,0.1057638337856113,0.9999999983333334,0.9999999983333334
2022-11-29,leptospirosis_confirmed,Kerala,Kottayam,Kottayam,9.6287383,76.64553257,0,1,0.5564304633063935,0.0,0.0
2024-01-02,leptospirosis_confirmed,Kerala,Kottayam,Kottayam,9.6287383,76.64553257,0,0,0.0737332439172704,0.0,0.0
2020-10-23,leptospirosis_confirmed,Kerala,Kottayam,Meenachil,9.7167,76.6833,1,0,0.243836129039793,0.0,0.0
2020-10-23,leptospirosis_confirmed,Kerala,Kottayam,Meenachil,9.7167,76.6833,0,0,0.1604187575426289,0.0,0.0
2022-10-18,leptospirosis_confirmed,Kerala,Kottayam,Meenachil,9.7167,76.6833,1,0,0.1198546857738988,8.599892358014952e-05,8.599892358014952e-05
2023-09-09,leptospirosis_confirmed,Kerala,Kottayam,Meenachil,9.7167,76.6833,0,1,0.5903631048232338,0.9999999983333334,0.9999999983333334
2020-12-31,leptospirosis_confirmed,Kerala,Kottayam,Vaikom,9.75,76.4,0,0,0.12721055317022,0.0,0.0
2022-09-10,leptospirosis_confirmed,Kerala,Kottayam,Vaikom,9.75,76.4,1,0,0.1652353500321385,0.0,0.0
2022-10-26,leptospirosis_confirmed,Kerala,Kottayam,Vaikom,9.75,76.4,1,0,0.2573630059061172,0.0180569871410793,0.0180569871410793
2020-11-28,leptospirosis_confirmed,Kerala,Kozhikode,Koyilandy,11.4333,75.7,1,0,0.3034872854256041,0.0,0.0
2022-10-25,leptospirosis_confirmed,Kerala,Kozhikode,Koyilandy,11.4333,75.7,1,0,0.1364342099248792,0.9999999983333334,0.9999999983333334
2023-09-11,leptospirosis_confirmed,Kerala,Kozhikode,Koyilandy,11.4333,75.7,0,0,0.1311229650625812,0.0,0.0
2021-07-08,leptospirosis_confirmed,Kerala,Kozhikode,Kozhikode,11.2450558,75.7754716,0,1,0.6353850519617186,0.0,0.0
2022-01-02,leptospirosis_confirmed,Kerala,Kozhikode,Kozhikode,11.2450558,75.7754716,1,1,0.5735151586386137,0.0,0.0
2020-10-23,leptospirosis_confirmed,Kerala,Kozhikode,Thamarassery,11.2667,75.9333,1,0,0.2386432735152184,0.0,0.0
2020-11-28,leptospirosis_confirmed,Kerala,Kozhikode,Thamarassery,11.2667,75.9333,0,1,0.6609358786276844,0.0014064118102367,0.0014064118102367
2021-04-04,leptospirosis_confirmed,Kerala,Kozhikode,Thamarassery,11.2667,75.9333,0,1,0.5310306619618366,0.0,0.0
2021-10-21,leptospirosis_confirmed,Kerala,Kozhikode,Thamarassery,11.2667,75.9333,1,0,0.0962012582561513,0.0001007799885704,0.0001007799885704
2021-10-24,leptospirosis_confirmed,Kerala,Kozhikode,Thamarassery,11.2667,75.9333,1,0,0.1513256240485611,0.1244839737522043,0.1244839737522043
2020-04-05,leptospirosis_confirmed,Kerala,Malappuram,Ernad,11.1201,76.1197,1,0,0.1116388500344208,0.0,0.0
2020-09-13,leptospirosis_confirmed,Kerala,Malappuram,Ernad,11.1201,76.1197,0,0,0.1274563135158504,0.2281758951659326,0.2281758951659326
2021-09-09,leptospirosis_confirmed,Kerala,Malappuram,Ernad,11.1201,76.1197,0,0,0.0606596321291372,0.0,0.0
2021-10-27,leptospirosis_confirmed,Kerala,Malappuram,Ernad,11.1201,76.1197,1,0,0.1720469626719712,0.0001209359862845,0.0001209359862845
2022-09-13,leptospirosis_confirmed,Kerala,Malappuram,Ernad,11.1201,76.1197,0,0,0.3226924733902288,0.5334032565190063,0.5334032565190063
2024-05-06,leptospirosis_confirmed,Kerala,Malappuram,Ernad,11.1201,76.1197,0,0,0.0575953207684014,0.0,0.0
2020-01-01,leptospirosis_confirmed,Kerala,Malappuram,Kondotty,11.15,75.9667,1,0,0.3275465625058879,0.0,0.0
2020-05-06,leptospirosis_confirmed,Kerala,Malappuram,Kondotty,11.15,75.9667,1,0,0.0825523297935801,0.0015798509868574,0.0015798509868574
2021-10-24,leptospirosis_confirmed,Kerala,Malappuram,Kondotty,11.15,75.9667,0,0,0.4117331558580186,0.0,0.0
2022-09-11,leptospirosis_confirmed,Kerala,Malappuram,Kondotty,11.15,75.9667,0,0,0.1297509888363865,0.0,0.0
2022-10-23,leptospirosis_confirmed,Kerala,Malappuram,Kondotty,11.15,75.9667,0,0,0.1752810792818021,0.0,0.0
2023-04-03,leptospirosis_confirmed,Kerala,Malappuram,Kondotty,11.15,75.9667,1,0,0.0316482276683263,0.0001612479817127,0.0001612479817127
2020-04-03,leptospirosis_confirmed,Kerala,Malappuram,Nilambur,11.2833,76.2333,0,0,0.0806019588916655,0.0,0.0
2020-09-15,leptospirosis_confirmed,Kerala,Malappuram,Nilambur,11.2833,76.2333,0,0,0.448634928422028,0.0,0.0
2021-07-08,leptospirosis_confirmed,Kerala,Malappuram,Nilambur,11.2833,76.2333,0,0,0.4644158368804228,0.0004929724088571,0.0004929724088571
2021-10-21,leptospirosis_confirmed,Kerala,Malappuram,Nilambur,11.2833,76.2333,1,0,0.3355584459430347,0.0,0.0
2020-12-30,leptospirosis_confirmed,Kerala,Malappuram,Perinthalmanna,10.9667,76.2167,1,0,0.1794428982880434,0.0,0.0
2022-10-20,leptospirosis_confirmed,Kerala,Malappuram,Perinthalmanna,10.9667,76.2167,0,0,0.0664453779229129,0.0,0.0
2024-01-13,leptospirosis_confirmed,Kerala,Malappuram,Perinthalmanna,10.9667,76.2167,0,0,0.1617215959596107,5.51637832175301e-05,5.51637832175301e-05
2020-09-13,leptospirosis_confirmed,Kerala,Malappuram,Ponnani,10.7667,75.9167,1,0,0.1089813204022659,0.0,0.0
2020-10-25,leptospirosis_confirmed,Kerala,Malappuram,Ponnani,10.7667,75.9167,0,1,0.5624207274297977,0.0,0.0
2022-09-12,leptospirosis_confirmed,Kerala,Malappuram,Ponnani,10.7667,75.9167,0,1,0.5608169663044444,1.7276569469226453e-05,1.7276569469226453e-05
2023-10-18,leptospirosis_confirmed,Kerala,Malappuram,Ponnani,10.7667,75.9167,0,0,0.3912991994684458,0.0013281553341502,0.0013281553341502
2022-10-23,leptospirosis_confirmed,Kerala,Malappuram,Tirur,10.9167,75.9167,1,1,0.6925756813638589,0.0,0.0
2020-04-05,leptospirosis_confirmed,Kerala,Malappuram,Tirurangadi,11.0,75.9333,0,1,0.7914697832520029,0.0,0.0
2021-11-27,leptospirosis_confirmed,Kerala,Malappuram,Tirurangadi,11.0,75.9333,0,0,0.1095754014024471,0.0,0.0
2022-10-21,leptospirosis_confirmed,Kerala,Malappuram,Tirurangadi,11.0,75.9333,0,0,0.1140652939267215,0.0,0.0
2023-01-01,leptospirosis_confirmed,Kerala,Malappuram,Tirurangadi,11.0,75.9333,1,0,0.1486935153202413,0.0,0.0
2023-10-24,leptospirosis_confirmed,Kerala,Malappuram,Tirurangadi,11.0,75.9333,0,0,0.122834620479306,0.851511733659102,0.851511733659102
2020-11-29,leptospirosis_confirmed,Kerala,Palakkad,Alathur,10.6333,76.55,1,0,0.3202598780916547,0.0,0.0
2021-10-28,leptospirosis_confirmed,Kerala,Palakkad,Alathur,10.6333,76.55,1,0,0.105178417277952,0.9999999983333334,0.9999999983333334
2021-12-31,leptospirosis_confirmed,Kerala,Palakkad,Alathur,10.6333,76.55,0,1,0.6354391759505565,0.0,0.0
2023-05-07,leptospirosis_confirmed,Kerala,Palakkad,Alathur,10.6333,76.55,0,1,0.6293530660763218,0.0,0.0
2023-09-11,leptospirosis_confirmed,Kerala,Palakkad,Alathur,10.6333,76.55,0,1,0.6619072221119313,0.0299062909455706,0.0299062909455706
2024-09-15,leptospirosis_confirmed,Kerala,Palakkad,Alathur,10.6333,76.55,0,0,0.2617764581172221,0.0,0.0
2024-10-19,leptospirosis_confirmed,Kerala,Palakkad,Alathur,10.6333,76.55,0,0,0.2429428738085544,0.0120129746376021,0.0120129746376021
2020-10-23,leptospirosis_confirmed,Kerala,Palakkad,Chittur,10.7,76.75,0,0,0.2381839726637535,0.0,0.0
2020-10-25,leptospirosis_confirmed,Kerala,Palakkad,Chittur,10.7,76.75,0,0,0.3950857707398759,0.0001167439848076,0.0001167439848076
2021-09-14,leptospirosis_confirmed,Kerala,Palakkad,Chittur,10.7,76.75,1,0,0.1199150384034926,0.0,0.0
2021-11-27,leptospirosis_confirmed,Kerala,Palakkad,Chittur,10.7,76.75,1,0,0.1473969418173998,0.9999999983333334,0.9999999983333334
2021-12-31,leptospirosis_confirmed,Kerala,Palakkad,Chittur,10.7,76.75,0,0,0.327028357418686,0.0004248054494958,0.0004248054494958
2022-10-20,leptospirosis_confirmed,Kerala,Palakkad,Chittur,10.7,76.75,0,0,0.4512995359169219,0.0,0.0
2023-10-26,leptospirosis_confirmed,Kerala,Palakkad,Chittur,10.7,76.75,0,1,0.7552037405799742,0.0143510703724374,0.0143510703724374
2020-07-09,leptospirosis_confirmed,Kerala,Palakkad,Mannarkkad,11.0,76.4667,1,1,0.5862329988063784,0.0,0.0
2020-12-31,leptospirosis_confirmed,Kerala,Palakkad,Mannarkkad,11.0,76.4667,1,0,0.2870893123036795,0.0008491358861279,0.0008491358861279
2021-10-17,leptospirosis_confirmed,Kerala,Palakkad,Mannarkkad,11.0,76.4667,1,0,0.2717512804609618,0.010872354828162,0.010872354828162
2021-10-19,leptospirosis_confirmed,Kerala,Palakkad,Mannarkkad,11.0,76.4667,1,0,0.1331480939901334,0.0720280108865227,0.0720280108865227
2021-10-26,leptospirosis_confirmed,Kerala,Palakkad,Mannarkkad,11.0,76.4667,0,0,0.1572741815550775,0.0,0.0
2020-10-26,leptospirosis_confirmed,Kerala,Palakkad,Ottapalam,10.7667,76.3667,0,0,0.2746867412920795,0.0,0.0
2021-01-02,leptospirosis_confirmed,Kerala,Palakkad,Ottapalam,10.7667,76.3667,1,0,0.218187765258364,0.0,0.0
2021-10-18,leptospirosis_confirmed,Kerala,Palakkad,Ottapalam,10.7667,76.3667,0,0,0.158944221897506,0.0015299583852674,0.0015299583852674
2021-10-23,leptospirosis_confirmed,Kerala,Palakkad,Ottapalam,10.7667,76.3667,0,0,0.2215966537379952,0.000349392992232,0.000349392992232
2023-07-15,leptospirosis_confirmed,Kerala,Palakkad,Ottapalam,10.7667,76.3667,0,1,0.6929162128655253,0.0001770805933447,0.0001770805933447
2024-01-02,leptospirosis_confirmed,Kerala,Palakkad,Ottapalam,10.7667,76.3667,1,1,0.626972941136358,0.0,0.0
2020-04-03,leptospirosis_confirmed,Kerala,Palakkad,Palakkad,10.78789845,76.47408711,0,1,0.5464629489529036,0.0,0.0
2022-09-11,leptospirosis_confirmed,Kerala,Palakkad,Palakkad,10.78789845,76.47408711,0,0,0.0651659860947132,0.0,0.0
2022-05-06,leptospirosis_confirmed,Kerala,Palakkad,Pattambi,10.8,76.2,1,1,0.634453842464589,0.0,0.0
2022-10-21,leptospirosis_confirmed,Kerala,Palakkad,Pattambi,10.8,76.2,1,0,0.1375065820315378,0.0004663959371488,0.0004663959371488
2022-10-25,leptospirosis_confirmed,Kerala,Palakkad,Pattambi,10.8,76.2,1,0,0.1256307386231188,0.0,0.0
2021-09-14,leptospirosis_confirmed,Kerala,Pathanamthitta,Adoor,9.1667,76.7333,1,0,0.1482244602237757,0.0,0.0
2022-10-27,leptospirosis_confirmed,Kerala,Pathanamthitta,Adoor,9.1667,76.7333,1,0,0.058877496270331,0.0233030288515335,0.0233030288515335
2020-12-31,leptospirosis_confirmed,Kerala,Pathanamthitta,Konni,9.2667,76.9333,1,1,0.6074055384064212,0.0,0.0
2021-01-01,leptospirosis_confirmed,Kerala,Pathanamthitta,Konni,9.2667,76.9333,0,0,0.3310786897732602,0.0,0.0
2022-10-21,leptospirosis_confirmed,Kerala,Pathanamthitta,Kozhenchery,9.2780841,76.9737443,0,0,0.3370318018665184,0.0,0.0
2020-10-26,leptospirosis_confirmed,Kerala,Pathanamthitta,Mallappally,9.3833,76.6833,0,0,0.1869586306537944,0.0,0.0
2022-09-11,leptospirosis_confirmed,Kerala,Pathanamthitta,Mallappally,9.3833,76.6833,1,0,0.1587788166566035,0.0,0.0
2023-09-15,leptospirosis_confirmed,Kerala,Pathanamthitta,Mallappally,9.3833,76.6833,1,0,0.1487642977265514,0.9999999983333334,0.9999999983333334
2020-10-17,leptospirosis_confirmed,Kerala,Pathanamthitta,Ranni,9.3833,76.9667,0,0,0.095235460992411,0.0,0.0
2020-10-19,leptospirosis_confirmed,Kerala,Pathanamthitta,Ranni,9.3833,76.9667,0,0,0.2524404766313763,0.0,0.0
2020-10-26,leptospirosis_confirmed,Kerala,Pathanamthitta,Ranni,9.3833,76.9667,0,0,0.4648942528547439,0.0001209359862845,0.0001209359862845
2021-01-01,leptospirosis_confirmed,Kerala,Pathanamthitta,Ranni,9.3833,76.9667,1,0,0.3853135903943753,0.0,0.0
2021-10-20,leptospirosis_confirmed,Kerala,Pathanamthitta,Ranni,9.3833,76.9667,1,1,0.7154209333782673,0.1470615222435107,0.1470615222435107
2024-04-04,leptospirosis_confirmed,Kerala,Pathanamthitta,Ranni,9.3833,76.9667,1,0,0.1967895554831269,0.0014568635417752,0.0014568635417752
2020-07-08,leptospirosis_confirmed,Kerala,Pathanamthitta,Thiruvalla,9.3833,76.5833,1,1,0.5930586998611185,0.0,0.0
2020-10-18,leptospirosis_confirmed,Kerala,Pathanamthitta,Thiruvalla,9.3833,76.5833,1,1,0.5076576103413345,7.004639088459407e-05,7.004639088459407e-05
2020-12-30,leptospirosis_confirmed,Kerala,Pathanamthitta,Thiruvalla,9.3833,76.5833,0,0,0.098958572093755,0.017030133214131,0.017030133214131
2021-10-17,leptospirosis_confirmed,Kerala,Pathanamthitta,Thiruvalla,9.3833,76.5833,0,1,0.6602295540777209,0.0,0.0
2022-09-10,leptospirosis_confirmed,Kerala,Pathanamthitta,Thiruvalla,9.3833,76.5833,0,0,0.1625892443518285,0.0002418719725691,0.0002418719725691
2022-10-21,leptospirosis_confirmed,Kerala,Pathanamthitta,Thiruvalla,9.3833,76.5833,1,1,0.7263169210584804,0.0,0.0
2023-07-09,leptospirosis_confirmed,Kerala,Pathanamthitta,Thiruvalla,9.3833,76.5833,1,1,0.7019789947856562,0.0285149645220532,0.0285149645220532
2023-09-16,leptospirosis_confirmed,Kerala,Pathanamthitta,Thiruvalla,9.3833,76.5833,0,0,0.0953202288749484,2.5723969267965996e-05,2.5723969267965996e-05
2024-05-11,leptospirosis_confirmed,Kerala,Pathanamthitta,Thiruvalla,9.3833,76.5833,0,1,0.7048348163864842,0.0,0.0
2024-09-11,leptospirosis_confirmed,Kerala,Pathanamthitta,Thiruvalla,9.3833,76.5833,0,0,0.2709910207676409,3.13537742219295e-05,3.13537742219295e-05
2024-10-18,leptospirosis_confirmed,Kerala,Pathanamthitta,Thiruvalla,9.3833,76.5833,0,0,0.0416890692903092,0.0,0.0
2021-10-20,leptospirosis_confirmed,Kerala,Thiruvananthapuram,Kattakkada,8.5667,77.1,0,0,0.068843912793046,0.0,0.0
2021-10-20,leptospirosis_confirmed,Kerala,Thiruvananthapuram,Kattakkada,8.5667,77.1,1,0,0.0654411165768191,0.0,0.0
2022-04-02,leptospirosis_confirmed,Kerala,Thiruvananthapuram,Kattakkada,8.5667,77.1,0,0,0.1335234550766183,0.0097197236904807,0.0097197236904807
2022-04-03,leptospirosis_confirmed,Kerala,Thiruvananthapuram,Kattakkada,8.5667,77.1,1,0,0.111864911461885,0.0,0.0
2022-04-04,leptospirosis_confirmed,Kerala,Thiruvananthapuram,Kattakkada,8.5667,77.1,1,0,0.0662598188365836,0.003890488483427,0.003890488483427
2023-11-11,leptospirosis_confirmed,Kerala,Thiruvananthapuram,Kattakkada,8.5667,77.1,1,0,0.2312140590762146,0.0008454114634174,0.0008454114634174
2020-01-01,leptospirosis_confirmed,Kerala,Thiruvananthapuram,Nedumangad,8.6036,77.0031,0,0,0.0816657091307049,0.0,0.0
2022-09-09,leptospirosis_confirmed,Kerala,Thiruvananthapuram,Nedumangad,8.6036,77.0031,0,0,0.1244658256784647,0.0,0.0
2022-10-20,leptospirosis_confirmed,Kerala,Thiruvananthapuram,Nedumangad,8.6036,77.0031,0,0,0.1214791405159953,0.0004434319497101,0.0004434319497101
2023-09-14,leptospirosis_confirmed,Kerala,Thiruvananthapuram,Nedumangad,8.6036,77.0031,0,0,0.4824873076208225,0.0,0.0
2020-09-13,leptospirosis_confirmed,Kerala,Thiruvananthapuram,Thiruvananthapuram,8.4882267,76.947551,1,0,0.0723988223103467,0.0,0.0
2020-10-18,leptospirosis_confirmed,Kerala,Thiruvananthapuram,Thiruvananthapuram,8.4882267,76.947551,0,0,0.2057416540716085,0.0,0.0
2021-07-09,leptospirosis_confirmed,Kerala,Thiruvananthapuram,Thiruvananthapuram,8.4882267,76.947551,1,0,0.1102920712170138,0.0,0.0
2021-09-09,leptospirosis_confirmed,Kerala,Thiruvananthapuram,Thiruvananthapuram,8.4882267,76.947551,0,0,0.3590145425848343,0.0074754215534559,0.0074754215534559
2021-09-12,leptospirosis_confirmed,Kerala,Thiruvananthapuram,Thiruvananthapuram,8.4882267,76.947551,0,0,0.1809353549588719,0.0,0.0
2022-10-22,leptospirosis_confirmed,Kerala,Thiruvananthapuram,Thiruvananthapuram,8.4882267,76.947551,0,0,0.085931945388493,0.0,0.0
2023-09-10,leptospirosis_confirmed,Kerala,Thiruvananthapuram,Thiruvananthapuram,8.4882267,76.947551,0,0,0.1423568507641338,0.0070949111953623,0.0070949111953623
2020-10-18,leptospirosis_confirmed,Kerala,Thiruvananthapuram,Varkala,8.7379,76.7163,0,0,0.1012708215382871,0.0,0.0
2021-10-18,leptospirosis_confirmed,Kerala,Thiruvananthapuram,Varkala,8.7379,76.7163,0,0,0.1338176181521686,0.0,0.0
2021-11-28,leptospirosis_confirmed,Kerala,Thiruvananthapuram,Varkala,8.7379,76.7163,0,0,0.2667352385182889,0.3340087613563469,0.3340087613563469
2022-07-09,leptospirosis_confirmed,Kerala,Thiruvananthapuram,Varkala,8.7379,76.7163,1,0,0.2137358091376398,0.0,0.0
2022-10-18,leptospirosis_confirmed,Kerala,Thiruvananthapuram,Varkala,8.7379,76.7163,0,0,0.2173302561566086,0.1197011007025743,0.1197011007025743
2022-10-26,leptospirosis_confirmed,Kerala,Thiruvananthapuram,Varkala,8.7379,76.7163,0,1,0.6741403149922727,0.0,0.0
2023-09-09,leptospirosis_confirmed,Kerala,Thiruvananthapuram,Varkala,8.7379,76.7163,0,0,0.1523379460764898,0.0001814039794268,0.0001814039794268
2024-09-14,leptospirosis_confirmed,Kerala,Thiruvananthapuram,Varkala,8.7379,76.7163,0,0,0.38045943099451,0.1527234869958806,0.1527234869958806
2020-09-12,leptospirosis_confirmed,Kerala,Thrissur,Chalakudy,10.3,76.3333,1,1,0.7296039973967368,0.0,0.0
2021-10-22,leptospirosis_confirmed,Kerala,Thrissur,Chalakudy,10.3,76.3333,0,0,0.3047968800219667,5.0033136346138624e-05,5.0033136346138624e-05
2022-12-31,leptospirosis_confirmed,Kerala,Thrissur,Chalakudy,10.3,76.3333,0,1,0.6764008308715258,0.0,0.0
2023-05-06,leptospirosis_confirmed,Kerala,Thrissur,Chalakudy,10.3,76.3333,0,0,0.1295234418846426,0.000352104082183,0.000352104082183
2022-10-19,leptospirosis_confirmed,Kerala,Thrissur,Chavakkad,10.5833,76.0167,1,1,0.5801351945723946,0.0,0.0
2022-10-28,leptospirosis_confirmed,Kerala,Thrissur,Chavakkad,10.5833,76.0167,1,0,0.4005834742416005,0.0003396543544511,0.0003396543544511
2021-10-18,leptospirosis_confirmed,Kerala,Thrissur,Kodungallur,10.2333,76.2,1,1,0.6985293666623912,0.0,0.0
2022-09-14,leptospirosis_confirmed,Kerala,Thrissur,Kodungallur,10.2333,76.2,0,0,0.2683772221173078,0.0,0.0
2022-10-27,leptospirosis_confirmed,Kerala,Thrissur,Kodungallur,10.2333,76.2,0,0,0.0946210744028989,0.0002858486948544,0.0002858486948544
2020-09-14,leptospirosis_confirmed,Kerala,Thrissur,Kunnamkulam,10.65,76.0667,1,0,0.0863650072533385,0.0,0.0
2021-12-31,leptospirosis_confirmed,Kerala,Thrissur,Kunnamkulam,10.65,76.0667,0,0,0.070698702383449,0.0,0.0
2023-11-29,leptospirosis_confirmed,Kerala,Thrissur,Kunnamkulam,10.65,76.0667,0,1,0.6003647071836771,0.0014329082011294,0.0014329082011294
2020-09-10,leptospirosis_confirmed,Kerala,Thrissur,Mukundapuram,10.3333,76.2167,1,0,0.2081202860038644,0.0,0.0
2021-07-09,leptospirosis_confirmed,Kerala,Thrissur,Mukundapuram,10.3333,76.2167,1,1,0.6454910512209754,4.132266119930337e-05,4.132266119930337e-05
2021-10-24,leptospirosis_confirmed,Kerala,Thrissur,Mukundapuram,10.3333,76.2167,1,1,0.6300893202347974,0.8616406550991196,0.8616406550991196
2020-01-01,leptospirosis_confirmed,Kerala,Thrissur,Talappilly,10.6667,76.25,1,0,0.0841486363968812,0.0,0.0
2021-10-22,leptospirosis_confirmed,Kerala,Thrissur,Talappilly,10.6667,76.25,1,0,0.0906354722790008,0.0007279127907171,0.0007279127907171
2023-09-14,leptospirosis_confirmed,Kerala,Thrissur,Talappilly,10.6667,76.25,0,0,0.3927174507879233,0.0,0.0
2023-12-30,leptospirosis_confirmed,Kerala,Thrissur,Talappilly,10.6667,76.25,0,0,0.1874919080023741,0.0,0.0
2024-09-13,leptospirosis_confirmed,Kerala,Thrissur,Talappilly,10.6667,76.25,0,0,0.1432777565668596,0.0002418719725691,0.0002418719725691
2024-10-18,leptospirosis_confirmed,Kerala,Thrissur,Talappilly,10.6667,76.25,0,0,0.1472865665934431,0.0,0.0
2021-10-22,leptospirosis_confirmed,Kerala,Thrissur,Thrissur,10.5256264,76.2132542,0,0,0.1033994109390278,0.0,0.0
2021-11-27,leptospirosis_confirmed,Kerala,Thrissur,Thrissur,10.5256264,76.2132542,0,0,0.0470081279862231,0.0,0.0
2022-11-28,leptospirosis_confirmed,Kerala,Thrissur,Thrissur,10.5256264,76.2132542,1,0,0.0461279425923071,0.0,0.0
2022-12-30,leptospirosis_confirmed,Kerala,Thrissur,Thrissur,10.5256264,76.2132542,1,1,0.5007179876965405,0.9999999983333334,0.9999999983333334
2024-01-01,leptospirosis_confirmed,Kerala,Thrissur,Thrissur,10.5256264,76.2132542,0,0,0.1091743243728483,0.0009025417394246,0.0009025417394246
2024-09-10,leptospirosis_confirmed,Kerala,Thrissur,Thrissur,10.5256264,76.2132542,0,0,0.042799262674445,0.0,0.0
2021-07-08,leptospirosis_confirmed,Kerala,Wayanad,Mananthavady,11.8,76.0,1,0,0.0874014834230974,0.0,0.0
2021-10-17,leptospirosis_confirmed,Kerala,Wayanad,Mananthavady,11.8,76.0,0,0,0.4526017530637891,0.0100158066473916,0.0100158066473916
2021-10-24,leptospirosis_confirmed,Kerala,Wayanad,Mananthavady,11.8,76.0,0,0,0.2045675772018137,0.0,0.0
2022-10-22,leptospirosis_confirmed,Kerala,Wayanad,Mananthavady,11.8,76.0,0,0,0.1185007808179516,0.0,0.0
2021-10-20,leptospirosis_confirmed,Kerala,Wayanad,Sulthan Bathery,11.6667,76.2667,1,1,0.690928932802148,0.0,0.0
2023-10-21,leptospirosis_confirmed,Kerala,Wayanad,Sulthan Bathery,11.6667,76.2667,1,1,0.7174071085640302,0.0006388362063752,0.0006388362063752
2023-10-24,leptospirosis_confirmed,Kerala,Wayanad,Sulthan Bathery,11.6667,76.2667,1,1,0.6557601006886762,0.003426621407703,0.003426621407703
2023-11-27,leptospirosis_confirmed,Kerala,Wayanad,Sulthan Bathery,11.6667,76.2667,0,0,0.0689568420097783,0.0002539385094526,0.0002539385094526
2021-10-28,leptospirosis_confirmed,Kerala,Wayanad,Vythiri,11.6226,76.0813,0,0,0.0765582948874154,0.0,0.0
2022-04-03,leptospirosis_confirmed,Kerala,Wayanad,Vythiri,11.6226,76.0813,0,1,0.7156380267790496,0.0,0.0
2023-04-04,leptospirosis_confirmed,Kerala,Wayanad,Vythiri,11.6226,76.0813,0,1,0.7227432372287598,0.0010884238765612,0.0010884238765612
2023-12-31,leptospirosis_confirmed,Kerala,Wayanad,Vythiri,11.6226,76.0813,0,1,0.6850999359488423,8.062399085639016e-05,8.062399085639016e-05
2024-04-05,leptospirosis_confirmed,Kerala,Wayanad,Vythiri,11.6226,76.0813,0,1,0.6830733402984446,0.0004740134634832,0.0004740134634832
2024-09-11,leptospirosis_confirmed,Kerala,Wayanad,Vythiri,11.6226,76.0813,0,1,0.6962297162039033,0.0,0.0
2024-10-21,leptospirosis_confirmed,Kerala,Wayanad,Vythiri,11.6226,76.0813,0,0,0.4988747627038071,0.0,0.0
2021-09-09,leptospirosis_probable,Kerala,Alappuzha,Ambalappuzha,9.5006651,76.41241429,0,0,0.077854484931478,0.0,0.0
2021-10-20,leptospirosis_probable,Kerala,Alappuzha,Ambalappuzha,9.5006651,76.41241429,0,0,0.0533463540359008,0.0,0.0
2023-10-14,leptospirosis_probable,Kerala,Alappuzha,Ambalappuzha,9.5006651,76.41241429,1,1,0.6864274022794611,0.0007659279131357,0.0007659279131357
2023-10-24,leptospirosis_probable,Kerala,Alappuzha,Ambalappuzha,9.5006651,76.41241429,0,0,0.3874021425655769,0.2626348829565532,0.2626348829565532
2024-07-07,leptospirosis_probable,Kerala,Alappuzha,Ambalappuzha,9.5006651,76.41241429,0,1,0.6886420604149996,0.0,0.0
2020-04-02,leptospirosis_probable,Kerala,Alappuzha,Cherthala,9.6833,76.3333,1,1,0.7126730383559152,0.0,0.0
2021-09-15,leptospirosis_probable,Kerala,Alappuzha,Cherthala,9.6833,76.3333,1,1,0.6542039573742973,0.0014369846059885,0.0014369846059885
2021-10-25,leptospirosis_probable,Kerala,Alappuzha,Cherthala,9.6833,76.3333,1,0,0.2004159456850849,0.0005166132130238,0.0005166132130238
2020-09-14,leptospirosis_probable,Kerala,Alappuzha,Karthikappally,9.2833,76.4667,0,0,0.2653438206237,0.0,0.0
2022-11-27,leptospirosis_probable,Kerala,Alappuzha,Karthikappally,9.2833,76.4667,0,1,0.6737919135855693,0.0,0.0
2022-11-28,leptospirosis_probable,Kerala,Alappuzha,Karthikappally,9.2833,76.4667,0,1,0.6646183448535186,4.031199542819508e-05,4.031199542819508e-05
2020-09-12,leptospirosis_probable,Kerala,Alappuzha,Kuttanad,9.5833,76.4167,0,0,0.3991743853568687,0.0,0.0
2020-10-17,leptospirosis_probable,Kerala,Alappuzha,Kuttanad,9.5833,76.4167,0,0,0.2727117564427359,0.0,0.0
2020-11-29,leptospirosis_probable,Kerala,Alappuzha,Kuttanad,9.5833,76.4167,0,1,0.5908927079063183,0.0001209359862845,0.0001209359862845
2021-07-07,leptospirosis_probable,Kerala,Alappuzha,Kuttanad,9.5833,76.4167,0,1,0.5879041385974447,0.0,0.0
2021-10-24,leptospirosis_probable,Kerala,Alappuzha,Kuttanad,9.5833,76.4167,0,0,0.1241797782689972,4.8374394513834085e-05,4.8374394513834085e-05
2021-11-30,leptospirosis_probable,Kerala,Alappuzha,Kuttanad,9.5833,76.4167,0,0,0.2220072990744988,0.0,0.0
2022-11-30,leptospirosis_probable,Kerala,Alappuzha,Kuttanad,9.5833,76.4167,0,0,0.1708630103099512,4.031199542819508e-05,4.031199542819508e-05
2020-09-10,leptospirosis_probable,Kerala,Alappuzha,Mavelikkara,9.2667,76.55,0,1,0.6702560621450199,0.0,0.0
2020-10-22,leptospirosis_probable,Kerala,Alappuzha,Mavelikkara,9.2667,76.55,1,1,0.6972185499754612,0.000444723940778,0.000444723940778
2020-10-26,leptospirosis_probable,Kerala,Alappuzha,Mavelikkara,9.2667,76.55,1,1,0.6833207651843581,0.8743930039275141,0.8743930039275141
2021-04-02,leptospirosis_probable,Kerala,Alappuzha,Mavelikkara,9.2667,76.55,0,1,0.5700446120374568,0.0006541512878311,0.0006541512878311
2022-10-21,leptospirosis_probable,Kerala,Alappuzha,Mavelikkara,9.2667,76.55,0,0,0.2524377442637423,0.0,0.0
2022-11-30,leptospirosis_probable,Kerala,Alappuzha,Mavelikkara,9.2667,76.55,0,1,0.5821441612680546,0.0054208262271884,0.0054208262271884
2024-09-11,leptospirosis_probable,Kerala,Alappuzha,Mavelikkara,9.2667,76.55,0,0,0.1645785617478784,0.0,0.0
2020-10-18,leptospirosis_probable,Kerala,Ernakulam,Aluva,10.1075,76.3516,0,0,0.3219335843118517,0.0,0.0
2020-11-29,leptospirosis_probable,Kerala,Ernakulam,Aluva,10.1075,76.3516,1,1,0.6909185861754247,0.0,0.0
2021-10-17,leptospirosis_probable,Kerala,Ernakulam,Aluva,10.1075,76.3516,1,1,0.736731899152176,0.0053457607866578,0.0053457607866578
2021-10-24,leptospirosis_probable,Kerala,Ernakulam,Aluva,10.1075,76.3516,0,0,0.2519238883887374,0.0453372993229964,0.0453372993229964
2022-10-24,leptospirosis_probable,Kerala,Ernakulam,Aluva,10.1075,76.3516,0,0,0.3861408893779877,0.0,0.0
2024-09-15,leptospirosis_probable,Kerala,Ernakulam,Aluva,10.1075,76.3516,0,0,0.0382405538977172,5.374932723759343e-05,5.374932723759343e-05
2021-10-21,leptospirosis_probable,Kerala,Ernakulam,Kanayannur,9.98408,76.2741457,0,0,0.2189147284694334,0.0,0.0
2023-04-02,leptospirosis_probable,Kerala,Ernakulam,Kanayannur,9.98408,76.2741457,1,0,0.2136030447603853,0.0,0.0
2023-09-23,leptospirosis_probable,Kerala,Ernakulam,Kanayannur,9.98408,76.2741457,1,1,0.7257151606667273,0.0145228554859673,0.0145228554859673
2024-07-08,leptospirosis_probable,Kerala,Ernakulam,Kanayannur,9.98408,76.2741457,1,1,0.6546085331678972,5.690032332686208e-05,5.690032332686208e-05
2021-09-14,leptospirosis_probable,Kerala,Ernakulam,Kochi,9.9312,76.2673,1,1,0.6508971334937081,0.0,0.0
2023-10-16,leptospirosis_probable,Kerala,Ernakulam,Kochi,9.9312,76.2673,0,0,0.157246267147271,0.0110161297116877,0.0110161297116877
2021-10-26,leptospirosis_probable,Kerala,Ernakulam,Kothamangalam,10.0667,76.6333,0,0,0.0799969705052226,0.0,0.0
2021-10-26,leptospirosis_probable,Kerala,Ernakulam,Kothamangalam,10.0667,76.6333,0,0,0.1981135248585948,0.0,0.0
2022-04-02,leptospirosis_probable,Kerala,Ernakulam,Kothamangalam,10.0667,76.6333,1,0,0.1346324172021786,0.0001612479817127,0.0001612479817127
2022-10-20,leptospirosis_probable,Kerala,Ernakulam,Kothamangalam,10.0667,76.6333,1,0,0.1815181750550851,0.0166632039782987,0.0166632039782987
2022-11-29,leptospirosis_probable,Kerala,Ernakulam,Kothamangalam,10.0667,76.6333,0,0,0.1192172071191726,0.0011253830046327,0.0011253830046327
2023-09-11,leptospirosis_probable,Kerala,Ernakulam,Kothamangalam,10.0667,76.6333,0,0,0.0776886385927776,0.0,0.0
2023-10-14,leptospirosis_probable,Kerala,Ernakulam,Kothamangalam,10.0667,76.6333,0,0,0.0562554592809909,0.0004434319497101,0.0004434319497101
2021-07-07,leptospirosis_probable,Kerala,Ernakulam,Kunnathunad,10.1167,76.4833,1,0,0.0568085711851661,0.0,0.0
2022-10-18,leptospirosis_probable,Kerala,Ernakulam,Kunnathunad,10.1167,76.4833,0,1,0.7227419834904574,0.0,0.0
2020-09-10,leptospirosis_probable,Kerala,Ernakulam,Muvattupuzha,9.9833,76.5833,1,0,0.0867181769875498,0.0,0.0
2021-10-21,leptospirosis_probable,Kerala,Ernakulam,Muvattupuzha,9.9833,76.5833,1,0,0.1053448814714666,0.0031408035764438,0.0031408035764438
2022-04-01,leptospirosis_probable,Kerala,Ernakulam,Muvattupuzha,9.9833,76.5833,1,1,0.7195941058547198,0.0003048844355306,0.0003048844355306
2023-06-03,leptospirosis_probable,Kerala,Ernakulam,Muvattupuzha,9.9833,76.5833,1,1,0.6231712060622057,0.0311291366254869,0.0311291366254869
2024-09-11,leptospirosis_probable,Kerala,Ernakulam,Muvattupuzha,9.9833,76.5833,0,1,0.6615326347047431,0.0007091165453381,0.0007091165453381
2020-09-12,leptospirosis_probable,Kerala,Ernakulam,North Paravur,10.1333,76.2,0,1,0.6968279084737893,0.0,0.0
2020-10-24,leptospirosis_probable,Kerala,Ernakulam,North Paravur,10.1333,76.2,0,1,0.6933520436173903,0.0,0.0
2020-10-28,leptospirosis_probable,Kerala,Ernakulam,North Paravur,10.1333,76.2,0,1,0.6220780279033545,0.0,0.0
2021-04-01,leptospirosis_probable,Kerala,Ernakulam,North Paravur,10.1333,76.2,0,0,0.4888651348526896,0.0009674878902766,0.0009674878902766
2021-09-14,leptospirosis_probable,Kerala,Ernakulam,North Paravur,10.1333,76.2,0,1,0.7396647196270223,0.0006573278947702,0.0006573278947702
2022-09-14,leptospirosis_probable,Kerala,Ernakulam,North Paravur,10.1333,76.2,1,0,0.2487477103012104,0.0,0.0
2020-07-07,leptospirosis_probable,Kerala,Idukki,Devikulam,10.0667,77.1,1,1,0.6735226536037061,0.0,0.0
2020-10-16,leptospirosis_probable,Kerala,Idukki,Devikulam,10.0667,77.1,1,1,0.7248152964839037,0.0008491358861279,0.0008491358861279
2021-07-08,leptospirosis_probable,Kerala,Idukki,Devikulam,10.0667,77.1,1,0,0.1610298295790569,0.0003256937010613,0.0003256937010613
2023-10-25,leptospirosis_probable,Kerala,Idukki,Devikulam,10.0667,77.1,1,1,0.6193147968353014,0.0290351777582171,0.0290351777582171
2020-09-08,leptospirosis_probable,Kerala,Idukki,Idukki,9.8497872,76.9797914,1,1,0.6787745870360117,0.0,0.0
2020-10-24,leptospirosis_probable,Kerala,Idukki,Idukki,9.8497872,76.9797914,0,1,0.7231272198182832,7.329453714217285e-06,7.329453714217285e-06
2021-09-14,leptospirosis_probable,Kerala,Idukki,Idukki,9.8497872,76.9797914,1,0,0.1276953003884953,0.0,0.0
2022-04-01,leptospirosis_probable,Kerala,Idukki,Idukki,9.8497872,76.9797914,0,1,0.5110985827661603,0.0221151969191843,0.0221151969191843
2021-11-29,leptospirosis_probable,Kerala,Idukki,Peerumade,9.5667,76.9667,1,1,0.6917596026317913,0.0,0.0
2020-06-04,leptospirosis_probable,Kerala,Idukki,Thodupuzha,9.8955,76.7241,1,1,0.6191509533187397,0.0,0.0
2020-10-19,leptospirosis_probable,Kerala,Idukki,Thodupuzha,9.8955,76.7241,1,0,0.2824243495186146,0.0,0.0
2021-10-19,leptospirosis_probable,Kerala,Idukki,Thodupuzha,9.8955,76.7241,1,0,0.0902828334724161,0.0076097462225563,0.0076097462225563
2022-09-08,leptospirosis_probable,Kerala,Idukki,Thodupuzha,9.8955,76.7241,1,1,0.7293944051343104,0.0008040892143045,0.0008040892143045
2024-10-18,leptospirosis_probable,Kerala,Idukki,Thodupuzha,9.8955,76.7241,0,1,0.7570155539762149,0.0112580413437706,0.0112580413437706
2020-06-04,leptospirosis_probable,Kerala,Idukki,Udumbanchola,9.8333,77.1333,1,1,0.6961952062025386,0.0,0.0
2020-07-08,leptospirosis_probable,Kerala,Idukki,Udumbanchola,9.8333,77.1333,1,1,0.6686668592514696,0.0538899318481054,0.0538899318481054
2021-11-30,leptospirosis_probable,Kerala,Idukki,Udumbanchola,9.8333,77.1333,0,1,0.7186185432717626,0.0007595508429883,0.0007595508429883
2022-10-19,leptospirosis_probable,Kerala,Idukki,Udumbanchola,9.8333,77.1333,0,1,0.7168768377349369,0.0,0.0
2023-07-22,leptospirosis_probable,Kerala,Idukki,Udumbanchola,9.8333,77.1333,0,1,0.5328129125562335,0.0,0.0
2023-09-15,leptospirosis_probable,Kerala,Idukki,Udumbanchola,9.8333,77.1333,1,1,0.6825273111174858,0.0001463176130356,0.0001463176130356
2023-11-29,leptospirosis_probable,Kerala,Idukki,Udumbanchola,9.8333,77.1333,0,1,0.5880592255785949,0.0643522249236427,0.0643522249236427
2024-09-15,leptospirosis_probable,Kerala,Idukki,Udumbanchola,9.8333,77.1333,0,0,0.0578349021229996,0.0,0.0
2020-09-09,leptospirosis_probable,Kerala,Kannur,Iritty,11.9333,75.7,1,1,0.7080035773359612,0.0,0.0
2021-10-20,leptospirosis_probable,Kerala,Kannur,Iritty,11.9333,75.7,0,0,0.089194105351922,0.0,0.0
2023-04-02,leptospirosis_probable,Kerala,Kannur,Iritty,11.9333,75.7,0,1,0.7086897408299163,0.0,0.0
2023-10-07,leptospirosis_probable,Kerala,Kannur,Iritty,11.9333,75.7,1,1,0.5680840229120994,8.062399085639016e-05,8.062399085639016e-05
2024-06-04,leptospirosis_probable,Kerala,Kannur,Iritty,11.9333,75.7,1,0,0.0650005804039314,0.0068819422831404,0.0068819422831404
2021-09-10,leptospirosis_probable,Kerala,Kannur,Kannur,11.8763836,75.3737973,0,1,0.6566916881346475,0.0,0.0
2022-07-07,leptospirosis_probable,Kerala,Kannur,Kannur,11.8763836,75.3737973,0,1,0.7043583864574805,0.0,0.0
2022-07-07,leptospirosis_probable,Kerala,Kannur,Kannur,11.8763836,75.3737973,0,1,0.7060103305674451,0.1230725220422795,0.1230725220422795
2020-04-02,leptospirosis_probable,Kerala,Kannur,Payyanur,12.1,75.2,0,1,0.7357342202310874,0.0,0.0
2020-09-11,leptospirosis_probable,Kerala,Kannur,Payyanur,12.1,75.2,1,1,0.7199005180453885,0.0,0.0
2020-10-21,leptospirosis_probable,Kerala,Kannur,Payyanur,12.1,75.2,1,0,0.133317471450986,0.2995212083706012,0.2995212083706012
2021-09-11,leptospirosis_probable,Kerala,Kannur,Payyanur,12.1,75.2,0,0,0.240223217607962,0.0019387357848666,0.0019387357848666
2021-09-12,leptospirosis_probable,Kerala,Kannur,Payyanur,12.1,75.2,0,0,0.1273924188846794,0.0,0.0
2022-09-14,leptospirosis_probable,Kerala,Kannur,Payyanur,12.1,75.2,0,1,0.6641143896669875,0.0009674878902766,0.0009674878902766
2022-11-27,leptospirosis_probable,Kerala,Kannur,Taliparamba,12.0333,75.35,1,0,0.110501211865516,0.0,0.0
2024-10-18,leptospirosis_probable,Kerala,Kannur,Taliparamba,12.0333,75.35,0,0,0.2497277619516059,0.0056197049472722,0.0056197049472722
2024-10-27,leptospirosis_probable,Kerala,Kannur,Taliparamba,12.0333,75.35,0,0,0.2403044870685571,0.0,0.0
2022-06-05,leptospirosis_probable,Kerala,Kannur,Thalassery,11.75,75.4833,0,0,0.2175355656390018,0.0,0.0
2022-07-08,leptospirosis_probable,Kerala,Kannur,Thalassery,11.75,75.4833,1,0,0.3096723922263383,0.0,0.0
2022-10-21,leptospirosis_probable,Kerala,Kannur,Thalassery,11.75,75.4833,1,0,0.0775267534098015,0.0049983158315242,0.0049983158315242
2022-11-30,leptospirosis_probable,Kerala,Kannur,Thalassery,11.75,75.4833,1,0,0.1327597583279587,0.0202296388133321,0.0202296388133321
2021-06-06,leptospirosis_probable,Kerala,Kasaragod,Hosdurg,12.3167,75.1,1,0,0.0899332113470995,0.0,0.0
2021-09-10,leptospirosis_probable,Kerala,Kasaragod,Hosdurg,12.3167,75.1,1,1,0.6718900381779725,0.0005014191325911,0.0005014191325911
2021-10-19,leptospirosis_probable,Kerala,Kasaragod,Hosdurg,12.3167,75.1,1,0,0.1851143635639977,0.0013687318200091,0.0013687318200091
2022-09-13,leptospirosis_probable,Kerala,Kasaragod,Hosdurg,12.3167,75.1,0,0,0.4761438548749996,0.0022542021264131,0.0022542021264131
2023-09-14,leptospirosis_probable,Kerala,Kasaragod,Hosdurg,12.3167,75.1,1,0,0.0851795786401574,0.0,0.0
2021-10-22,leptospirosis_probable,Kerala,Kasaragod,Kasaragod,12.5035577,74.9907022,0,0,0.1001436093646792,0.0,0.0
2022-06-06,leptospirosis_probable,Kerala,Kasaragod,Kasaragod,12.5035577,74.9907022,0,0,0.3762347977504361,0.0,0.0
2023-09-14,leptospirosis_probable,Kerala,Kasaragod,Kasaragod,12.5035577,74.9907022,0,0,0.0516492210118285,0.0006853039222793,0.0006853039222793
2020-06-03,leptospirosis_probable,Kerala,Kasaragod,Manjeshwaram,12.7167,74.8833,0,0,0.4803794807413072,0.0,0.0
2022-06-04,leptospirosis_probable,Kerala,Kasaragod,Manjeshwaram,12.7167,74.8833,0,0,0.4584386358930821,0.0,0.0
2022-11-27,leptospirosis_probable,Kerala,Kasaragod,Manjeshwaram,12.7167,74.8833,1,0,0.0351616909531866,0.0002821839679973,0.0002821839679973
2023-09-10,leptospirosis_probable,Kerala,Kasaragod,Manjeshwaram,12.7167,74.8833,0,0,0.0645743983575483,0.0068682401579862,0.0068682401579862
2023-11-25,leptospirosis_probable,Kerala,Kasaragod,Manjeshwaram,12.7167,74.8833,0,0,0.0764314032094479,0.0,0.0
2022-09-15,leptospirosis_probable,Kerala,Kasaragod,Nileshwaram,12.25,75.1,1,0,0.1407600331162649,0.0,0.0
2023-10-21,leptospirosis_probable,Kerala,Kasaragod,Nileshwaram,12.25,75.1,1,0,0.1098776991312366,0.0,0.0
2023-10-26,leptospirosis_probable,Kerala,Kasaragod,Nileshwaram,12.25,75.1,0,0,0.4012204930000076,0.0010860483011354,0.0010860483011354
2024-10-27,leptospirosis_probable,Kerala,Kasaragod,Nileshwaram,12.25,75.1,0,1,0.564247587766385,0.0,0.0
2023-10-24,leptospirosis_probable,Kerala,Kasaragod,Vellarikundu,12.4167,75.2333,1,0,0.4500751786302746,0.0,0.0
2021-04-02,leptospirosis_probable,Kerala,Kollam,Karunagappally,9.0574,76.5334,0,0,0.1395940719680725,0.0,0.0
2021-10-17,leptospirosis_probable,Kerala,Kollam,Karunagappally,9.0574,76.5334,1,0,0.0469538574852158,0.0,0.0
2022-06-05,leptospirosis_probable,Kerala,Kollam,Karunagappally,9.0574,76.5334,0,0,0.4314551470320426,0.0105994794150023,0.0105994794150023
2023-10-26,leptospirosis_probable,Kerala,Kollam,Karunagappally,9.0574,76.5334,0,0,0.2748789145903036,0.0,0.0
2020-09-08,leptospirosis_probable,Kerala,Kollam,Kollam,8.8879509,76.5955013,1,0,0.265988066726799,0.0,0.0
2020-10-22,leptospirosis_probable,Kerala,Kollam,Kollam,8.8879509,76.5955013,1,0,0.4572517002551459,0.0024466276698133,0.0024466276698133
2021-07-08,leptospirosis_probable,Kerala,Kollam,Kollam,8.8879509,76.5955013,0,0,0.4398107387673421,9.361161520164582e-05,9.361161520164582e-05
2023-09-14,leptospirosis_probable,Kerala,Kollam,Kollam,8.8879509,76.5955013,1,1,0.5034726035295,0.0,0.0
2023-10-20,leptospirosis_probable,Kerala,Kollam,Kollam,8.8879509,76.5955013,1,0,0.1157410634781619,0.0211401313102923,0.0211401313102923
2024-10-17,leptospirosis_probable,Kerala,Kollam,Kollam,8.8879509,76.5955013,0,0,0.419613468091256,0.0091306549680645,0.0091306549680645
2020-07-07,leptospirosis_probable,Kerala,Kollam,Kottarakkara,9.0002,76.7788,0,0,0.1557114284943221,0.0,0.0
2020-09-10,leptospirosis_probable,Kerala,Kollam,Kottarakkara,9.0002,76.7788,1,0,0.1854692015148407,0.0,0.0
2020-09-15,leptospirosis_probable,Kerala,Kollam,Kottarakkara,9.0002,76.7788,0,0,0.2946871990503738,0.0019668006938926,0.0019668006938926
2021-10-17,leptospirosis_probable,Kerala,Kollam,Kottarakkara,9.0002,76.7788,1,0,0.3194205483382524,0.0,0.0
2022-10-18,leptospirosis_probable,Kerala,Kollam,Kottarakkara,9.0002,76.7788,0,0,0.0497735739987188,0.0055528409565606,0.0055528409565606
2023-06-24,leptospirosis_probable,Kerala,Kollam,Kottarakkara,9.0002,76.7788,0,0,0.2028599758036871,0.0,0.0
2022-09-14,leptospirosis_probable,Kerala,Kollam,Kunnathoor,9.0292,76.627,1,0,0.1565844761874085,0.0,0.0
2022-10-21,leptospirosis_probable,Kerala,Kollam,Kunnathoor,9.0292,76.627,0,0,0.1697685676903919,0.0,0.0
2023-06-06,leptospirosis_probable,Kerala,Kollam,Kunnathoor,9.0292,76.627,1,0,0.2100415349703471,0.0,0.0
2023-10-19,leptospirosis_probable,Kerala,Kollam,Kunnathoor,9.0292,76.627,1,0,0.1502135675650039,0.9999999983333334,0.9999999983333334
2020-11-30,leptospirosis_probable,Kerala,Kollam,Pathanapuram,9.1,76.87,1,0,0.1192537334108082,0.0,0.0
2022-09-08,leptospirosis_probable,Kerala,Kollam,Pathanapuram,9.1,76.87,1,0,0.1168411212422452,0.0010455840041916,0.0010455840041916
2024-04-02,leptospirosis_probable,Kerala,Kollam,Pathanapuram,9.1,76.87,0,0,0.4403071089001498,0.0,0.0
2020-11-28,leptospirosis_probable,Kerala,Kollam,Punalur,9.0089,76.9269,1,0,0.3803260802265446,0.0,0.0
2022-09-10,leptospirosis_probable,Kerala,Kollam,Punalur,9.0089,76.9269,1,0,0.2984123802767986,0.9999999983333334,0.9999999983333334
2024-09-14,leptospirosis_probable,Kerala,Kollam,Punalur,9.0089,76.9269,0,0,0.1422497627514374,0.0,0.0
2023-09-23,leptospirosis_probable,Kerala,Kottayam,Changanassery,9.45,76.5333,1,0,0.0336893800707318,0.0,0.0
2022-04-01,leptospirosis_probable,Kerala,Kottayam,Kanjirappally,9.5667,76.7833,0,0,0.0641118746124949,0.0,0.0
2023-04-02,leptospirosis_probable,Kerala,Kottayam,Kanjirappally,9.5667,76.7833,0,0,0.0552843708161743,0.0,0.0
2023-10-27,leptospirosis_probable,Kerala,Kottayam,Kanjirappally,9.5667,76.7833,1,0,0.1769396982606171,0.001269861779297,0.001269861779297
2020-04-01,leptospirosis_probable,Kerala,Kottayam,Kottayam,9.6287383,76.64553257,1,0,0.18489255453284,0.0,0.0
2021-10-23,leptospirosis_probable,Kerala,Kottayam,Kottayam,9.6287383,76.64553257,0,0,0.1580513834300299,0.0002040948298127,0.0002040948298127
2022-09-15,leptospirosis_probable,Kerala,Kottayam,Kottayam,9.6287383,76.64553257,1,0,0.1875499571621803,0.0,0.0
2023-09-14,leptospirosis_probable,Kerala,Kottayam,Kottayam,9.6287383,76.64553257,1,0,0.0787869485749937,0.0035005959850464,0.0035005959850464
2024-07-07,leptospirosis_probable,Kerala,Kottayam,Kottayam,9.6287383,76.64553257,1,0,0.0850644466451732,0.0095316754677648,0.0095316754677648
2020-04-02,leptospirosis_probable,Kerala,Kottayam,Meenachil,9.7167,76.6833,1,0,0.1793671918495355,0.0,0.0
2020-07-07,leptospirosis_probable,Kerala,Kottayam,Meenachil,9.7167,76.6833,1,0,0.0562156680450035,0.0,0.0
2021-10-25,leptospirosis_probable,Kerala,Kottayam,Meenachil,9.7167,76.6833,0,0,0.0981885845603678,0.3438588960501522,0.3438588960501522
2022-10-22,leptospirosis_probable,Kerala,Kottayam,Meenachil,9.7167,76.6833,0,0,0.0657980371901944,0.0,0.0
2023-10-18,leptospirosis_probable,Kerala,Kottayam,Meenachil,9.7167,76.6833,0,0,0.09092663636189,0.0,0.0
2023-10-21,leptospirosis_probable,Kerala,Kottayam,Meenachil,9.7167,76.6833,0,0,0.1118926964776565,0.0013468949060714,0.0013468949060714
2024-04-01,leptospirosis_probable,Kerala,Kottayam,Meenachil,9.7167,76.6833,0,0,0.1154162409848751,0.0,0.0
2022-10-21,leptospirosis_probable,Kerala,Kottayam,Vaikom,9.75,76.4,1,0,0.2121522019289922,0.0,0.0
2023-06-06,leptospirosis_probable,Kerala,Kottayam,Vaikom,9.75,76.4,1,0,0.2530524576746443,0.0200385472925326,0.0200385472925326
2023-10-14,leptospirosis_probable,Kerala,Kottayam,Vaikom,9.75,76.4,0,0,0.3648018330145939,0.0,0.0
2021-09-09,leptospirosis_probable,Kerala,Kozhikode,Koyilandy,11.4333,75.7,1,0,0.0400686124926867,0.0,0.0
2020-10-19,leptospirosis_probable,Kerala,Kozhikode,Kozhikode,11.2450558,75.7754716,0,1,0.7214338063614563,0.0,0.0
2020-11-27,leptospirosis_probable,Kerala,Kozhikode,Kozhikode,11.2450558,75.7754716,1,1,0.6883828200382243,0.0,0.0
2021-09-13,leptospirosis_probable,Kerala,Kozhikode,Kozhikode,11.2450558,75.7754716,0,0,0.1050536510079579,0.9999999983333334,0.9999999983333334
2022-09-10,leptospirosis_probable,Kerala,Kozhikode,Kozhikode,11.2450558,75.7754716,0,0,0.1372558367345319,0.0,0.0
2022-09-13,leptospirosis_probable,Kerala,Kozhikode,Kozhikode,11.2450558,75.7754716,0,0,0.1755424584001421,0.0,0.0
2022-10-23,leptospirosis_probable,Kerala,Kozhikode,Kozhikode,11.2450558,75.7754716,0,0,0.1573886262965499,0.0001612479817127,0.0001612479817127
2023-06-05,leptospirosis_probable,Kerala,Kozhikode,Kozhikode,11.2450558,75.7754716,0,0,0.1657154084790938,0.0004165572860913,0.0004165572860913
2023-10-23,leptospirosis_probable,Kerala,Kozhikode,Kozhikode,11.2450558,75.7754716,0,0,0.1212182103744212,0.0,0.0
2022-09-12,leptospirosis_probable,Kerala,Kozhikode,Thamarassery,11.2667,75.9333,1,0,0.2445875546863513,0.0,0.0
2022-09-13,leptospirosis_probable,Kerala,Kozhikode,Thamarassery,11.2667,75.9333,1,0,0.224890487858138,0.0005795279225613,0.0005795279225613
2022-10-28,leptospirosis_probable,Kerala,Kozhikode,Thamarassery,11.2667,75.9333,1,1,0.6879430788157329,0.0014820064082663,0.0014820064082663
2024-10-26,leptospirosis_probable,Kerala,Kozhikode,Thamarassery,11.2667,75.9333,1,1,0.7045374521877096,0.0049190435599402,0.0049190435599402
2020-09-12,leptospirosis_probable,Kerala,Kozhikode,Vadakara,11.6,75.5833,1,1,0.6911287744189294,0.0,0.0
2022-06-05,leptospirosis_probable,Kerala,Kozhikode,Vadakara,11.6,75.5833,1,0,0.0563887966445827,0.010467464585919,0.010467464585919
2022-10-18,leptospirosis_probable,Kerala,Kozhikode,Vadakara,11.6,75.5833,1,0,0.0281708057780677,0.0007235889058177,0.0007235889058177
2022-11-27,leptospirosis_probable,Kerala,Kozhikode,Vadakara,11.6,75.5833,1,0,0.06779227994644,0.4795676486085656,0.4795676486085656
2023-06-03,leptospirosis_probable,Kerala,Kozhikode,Vadakara,11.6,75.5833,0,0,0.1259547158823289,0.0,0.0
2024-09-10,leptospirosis_probable,Kerala,Kozhikode,Vadakara,11.6,75.5833,0,0,0.1272956435761206,0.0,0.0
2020-10-19,leptospirosis_probable,Kerala,Malappuram,Ernad,11.1201,76.1197,0,1,0.6927481609146976,0.0,0.0
2020-11-28,leptospirosis_probable,Kerala,Malappuram,Ernad,11.1201,76.1197,0,0,0.4026473153899446,0.0,0.0
2021-09-13,leptospirosis_probable,Kerala,Malappuram,Ernad,11.1201,76.1197,0,0,0.1304779318541113,0.0003762452906631,0.0003762452906631
2023-10-20,leptospirosis_probable,Kerala,Malappuram,Ernad,11.1201,76.1197,0,1,0.6194216824564438,0.0,0.0
2020-06-06,leptospirosis_probable,Kerala,Malappuram,Kondotty,11.15,75.9667,0,0,0.2799398794630922,0.0,0.0
2020-10-16,leptospirosis_probable,Kerala,Malappuram,Kondotty,11.15,75.9667,0,0,0.2000296133348124,0.0,0.0
2022-10-21,leptospirosis_probable,Kerala,Malappuram,Kondotty,11.15,75.9667,0,0,0.2192194995426622,0.0002418719725691,0.0002418719725691
2022-10-18,leptospirosis_probable,Kerala,Malappuram,Nilambur,11.2833,76.2333,0,0,0.0995512341075302,0.0,0.0
2022-10-22,leptospirosis_probable,Kerala,Malappuram,Nilambur,11.2833,76.2333,1,0,0.1559313853290101,0.0,0.0
2022-11-27,leptospirosis_probable,Kerala,Malappuram,Nilambur,11.2833,76.2333,0,0,0.1480591190456222,0.0151299330910216,0.0151299330910216
2021-10-18,leptospirosis_probable,Kerala,Malappuram,Perinthalmanna,10.9667,76.2167,0,1,0.6353981414229365,0.0,0.0
2021-11-30,leptospirosis_probable,Kerala,Malappuram,Perinthalmanna,10.9667,76.2167,0,1,0.7414362257996718,0.0,0.0
2023-09-09,leptospirosis_probable,Kerala,Malappuram,Perinthalmanna,10.9667,76.2167,0,1,0.7245989795991266,0.0010077998857048,0.0010077998857048
2020-04-01,leptospirosis_probable,Kerala,Malappuram,Ponnani,10.7667,75.9167,0,1,0.7059951790341336,0.0,0.0
2021-09-13,leptospirosis_probable,Kerala,Malappuram,Ponnani,10.7667,75.9167,0,0,0.3324068909763797,0.0,0.0
2020-09-13,leptospirosis_probable,Kerala,Malappuram,Tirur,10.9167,75.9167,1,0,0.0951551747917625,0.0,0.0
2021-10-20,leptospirosis_probable,Kerala,Malappuram,Tirur,10.9167,75.9167,1,1,0.5961030672201472,0.000476221269563,0.000476221269563
2021-10-27,leptospirosis_probable,Kerala,Malappuram,Tirur,10.9167,75.9167,0,1,0.643210967078364,0.0095400539851247,0.0095400539851247
2021-11-29,leptospirosis_probable,Kerala,Malappuram,Tirur,10.9167,75.9167,0,1,0.7110013438764327,0.0,0.0
2022-09-15,leptospirosis_probable,Kerala,Malappuram,Tirur,10.9167,75.9167,1,1,0.5974319010780693,0.0011488561776688,0.0011488561776688
2020-06-03,leptospirosis_probable,Kerala,Malappuram,Tirurangadi,11.0,75.9333,1,1,0.6171909158231178,0.0,0.0
2020-10-27,leptospirosis_probable,Kerala,Malappuram,Tirurangadi,11.0,75.9333,1,1,0.7228454956055994,0.0005884801963983,0.0005884801963983
2021-09-10,leptospirosis_probable,Kerala,Malappuram,Tirurangadi,11.0,75.9333,0,1,0.7295141696652808,0.0,0.0
2022-06-04,leptospirosis_probable,Kerala,Malappuram,Tirurangadi,11.0,75.9333,0,1,0.5767004312833679,0.0,0.0
2022-06-04,leptospirosis_probable,Kerala,Malappuram,Tirurangadi,11.0,75.9333,1,0,0.1005877455463436,0.0,0.0
2022-09-13,leptospirosis_probable,Kerala,Malappuram,Tirurangadi,11.0,75.9333,1,0,0.2464375441973148,0.0307625826874383,0.0307625826874383
2023-10-25,leptospirosis_probable,Kerala,Malappuram,Tirurangadi,11.0,75.9333,0,0,0.120989212892,0.0141556621561248,0.0141556621561248
2024-10-17,leptospirosis_probable,Kerala,Malappuram,Tirurangadi,11.0,75.9333,0,0,0.1159261214795843,0.0,0.0
2021-06-05,leptospirosis_probable,Kerala,Palakkad,Alathur,10.6333,76.55,1,0,0.1853849896163275,0.0,0.0
2021-10-18,leptospirosis_probable,Kerala,Palakkad,Alathur,10.6333,76.55,0,1,0.7176612395880168,0.0030896555828302,0.0030896555828302
2021-10-23,leptospirosis_probable,Kerala,Palakkad,Alathur,10.6333,76.55,0,1,0.6874474507843459,0.0,0.0
2022-09-11,leptospirosis_probable,Kerala,Palakkad,Alathur,10.6333,76.55,1,0,0.1556461599197976,0.0,0.0
2023-09-12,leptospirosis_probable,Kerala,Palakkad,Alathur,10.6333,76.55,0,1,0.5789156399458317,0.0102535985123724,0.0102535985123724
2023-10-16,leptospirosis_probable,Kerala,Palakkad,Alathur,10.6333,76.55,1,1,0.5359957814253761,0.0,0.0
2020-07-06,leptospirosis_probable,Kerala,Palakkad,Chittur,10.7,76.75,1,0,0.4568392028245377,0.0,0.0
2021-10-19,leptospirosis_probable,Kerala,Palakkad,Chittur,10.7,76.75,1,0,0.0774114898184585,0.0197015373380744,0.0197015373380744
2022-10-20,leptospirosis_probable,Kerala,Palakkad,Chittur,10.7,76.75,0,0,0.127780278196444,0.0,0.0
2020-04-02,leptospirosis_probable,Kerala,Palakkad,Mannarkkad,11.0,76.4667,0,1,0.7265315042348999,0.0,0.0
2020-10-24,leptospirosis_probable,Kerala,Palakkad,Mannarkkad,11.0,76.4667,0,1,0.7087037348602019,0.0,0.0
2020-10-26,leptospirosis_probable,Kerala,Palakkad,Mannarkkad,11.0,76.4667,1,0,0.0866199428298453,0.0001612479817127,0.0001612479817127
2020-11-29,leptospirosis_probable,Kerala,Palakkad,Mannarkkad,11.0,76.4667,0,0,0.1034083628486224,0.7636233815197062,0.7636233815197062
2021-11-29,leptospirosis_probable,Kerala,Palakkad,Mannarkkad,11.0,76.4667,0,1,0.6750176677000614,0.0,0.0
2022-09-15,leptospirosis_probable,Kerala,Palakkad,Mannarkkad,11.0,76.4667,0,1,0.5764697078664915,0.0033862076159683,0.0033862076159683
2021-09-08,leptospirosis_probable,Kerala,Palakkad,Ottapalam,10.7667,76.3667,0,1,0.6404119482098375,0.0,0.0
2021-09-14,leptospirosis_probable,Kerala,Palakkad,Ottapalam,10.7667,76.3667,0,0,0.2175558822171144,0.0,0.0
2021-10-17,leptospirosis_probable,Kerala,Palakkad,Ottapalam,10.7667,76.3667,0,0,0.4951713093374774,8.062399085639016e-05,8.062399085639016e-05
2021-11-29,leptospirosis_probable,Kerala,Palakkad,Ottapalam,10.7667,76.3667,0,0,0.1501577384772421,0.000423275951996,0.000423275951996
2022-10-25,leptospirosis_probable,Kerala,Palakkad,Ottapalam,10.7667,76.3667,0,0,0.0996711973224246,0.0,0.0
2023-04-02,leptospirosis_probable,Kerala,Palakkad,Ottapalam,10.7667,76.3667,0,0,0.1216988292623858,0.0020465932027392,0.0020465932027392
2023-09-13,leptospirosis_probable,Kerala,Palakkad,Ottapalam,10.7667,76.3667,1,0,0.1430509249840316,0.0052237079897429,0.0052237079897429
2024-09-08,leptospirosis_probable,Kerala,Palakkad,Ottapalam,10.7667,76.3667,0,0,0.1592872387273607,0.1320422606170343,0.1320422606170343
2024-09-10,leptospirosis_probable,Kerala,Palakkad,Ottapalam,10.7667,76.3667,0,0,0.4262479536519425,0.0,0.0
2021-09-13,leptospirosis_probable,Kerala,Palakkad,Palakkad,10.78789845,76.47408711,1,0,0.1476955079194065,0.0,0.0
2020-10-18,leptospirosis_probable,Kerala,Palakkad,Pattambi,10.8,76.2,0,0,0.0956994654330367,0.0,0.0
2021-09-15,leptospirosis_probable,Kerala,Palakkad,Pattambi,10.8,76.2,1,0,0.162096016733362,0.0,0.0
2021-10-21,leptospirosis_probable,Kerala,Palakkad,Pattambi,10.8,76.2,1,0,0.1925327565149126,0.0663101582433043,0.0663101582433043
2022-10-17,leptospirosis_probable,Kerala,Palakkad,Pattambi,10.8,76.2,1,0,0.0664467180604534,0.0,0.0
2021-10-17,leptospirosis_probable,Kerala,Pathanamthitta,Adoor,9.1667,76.7333,0,0,0.0899770928526254,0.0,0.0
2020-10-19,leptospirosis_probable,Kerala,Pathanamthitta,Konni,9.2667,76.9333,1,0,0.1426071675721727,0.0,0.0
2021-11-28,leptospirosis_probable,Kerala,Pathanamthitta,Konni,9.2667,76.9333,0,0,0.1275448370520731,0.0,0.0
2022-10-19,leptospirosis_probable,Kerala,Pathanamthitta,Konni,9.2667,76.9333,0,0,0.0924531068950152,0.0,0.0
2022-10-22,leptospirosis_probable,Kerala,Pathanamthitta,Konni,9.2667,76.9333,0,0,0.084827414498946,8.062399085639016e-05,8.062399085639016e-05
2023-09-11,leptospirosis_probable,Kerala,Pathanamthitta,Konni,9.2667,76.9333,0,0,0.0979926388914125,0.0,0.0
2020-06-05,leptospirosis_probable,Kerala,Pathanamthitta,Kozhenchery,9.2780841,76.9737443,1,0,0.1554987680694251,0.0,0.0
2024-09-10,leptospirosis_probable,Kerala,Pathanamthitta,Kozhenchery,9.2780841,76.9737443,1,0,0.11190520213599,0.0052976672849765,0.0052976672849765
2024-09-13,leptospirosis_probable,Kerala,Pathanamthitta,Kozhenchery,9.2780841,76.9737443,0,0,0.4151376552526236,0.0,0.0
2020-09-14,leptospirosis_probable,Kerala,Pathanamthitta,Mallappally,9.3833,76.6833,1,0,0.0556475869000283,0.0,0.0
2020-10-17,leptospirosis_probable,Kerala,Pathanamthitta,Mallappally,9.3833,76.6833,0,0,0.1011677853161385,0.013925122119107,0.013925122119107
2023-09-09,leptospirosis_probable,Kerala,Pathanamthitta,Mallappally,9.3833,76.6833,0,0,0.1123664694616478,0.0,0.0
2020-11-29,leptospirosis_probable,Kerala,Pathanamthitta,Ranni,9.3833,76.9667,0,0,0.0536072415862661,0.0,0.0
2021-04-01,leptospirosis_probable,Kerala,Pathanamthitta,Ranni,9.3833,76.9667,0,0,0.4134030623180984,0.0,0.0
2021-06-05,leptospirosis_probable,Kerala,Pathanamthitta,Ranni,9.3833,76.9667,0,0,0.1976288599122215,0.0,0.0
2021-09-14,leptospirosis_probable,Kerala,Pathanamthitta,Ranni,9.3833,76.9667,0,1,0.6966274283126157,2.6874663618796715e-05,2.6874663618796715e-05
2021-10-24,leptospirosis_probable,Kerala,Pathanamthitta,Ranni,9.3833,76.9667,0,0,0.064854468187346,0.0,0.0
2022-10-24,leptospirosis_probable,Kerala,Pathanamthitta,Ranni,9.3833,76.9667,0,0,0.0862259520643769,0.0,0.0
2023-10-17,leptospirosis_probable,Kerala,Pathanamthitta,Ranni,9.3833,76.9667,1,0,0.1502218869996818,0.0010372920682669,0.0010372920682669
2023-10-19,leptospirosis_probable,Kerala,Pathanamthitta,Ranni,9.3833,76.9667,1,0,0.1777377798048759,0.0287332283178496,0.0287332283178496
2020-07-08,leptospirosis_probable,Kerala,Pathanamthitta,Thiruvalla,9.3833,76.5833,0,0,0.092004779926093,0.0,0.0
2022-09-10,leptospirosis_probable,Kerala,Pathanamthitta,Thiruvalla,9.3833,76.5833,0,0,0.0798139428733871,0.0,0.0
2022-10-26,leptospirosis_probable,Kerala,Pathanamthitta,Thiruvalla,9.3833,76.5833,0,0,0.0956918667767521,0.0,0.0
2023-10-26,leptospirosis_probable,Kerala,Pathanamthitta,Thiruvalla,9.3833,76.5833,1,0,0.099157987616092,0.0004031199542819,0.0004031199542819
2023-09-11,leptospirosis_probable,Kerala,Thiruvananthapuram,Chirayinkeezhu,8.6963,76.8153,0,0,0.1317686245558572,0.0,0.0
2023-09-15,leptospirosis_probable,Kerala,Thiruvananthapuram,Chirayinkeezhu,8.6963,76.8153,0,0,0.0788460160650097,0.0,0.0
2020-04-01,leptospirosis_probable,Kerala,Thiruvananthapuram,Kattakkada,8.5667,77.1,0,1,0.6966899829726446,0.0,0.0
2021-10-27,leptospirosis_probable,Kerala,Thiruvananthapuram,Kattakkada,8.5667,77.1,1,1,0.7102294137357239,0.0,0.0
2023-06-03,leptospirosis_probable,Kerala,Thiruvananthapuram,Kattakkada,8.5667,77.1,0,1,0.6768567978492829,0.0121805928545879,0.0121805928545879
2020-06-06,leptospirosis_probable,Kerala,Thiruvananthapuram,Nedumangad,8.6036,77.0031,1,0,0.1741922744627658,0.0,0.0
2020-10-16,leptospirosis_probable,Kerala,Thiruvananthapuram,Nedumangad,8.6036,77.0031,0,0,0.2256030978643645,0.0,0.0
2021-09-12,leptospirosis_probable,Kerala,Thiruvananthapuram,Neyyattinkara,8.4004,77.0872,1,0,0.115695848867052,0.0,0.0
2021-10-24,leptospirosis_probable,Kerala,Thiruvananthapuram,Neyyattinkara,8.4004,77.0872,1,0,0.0826344164737627,0.8399452977560921,0.8399452977560921
2022-06-04,leptospirosis_probable,Kerala,Thiruvananthapuram,Neyyattinkara,8.4004,77.0872,0,0,0.11218980422096,0.0,0.0
2020-06-03,leptospirosis_probable,Kerala,Thiruvananthapuram,Thiruvananthapuram,8.4882267,76.947551,1,0,0.2135403902416903,0.0,0.0
2020-10-27,leptospirosis_probable,Kerala,Thiruvananthapuram,Thiruvananthapuram,8.4882267,76.947551,1,0,0.1120690904430925,0.0008356985543185,0.0008356985543185
2023-09-16,leptospirosis_probable,Kerala,Thiruvananthapuram,Thiruvananthapuram,8.4882267,76.947551,0,0,0.0694045643378372,0.0,0.0
2020-06-05,leptospirosis_probable,Kerala,Thiruvananthapuram,Varkala,8.7379,76.7163,0,0,0.1177635977785014,0.0,0.0
2021-04-01,leptospirosis_probable,Kerala,Thiruvananthapuram,Varkala,8.7379,76.7163,0,0,0.1032547104964816,0.0,0.0
2020-06-03,leptospirosis_probable,Kerala,Thrissur,Chalakudy,10.3,76.3333,0,0,0.0724428325858457,0.0,0.0
2020-11-27,leptospirosis_probable,Kerala,Thrissur,Chalakudy,10.3,76.3333,1,0,0.0748155669279397,0.0,0.0
2020-09-13,leptospirosis_probable,Kerala,Thrissur,Chavakkad,10.5833,76.0167,0,0,0.0910251968590816,0.0,0.0
2020-10-25,leptospirosis_probable,Kerala,Thrissur,Chavakkad,10.5833,76.0167,0,0,0.1488522779834376,0.0,0.0
2022-07-07,leptospirosis_probable,Kerala,Thrissur,Chavakkad,10.5833,76.0167,1,0,0.1454719364314965,4.031199542819508e-05,4.031199542819508e-05
2022-07-07,leptospirosis_probable,Kerala,Thrissur,Chavakkad,10.5833,76.0167,1,0,0.3696038514098378,0.9216462707441262,0.9216462707441262
2023-04-01,leptospirosis_probable,Kerala,Thrissur,Chavakkad,10.5833,76.0167,0,0,0.0595140616794951,0.0142001452873726,0.0142001452873726
2024-10-18,leptospirosis_probable,Kerala,Thrissur,Chavakkad,10.5833,76.0167,0,0,0.0593019997072874,0.0,0.0
2021-09-11,leptospirosis_probable,Kerala,Thrissur,Kodungallur,10.2333,76.2,1,0,0.1175876915406643,0.0,0.0
2024-09-13,leptospirosis_probable,Kerala,Thrissur,Kodungallur,10.2333,76.2,1,0,0.0515403821660782,0.0005442549265616,0.0005442549265616
2024-09-15,leptospirosis_probable,Kerala,Thrissur,Kodungallur,10.2333,76.2,0,0,0.0530157040313042,0.0287071989652738,0.0287071989652738
2023-06-04,leptospirosis_probable,Kerala,Thrissur,Kunnamkulam,10.65,76.0667,1,0,0.0543319105344464,0.0,0.0
2023-10-16,leptospirosis_probable,Kerala,Thrissur,Kunnamkulam,10.65,76.0667,0,0,0.0349570756381526,0.0038491177787058,0.0038491177787058
2023-10-25,leptospirosis_probable,Kerala,Thrissur,Kunnamkulam,10.65,76.0667,0,0,0.1711141794845649,0.0,0.0
2024-10-21,leptospirosis_probable,Kerala,Thrissur,Kunnamkulam,10.65,76.0667,0,0,0.1196894928572706,0.0,0.0
2022-06-04,leptospirosis_probable,Kerala,Thrissur,Mukundapuram,10.3333,76.2167,0,0,0.1436889458020139,0.0,0.0
2020-10-22,leptospirosis_probable,Kerala,Thrissur,Talappilly,10.6667,76.25,0,0,0.1762401756061532,0.0,0.0
2020-10-23,leptospirosis_probable,Kerala,Thrissur,Talappilly,10.6667,76.25,0,0,0.209220362926104,0.0,0.0
2021-10-19,leptospirosis_probable,Kerala,Thrissur,Talappilly,10.6667,76.25,0,0,0.1823920347290428,0.0,0.0
2020-06-05,leptospirosis_probable,Kerala,Thrissur,Thrissur,10.5256264,76.2132542,0,0,0.3538615563537857,0.0,0.0
2020-10-18,leptospirosis_probable,Kerala,Thrissur,Thrissur,10.5256264,76.2132542,0,0,0.3446098123258785,0.0,0.0
2021-04-02,leptospirosis_probable,Kerala,Thrissur,Thrissur,10.5256264,76.2132542,0,0,0.3564105657507064,1.6124798171278027e-05,1.6124798171278027e-05
2020-06-04,leptospirosis_probable,Kerala,Wayanad,Mananthavady,11.8,76.0,0,0,0.3340031422867641,0.0,0.0
2020-07-07,leptospirosis_probable,Kerala,Wayanad,Mananthavady,11.8,76.0,1,0,0.2831837417094947,1.6124798171278027e-05,1.6124798171278027e-05
2021-10-21,leptospirosis_probable,Kerala,Wayanad,Mananthavady,11.8,76.0,0,0,0.1123988570716395,0.0770166193417697,0.0770166193417697
2021-11-30,leptospirosis_probable,Kerala,Wayanad,Mananthavady,11.8,76.0,0,0,0.0988637983164599,0.0,0.0
2022-06-05,leptospirosis_probable,Kerala,Wayanad,Mananthavady,11.8,76.0,0,0,0.1408435245283131,4.031199542819508e-05,4.031199542819508e-05
2022-06-05,leptospirosis_probable,Kerala,Wayanad,Mananthavady,11.8,76.0,1,0,0.1018850977478983,8.062399085639016e-05,8.062399085639016e-05
2022-09-09,leptospirosis_probable,Kerala,Wayanad,Mananthavady,11.8,76.0,0,0,0.0713766007711475,0.4392732217329705,0.4392732217329705
2020-10-27,leptospirosis_probable,Kerala,Wayanad,Sulthan Bathery,11.6667,76.2667,0,0,0.1032619373255247,0.0,0.0
2021-10-18,leptospirosis_probable,Kerala,Wayanad,Sulthan Bathery,11.6667,76.2667,0,0,0.1227562415464019,4.031199542819508e-05,4.031199542819508e-05
2023-07-07,leptospirosis_probable,Kerala,Wayanad,Sulthan Bathery,11.6667,76.2667,1,0,0.1307574061722088,0.0003838136646328,0.0003838136646328
2020-10-23,leptospirosis_probable,Kerala,Wayanad,Vythiri,11.6226,76.0813,1,0,0.094826947538627,0.0,0.0
2021-09-11,leptospirosis_probable,Kerala,Wayanad,Vythiri,11.6226,76.0813,1,0,0.1295511498915284,0.0003051858788288,0.0003051858788288
2021-10-22,malaria,Kerala,Alappuzha,Ambalappuzha,9.5006651,76.41241429,0,0,0.1115558512356684,0.0,0.0
2023-11-24,malaria,Kerala,Alappuzha,Ambalappuzha,9.5006651,76.41241429,0,0,0.310275021507523,0.0,0.0
2022-01-02,malaria,Kerala,Alappuzha,Chenganoor,9.3167,76.6167,0,0,0.182274817819327,0.0,0.0
2023-10-16,malaria,Kerala,Alappuzha,Chenganoor,9.3167,76.6167,1,0,0.1810631625066777,0.0,0.0
2024-01-01,malaria,Kerala,Alappuzha,Chenganoor,9.3167,76.6167,1,0,0.1891401752019529,0.0707404631799739,0.0707404631799739
2021-03-03,malaria,Kerala,Alappuzha,Cherthala,9.6833,76.3333,0,0,0.3261582144621627,0.0,0.0
2021-10-21,malaria,Kerala,Alappuzha,Cherthala,9.6833,76.3333,1,0,0.3556622121630536,1.6124798171278027e-05,1.6124798171278027e-05
2020-10-17,malaria,Kerala,Alappuzha,Karthikappally,9.2833,76.4667,0,0,0.4075351931402147,0.0,0.0
2020-10-22,malaria,Kerala,Alappuzha,Karthikappally,9.2833,76.4667,1,0,0.1735991576686592,0.0,0.0
2023-12-16,malaria,Kerala,Alappuzha,Karthikappally,9.2833,76.4667,1,0,0.091224526324883,0.0166401742220293,0.0166401742220293
2022-10-19,malaria,Kerala,Alappuzha,Kuttanad,9.5833,76.4167,1,0,0.4753738341069103,0.0,0.0
2022-11-26,malaria,Kerala,Alappuzha,Kuttanad,9.5833,76.4167,0,1,0.5067165500662454,0.0,0.0
2023-10-21,malaria,Kerala,Alappuzha,Kuttanad,9.5833,76.4167,0,0,0.3879147087324602,0.0,0.0
2023-12-09,malaria,Kerala,Alappuzha,Kuttanad,9.5833,76.4167,0,0,0.4454283628622021,0.000870739101249,0.000870739101249
2024-08-12,malaria,Kerala,Alappuzha,Kuttanad,9.5833,76.4167,0,0,0.3850767113041323,0.0005220061780871,0.0005220061780871
2024-10-17,malaria,Kerala,Alappuzha,Kuttanad,9.5833,76.4167,0,0,0.0996692107319419,0.0,0.0
2024-10-21,malaria,Kerala,Alappuzha,Kuttanad,9.5833,76.4167,0,0,0.126067539802665,0.0,0.0
2023-06-10,malaria,Kerala,Ernakulam,Aluva,10.1075,76.3516,1,0,0.1208277094134664,0.0,0.0
2023-11-25,malaria,Kerala,Ernakulam,Aluva,10.1075,76.3516,0,0,0.1051804758155665,0.0005492939259902,0.0005492939259902
2020-10-21,malaria,Kerala,Ernakulam,Kanayannur,9.98408,76.2741457,1,0,0.0836516018414733,0.0,0.0
2020-11-24,malaria,Kerala,Ernakulam,Kanayannur,9.98408,76.2741457,1,0,0.1925154183374573,0.0004919699339556,0.0004919699339556
2021-06-09,malaria,Kerala,Ernakulam,Kanayannur,9.98408,76.2741457,0,0,0.1801863911637301,0.0043698300926016,0.0043698300926016
2021-12-31,malaria,Kerala,Ernakulam,Kanayannur,9.98408,76.2741457,0,0,0.3784498212921499,0.0,0.0
2022-01-01,malaria,Kerala,Ernakulam,Kanayannur,9.98408,76.2741457,0,0,0.0357409479143521,0.0,0.0
2022-06-08,malaria,Kerala,Ernakulam,Kanayannur,9.98408,76.2741457,0,0,0.1725349354133589,0.0,0.0
2024-09-13,malaria,Kerala,Ernakulam,Kanayannur,9.98408,76.2741457,1,0,0.0487935305253506,8.062399085639016e-05,8.062399085639016e-05
2021-10-20,malaria,Kerala,Ernakulam,Kochi,9.9312,76.2673,1,0,0.1373417239136738,0.0,0.0
2022-03-03,malaria,Kerala,Ernakulam,Kochi,9.9312,76.2673,0,0,0.2190958192835568,0.0,0.0
2020-04-05,malaria,Kerala,Ernakulam,Kothamangalam,10.0667,76.6333,1,0,0.1415280511406979,0.0,0.0
2021-11-25,malaria,Kerala,Ernakulam,Kothamangalam,10.0667,76.6333,1,0,0.2089971493286975,0.0,0.0
2023-06-09,malaria,Kerala,Ernakulam,Kothamangalam,10.0667,76.6333,0,0,0.11676343752618,0.0746959273992618,0.0746959273992618
2020-12-28,malaria,Kerala,Ernakulam,Kunnathunad,10.1167,76.4833,1,0,0.2876083050024869,0.0,0.0
2021-06-08,malaria,Kerala,Ernakulam,Kunnathunad,10.1167,76.4833,1,0,0.2841408081337128,0.0784086714046973,0.0784086714046973
2023-10-20,malaria,Kerala,Ernakulam,Kunnathunad,10.1167,76.4833,1,0,0.2864937859877313,0.010360192504756,0.010360192504756
2020-03-03,malaria,Kerala,Ernakulam,Muvattupuzha,9.9833,76.5833,1,0,0.1143658264704541,0.0,0.0
2020-11-24,malaria,Kerala,Ernakulam,Muvattupuzha,9.9833,76.5833,0,0,0.1350821634908854,0.0,0.0
2020-11-25,malaria,Kerala,Ernakulam,Muvattupuzha,9.9833,76.5833,0,0,0.04366811184376,0.0,0.0
2023-06-08,malaria,Kerala,Ernakulam,Muvattupuzha,9.9833,76.5833,0,0,0.1336716117301626,0.0011892038651317,0.0011892038651317
2023-10-18,malaria,Kerala,Ernakulam,Muvattupuzha,9.9833,76.5833,0,0,0.0933287464040514,0.0018121201754388,0.0018121201754388
2023-10-20,malaria,Kerala,Ernakulam,Muvattupuzha,9.9833,76.5833,0,0,0.0642553228367681,0.0,0.0
2021-04-04,malaria,Kerala,Ernakulam,North Paravur,10.1333,76.2,0,1,0.5359612691935709,0.0,0.0
2022-01-01,malaria,Kerala,Ernakulam,North Paravur,10.1333,76.2,0,1,0.5884097910138467,0.0,0.0
2022-09-14,malaria,Kerala,Ernakulam,North Paravur,10.1333,76.2,0,0,0.4272691534293442,0.0,0.0
2022-11-25,malaria,Kerala,Ernakulam,North Paravur,10.1333,76.2,0,0,0.1780718957910642,0.0,0.0
2024-09-12,malaria,Kerala,Ernakulam,North Paravur,10.1333,76.2,0,0,0.1090952533810397,0.0049718127694773,0.0049718127694773
2024-10-22,malaria,Kerala,Ernakulam,North Paravur,10.1333,76.2,0,0,0.0581052586191019,0.0313279216680067,0.0313279216680067
2020-12-31,malaria,Kerala,Idukki,Devikulam,10.0667,77.1,1,0,0.1629431627287882,0.0,0.0
2021-04-04,malaria,Kerala,Idukki,Devikulam,10.0667,77.1,0,0,0.1424106858720794,0.0,0.0
2021-09-12,malaria,Kerala,Idukki,Devikulam,10.0667,77.1,0,0,0.1944571110904818,0.0,0.0
2023-04-05,malaria,Kerala,Idukki,Devikulam,10.0667,77.1,0,0,0.1729756516308335,0.0004031199542819,0.0004031199542819
2020-03-02,malaria,Kerala,Idukki,Idukki,9.8497872,76.9797914,0,0,0.0877965083512546,0.0,0.0
2020-09-13,malaria,Kerala,Idukki,Idukki,9.8497872,76.9797914,1,0,0.1150051423950276,0.0,0.0
2020-10-21,malaria,Kerala,Idukki,Peerumade,9.5667,76.9667,1,0,0.0847168947808157,0.0,0.0
2020-11-24,malaria,Kerala,Idukki,Peerumade,9.5667,76.9667,1,0,0.0821768263074291,0.0,0.0
2021-06-08,malaria,Kerala,Idukki,Peerumade,9.5667,76.9667,0,0,0.154806633771809,0.0017454394944211,0.0017454394944211
2022-09-13,malaria,Kerala,Idukki,Peerumade,9.5667,76.9667,1,0,0.1516959324655495,0.0,0.0
2022-11-25,malaria,Kerala,Idukki,Peerumade,9.5667,76.9667,0,0,0.1179608251476561,0.5027177110032105,0.5027177110032105
2023-04-05,malaria,Kerala,Idukki,Peerumade,9.5667,76.9667,0,0,0.2829013606453794,0.0,0.0
2023-12-30,malaria,Kerala,Idukki,Peerumade,9.5667,76.9667,0,0,0.2262673495036785,0.0,0.0
2021-04-04,malaria,Kerala,Idukki,Thodupuzha,9.8955,76.7241,1,0,0.2519221518248167,0.0,0.0
2020-11-25,malaria,Kerala,Idukki,Udumbanchola,9.8333,77.1333,0,0,0.0836479205642534,0.0,0.0
2021-11-25,malaria,Kerala,Idukki,Udumbanchola,9.8333,77.1333,1,0,0.0487062842969028,0.0,0.0
2023-12-31,malaria,Kerala,Idukki,Udumbanchola,9.8333,77.1333,1,0,0.0673266417581991,0.0128296679235552,0.0128296679235552
2024-11-25,malaria,Kerala,Idukki,Udumbanchola,9.8333,77.1333,1,0,0.1876033291379369,0.9999999983333334,0.9999999983333334
2021-09-13,malaria,Kerala,Kannur,Iritty,11.9333,75.7,1,0,0.126662330574852,0.0,0.0
2021-12-31,malaria,Kerala,Kannur,Iritty,11.9333,75.7,0,0,0.2286357789071651,0.1044258398888722,0.1044258398888722
2022-09-13,malaria,Kerala,Kannur,Iritty,11.9333,75.7,1,0,0.2718733896215146,0.0,0.0
2022-11-25,malaria,Kerala,Kannur,Iritty,11.9333,75.7,0,0,0.210781332774756,0.4603781041342141,0.4603781041342141
2023-10-14,malaria,Kerala,Kannur,Iritty,11.9333,75.7,0,0,0.2675255524845507,0.0,0.0
2023-10-21,malaria,Kerala,Kannur,Iritty,11.9333,75.7,0,0,0.1706915586819372,0.0001209359862845,0.0001209359862845
2020-04-04,malaria,Kerala,Kannur,Kannur,11.8763836,75.3737973,1,0,0.1328467501444573,0.0,0.0
2020-09-14,malaria,Kerala,Kannur,Kannur,11.8763836,75.3737973,0,0,0.1982673813994585,0.0,0.0
2020-10-19,malaria,Kerala,Kannur,Kannur,11.8763836,75.3737973,0,0,0.0447047099812513,0.0033789721296094,0.0033789721296094
2020-08-12,malaria,Kerala,Kannur,Payyanur,12.1,75.2,1,0,0.276866857900766,0.0,0.0
2020-10-19,malaria,Kerala,Kannur,Payyanur,12.1,75.2,0,0,0.2631790467827627,0.0029465244439733,0.0029465244439733
2021-05-07,malaria,Kerala,Kannur,Payyanur,12.1,75.2,1,0,0.0728522041402789,0.0,0.0
2021-11-24,malaria,Kerala,Kannur,Payyanur,12.1,75.2,0,0,0.1317945332923374,0.0691610736332169,0.0691610736332169
2022-06-10,malaria,Kerala,Kannur,Payyanur,12.1,75.2,0,0,0.1025010348080689,0.0,0.0
2022-08-11,malaria,Kerala,Kannur,Payyanur,12.1,75.2,0,0,0.0667408066015045,0.1440525683980139,0.1440525683980139
2022-10-17,malaria,Kerala,Kannur,Payyanur,12.1,75.2,0,0,0.0554681961271983,0.0,0.0
2021-10-21,malaria,Kerala,Kannur,Taliparamba,12.0333,75.35,1,0,0.0725233084068501,0.0,0.0
2022-08-11,malaria,Kerala,Kannur,Taliparamba,12.0333,75.35,1,0,0.1611354043853197,0.0243599609749048,0.0243599609749048
2023-10-18,malaria,Kerala,Kannur,Taliparamba,12.0333,75.35,0,0,0.061142973555806,0.0045026489182636,0.0045026489182636
2020-06-08,malaria,Kerala,Kannur,Thalassery,11.75,75.4833,0,0,0.0961161195238425,0.0,0.0
2021-04-04,malaria,Kerala,Kannur,Thalassery,11.75,75.4833,1,0,0.0984730110374101,0.0,0.0
2021-04-05,malaria,Kerala,Kannur,Thalassery,11.75,75.4833,1,0,0.1440941535425279,0.8076103715230004,0.8076103715230004
2021-10-22,malaria,Kerala,Kannur,Thalassery,11.75,75.4833,0,0,0.074659736746489,0.0010019537003009,0.0010019537003009
2022-10-18,malaria,Kerala,Kannur,Thalassery,11.75,75.4833,0,0,0.0459045424697821,0.0,0.0
2023-04-06,malaria,Kerala,Kannur,Thalassery,11.75,75.4833,0,0,0.0824470482746274,4.031199542819508e-05,4.031199542819508e-05
2020-01-02,malaria,Kerala,Kasaragod,Hosdurg,12.3167,75.1,1,0,0.1042337092620056,0.0,0.0
2020-05-08,malaria,Kerala,Kasaragod,Hosdurg,12.3167,75.1,0,0,0.0611467541503008,0.0049644432286372,0.0049644432286372
2022-09-12,malaria,Kerala,Kasaragod,Hosdurg,12.3167,75.1,0,0,0.1316615034374078,0.0,0.0
2024-06-10,malaria,Kerala,Kasaragod,Hosdurg,12.3167,75.1,0,0,0.0675685275396702,0.0082639590627799,0.0082639590627799
2020-10-23,malaria,Kerala,Kasaragod,Kasaragod,12.5035577,74.9907022,1,0,0.2744258580622886,0.0,0.0
2020-08-12,malaria,Kerala,Kasaragod,Manjeshwaram,12.7167,74.8833,1,0,0.1759702585476892,0.0,0.0
2020-09-13,malaria,Kerala,Kasaragod,Manjeshwaram,12.7167,74.8833,1,0,0.2713393360694925,0.0,0.0
2020-10-21,malaria,Kerala,Kasaragod,Manjeshwaram,12.7167,74.8833,0,0,0.1021352155663103,0.0403778937321462,0.0403778937321462
2021-03-03,malaria,Kerala,Kasaragod,Nileshwaram,12.25,75.1,0,0,0.1274233867870316,0.0,0.0
2021-09-12,malaria,Kerala,Kasaragod,Nileshwaram,12.25,75.1,0,0,0.1654114458470817,0.0,0.0
2021-10-24,malaria,Kerala,Kasaragod,Nileshwaram,12.25,75.1,1,0,0.1925586641484178,0.0,0.0
2022-12-31,malaria,Kerala,Kasaragod,Nileshwaram,12.25,75.1,0,0,0.2000962371601677,0.9999999983333334,0.9999999983333334
2023-10-20,malaria,Kerala,Kasaragod,Nileshwaram,12.25,75.1,0,0,0.2008776860055255,0.0,0.0
2023-12-30,malaria,Kerala,Kasaragod,Nileshwaram,12.25,75.1,0,0,0.1550882642110955,0.0,0.0
2021-10-21,malaria,Kerala,Kasaragod,Vellarikundu,12.4167,75.2333,1,0,0.2738880435863738,0.0,0.0
2023-11-26,malaria,Kerala,Kasaragod,Vellarikundu,12.4167,75.2333,0,0,0.3211802811421439,0.0001566934789347,0.0001566934789347
2024-04-20,malaria,Kerala,Kasaragod,Vellarikundu,12.4167,75.2333,1,0,0.1196497775256365,0.0,0.0
2020-04-05,malaria,Kerala,Kollam,Karunagappally,9.0574,76.5334,1,0,0.1634096947506538,0.0,0.0
2020-10-22,malaria,Kerala,Kollam,Karunagappally,9.0574,76.5334,1,0,0.1051095873325292,0.693384436300067,0.693384436300067
2021-11-25,malaria,Kerala,Kollam,Karunagappally,9.0574,76.5334,1,0,0.3098120773081998,0.0,0.0
2022-04-04,malaria,Kerala,Kollam,Karunagappally,9.0574,76.5334,0,0,0.377510126445451,0.1965205011737867,0.1965205011737867
2022-11-25,malaria,Kerala,Kollam,Karunagappally,9.0574,76.5334,0,0,0.0330417394105896,0.0,0.0
2023-10-20,malaria,Kerala,Kollam,Karunagappally,9.0574,76.5334,0,0,0.0537493159564366,0.0,0.0
2024-05-07,malaria,Kerala,Kollam,Karunagappally,9.0574,76.5334,0,0,0.0588762456371878,0.0255174931060474,0.0255174931060474
2024-11-24,malaria,Kerala,Kollam,Karunagappally,9.0574,76.5334,0,0,0.0937261016631867,0.0,0.0
2020-12-31,malaria,Kerala,Kollam,Kollam,8.8879509,76.5955013,1,0,0.4196732835835786,0.0,0.0
2021-05-07,malaria,Kerala,Kollam,Kollam,8.8879509,76.5955013,0,0,0.4031724176848509,0.0,0.0
2022-09-12,malaria,Kerala,Kollam,Kollam,8.8879509,76.5955013,1,0,0.0940702678767583,8.958221206265572e-05,8.958221206265572e-05
2023-03-02,malaria,Kerala,Kollam,Kollam,8.8879509,76.5955013,0,0,0.1000373048773922,0.0074468222356446,0.0074468222356446
2023-04-04,malaria,Kerala,Kollam,Kollam,8.8879509,76.5955013,0,0,0.1662558441980547,0.0,0.0
2024-10-21,malaria,Kerala,Kollam,Kollam,8.8879509,76.5955013,0,0,0.1325318379920586,0.0036215732331014,0.0036215732331014
2020-09-14,malaria,Kerala,Kollam,Kottarakkara,9.0002,76.7788,1,0,0.3026534041578942,0.0,0.0
2020-04-06,malaria,Kerala,Kollam,Pathanapuram,9.1,76.87,0,0,0.3696727154656448,0.0,0.0
2020-04-06,malaria,Kerala,Kollam,Pathanapuram,9.1,76.87,1,0,0.2850345195373858,0.0,0.0
2022-12-28,malaria,Kerala,Kollam,Pathanapuram,9.1,76.87,1,0,0.0473467740056108,0.0117216258944572,0.0117216258944572
2023-06-03,malaria,Kerala,Kollam,Pathanapuram,9.1,76.87,1,0,0.134347117845731,2.5397914458045536e-05,2.5397914458045536e-05
2020-10-20,malaria,Kerala,Kollam,Punalur,9.0089,76.9269,1,0,0.134964657078267,0.0,0.0
2020-10-21,malaria,Kerala,Kollam,Punalur,9.0089,76.9269,1,0,0.0982477488047408,0.0025814316515966,0.0025814316515966
2020-11-25,malaria,Kerala,Kollam,Punalur,9.0089,76.9269,0,0,0.1082585542554577,0.0008581838786219,0.0008581838786219
2021-10-15,malaria,Kerala,Kollam,Punalur,9.0089,76.9269,0,0,0.2725929008445897,0.0,0.0
2020-04-03,malaria,Kerala,Kottayam,Changanassery,9.45,76.5333,0,0,0.2878709836718659,0.0,0.0
2021-10-19,malaria,Kerala,Kottayam,Changanassery,9.45,76.5333,1,1,0.6195389937422743,0.0,0.0
2022-04-04,malaria,Kerala,Kottayam,Changanassery,9.45,76.5333,0,1,0.662532067447456,0.2780111085731179,0.2780111085731179
2022-09-14,malaria,Kerala,Kottayam,Changanassery,9.45,76.5333,0,1,0.5810408771494059,0.0,0.0
2024-04-04,malaria,Kerala,Kottayam,Changanassery,9.45,76.5333,0,1,0.5334943410466864,0.0,0.0
2020-12-29,malaria,Kerala,Kottayam,Kanjirappally,9.5667,76.7833,0,0,0.4185166456197673,0.0,0.0
2021-01-01,malaria,Kerala,Kottayam,Kanjirappally,9.5667,76.7833,1,0,0.4797094608713044,0.0,0.0
2021-09-15,malaria,Kerala,Kottayam,Kanjirappally,9.5667,76.7833,1,0,0.075795519805749,0.2523341636762637,0.2523341636762637
2020-10-20,malaria,Kerala,Kottayam,Meenachil,9.7167,76.6833,1,0,0.0655744716571231,0.0,0.0
2020-12-28,malaria,Kerala,Kottayam,Meenachil,9.7167,76.6833,0,0,0.0659238292162209,0.0,0.0
2021-11-26,malaria,Kerala,Kottayam,Meenachil,9.7167,76.6833,1,0,0.0419271112121222,0.0,0.0
2022-10-24,malaria,Kerala,Kottayam,Meenachil,9.7167,76.6833,0,0,0.1101384651089639,0.0254826512984918,0.0254826512984918
2020-04-05,malaria,Kerala,Kottayam,Vaikom,9.75,76.4,0,0,0.1144520783756339,0.0,0.0
2022-06-08,malaria,Kerala,Kottayam,Vaikom,9.75,76.4,0,0,0.1007515227811242,0.0,0.0
2022-09-12,malaria,Kerala,Kottayam,Vaikom,9.75,76.4,0,0,0.0818135677253084,0.0,0.0
2023-03-03,malaria,Kerala,Kottayam,Vaikom,9.75,76.4,0,0,0.1236254704356963,0.0001612479817127,0.0001612479817127
2020-03-02,malaria,Kerala,Kozhikode,Kozhikode,11.2450558,75.7754716,1,0,0.1096220969439909,0.0,0.0
2020-11-25,malaria,Kerala,Kozhikode,Kozhikode,11.2450558,75.7754716,0,0,0.1526803458494262,0.0,0.0
2021-09-13,malaria,Kerala,Kozhikode,Kozhikode,11.2450558,75.7754716,0,0,0.1667800263892558,0.0,0.0
2021-09-14,malaria,Kerala,Kozhikode,Kozhikode,11.2450558,75.7754716,0,0,0.1815964943933713,0.0,0.0
2021-10-19,malaria,Kerala,Kozhikode,Kozhikode,11.2450558,75.7754716,0,0,0.1877224366456864,0.0,0.0
2022-01-01,malaria,Kerala,Kozhikode,Kozhikode,11.2450558,75.7754716,0,0,0.265857541534569,0.0,0.0
2023-10-21,malaria,Kerala,Kozhikode,Kozhikode,11.2450558,75.7754716,0,0,0.2731139364142377,0.000646283917919,0.000646283917919
2020-10-21,malaria,Kerala,Kozhikode,Thamarassery,11.2667,75.9333,1,0,0.1594124006402371,0.0,0.0
2022-06-08,malaria,Kerala,Kozhikode,Thamarassery,11.2667,75.9333,0,0,0.1922883546483069,0.0,0.0
2023-10-15,malaria,Kerala,Kozhikode,Thamarassery,11.2667,75.9333,0,0,0.1112718393747078,0.0,0.0
2020-05-07,malaria,Kerala,Kozhikode,Vadakara,11.6,75.5833,1,0,0.0900957608270164,0.0,0.0
2020-08-11,malaria,Kerala,Kozhikode,Vadakara,11.6,75.5833,0,0,0.1339339453890271,0.0,0.0
2020-10-20,malaria,Kerala,Kozhikode,Vadakara,11.6,75.5833,0,0,0.1048846337358526,0.0,0.0
2021-03-03,malaria,Kerala,Kozhikode,Vadakara,11.6,75.5833,0,0,0.1558785890169123,0.0,0.0
2023-05-07,malaria,Kerala,Kozhikode,Vadakara,11.6,75.5833,0,0,0.0775902300418762,8.062399085639016e-05,8.062399085639016e-05
2023-06-10,malaria,Kerala,Kozhikode,Vadakara,11.6,75.5833,0,0,0.1872462278310008,0.0,0.0
2023-09-14,malaria,Kerala,Kozhikode,Vadakara,11.6,75.5833,0,0,0.2110404375794006,0.0069269748181035,0.0069269748181035
2023-10-16,malaria,Kerala,Kozhikode,Vadakara,11.6,75.5833,0,0,0.1619374715032972,0.0004068713765407,0.0004068713765407
2020-09-13,malaria,Kerala,Malappuram,Ernad,11.1201,76.1197,0,0,0.1937284498415865,0.0,0.0
2020-10-17,malaria,Kerala,Malappuram,Ernad,11.1201,76.1197,0,1,0.5753527546410067,0.0,0.0
2023-10-07,malaria,Kerala,Malappuram,Ernad,11.1201,76.1197,1,1,0.505877338408668,0.0004031199542819,0.0004031199542819
2021-11-25,malaria,Kerala,Malappuram,Kondotty,11.15,75.9667,0,0,0.129675641519291,0.0,0.0
2022-10-16,malaria,Kerala,Malappuram,Kondotty,11.15,75.9667,1,0,0.1386681276654845,0.0,0.0
2021-04-05,malaria,Kerala,Malappuram,Nilambur,11.2833,76.2333,0,0,0.1810177347584327,0.0,0.0
2022-10-23,malaria,Kerala,Malappuram,Nilambur,11.2833,76.2333,1,0,0.1062801968415593,0.0,0.0
2022-12-29,malaria,Kerala,Malappuram,Nilambur,11.2833,76.2333,1,0,0.0972924354411135,0.0522932995101263,0.0522932995101263
2023-01-02,malaria,Kerala,Malappuram,Nilambur,11.2833,76.2333,1,0,0.2352018836833256,0.0039744847946078,0.0039744847946078
2020-01-01,malaria,Kerala,Malappuram,Perinthalmanna,10.9667,76.2167,1,0,0.0735335845642079,0.0,0.0
2020-04-05,malaria,Kerala,Malappuram,Perinthalmanna,10.9667,76.2167,1,0,0.0696875472561385,0.0006990364770895,0.0006990364770895
2020-10-22,malaria,Kerala,Malappuram,Perinthalmanna,10.9667,76.2167,0,0,0.1046264224812018,0.0,0.0
2022-10-17,malaria,Kerala,Malappuram,Perinthalmanna,10.9667,76.2167,0,0,0.0865659571314985,0.0,0.0
2023-10-18,malaria,Kerala,Malappuram,Perinthalmanna,10.9667,76.2167,0,1,0.6007608230645771,0.0,0.0
2024-03-03,malaria,Kerala,Malappuram,Perinthalmanna,10.9667,76.2167,0,0,0.3513131720325069,8.062399085639016e-05,8.062399085639016e-05
2020-08-11,malaria,Kerala,Malappuram,Ponnani,10.7667,75.9167,1,0,0.2530335521452904,0.0,0.0
2020-09-14,malaria,Kerala,Malappuram,Ponnani,10.7667,75.9167,0,0,0.0756614932854754,0.0,0.0
2020-10-23,malaria,Kerala,Malappuram,Ponnani,10.7667,75.9167,0,1,0.7319871399935505,0.0,0.0
2021-06-09,malaria,Kerala,Malappuram,Ponnani,10.7667,75.9167,0,0,0.1490094123119365,0.0009943625538954,0.0009943625538954
2021-12-30,malaria,Kerala,Malappuram,Ponnani,10.7667,75.9167,0,0,0.2190366326808344,0.0,0.0
2022-06-09,malaria,Kerala,Malappuram,Ponnani,10.7667,75.9167,0,0,0.2492944717742902,0.0,0.0
2022-06-10,malaria,Kerala,Malappuram,Ponnani,10.7667,75.9167,0,0,0.197579623399705,0.0004837439451383,0.0004837439451383
2023-12-31,malaria,Kerala,Malappuram,Ponnani,10.7667,75.9167,0,0,0.1283893835896347,0.0,0.0
2022-11-25,malaria,Kerala,Malappuram,Tirur,10.9167,75.9167,0,0,0.0713722624753001,0.0,0.0
2023-06-09,malaria,Kerala,Malappuram,Tirur,10.9167,75.9167,1,0,0.1635184981764803,0.0,0.0
2023-12-31,malaria,Kerala,Malappuram,Tirur,10.9167,75.9167,0,0,0.0720712378333854,0.9999999983333334,0.9999999983333334
2024-10-18,malaria,Kerala,Malappuram,Tirur,10.9167,75.9167,0,0,0.1096709723654213,0.0,0.0
2024-10-21,malaria,Kerala,Malappuram,Tirur,10.9167,75.9167,0,0,0.0728200917236657,4.031199542819508e-05,4.031199542819508e-05
2023-04-05,malaria,Kerala,Malappuram,Tirurangadi,11.0,75.9333,1,0,0.0792942521062746,0.0,0.0
2020-10-23,malaria,Kerala,Palakkad,Alathur,10.6333,76.55,1,0,0.1019608470512503,0.0,0.0
2021-05-08,malaria,Kerala,Palakkad,Chittur,10.7,76.75,1,0,0.0804009250570935,0.0,0.0
2023-06-24,malaria,Kerala,Palakkad,Chittur,10.7,76.75,1,0,0.0839766331814352,0.0,0.0
2023-10-20,malaria,Kerala,Palakkad,Chittur,10.7,76.75,0,0,0.1942660460540358,0.0731179772226611,0.0731179772226611
2020-05-07,malaria,Kerala,Palakkad,Mannarkkad,11.0,76.4667,1,0,0.1518715487587681,0.0,0.0
2022-01-01,malaria,Kerala,Palakkad,Mannarkkad,11.0,76.4667,0,0,0.1411587834541124,0.0025432156569068,0.0025432156569068
2022-03-02,malaria,Kerala,Palakkad,Mannarkkad,11.0,76.4667,0,0,0.1325753021048199,0.0,0.0
2020-10-23,malaria,Kerala,Palakkad,Ottapalam,10.7667,76.3667,0,0,0.2353755705940197,0.0,0.0
2021-10-18,malaria,Kerala,Palakkad,Ottapalam,10.7667,76.3667,1,0,0.2433261924963174,0.0,0.0
2022-01-02,malaria,Kerala,Palakkad,Ottapalam,10.7667,76.3667,1,0,0.2609991033546907,0.002535039496635,0.002535039496635
2023-01-02,malaria,Kerala,Palakkad,Ottapalam,10.7667,76.3667,0,0,0.3813836617157998,0.0030684052387371,0.0030684052387371
2023-08-26,malaria,Kerala,Palakkad,Ottapalam,10.7667,76.3667,1,0,0.0978421846302926,0.0,0.0
2022-10-17,malaria,Kerala,Palakkad,Palakkad,10.78789845,76.47408711,1,0,0.1189719327435255,0.0,0.0
2022-11-26,malaria,Kerala,Palakkad,Palakkad,10.78789845,76.47408711,0,0,0.1894447562290659,0.0179692415726057,0.0179692415726057
2023-09-15,malaria,Kerala,Palakkad,Palakkad,10.78789845,76.47408711,0,0,0.4966812360487717,0.0,0.0
2023-10-21,malaria,Kerala,Palakkad,Palakkad,10.78789845,76.47408711,0,0,0.1679010071256563,0.0020191894153805,0.0020191894153805
2023-11-25,malaria,Kerala,Palakkad,Palakkad,10.78789845,76.47408711,0,0,0.0776779395474489,0.0009974129186244,0.0009974129186244
2024-04-06,malaria,Kerala,Palakkad,Palakkad,10.78789845,76.47408711,0,0,0.090003154126288,0.0,0.0
2024-06-10,malaria,Kerala,Palakkad,Palakkad,10.78789845,76.47408711,0,0,0.1066859142931001,0.0,0.0
2020-12-29,malaria,Kerala,Palakkad,Pattambi,10.8,76.2,1,1,0.6119772398641868,0.0,0.0
2021-09-13,malaria,Kerala,Palakkad,Pattambi,10.8,76.2,1,0,0.2864212878502684,0.0,0.0
2022-04-03,malaria,Kerala,Palakkad,Pattambi,10.8,76.2,1,0,0.2799589985464356,0.007360971382155,0.007360971382155
2022-10-16,malaria,Kerala,Palakkad,Pattambi,10.8,76.2,0,0,0.3734688218868283,0.0037075931750198,0.0037075931750198
2022-12-31,malaria,Kerala,Palakkad,Pattambi,10.8,76.2,0,0,0.0783048893742919,0.000134168495781,0.000134168495781
2023-12-02,malaria,Kerala,Palakkad,Pattambi,10.8,76.2,0,0,0.0820456399970511,0.0,0.0
2024-01-27,malaria,Kerala,Palakkad,Pattambi,10.8,76.2,1,1,0.6291704290184899,0.000356442906944,0.000356442906944
2024-06-10,malaria,Kerala,Palakkad,Pattambi,10.8,76.2,1,0,0.1616817870783259,0.0036780300621378,0.0036780300621378
2021-04-05,malaria,Kerala,Pathanamthitta,Adoor,9.1667,76.7333,1,1,0.6504152523415953,0.0,0.0
2021-08-12,malaria,Kerala,Pathanamthitta,Adoor,9.1667,76.7333,1,0,0.1529443861131339,0.2454915212871568,0.2454915212871568
2021-12-27,malaria,Kerala,Pathanamthitta,Adoor,9.1667,76.7333,0,1,0.6138189425544138,0.0010853125260804,0.0010853125260804
2021-12-29,malaria,Kerala,Pathanamthitta,Adoor,9.1667,76.7333,0,0,0.1826432962346894,0.0,0.0
2022-09-13,malaria,Kerala,Pathanamthitta,Adoor,9.1667,76.7333,0,0,0.1557939824562463,0.0003224959634255,0.0003224959634255
2022-12-30,malaria,Kerala,Pathanamthitta,Adoor,9.1667,76.7333,0,0,0.1000314467015035,0.1499229350079211,0.1499229350079211
2023-11-11,malaria,Kerala,Pathanamthitta,Adoor,9.1667,76.7333,0,0,0.1217795989238644,0.0,0.0
2024-10-18,malaria,Kerala,Pathanamthitta,Adoor,9.1667,76.7333,0,0,0.1564864670853811,0.0,0.0
2021-10-21,malaria,Kerala,Pathanamthitta,Konni,9.2667,76.9333,1,0,0.0553379869906331,0.0,0.0
2022-01-01,malaria,Kerala,Pathanamthitta,Konni,9.2667,76.9333,1,0,0.2876510097095128,0.0,0.0
2022-04-05,malaria,Kerala,Pathanamthitta,Konni,9.2667,76.9333,1,0,0.2607878270134403,0.9999999983333334,0.9999999983333334
2022-06-10,malaria,Kerala,Pathanamthitta,Konni,9.2667,76.9333,0,1,0.6339893506970165,0.0,0.0
2023-06-09,malaria,Kerala,Pathanamthitta,Konni,9.2667,76.9333,0,0,0.109221205299787,0.0,0.0
2023-10-20,malaria,Kerala,Pathanamthitta,Konni,9.2667,76.9333,0,0,0.147841318986519,0.0692560081456391,0.0692560081456391
2023-10-21,malaria,Kerala,Pathanamthitta,Konni,9.2667,76.9333,0,0,0.2733956609570097,0.0,0.0
2023-12-28,malaria,Kerala,Pathanamthitta,Konni,9.2667,76.9333,0,0,0.233447237033134,0.0,0.0
2020-06-09,malaria,Kerala,Pathanamthitta,Kozhenchery,9.2780841,76.9737443,0,1,0.6224538643484773,0.0,0.0
2022-11-24,malaria,Kerala,Pathanamthitta,Kozhenchery,9.2780841,76.9737443,1,1,0.5364470098463812,0.0,0.0
2021-04-04,malaria,Kerala,Pathanamthitta,Mallappally,9.3833,76.6833,1,0,0.0459367269798105,0.0,0.0
2021-08-11,malaria,Kerala,Pathanamthitta,Mallappally,9.3833,76.6833,1,0,0.0682755294873576,0.0018299317529314,0.0018299317529314
2021-08-12,malaria,Kerala,Pathanamthitta,Mallappally,9.3833,76.6833,0,1,0.6545743152249106,0.0015528911380285,0.0015528911380285
2021-10-17,malaria,Kerala,Pathanamthitta,Mallappally,9.3833,76.6833,0,0,0.1682876348788125,0.0,0.0
2021-12-27,malaria,Kerala,Pathanamthitta,Mallappally,9.3833,76.6833,0,0,0.1826783185983439,9.40613226657885e-05,9.40613226657885e-05
2020-10-22,malaria,Kerala,Pathanamthitta,Ranni,9.3833,76.9667,0,1,0.5512336341184639,0.0,0.0
2020-11-25,malaria,Kerala,Pathanamthitta,Ranni,9.3833,76.9667,1,0,0.0778499901623966,0.0,0.0
2021-11-24,malaria,Kerala,Pathanamthitta,Ranni,9.3833,76.9667,1,0,0.1710735311246928,0.3185540050686183,0.3185540050686183
2023-09-02,malaria,Kerala,Pathanamthitta,Ranni,9.3833,76.9667,0,0,0.189274435565655,0.0,0.0
2023-03-03,malaria,Kerala,Pathanamthitta,Thiruvalla,9.3833,76.5833,1,0,0.0973956155093143,0.0,0.0
2023-10-19,malaria,Kerala,Pathanamthitta,Thiruvalla,9.3833,76.5833,1,0,0.1239967395032207,0.0022967066897444,0.0022967066897444
2024-09-13,malaria,Kerala,Pathanamthitta,Thiruvalla,9.3833,76.5833,0,0,0.1164239824642983,0.0,0.0
2020-10-22,malaria,Kerala,Thiruvananthapuram,Chirayinkeezhu,8.6963,76.8153,0,0,0.1323274780008448,0.0,0.0
2021-09-14,malaria,Kerala,Thiruvananthapuram,Chirayinkeezhu,8.6963,76.8153,1,0,0.1824565366547262,0.0,0.0
2022-09-13,malaria,Kerala,Thiruvananthapuram,Chirayinkeezhu,8.6963,76.8153,0,0,0.1633213835993027,0.9999999983333334,0.9999999983333334
2023-04-05,malaria,Kerala,Thiruvananthapuram,Chirayinkeezhu,8.6963,76.8153,0,0,0.1532421793951806,0.0,0.0
2023-10-18,malaria,Kerala,Thiruvananthapuram,Chirayinkeezhu,8.6963,76.8153,0,0,0.0636594350953591,0.0534940179332148,0.0534940179332148
2020-12-30,malaria,Kerala,Thiruvananthapuram,Kattakkada,8.5667,77.1,1,0,0.0627972285038983,0.0,0.0
2022-09-12,malaria,Kerala,Thiruvananthapuram,Kattakkada,8.5667,77.1,1,0,0.1046636655447817,0.0006133365839295,0.0006133365839295
2023-09-12,malaria,Kerala,Thiruvananthapuram,Kattakkada,8.5667,77.1,0,0,0.1079813416132949,0.0131396248247262,0.0131396248247262
2023-11-26,malaria,Kerala,Thiruvananthapuram,Kattakkada,8.5667,77.1,0,0,0.2182660424402307,0.0,0.0
2024-09-14,malaria,Kerala,Thiruvananthapuram,Kattakkada,8.5667,77.1,0,0,0.12813151444005,0.0,0.0
2024-12-27,malaria,Kerala,Thiruvananthapuram,Kattakkada,8.5667,77.1,0,0,0.3255290331387647,0.0,0.0
2021-05-08,malaria,Kerala,Thiruvananthapuram,Nedumangad,8.6036,77.0031,1,0,0.0774914054756894,0.0,0.0
2022-10-20,malaria,Kerala,Thiruvananthapuram,Nedumangad,8.6036,77.0031,0,0,0.3583325212329042,0.0,0.0
2022-11-26,malaria,Kerala,Thiruvananthapuram,Nedumangad,8.6036,77.0031,0,0,0.3640114799256326,0.0,0.0
2023-03-03,malaria,Kerala,Thiruvananthapuram,Nedumangad,8.6036,77.0031,1,0,0.4297532698184589,0.0,0.0
2023-06-10,malaria,Kerala,Thiruvananthapuram,Nedumangad,8.6036,77.0031,1,0,0.1003507150595372,0.0186938303780086,0.0186938303780086
2023-10-22,malaria,Kerala,Thiruvananthapuram,Nedumangad,8.6036,77.0031,0,0,0.1592559347874948,0.0161982546133414,0.0161982546133414
2022-04-06,malaria,Kerala,Thiruvananthapuram,Neyyattinkara,8.4004,77.0872,1,1,0.6712349353971827,0.0,0.0
2022-10-17,malaria,Kerala,Thiruvananthapuram,Neyyattinkara,8.4004,77.0872,1,1,0.6361963319879811,0.0,0.0
2022-11-26,malaria,Kerala,Thiruvananthapuram,Neyyattinkara,8.4004,77.0872,0,1,0.6460397506278964,0.0151792691734696,0.0151792691734696
2023-08-12,malaria,Kerala,Thiruvananthapuram,Neyyattinkara,8.4004,77.0872,0,1,0.6776658982032144,0.0,0.0
2023-10-18,malaria,Kerala,Thiruvananthapuram,Neyyattinkara,8.4004,77.0872,0,1,0.691088358896594,0.0002488005967833,0.0002488005967833
2024-01-01,malaria,Kerala,Thiruvananthapuram,Neyyattinkara,8.4004,77.0872,0,1,0.6891296718828163,0.0,0.0
2020-05-07,malaria,Kerala,Thiruvananthapuram,Thiruvananthapuram,8.4882267,76.947551,1,0,0.3296541926868333,0.0,0.0
2021-04-05,malaria,Kerala,Thiruvananthapuram,Thiruvananthapuram,8.4882267,76.947551,0,0,0.1066701728317169,0.0087723368147709,0.0087723368147709
2020-10-15,malaria,Kerala,Thiruvananthapuram,Varkala,8.7379,76.7163,1,0,0.1053462232588537,0.0,0.0
2021-06-08,malaria,Kerala,Thiruvananthapuram,Varkala,8.7379,76.7163,0,0,0.0347741794130941,0.0005526532589425,0.0005526532589425
2022-10-19,malaria,Kerala,Thiruvananthapuram,Varkala,8.7379,76.7163,0,0,0.3144216314877828,0.0,0.0
2023-01-01,malaria,Kerala,Thiruvananthapuram,Varkala,8.7379,76.7163,0,1,0.5828356726279603,0.0002015599771409,0.0002015599771409
2020-06-08,malaria,Kerala,Thrissur,Chalakudy,10.3,76.3333,1,0,0.2942860522197896,0.0,0.0
2020-12-28,malaria,Kerala,Thrissur,Chalakudy,10.3,76.3333,0,0,0.2558736062217009,0.0,0.0
2021-01-02,malaria,Kerala,Thrissur,Chalakudy,10.3,76.3333,0,0,0.2591319666815119,0.0,0.0
2021-09-14,malaria,Kerala,Thrissur,Chalakudy,10.3,76.3333,0,1,0.5831414734166418,6.0467993142292616e-05,6.0467993142292616e-05
2022-04-05,malaria,Kerala,Thrissur,Chalakudy,10.3,76.3333,0,1,0.5771914968964376,0.006565096398306,0.006565096398306
2023-09-13,malaria,Kerala,Thrissur,Chalakudy,10.3,76.3333,0,1,0.6977907996043854,0.0010291382965651,0.0010291382965651
2020-10-17,malaria,Kerala,Thrissur,Chavakkad,10.5833,76.0167,1,0,0.1950136114316475,0.0,0.0
2020-12-28,malaria,Kerala,Thrissur,Chavakkad,10.5833,76.0167,1,0,0.0849619695999668,0.0,0.0
2021-09-14,malaria,Kerala,Thrissur,Chavakkad,10.5833,76.0167,0,0,0.0656449510556629,0.6347657950303816,0.6347657950303816
2022-11-23,malaria,Kerala,Thrissur,Chavakkad,10.5833,76.0167,1,0,0.1126699426864265,0.0,0.0
2023-06-10,malaria,Kerala,Thrissur,Chavakkad,10.5833,76.0167,0,1,0.6432557580890158,0.5068967584829708,0.5068967584829708
2020-12-29,malaria,Kerala,Thrissur,Kodungallur,10.2333,76.2,1,1,0.6458066479963422,0.0,0.0
2021-11-24,malaria,Kerala,Thrissur,Kodungallur,10.2333,76.2,1,0,0.1926118770786917,0.0003863519483742,0.0003863519483742
2022-04-04,malaria,Kerala,Thrissur,Kodungallur,10.2333,76.2,1,1,0.7197547160517808,0.0047905668625644,0.0047905668625644
2022-12-27,malaria,Kerala,Thrissur,Kodungallur,10.2333,76.2,0,1,0.5423398439024811,0.0293384553355912,0.0293384553355912
2022-12-31,malaria,Kerala,Thrissur,Kodungallur,10.2333,76.2,0,0,0.4400702697127643,0.0,0.0
2024-10-17,malaria,Kerala,Thrissur,Kodungallur,10.2333,76.2,0,0,0.3213055586514155,0.0017842725231911,0.0017842725231911
2020-10-21,malaria,Kerala,Thrissur,Kunnamkulam,10.65,76.0667,0,1,0.662760661791047,0.0,0.0
2022-05-07,malaria,Kerala,Thrissur,Kunnamkulam,10.65,76.0667,1,0,0.1511752164146646,0.0,0.0
2022-08-12,malaria,Kerala,Thrissur,Kunnamkulam,10.65,76.0667,0,0,0.1683399972528892,0.0344582051946784,0.0344582051946784
2020-08-11,malaria,Kerala,Thrissur,Mukundapuram,10.3333,76.2167,1,1,0.7275846723855729,0.0,0.0
2020-10-19,malaria,Kerala,Thrissur,Mukundapuram,10.3333,76.2167,1,1,0.6881701095634802,0.0104769137845545,0.0104769137845545
2020-12-28,malaria,Kerala,Thrissur,Mukundapuram,10.3333,76.2167,0,1,0.5324011363073702,0.0,0.0
2021-09-13,malaria,Kerala,Thrissur,Mukundapuram,10.3333,76.2167,0,0,0.4933115616385092,0.0,0.0
2022-05-07,malaria,Kerala,Thrissur,Mukundapuram,10.3333,76.2167,0,0,0.2759158633120969,0.0,0.0
2021-04-04,malaria,Kerala,Thrissur,Talappilly,10.6667,76.25,1,0,0.3723898523942802,0.0,0.0
2021-12-29,malaria,Kerala,Thrissur,Talappilly,10.6667,76.25,1,0,0.216219930426596,0.0,0.0
2024-08-11,malaria,Kerala,Thrissur,Talappilly,10.6667,76.25,1,0,0.3156810971394995,0.0110454190226683,0.0110454190226683
2020-06-10,malaria,Kerala,Thrissur,Thrissur,10.5256264,76.2132542,0,0,0.125408618536583,0.0,0.0
2021-08-12,malaria,Kerala,Thrissur,Thrissur,10.5256264,76.2132542,0,0,0.2289804899128455,0.0,0.0
2021-11-24,malaria,Kerala,Thrissur,Thrissur,10.5256264,76.2132542,1,0,0.4199155526710296,0.0017334158034123,0.0017334158034123
2021-10-18,malaria,Kerala,Wayanad,Mananthavady,11.8,76.0,1,0,0.1179331162456387,0.0,0.0
2021-12-30,malaria,Kerala,Wayanad,Mananthavady,11.8,76.0,1,0,0.1574377981651794,0.0055394000719919,0.0055394000719919
2021-12-30,malaria,Kerala,Wayanad,Mananthavady,11.8,76.0,0,0,0.0827231313752273,0.0,0.0
2023-04-05,malaria,Kerala,Wayanad,Mananthavady,11.8,76.0,0,0,0.0894670298630405,0.0,0.0
2021-04-05,malaria,Kerala,Wayanad,Sulthan Bathery,11.6667,76.2667,0,0,0.0757555479912831,0.0,0.0
2022-12-29,malaria,Kerala,Wayanad,Sulthan Bathery,11.6667,76.2667,0,0,0.2489520777528024,0.0,0.0
2024-04-03,malaria,Kerala,Wayanad,Sulthan Bathery,11.6667,76.2667,0,0,0.0637420896075748,0.0019383034288385,0.0019383034288385
2024-05-07,malaria,Kerala,Wayanad,Sulthan Bathery,11.6667,76.2667,1,0,0.0769679267281039,0.0,0.0
2020-10-19,malaria,Kerala,Wayanad,Vythiri,11.6226,76.0813,1,0,0.3990819385038772,0.0,0.0
2021-10-15,malaria,Kerala,Wayanad,Vythiri,11.6226,76.0813,0,1,0.5316726889691885,0.0,0.0
2022-09-14,malaria,Kerala,Wayanad,Vythiri,11.6226,76.0813,0,1,0.5789242227085976,0.0,0.0
2023-11-26,malaria,Kerala,Wayanad,Vythiri,11.6226,76.0813,0,1,0.6604929558685706,6.0467993142292616e-05,6.0467993142292616e-05
2023-12-27,malaria,Kerala,Wayanad,Vythiri,11.6226,76.0813,0,1,0.5295229329380435,6.910627787690584e-05,6.910627787690584e-05
2020-06-06,measles,Kerala,Ernakulam,Kanayannur,9.98408,76.2741457,1,1,0.6676916035287137,0.0,0.0
2020-12-31,measles,Kerala,Kasaragod,Hosdurg,12.3167,75.1,0,1,0.6646483781954327,0.0,0.0
2020-04-04,measles,Kerala,Kollam,Kollam,8.8879509,76.5955013,0,0,0.4096223994128002,0.0,0.0
2020-09-11,measles,Kerala,Kollam,Kollam,8.8879509,76.5955013,0,0,0.0572349440929211,0.0,0.0
2020-10-19,measles,Kerala,Palakkad,Pattambi,10.8,76.2,1,0,0.1195070498484436,0.0,0.0
2020-11-23,measles,Kerala,Thrissur,Chalakudy,10.3,76.3333,0,0,0.1041108001536929,0.0,0.0
2022-12-30,monkeypox,Kerala,Idukki,Thodupuzha,9.8955,76.7241,0,0,0.1776719929105589,0.0,0.0
2023-03-03,monkeypox,Kerala,Malappuram,Tirurangadi,11.0,75.9333,0,0,0.0985468448036008,0.0,0.0
2022-05-05,rabies_confirmed,Kerala,Alappuzha,Mavelikkara,9.2667,76.55,1,0,0.135680297431949,0.0,0.0
2022-10-21,rabies_confirmed,Kerala,Kannur,Iritty,11.9333,75.7,1,1,0.5641744122514116,0.0,0.0
2022-10-20,rabies_confirmed,Kerala,Kasaragod,Manjeshwaram,12.7167,74.8833,1,1,0.5581709006819029,0.0,0.0
2023-11-25,rabies_confirmed,Kerala,Kasaragod,Nileshwaram,12.25,75.1,1,0,0.2666723241843054,0.0,0.0
2022-10-21,rabies_confirmed,Kerala,Kollam,Kottarakkara,9.0002,76.7788,0,0,0.2512715176406812,0.0,0.0
2023-05-02,rabies_confirmed,Kerala,Kollam,Kottarakkara,9.0002,76.7788,0,0,0.0428514708095109,0.0,0.0
2023-08-26,rabies_confirmed,Kerala,Kollam,Kottarakkara,9.0002,76.7788,0,0,0.0581546626689256,0.000221715974855,0.000221715974855
2022-08-13,rabies_confirmed,Kerala,Kollam,Pathanapuram,9.1,76.87,1,0,0.1900596571615567,0.0,0.0
2022-11-26,rabies_confirmed,Kerala,Kollam,Punalur,9.0089,76.9269,0,0,0.2085378162474068,0.0,0.0
2024-05-05,rabies_confirmed,Kerala,Kottayam,Kottayam,9.6287383,76.64553257,0,0,0.0991153050967305,0.0,0.0
2023-10-22,rabies_confirmed,Kerala,Kottayam,Vaikom,9.75,76.4,1,0,0.1009985169415103,0.0,0.0
2024-08-16,rabies_confirmed,Kerala,Kozhikode,Kozhikode,11.2450558,75.7754716,1,0,0.2718419806959928,0.0,0.0
2022-05-08,rabies_confirmed,Kerala,Palakkad,Mannarkkad,11.0,76.4667,1,0,0.1901361158083623,0.0,0.0
2024-05-03,rabies_confirmed,Kerala,Palakkad,Mannarkkad,11.0,76.4667,0,0,0.1637255303267473,0.0,0.0
2024-05-05,rabies_confirmed,Kerala,Thiruvananthapuram,Neyyattinkara,8.4004,77.0872,0,0,0.0612389698565508,0.0,0.0
2022-11-28,rabies_confirmed,Kerala,Thrissur,Chalakudy,10.3,76.3333,1,0,0.0872761372904916,0.0,0.0
2023-05-09,rabies_probable,Kerala,Ernakulam,Kothamangalam,10.0667,76.6333,1,1,0.6406422300595707,0.0,0.0
2022-05-12,rabies_probable,Kerala,Kasaragod,Hosdurg,12.3167,75.1,1,1,0.694162114594906,0.0,0.0
2022-05-03,rabies_probable,Kerala,Kasaragod,Vellarikundu,12.4167,75.2333,1,0,0.2079042117476982,0.0,0.0
2024-11-23,rabies_probable,Kerala,Kasaragod,Vellarikundu,12.4167,75.2333,1,1,0.6851668318249774,0.0122514136778868,0.0122514136778868
2023-05-08,rabies_probable,Kerala,Kottayam,Changanassery,9.45,76.5333,1,0,0.0998929290873625,0.0,0.0
2022-05-10,rabies_probable,Kerala,Thiruvananthapuram,Thiruvananthapuram,8.4882267,76.947551,0,0,0.0895155628026769,0.0,0.0
2022-11-28,rabies_probable,Kerala,Thiruvananthapuram,Thiruvananthapuram,8.4882267,76.947551,1,0,0.0790207905809856,0.0,0.0
2021-07-08,rabies_unsplit,Kerala,Ernakulam,North Paravur,10.1333,76.2,1,0,0.1285757214732099,0.0,0.0
2021-01-01,rabies_unsplit,Kerala,Idukki,Udumbanchola,9.8333,77.1333,0,0,0.0964778031791055,0.0,0.0
2020-09-09,scrub_typhus,Kerala,Alappuzha,Chenganoor,9.3167,76.6167,0,0,0.4885078012734631,0.0,0.0
2022-05-04,scrub_typhus,Kerala,Alappuzha,Chenganoor,9.3167,76.6167,1,0,0.4760882243432031,0.0,0.0
2022-09-10,scrub_typhus,Kerala,Alappuzha,Chenganoor,9.3167,76.6167,0,0,0.2567696362141514,0.0014007004184041,0.0014007004184041
2023-09-09,scrub_typhus,Kerala,Alappuzha,Chenganoor,9.3167,76.6167,1,0,0.2699403508691069,0.0,0.0
2024-07-05,scrub_typhus,Kerala,Alappuzha,Chenganoor,9.3167,76.6167,1,0,0.1403543824493363,0.0818552627168685,0.0818552627168685
2020-10-17,scrub_typhus,Kerala,Alappuzha,Karthikappally,9.2833,76.4667,1,1,0.684620860972121,0.0,0.0
2021-09-10,scrub_typhus,Kerala,Alappuzha,Karthikappally,9.2833,76.4667,0,0,0.2227061338138458,0.3300890921936499,0.3300890921936499
2022-11-20,scrub_typhus,Kerala,Alappuzha,Karthikappally,9.2833,76.4667,1,0,0.0624427740061176,0.0,0.0
2022-08-07,scrub_typhus,Kerala,Alappuzha,Kuttanad,9.5833,76.4167,1,0,0.1243751499654459,0.0,0.0
2022-09-11,scrub_typhus,Kerala,Alappuzha,Kuttanad,9.5833,76.4167,1,0,0.1733232783984346,0.003113928912825,0.003113928912825
2023-12-23,scrub_typhus,Kerala,Alappuzha,Kuttanad,9.5833,76.4167,1,0,0.1256495468865877,0.0,0.0
2020-07-06,scrub_typhus,Kerala,Alappuzha,Mavelikkara,9.2667,76.55,0,1,0.5602337349487707,0.0,0.0
2020-11-19,scrub_typhus,Kerala,Ernakulam,Aluva,10.1075,76.3516,0,0,0.1844346281873214,0.0,0.0
2020-11-24,scrub_typhus,Kerala,Ernakulam,Aluva,10.1075,76.3516,0,0,0.0466307821406034,0.0,0.0
2021-11-20,scrub_typhus,Kerala,Ernakulam,Aluva,10.1075,76.3516,0,0,0.1835211096852413,0.0001814039794268,0.0001814039794268
2022-12-25,scrub_typhus,Kerala,Ernakulam,Aluva,10.1075,76.3516,0,0,0.1650004617064303,0.0002294682816681,0.0002294682816681
2023-10-19,scrub_typhus,Kerala,Ernakulam,Aluva,10.1075,76.3516,0,0,0.1523533670371459,0.0,0.0
2023-08-08,scrub_typhus,Kerala,Ernakulam,Kanayannur,9.98408,76.2741457,0,0,0.2409516332659884,0.0,0.0
2024-05-03,scrub_typhus,Kerala,Ernakulam,Kanayannur,9.98408,76.2741457,1,0,0.0984532832522603,0.0,0.0
2024-11-21,scrub_typhus,Kerala,Ernakulam,Kanayannur,9.98408,76.2741457,1,0,0.157149542341093,0.0103350406875632,0.0103350406875632
2024-11-21,scrub_typhus,Kerala,Ernakulam,Kanayannur,9.98408,76.2741457,0,0,0.0864093423403431,0.0017692122362971,0.0017692122362971
2020-07-06,scrub_typhus,Kerala,Ernakulam,Kochi,9.9312,76.2673,1,0,0.1086905338446781,0.0,0.0
2020-10-14,scrub_typhus,Kerala,Ernakulam,Kochi,9.9312,76.2673,0,1,0.7304290967338816,0.0,0.0
2021-03-01,scrub_typhus,Kerala,Ernakulam,Kochi,9.9312,76.2673,0,1,0.6218118870460329,0.0,0.0
2021-11-21,scrub_typhus,Kerala,Ernakulam,Kothamangalam,10.0667,76.6333,1,0,0.1499882414058788,0.0,0.0
2024-05-03,scrub_typhus,Kerala,Ernakulam,Kothamangalam,10.0667,76.6333,0,0,0.1331151013793262,0.0,0.0
2024-09-09,scrub_typhus,Kerala,Ernakulam,Kothamangalam,10.0667,76.6333,0,0,0.2911482668922075,0.0,0.0
2022-03-01,scrub_typhus,Kerala,Ernakulam,Kunnathunad,10.1167,76.4833,1,0,0.1702066602088992,0.0,0.0
2022-08-08,scrub_typhus,Kerala,Ernakulam,Kunnathunad,10.1167,76.4833,1,0,0.1369933513397246,0.0,0.0
2023-10-17,scrub_typhus,Kerala,Ernakulam,Kunnathunad,10.1167,76.4833,0,0,0.1354107074333354,0.2566874610718399,0.2566874610718399
2024-10-15,scrub_typhus,Kerala,Ernakulam,Kunnathunad,10.1167,76.4833,0,0,0.1345072768005449,0.0,0.0
2020-10-18,scrub_typhus,Kerala,Ernakulam,Muvattupuzha,9.9833,76.5833,1,0,0.1187609147224081,0.0,0.0
2023-10-18,scrub_typhus,Kerala,Ernakulam,Muvattupuzha,9.9833,76.5833,0,0,0.0685717976102682,0.0001886968635839,0.0001886968635839
2022-11-23,scrub_typhus,Kerala,Ernakulam,North Paravur,10.1333,76.2,1,0,0.2240985012462113,0.0,0.0
2023-07-05,scrub_typhus,Kerala,Ernakulam,North Paravur,10.1333,76.2,1,0,0.0611755298576132,0.0021396833473771,0.0021396833473771
2023-09-02,scrub_typhus,Kerala,Ernakulam,North Paravur,10.1333,76.2,0,0,0.4234694210231048,0.0,0.0
2023-10-13,scrub_typhus,Kerala,Ernakulam,North Paravur,10.1333,76.2,0,0,0.4662948533687543,0.0,0.0
2020-07-06,scrub_typhus,Kerala,Idukki,Devikulam,10.0667,77.1,0,1,0.5952773014619057,0.0,0.0
2020-11-23,scrub_typhus,Kerala,Idukki,Devikulam,10.0667,77.1,0,0,0.2175424326914141,0.0,0.0
2022-03-02,scrub_typhus,Kerala,Idukki,Devikulam,10.0667,77.1,0,0,0.1273910974822728,0.0,0.0
2021-09-09,scrub_typhus,Kerala,Idukki,Idukki,9.8497872,76.9797914,1,0,0.1560264159139262,0.0,0.0
2022-12-30,scrub_typhus,Kerala,Idukki,Idukki,9.8497872,76.9797914,0,1,0.5996691565483985,0.4784777033413006,0.4784777033413006
2020-11-20,scrub_typhus,Kerala,Idukki,Peerumade,9.5667,76.9667,0,0,0.442835056538758,0.0,0.0
2021-07-06,scrub_typhus,Kerala,Idukki,Peerumade,9.5667,76.9667,0,0,0.1073139358626393,0.0003099199589947,0.0003099199589947
2022-10-18,scrub_typhus,Kerala,Idukki,Peerumade,9.5667,76.9667,1,0,0.1227974617696677,0.0,0.0
2022-12-28,scrub_typhus,Kerala,Idukki,Peerumade,9.5667,76.9667,1,0,0.0952447505968037,0.0103945472849666,0.0103945472849666
2023-09-09,scrub_typhus,Kerala,Idukki,Peerumade,9.5667,76.9667,1,0,0.233331181536284,0.0,0.0
2021-12-30,scrub_typhus,Kerala,Idukki,Thodupuzha,9.8955,76.7241,0,0,0.1363166262034276,0.0,0.0
2024-10-17,scrub_typhus,Kerala,Idukki,Thodupuzha,9.8955,76.7241,0,0,0.1776349517306819,0.0,0.0
2021-07-06,scrub_typhus,Kerala,Idukki,Udumbanchola,9.8333,77.1333,1,0,0.0861788077320697,0.0,0.0
2021-11-21,scrub_typhus,Kerala,Idukki,Udumbanchola,9.8333,77.1333,0,1,0.7627684519523248,0.0002030874393392,0.0002030874393392
2022-10-16,scrub_typhus,Kerala,Kannur,Iritty,11.9333,75.7,1,0,0.3219558741017816,0.0,0.0
2022-10-18,scrub_typhus,Kerala,Kannur,Iritty,11.9333,75.7,0,1,0.5023100467750526,0.003743014161147,0.003743014161147
2023-08-08,scrub_typhus,Kerala,Kannur,Iritty,11.9333,75.7,1,1,0.733312994826955,0.0,0.0
2021-10-18,scrub_typhus,Kerala,Kannur,Payyanur,12.1,75.2,0,1,0.7118114447418782,0.0,0.0
2022-03-02,scrub_typhus,Kerala,Kannur,Payyanur,12.1,75.2,0,0,0.1921944232914291,0.0,0.0
2022-09-10,scrub_typhus,Kerala,Kannur,Payyanur,12.1,75.2,0,0,0.1697861175963673,0.0,0.0
2023-09-11,scrub_typhus,Kerala,Kannur,Payyanur,12.1,75.2,0,0,0.1640000704619435,4.031199542819508e-05,4.031199542819508e-05
2023-10-17,scrub_typhus,Kerala,Kannur,Payyanur,12.1,75.2,0,0,0.1478576638485735,5.374932723759343e-05,5.374932723759343e-05
2023-11-23,scrub_typhus,Kerala,Kannur,Payyanur,12.1,75.2,0,0,0.2215731079170995,0.0016590331615284,0.0016590331615284
2020-12-25,scrub_typhus,Kerala,Kannur,Thalassery,11.75,75.4833,1,0,0.4750565871822479,0.0,0.0
2021-11-19,scrub_typhus,Kerala,Kasaragod,Hosdurg,12.3167,75.1,1,0,0.0590692419779394,0.0,0.0
2022-09-11,scrub_typhus,Kerala,Kasaragod,Hosdurg,12.3167,75.1,0,0,0.036403539478422,0.0005207380037366,0.0005207380037366
2022-10-15,scrub_typhus,Kerala,Kasaragod,Hosdurg,12.3167,75.1,0,0,0.0574183267458139,0.0,0.0
2022-12-27,scrub_typhus,Kerala,Kasaragod,Hosdurg,12.3167,75.1,1,0,0.2321333380867399,0.0,0.0
2023-09-09,scrub_typhus,Kerala,Kasaragod,Hosdurg,12.3167,75.1,0,0,0.4026941024669429,0.0048930407242123,0.0048930407242123
2023-10-13,scrub_typhus,Kerala,Kasaragod,Hosdurg,12.3167,75.1,0,0,0.3776441442559742,0.0004419335154172,0.0004419335154172
2023-10-21,scrub_typhus,Kerala,Kasaragod,Hosdurg,12.3167,75.1,1,1,0.5013971517760676,0.0,0.0
2024-10-13,scrub_typhus,Kerala,Kasaragod,Hosdurg,12.3167,75.1,0,0,0.1267614761956476,0.0024201580932692,0.0024201580932692
2024-11-20,scrub_typhus,Kerala,Kasaragod,Hosdurg,12.3167,75.1,0,0,0.1385754753834213,0.0,0.0
2022-10-15,scrub_typhus,Kerala,Kasaragod,Kasaragod,12.5035577,74.9907022,1,0,0.0849528898081865,0.0,0.0
2020-10-17,scrub_typhus,Kerala,Kasaragod,Manjeshwaram,12.7167,74.8833,0,1,0.6277616760353907,0.0,0.0
2020-12-29,scrub_typhus,Kerala,Kasaragod,Manjeshwaram,12.7167,74.8833,0,0,0.332176318927522,0.0,0.0
2021-05-04,scrub_typhus,Kerala,Kasaragod,Manjeshwaram,12.7167,74.8833,1,1,0.6069789203407313,0.0,0.0
2022-05-04,scrub_typhus,Kerala,Kasaragod,Nileshwaram,12.25,75.1,0,0,0.2897800534668382,0.0,0.0
2023-03-01,scrub_typhus,Kerala,Kasaragod,Nileshwaram,12.25,75.1,1,0,0.1658613804358151,0.0,0.0
2023-10-16,scrub_typhus,Kerala,Kasaragod,Nileshwaram,12.25,75.1,0,0,0.341927284855882,0.0171734542273013,0.0171734542273013
2020-03-01,scrub_typhus,Kerala,Kasaragod,Vellarikundu,12.4167,75.2333,1,1,0.7150471492422095,0.0,0.0
2021-10-16,scrub_typhus,Kerala,Kasaragod,Vellarikundu,12.4167,75.2333,0,0,0.3398626073860327,0.0416085711774089,0.0416085711774089
2021-11-20,scrub_typhus,Kerala,Kasaragod,Vellarikundu,12.4167,75.2333,0,0,0.0536136925416499,0.0,0.0
2022-03-02,scrub_typhus,Kerala,Kasaragod,Vellarikundu,12.4167,75.2333,0,0,0.0651043581266405,0.0009271758948484,0.0009271758948484
2023-11-23,scrub_typhus,Kerala,Kasaragod,Vellarikundu,12.4167,75.2333,0,0,0.0556427891895182,0.0,0.0
2020-09-09,scrub_typhus,Kerala,Kollam,Karunagappally,9.0574,76.5334,1,0,0.0866109716888015,0.0,0.0
2020-12-27,scrub_typhus,Kerala,Kollam,Karunagappally,9.0574,76.5334,1,0,0.0959893529329254,0.0038778181429303,0.0038778181429303
2021-12-26,scrub_typhus,Kerala,Kollam,Karunagappally,9.0574,76.5334,0,0,0.0937613671114909,0.0,0.0
2023-11-24,scrub_typhus,Kerala,Kollam,Karunagappally,9.0574,76.5334,0,0,0.0837006663015807,0.0,0.0
2024-10-15,scrub_typhus,Kerala,Kollam,Karunagappally,9.0574,76.5334,0,0,0.1295110767558968,0.001613193411334,0.001613193411334
2024-10-19,scrub_typhus,Kerala,Kollam,Karunagappally,9.0574,76.5334,0,0,0.0985465103185332,0.0,0.0
2021-09-12,scrub_typhus,Kerala,Kollam,Kollam,8.8879509,76.5955013,1,1,0.727108502343284,0.0,0.0
2021-11-22,scrub_typhus,Kerala,Kollam,Kottarakkara,9.0002,76.7788,0,0,0.1160398565114945,0.0,0.0
2023-11-19,scrub_typhus,Kerala,Kollam,Kottarakkara,9.0002,76.7788,1,0,0.1801735203638833,0.0,0.0
2023-12-30,scrub_typhus,Kerala,Kollam,Kottarakkara,9.0002,76.7788,0,0,0.096813103944148,0.7791292600888409,0.7791292600888409
2024-05-04,scrub_typhus,Kerala,Kollam,Kottarakkara,9.0002,76.7788,0,1,0.6753623343849933,0.0,0.0
2024-05-04,scrub_typhus,Kerala,Kollam,Kottarakkara,9.0002,76.7788,0,1,0.7462292137137638,0.0036280795885375,0.0036280795885375
2021-05-04,scrub_typhus,Kerala,Kollam,Kunnathoor,9.0292,76.627,0,0,0.2524438244186806,0.0,0.0
2022-12-28,scrub_typhus,Kerala,Kollam,Kunnathoor,9.0292,76.627,0,1,0.7120116396645919,0.0,0.0
2023-11-21,scrub_typhus,Kerala,Kollam,Kunnathoor,9.0292,76.627,1,1,0.5732608079594603,0.0002975133932991,0.0002975133932991
2023-12-09,scrub_typhus,Kerala,Kollam,Kunnathoor,9.0292,76.627,1,0,0.436897826054919,0.006403498677576,0.006403498677576
2023-12-26,scrub_typhus,Kerala,Kollam,Kunnathoor,9.0292,76.627,1,0,0.2858898761712419,0.0142159032723132,0.0142159032723132
2020-05-04,scrub_typhus,Kerala,Kollam,Pathanapuram,9.1,76.87,1,0,0.3240967600300518,0.0,0.0
2022-10-19,scrub_typhus,Kerala,Kollam,Pathanapuram,9.1,76.87,0,1,0.6285475210862882,0.0003935759471644,0.0003935759471644
2023-05-04,scrub_typhus,Kerala,Kollam,Pathanapuram,9.1,76.87,0,0,0.4078317863468592,0.0,0.0
2023-11-23,scrub_typhus,Kerala,Kollam,Pathanapuram,9.1,76.87,1,0,0.1678119694986682,0.0008625805031959,0.0008625805031959
2021-07-06,scrub_typhus,Kerala,Kollam,Punalur,9.0089,76.9269,1,0,0.1680189684806658,0.0,0.0
2021-10-17,scrub_typhus,Kerala,Kollam,Punalur,9.0089,76.9269,1,0,0.1508792685136495,0.0048374870536255,0.0048374870536255
2022-03-02,scrub_typhus,Kerala,Kollam,Punalur,9.0089,76.9269,0,0,0.303263639606703,0.0,0.0
2022-11-22,scrub_typhus,Kerala,Kollam,Punalur,9.0089,76.9269,0,0,0.4284060632837122,0.0,0.0
2020-11-22,scrub_typhus,Kerala,Kottayam,Changanassery,9.45,76.5333,1,0,0.3157514759076251,0.0,0.0
2021-10-16,scrub_typhus,Kerala,Kottayam,Changanassery,9.45,76.5333,0,1,0.6121563875029057,0.0,0.0
2022-10-19,scrub_typhus,Kerala,Kottayam,Changanassery,9.45,76.5333,0,0,0.0765360323164948,0.0,0.0
2020-09-10,scrub_typhus,Kerala,Kottayam,Kottayam,9.6287383,76.64553257,0,0,0.099835007363617,0.0,0.0
2020-10-14,scrub_typhus,Kerala,Kottayam,Kottayam,9.6287383,76.64553257,1,0,0.1216803693103083,0.0,0.0
2022-10-17,scrub_typhus,Kerala,Kottayam,Kottayam,9.6287383,76.64553257,0,0,0.096917788566725,0.0576031311076477,0.0576031311076477
2022-11-21,scrub_typhus,Kerala,Kottayam,Kottayam,9.6287383,76.64553257,1,0,0.2649096521222412,0.0,0.0
2022-12-28,scrub_typhus,Kerala,Kottayam,Kottayam,9.6287383,76.64553257,1,1,0.731578534736786,0.0101404536637414,0.0101404536637414
2024-10-16,scrub_typhus,Kerala,Kottayam,Kottayam,9.6287383,76.64553257,0,1,0.6568176028668645,0.0009043620518078,0.0009043620518078
2024-10-18,scrub_typhus,Kerala,Kottayam,Kottayam,9.6287383,76.64553257,0,1,0.6697655585173748,0.0,0.0
2021-08-07,scrub_typhus,Kerala,Kottayam,Meenachil,9.7167,76.6833,0,1,0.7244929519640683,0.0,0.0
2021-12-26,scrub_typhus,Kerala,Kottayam,Meenachil,9.7167,76.6833,0,0,0.1125631452806981,0.0,0.0
2022-05-04,scrub_typhus,Kerala,Kottayam,Meenachil,9.7167,76.6833,0,0,0.1388956149407476,0.0,0.0
2022-11-23,scrub_typhus,Kerala,Kottayam,Meenachil,9.7167,76.6833,0,1,0.6926744175143247,4.031199542819508e-05,4.031199542819508e-05
2023-12-31,scrub_typhus,Kerala,Kottayam,Meenachil,9.7167,76.6833,1,0,0.2932767514022474,0.0004057771455511,0.0004057771455511
2024-09-11,scrub_typhus,Kerala,Kottayam,Meenachil,9.7167,76.6833,0,1,0.7317500649918997,0.0363774635007506,0.0363774635007506
2020-09-11,scrub_typhus,Kerala,Kozhikode,Koyilandy,11.4333,75.7,0,1,0.6475944309834512,0.0,0.0
2021-08-08,scrub_typhus,Kerala,Kozhikode,Koyilandy,11.4333,75.7,1,0,0.216628628384062,0.0,0.0
2022-12-26,scrub_typhus,Kerala,Kozhikode,Koyilandy,11.4333,75.7,1,0,0.1583785903116392,0.0040295746483747,0.0040295746483747
2021-03-01,scrub_typhus,Kerala,Kozhikode,Kozhikode,11.2450558,75.7754716,0,0,0.3513967796631695,0.0,0.0
2022-07-05,scrub_typhus,Kerala,Kozhikode,Kozhikode,11.2450558,75.7754716,0,0,0.3240803726139154,0.0,0.0
2023-07-06,scrub_typhus,Kerala,Kozhikode,Kozhikode,11.2450558,75.7754716,0,1,0.6571405724188708,0.0,0.0
2022-03-01,scrub_typhus,Kerala,Kozhikode,Thamarassery,11.2667,75.9333,1,1,0.7233367203953648,0.0,0.0
2023-10-18,scrub_typhus,Kerala,Kozhikode,Thamarassery,11.2667,75.9333,1,1,0.7087280448790877,0.0029925622628511,0.0029925622628511
2021-07-05,scrub_typhus,Kerala,Kozhikode,Vadakara,11.6,75.5833,1,1,0.5681808669513988,0.0,0.0
2021-10-15,scrub_typhus,Kerala,Kozhikode,Vadakara,11.6,75.5833,1,0,0.3635308353312559,0.0148338129288856,0.0148338129288856
2021-11-19,scrub_typhus,Kerala,Kozhikode,Vadakara,11.6,75.5833,0,0,0.2268664160116062,0.0,0.0
2021-07-06,scrub_typhus,Kerala,Malappuram,Ernad,11.1201,76.1197,0,1,0.6987495831662908,0.0,0.0
2022-11-20,scrub_typhus,Kerala,Malappuram,Ernad,11.1201,76.1197,0,0,0.2403709426910762,0.0,0.0
2022-11-22,scrub_typhus,Kerala,Malappuram,Ernad,11.1201,76.1197,1,0,0.2711789744609189,0.0,0.0
2022-12-26,scrub_typhus,Kerala,Malappuram,Ernad,11.1201,76.1197,0,0,0.2666361193535133,0.1346147208355586,0.1346147208355586
2022-12-27,scrub_typhus,Kerala,Malappuram,Ernad,11.1201,76.1197,0,0,0.0784195377917959,0.0,0.0
2020-05-05,scrub_typhus,Kerala,Malappuram,Kondotty,11.15,75.9667,1,0,0.3274706273107133,0.0,0.0
2021-09-12,scrub_typhus,Kerala,Malappuram,Kondotty,11.15,75.9667,0,0,0.4487281424606473,0.0005061159316857,0.0005061159316857
2022-09-12,scrub_typhus,Kerala,Malappuram,Nilambur,11.2833,76.2333,0,1,0.7432699703665393,0.0,0.0
2021-09-11,scrub_typhus,Kerala,Malappuram,Perinthalmanna,10.9667,76.2167,1,1,0.607846832273475,0.0,0.0
2020-08-08,scrub_typhus,Kerala,Malappuram,Ponnani,10.7667,75.9167,0,0,0.1145420623913585,0.0,0.0
2021-10-19,scrub_typhus,Kerala,Malappuram,Tirur,10.9167,75.9167,1,0,0.145310179014663,0.0,0.0
2022-03-01,scrub_typhus,Kerala,Malappuram,Tirur,10.9167,75.9167,1,0,0.1405256559091209,0.0018242610873959,0.0018242610873959
2022-03-01,scrub_typhus,Kerala,Malappuram,Tirur,10.9167,75.9167,1,0,0.1503425457290984,0.0014333034637283,0.0014333034637283
2022-12-29,scrub_typhus,Kerala,Malappuram,Tirur,10.9167,75.9167,0,0,0.1667500465650413,0.9999999983333334,0.9999999983333334
2023-05-03,scrub_typhus,Kerala,Malappuram,Tirur,10.9167,75.9167,0,0,0.208828228776931,0.0,0.0
2021-09-09,scrub_typhus,Kerala,Malappuram,Tirurangadi,11.0,75.9333,1,0,0.2596073243033936,0.0,0.0
2023-10-15,scrub_typhus,Kerala,Malappuram,Tirurangadi,11.0,75.9333,0,1,0.6357266526287928,0.0,0.0
2024-07-05,scrub_typhus,Kerala,Malappuram,Tirurangadi,11.0,75.9333,0,1,0.5255926539545474,0.000349661055923,0.000349661055923
2024-10-14,scrub_typhus,Kerala,Malappuram,Tirurangadi,11.0,75.9333,0,0,0.09606335285485,0.0,0.0
2024-12-27,scrub_typhus,Kerala,Malappuram,Tirurangadi,11.0,75.9333,1,1,0.7605695002119109,0.0,0.0
2020-08-07,scrub_typhus,Kerala,Palakkad,Alathur,10.6333,76.55,0,1,0.5858510879788547,0.0,0.0
2020-11-22,scrub_typhus,Kerala,Palakkad,Alathur,10.6333,76.55,1,0,0.4988285893912447,0.0,0.0
2021-11-19,scrub_typhus,Kerala,Palakkad,Alathur,10.6333,76.55,1,1,0.7387218842412965,0.0781034788277056,0.0781034788277056
2024-07-06,scrub_typhus,Kerala,Palakkad,Alathur,10.6333,76.55,1,1,0.5624217607064438,0.0027813773496549,0.0027813773496549
2022-03-02,scrub_typhus,Kerala,Palakkad,Chittur,10.7,76.75,0,0,0.1082617976199697,0.0,0.0
2022-08-08,scrub_typhus,Kerala,Palakkad,Chittur,10.7,76.75,0,0,0.1193440402063691,0.0,0.0
2022-10-15,scrub_typhus,Kerala,Palakkad,Chittur,10.7,76.75,1,1,0.7256378348577047,0.0,0.0
2020-11-21,scrub_typhus,Kerala,Palakkad,Mannarkkad,11.0,76.4667,1,1,0.7219691449845301,0.0,0.0
2022-07-06,scrub_typhus,Kerala,Palakkad,Mannarkkad,11.0,76.4667,1,1,0.7380133532651207,0.0372260549699021,0.0372260549699021
2022-08-08,scrub_typhus,Kerala,Palakkad,Ottapalam,10.7667,76.3667,1,0,0.1907551026635027,0.0,0.0
2020-09-09,scrub_typhus,Kerala,Palakkad,Palakkad,10.78789845,76.47408711,0,0,0.4385183502331653,0.0,0.0
2022-10-14,scrub_typhus,Kerala,Palakkad,Palakkad,10.78789845,76.47408711,1,0,0.0707059055639148,0.0,0.0
2022-11-22,scrub_typhus,Kerala,Palakkad,Palakkad,10.78789845,76.47408711,1,0,0.0802944683797731,0.489863563098541,0.489863563098541
2023-08-08,scrub_typhus,Kerala,Palakkad,Palakkad,10.78789845,76.47408711,0,0,0.0809940933514248,0.0,0.0
2023-12-26,scrub_typhus,Kerala,Palakkad,Palakkad,10.78789845,76.47408711,0,0,0.1296277597232843,0.0,0.0
2023-12-29,scrub_typhus,Kerala,Palakkad,Palakkad,10.78789845,76.47408711,0,1,0.6536799519824928,0.0001074986544751,0.0001074986544751
2023-12-30,scrub_typhus,Kerala,Palakkad,Palakkad,10.78789845,76.47408711,0,1,0.7100609013943299,0.0002418719725691,0.0002418719725691
2024-05-25,scrub_typhus,Kerala,Palakkad,Palakkad,10.78789845,76.47408711,0,1,0.6941169852910608,0.0,0.0
2020-08-07,scrub_typhus,Kerala,Palakkad,Pattambi,10.8,76.2,1,1,0.6913921393602025,0.0,0.0
2020-12-30,scrub_typhus,Kerala,Palakkad,Pattambi,10.8,76.2,1,1,0.7221449628241351,0.0009839398679112,0.0009839398679112
2021-08-08,scrub_typhus,Kerala,Palakkad,Pattambi,10.8,76.2,1,1,0.5424442823737755,0.0569872867110347,0.0569872867110347
2020-11-20,scrub_typhus,Kerala,Pathanamthitta,Adoor,9.1667,76.7333,0,1,0.6480556966635693,0.0,0.0
2021-11-20,scrub_typhus,Kerala,Pathanamthitta,Adoor,9.1667,76.7333,0,1,0.6425873310616023,0.0,0.0
2021-12-29,scrub_typhus,Kerala,Pathanamthitta,Adoor,9.1667,76.7333,1,0,0.431924399520841,0.0,0.0
2023-11-19,scrub_typhus,Kerala,Pathanamthitta,Adoor,9.1667,76.7333,1,0,0.3063539935717948,0.1599948279686945,0.1599948279686945
2022-12-30,scrub_typhus,Kerala,Pathanamthitta,Konni,9.2667,76.9333,1,0,0.2852522225726404,0.0,0.0
2023-11-04,scrub_typhus,Kerala,Pathanamthitta,Konni,9.2667,76.9333,1,1,0.6610544609608441,0.0001482413135926,0.0001482413135926
2024-05-03,scrub_typhus,Kerala,Pathanamthitta,Konni,9.2667,76.9333,1,0,0.3253533022868392,0.0118106402887549,0.0118106402887549
2020-10-15,scrub_typhus,Kerala,Pathanamthitta,Kozhenchery,9.2780841,76.9737443,0,0,0.2670207970047368,0.0,0.0
2022-08-08,scrub_typhus,Kerala,Pathanamthitta,Kozhenchery,9.2780841,76.9737443,0,1,0.5902769392517779,0.0,0.0
2023-03-01,scrub_typhus,Kerala,Pathanamthitta,Kozhenchery,9.2780841,76.9737443,1,1,0.6742323583861524,0.0,0.0
2023-09-12,scrub_typhus,Kerala,Pathanamthitta,Kozhenchery,9.2780841,76.9737443,1,0,0.145480644960665,0.2025074510612792,0.2025074510612792
2020-11-20,scrub_typhus,Kerala,Pathanamthitta,Mallappally,9.3833,76.6833,0,0,0.1435690798067127,0.0,0.0
2020-12-30,scrub_typhus,Kerala,Pathanamthitta,Mallappally,9.3833,76.6833,0,0,0.0982855462850043,0.0,0.0
2021-10-14,scrub_typhus,Kerala,Pathanamthitta,Mallappally,9.3833,76.6833,1,0,0.3089227191005781,0.0002418719725691,0.0002418719725691
2023-05-04,scrub_typhus,Kerala,Pathanamthitta,Mallappally,9.3833,76.6833,1,0,0.4308579965031059,0.015742614261839,0.015742614261839
2023-11-20,scrub_typhus,Kerala,Pathanamthitta,Mallappally,9.3833,76.6833,0,0,0.2671622245622319,9.674937949140096e-05,9.674937949140096e-05
2023-12-31,scrub_typhus,Kerala,Pathanamthitta,Mallappally,9.3833,76.6833,0,0,0.1233703557152581,0.0,0.0
2021-11-20,scrub_typhus,Kerala,Pathanamthitta,Ranni,9.3833,76.9667,1,0,0.0291294899049859,0.0,0.0
2022-11-19,scrub_typhus,Kerala,Pathanamthitta,Ranni,9.3833,76.9667,1,0,0.0907281110622134,0.0004838708118359,0.0004838708118359
2022-11-20,scrub_typhus,Kerala,Pathanamthitta,Ranni,9.3833,76.9667,0,0,0.0554050552627708,0.890090514261423,0.890090514261423
2022-11-21,scrub_typhus,Kerala,Pathanamthitta,Ranni,9.3833,76.9667,0,0,0.0716730786419418,0.0,0.0
2023-03-02,scrub_typhus,Kerala,Pathanamthitta,Ranni,9.3833,76.9667,0,1,0.6471844528047106,0.0,0.0
2023-11-11,scrub_typhus,Kerala,Pathanamthitta,Ranni,9.3833,76.9667,0,1,0.663193191352132,0.0062483592913702,0.0062483592913702
2020-05-03,scrub_typhus,Kerala,Pathanamthitta,Thiruvalla,9.3833,76.5833,0,0,0.4143799218867582,0.0,0.0
2023-11-24,scrub_typhus,Kerala,Pathanamthitta,Thiruvalla,9.3833,76.5833,0,0,0.0701757207307206,0.0,0.0
2024-05-03,scrub_typhus,Kerala,Pathanamthitta,Thiruvalla,9.3833,76.5833,0,0,0.0848395011284592,0.0004434319497101,0.0004434319497101
2024-10-19,scrub_typhus,Kerala,Pathanamthitta,Thiruvalla,9.3833,76.5833,0,0,0.0466282891112101,0.0004403310269849,0.0004403310269849
2021-07-07,scrub_typhus,Kerala,Thiruvananthapuram,Chirayinkeezhu,8.6963,76.8153,1,0,0.1685389153579615,0.0,0.0
2020-03-01,scrub_typhus,Kerala,Thiruvananthapuram,Kattakkada,8.5667,77.1,0,1,0.6501449111233565,0.0,0.0
2020-05-04,scrub_typhus,Kerala,Thiruvananthapuram,Kattakkada,8.5667,77.1,0,1,0.6217466297674735,0.0,0.0
2020-09-09,scrub_typhus,Kerala,Thiruvananthapuram,Nedumangad,8.6036,77.0031,1,1,0.5900825139332163,0.0,0.0
2020-03-02,scrub_typhus,Kerala,Thiruvananthapuram,Neyyattinkara,8.4004,77.0872,1,0,0.4451644659259428,0.0,0.0
2020-10-14,scrub_typhus,Kerala,Thiruvananthapuram,Neyyattinkara,8.4004,77.0872,0,0,0.4453307855048761,0.0057905512176895,0.0057905512176895
2023-10-16,scrub_typhus,Kerala,Thiruvananthapuram,Neyyattinkara,8.4004,77.0872,0,0,0.3874558587822935,0.0,0.0
2024-05-04,scrub_typhus,Kerala,Thiruvananthapuram,Neyyattinkara,8.4004,77.0872,0,0,0.135665908292918,0.0078823747783759,0.0078823747783759
2024-08-07,scrub_typhus,Kerala,Thiruvananthapuram,Neyyattinkara,8.4004,77.0872,0,1,0.5567365413117679,0.0,0.0
2020-11-20,scrub_typhus,Kerala,Thiruvananthapuram,Thiruvananthapuram,8.4882267,76.947551,1,0,0.098388074202256,0.0,0.0
2022-12-30,scrub_typhus,Kerala,Thiruvananthapuram,Thiruvananthapuram,8.4882267,76.947551,0,1,0.5430354770626775,0.0,0.0
2024-09-12,scrub_typhus,Kerala,Thiruvananthapuram,Thiruvananthapuram,8.4882267,76.947551,0,0,0.1360896001157315,0.0,0.0
2022-11-21,scrub_typhus,Kerala,Thiruvananthapuram,Varkala,8.7379,76.7163,0,0,0.1787489065018773,0.0,0.0
2023-09-12,scrub_typhus,Kerala,Thiruvananthapuram,Varkala,8.7379,76.7163,0,0,0.3427906961756093,0.0,0.0
2023-10-21,scrub_typhus,Kerala,Thiruvananthapuram,Varkala,8.7379,76.7163,0,0,0.1682667609694079,0.0002257471743978,0.0002257471743978
2023-11-22,scrub_typhus,Kerala,Thiruvananthapuram,Varkala,8.7379,76.7163,0,0,0.0848651032192901,0.0,0.0
2023-12-27,scrub_typhus,Kerala,Thiruvananthapuram,Varkala,8.7379,76.7163,0,0,0.080321001458732,8.062399085639016e-05,8.062399085639016e-05
2023-12-02,scrub_typhus,Kerala,Thrissur,Chalakudy,10.3,76.3333,0,0,0.0635226868343735,0.0,0.0
2023-12-31,scrub_typhus,Kerala,Thrissur,Chalakudy,10.3,76.3333,0,0,0.290441044535206,0.0,0.0
2020-07-07,scrub_typhus,Kerala,Thrissur,Chavakkad,10.5833,76.0167,0,0,0.3670183787813496,0.0,0.0
2021-09-10,scrub_typhus,Kerala,Thrissur,Chavakkad,10.5833,76.0167,1,0,0.0911168016086262,0.0,0.0
2022-11-20,scrub_typhus,Kerala,Thrissur,Chavakkad,10.5833,76.0167,0,0,0.1065314908915772,0.0034388870817633,0.0034388870817633
2022-12-30,scrub_typhus,Kerala,Thrissur,Chavakkad,10.5833,76.0167,1,0,0.1771606500180682,0.0,0.0
2024-09-09,scrub_typhus,Kerala,Thrissur,Chavakkad,10.5833,76.0167,1,0,0.3398954614941473,0.9999999983333334,0.9999999983333334
2022-03-01,scrub_typhus,Kerala,Thrissur,Kodungallur,10.2333,76.2,1,0,0.1022853373736828,0.0,0.0
2022-08-07,scrub_typhus,Kerala,Thrissur,Kodungallur,10.2333,76.2,0,0,0.1423654258015107,0.0414251344028982,0.0414251344028982
2020-09-10,scrub_typhus,Kerala,Thrissur,Kunnamkulam,10.65,76.0667,0,0,0.1908708701669724,0.0,0.0
2022-09-10,scrub_typhus,Kerala,Thrissur,Kunnamkulam,10.65,76.0667,0,0,0.1296342430849803,4.031199542819508e-05,4.031199542819508e-05
2022-10-17,scrub_typhus,Kerala,Thrissur,Kunnamkulam,10.65,76.0667,1,0,0.4142810655122075,0.0003838136646328,0.0003838136646328
2020-11-20,scrub_typhus,Kerala,Thrissur,Mukundapuram,10.3333,76.2167,0,0,0.1233215405310592,0.0,0.0
2021-11-22,scrub_typhus,Kerala,Thrissur,Mukundapuram,10.3333,76.2167,1,0,0.1002773922379419,2.015599771409754e-05,2.015599771409754e-05
2021-11-23,scrub_typhus,Kerala,Thrissur,Mukundapuram,10.3333,76.2167,0,0,0.3317964990706886,0.7581284936677807,0.7581284936677807
2022-05-04,scrub_typhus,Kerala,Thrissur,Mukundapuram,10.3333,76.2167,0,0,0.4077284583936484,0.0,0.0
2022-08-07,scrub_typhus,Kerala,Thrissur,Talappilly,10.6667,76.25,0,0,0.4232676887602596,0.0,0.0
2022-11-22,scrub_typhus,Kerala,Thrissur,Talappilly,10.6667,76.25,1,0,0.0461848542150511,0.0,0.0
2020-05-04,scrub_typhus,Kerala,Thrissur,Thrissur,10.5256264,76.2132542,1,0,0.0822980833337376,0.0,0.0
2021-07-06,scrub_typhus,Kerala,Thrissur,Thrissur,10.5256264,76.2132542,1,0,0.2556614008712041,0.9139773175505572,0.9139773175505572
2022-12-28,scrub_typhus,Kerala,Thrissur,Thrissur,10.5256264,76.2132542,0,0,0.128190041070151,0.0,0.0
2023-05-03,scrub_typhus,Kerala,Thrissur,Thrissur,10.5256264,76.2132542,0,0,0.1516671538064193,4.327611273909177e-05,4.327611273909177e-05
2020-11-24,scrub_typhus,Kerala,Wayanad,Mananthavady,11.8,76.0,0,0,0.0942534659923182,0.0,0.0
2023-10-14,scrub_typhus,Kerala,Wayanad,Mananthavady,11.8,76.0,1,0,0.0587219660700422,0.0,0.0
2020-10-16,scrub_typhus,Kerala,Wayanad,Vythiri,11.6226,76.0813,1,0,0.1088320670745065,0.0,0.0
2020-11-21,scrub_typhus,Kerala,Wayanad,Vythiri,11.6226,76.0813,0,0,0.112535039645553,0.0009671525966085,0.0009671525966085
2020-11-24,scrub_typhus,Kerala,Wayanad,Vythiri,11.6226,76.0813,0,0,0.115004424560087,0.0,0.0
2024-03-02,shigella,Kerala,Alappuzha,Cherthala,9.6833,76.3333,0,0,0.0688654490215803,0.0,0.0
2021-02-04,shigella,Kerala,Alappuzha,Kuttanad,9.5833,76.4167,0,0,0.1576315581142131,0.0,0.0
2022-10-30,shigella,Kerala,Alappuzha,Kuttanad,9.5833,76.4167,1,0,0.1361422386061276,0.0001751159772114,0.0001751159772114
2023-03-07,shigella,Kerala,Alappuzha,Kuttanad,9.5833,76.4167,1,1,0.5439689192833818,0.0017847066243839,0.0017847066243839
2021-02-01,shigella,Kerala,Alappuzha,Mavelikkara,9.2667,76.55,1,0,0.1513561979723341,0.0,0.0
2022-04-08,shigella,Kerala,Ernakulam,Aluva,10.1075,76.3516,1,0,0.4970944767736458,0.0,0.0
2021-10-22,shigella,Kerala,Ernakulam,Kanayannur,9.98408,76.2741457,0,0,0.3202193634929145,0.0,0.0
2021-10-28,shigella,Kerala,Ernakulam,Kochi,9.9312,76.2673,1,0,0.1085016250037141,0.0,0.0
2022-10-28,shigella,Kerala,Ernakulam,Kochi,9.9312,76.2673,1,0,0.0786999314680886,0.3158199294957244,0.3158199294957244
2020-03-06,shigella,Kerala,Ernakulam,Kothamangalam,10.0667,76.6333,1,0,0.4213668953349729,0.0,0.0
2024-02-02,shigella,Kerala,Ernakulam,Kothamangalam,10.0667,76.6333,0,0,0.2814545700515521,0.0356047998686726,0.0356047998686726
2024-02-02,shigella,Kerala,Ernakulam,Muvattupuzha,9.9833,76.5833,0,0,0.1778974035764628,0.0,0.0
2024-03-06,shigella,Kerala,Ernakulam,Muvattupuzha,9.9833,76.5833,1,0,0.1581206613807133,0.0,0.0
2020-10-30,shigella,Kerala,Ernakulam,North Paravur,10.1333,76.2,1,0,0.3876510997413639,0.0,0.0
2023-02-01,shigella,Kerala,Ernakulam,North Paravur,10.1333,76.2,0,0,0.3738740595467426,0.0,0.0
2023-10-26,shigella,Kerala,Ernakulam,North Paravur,10.1333,76.2,0,0,0.2926397982687401,0.0,0.0
2020-10-31,shigella,Kerala,Idukki,Idukki,9.8497872,76.9797914,1,1,0.7120572237139657,0.0,0.0
2022-10-23,shigella,Kerala,Idukki,Peerumade,9.5667,76.9667,1,0,0.1037328221543893,0.0,0.0
2024-03-07,shigella,Kerala,Idukki,Peerumade,9.5667,76.9667,1,0,0.3456020662417877,0.000476221269563,0.000476221269563
2022-10-30,shigella,Kerala,Idukki,Thodupuzha,9.8955,76.7241,0,0,0.1250339988710434,0.0,0.0
2023-03-04,shigella,Kerala,Idukki,Thodupuzha,9.8955,76.7241,0,0,0.0774301678417454,0.0,0.0
2023-10-26,shigella,Kerala,Idukki,Udumbanchola,9.8333,77.1333,1,0,0.0787139280164577,0.0,0.0
2021-05-16,shigella,Kerala,Kannur,Iritty,11.9333,75.7,1,1,0.709697126235163,0.0,0.0
2023-10-23,shigella,Kerala,Kannur,Payyanur,12.1,75.2,1,0,0.4625619429140273,0.0,0.0
2023-08-19,shigella,Kerala,Kannur,Taliparamba,12.0333,75.35,1,0,0.0867589201943985,0.0,0.0
2022-10-30,shigella,Kerala,Kasaragod,Manjeshwaram,12.7167,74.8833,1,0,0.0666966405511965,0.0,0.0
2023-10-28,shigella,Kerala,Kasaragod,Manjeshwaram,12.7167,74.8833,1,0,0.1382394185736309,0.0008289798884138,0.0008289798884138
2024-04-13,shigella,Kerala,Kasaragod,Manjeshwaram,12.7167,74.8833,0,0,0.4962737385232578,0.0219116064245824,0.0219116064245824
2020-10-26,shigella,Kerala,Kasaragod,Nileshwaram,12.25,75.1,0,0,0.0818916015093987,0.0,0.0
2023-04-14,shigella,Kerala,Kasaragod,Nileshwaram,12.25,75.1,1,0,0.1050014448256842,2.6874663618796715e-05,2.6874663618796715e-05
2023-08-21,shigella,Kerala,Kasaragod,Nileshwaram,12.25,75.1,1,0,0.1342016401654041,0.1392503093336861,0.1392503093336861
2022-02-01,shigella,Kerala,Kollam,Karunagappally,9.0574,76.5334,1,0,0.1079458359230148,0.0,0.0
2024-04-10,shigella,Kerala,Kollam,Karunagappally,9.0574,76.5334,0,0,0.097822521177442,0.0099628957204494,0.0099628957204494
2023-08-19,shigella,Kerala,Kollam,Kunnathoor,9.0292,76.627,1,0,0.0623293942527885,0.0,0.0
2020-10-31,shigella,Kerala,Kollam,Pathanapuram,9.1,76.87,1,1,0.6076863382817899,0.0,0.0
2021-03-07,shigella,Kerala,Kollam,Pathanapuram,9.1,76.87,1,0,0.2558108657587466,0.0008491358861279,0.0008491358861279
2022-03-04,shigella,Kerala,Kollam,Pathanapuram,9.1,76.87,0,0,0.2335442988383205,0.0013875954137412,0.0013875954137412
2022-03-06,shigella,Kerala,Kollam,Pathanapuram,9.1,76.87,0,0,0.0447328450197349,0.0,0.0
2021-04-13,shigella,Kerala,Kollam,Punalur,9.0089,76.9269,1,1,0.6278931192113139,0.0,0.0
2022-03-06,shigella,Kerala,Kottayam,Changanassery,9.45,76.5333,0,0,0.2573239430819022,0.0,0.0
2022-08-21,shigella,Kerala,Kottayam,Changanassery,9.45,76.5333,1,0,0.0695890095523292,0.0,0.0
2021-02-01,shigella,Kerala,Kottayam,Kottayam,9.6287383,76.64553257,1,0,0.0977191154901917,0.0,0.0
2022-08-20,shigella,Kerala,Kottayam,Meenachil,9.7167,76.6833,1,0,0.0634825371919529,0.0,0.0
2023-10-25,shigella,Kerala,Kottayam,Meenachil,9.7167,76.6833,1,1,0.6367897487245255,0.0003828260817169,0.0003828260817169
2021-05-15,shigella,Kerala,Kozhikode,Kozhikode,11.2450558,75.7754716,1,1,0.6657038248415141,0.0,0.0
2023-02-02,shigella,Kerala,Malappuram,Ernad,11.1201,76.1197,0,0,0.1044759686578696,0.0,0.0
2023-04-10,shigella,Kerala,Malappuram,Ernad,11.1201,76.1197,1,0,0.116778269626115,8.755798860574261e-05,8.755798860574261e-05
2022-04-12,shigella,Kerala,Malappuram,Kondotty,11.15,75.9667,0,0,0.1182307875351911,0.0,0.0
2021-10-24,shigella,Kerala,Malappuram,Nilambur,11.2833,76.2333,1,0,0.119250006624377,0.0,0.0
2024-04-09,shigella,Kerala,Malappuram,Ponnani,10.7667,75.9167,1,0,0.1726604449416453,0.0,0.0
2024-08-20,shigella,Kerala,Malappuram,Ponnani,10.7667,75.9167,0,1,0.7220807417895118,0.076608973648337,0.076608973648337
2021-10-28,shigella,Kerala,Malappuram,Tirur,10.9167,75.9167,1,0,0.4861653937297875,0.0,0.0
2023-10-23,shigella,Kerala,Malappuram,Tirur,10.9167,75.9167,0,0,0.1602017782530966,0.0128466902648407,0.0128466902648407
2021-04-08,shigella,Kerala,Palakkad,Chittur,10.7,76.75,0,0,0.0596556704496657,0.0,0.0
2021-05-16,shigella,Kerala,Palakkad,Chittur,10.7,76.75,0,0,0.0723295371009213,0.0,0.0
2023-04-11,shigella,Kerala,Palakkad,Chittur,10.7,76.75,0,0,0.1190621915239314,0.0,0.0
2020-04-13,shigella,Kerala,Palakkad,Mannarkkad,11.0,76.4667,1,0,0.0554816247331108,0.0,0.0
2022-04-14,shigella,Kerala,Palakkad,Mannarkkad,11.0,76.4667,0,1,0.687521151353437,0.0348634663476588,0.0348634663476588
2022-10-24,shigella,Kerala,Palakkad,Ottapalam,10.7667,76.3667,1,1,0.629892853978959,0.0,0.0
2023-10-07,shigella,Kerala,Palakkad,Pattambi,10.8,76.2,0,0,0.1081303417080388,0.0,0.0
2022-04-08,shigella,Kerala,Pathanamthitta,Adoor,9.1667,76.7333,0,0,0.0945489288532485,0.0,0.0
2020-03-06,shigella,Kerala,Pathanamthitta,Konni,9.2667,76.9333,0,0,0.1084743313581877,0.0,0.0
2021-02-02,shigella,Kerala,Pathanamthitta,Konni,9.2667,76.9333,0,0,0.1281061441672986,0.0,0.0
2021-08-20,shigella,Kerala,Pathanamthitta,Konni,9.2667,76.9333,0,1,0.5802470308272103,0.0,0.0
2021-10-28,shigella,Kerala,Pathanamthitta,Ranni,9.3833,76.9667,0,0,0.4411339359680742,0.0,0.0
2023-10-28,shigella,Kerala,Pathanamthitta,Ranni,9.3833,76.9667,0,0,0.0663419963700171,0.0,0.0
2020-04-09,shigella,Kerala,Thiruvananthapuram,Nedumangad,8.6036,77.0031,1,0,0.0529952008327813,0.0,0.0
2022-10-31,shigella,Kerala,Thiruvananthapuram,Thiruvananthapuram,8.4882267,76.947551,0,0,0.0521385406485272,0.0,0.0
2023-08-19,shigella,Kerala,Thiruvananthapuram,Thiruvananthapuram,8.4882267,76.947551,0,0,0.175397526195847,0.0,0.0
2021-05-17,shigella,Kerala,Thrissur,Chalakudy,10.3,76.3333,1,0,0.1007063268205567,0.0,0.0
2021-10-30,shigella,Kerala,Thrissur,Kodungallur,10.2333,76.2,0,0,0.2468149490904989,0.0,0.0
2022-08-18,shigella,Kerala,Thrissur,Kodungallur,10.2333,76.2,0,0,0.4643544897298594,0.0,0.0
2020-04-12,shigella,Kerala,Thrissur,Mukundapuram,10.3333,76.2167,0,0,0.227090614683965,0.0,0.0
2024-08-21,shigella,Kerala,Thrissur,Mukundapuram,10.3333,76.2167,1,0,0.3237389793837769,0.0,0.0
2021-05-17,shigella,Kerala,Thrissur,Talappilly,10.6667,76.25,0,0,0.0528175268907324,0.0,0.0
2023-08-21,shigella,Kerala,Thrissur,Talappilly,10.6667,76.25,1,0,0.0635250956447477,0.0,0.0
2023-09-07,typhoid,Kerala,Alappuzha,Cherthala,9.6833,76.3333,1,0,0.1319153264872877,0.0,0.0
2023-10-14,typhoid,Kerala,Alappuzha,Cherthala,9.6833,76.3333,0,0,0.3004442444272173,0.0,0.0
2023-11-20,typhoid,Kerala,Alappuzha,Karthikappally,9.2833,76.4667,1,0,0.1823468013738155,0.0,0.0
2020-09-09,typhoid,Kerala,Ernakulam,Kothamangalam,10.0667,76.6333,1,0,0.1992791383753671,0.0,0.0
2020-09-10,typhoid,Kerala,Ernakulam,Muvattupuzha,9.9833,76.5833,0,0,0.2571418901700587,0.0,0.0
2021-10-16,typhoid,Kerala,Ernakulam,Muvattupuzha,9.9833,76.5833,0,0,0.1189299483514502,0.0001167439848076,0.0001167439848076
2022-10-15,typhoid,Kerala,Ernakulam,Muvattupuzha,9.9833,76.5833,0,0,0.0901779132151287,0.0,0.0
2022-12-31,typhoid,Kerala,Ernakulam,Muvattupuzha,9.9833,76.5833,0,0,0.1475277461709506,0.0,0.0
2023-11-19,typhoid,Kerala,Ernakulam,Muvattupuzha,9.9833,76.5833,1,0,0.0657274141981058,0.0014192119468498,0.0014192119468498
2021-09-12,typhoid,Kerala,Ernakulam,North Paravur,10.1333,76.2,1,0,0.0466156904208227,0.0,0.0
2021-10-16,typhoid,Kerala,Idukki,Devikulam,10.0667,77.1,1,0,0.0831738132155233,0.0,0.0
2024-06-04,typhoid,Kerala,Idukki,Idukki,9.8497872,76.9797914,0,0,0.0486102087456057,0.0,0.0
2024-06-06,typhoid,Kerala,Idukki,Idukki,9.8497872,76.9797914,0,0,0.0531587075320242,0.0,0.0
2024-11-23,typhoid,Kerala,Idukki,Idukki,9.8497872,76.9797914,0,0,0.2132637150126483,0.0001934975780553,0.0001934975780553
2022-09-11,typhoid,Kerala,Idukki,Peerumade,9.5667,76.9667,1,0,0.1328433755242921,0.0,0.0
2022-06-04,typhoid,Kerala,Idukki,Udumbanchola,9.8333,77.1333,0,0,0.1771858639635191,0.0,0.0
2023-06-05,typhoid,Kerala,Kannur,Iritty,11.9333,75.7,1,0,0.1113075029293609,0.0,0.0
2020-09-09,typhoid,Kerala,Kannur,Kannur,11.8763836,75.3737973,0,0,0.1944044050111054,0.0,0.0
2023-09-10,typhoid,Kerala,Kannur,Payyanur,12.1,75.2,0,0,0.0570645808469474,0.0,0.0
2021-11-21,typhoid,Kerala,Kannur,Taliparamba,12.0333,75.35,1,0,0.2253208629949336,0.0,0.0
2021-12-25,typhoid,Kerala,Kannur,Taliparamba,12.0333,75.35,1,1,0.6176804300834052,0.0152731619369399,0.0152731619369399
2022-06-05,typhoid,Kerala,Kannur,Taliparamba,12.0333,75.35,0,1,0.7345505839912957,0.0,0.0
2021-09-07,typhoid,Kerala,Kannur,Thalassery,11.75,75.4833,1,1,0.7161947869768016,0.0,0.0
2021-12-30,typhoid,Kerala,Kannur,Thalassery,11.75,75.4833,0,0,0.106284299284237,0.0,0.0
2022-09-11,typhoid,Kerala,Kannur,Thalassery,11.75,75.4833,0,0,0.1173052840020736,0.0,0.0
2022-10-18,typhoid,Kerala,Kasaragod,Hosdurg,12.3167,75.1,1,1,0.7476334101478005,0.0,0.0
2024-10-14,typhoid,Kerala,Kasaragod,Hosdurg,12.3167,75.1,1,1,0.7036169306499744,0.0,0.0
2020-02-02,typhoid,Kerala,Kasaragod,Kasaragod,12.5035577,74.9907022,1,1,0.7241248234606588,0.0,0.0
2020-06-04,typhoid,Kerala,Kasaragod,Manjeshwaram,12.7167,74.8833,1,1,0.7063195520507779,0.0,0.0
2023-06-06,typhoid,Kerala,Kasaragod,Manjeshwaram,12.7167,74.8833,0,0,0.1766276015059205,0.0014470143996779,0.0014470143996779
2023-12-27,typhoid,Kerala,Kasaragod,Manjeshwaram,12.7167,74.8833,0,1,0.666215727934143,0.0,0.0
2021-12-30,typhoid,Kerala,Kasaragod,Nileshwaram,12.25,75.1,1,1,0.6528019651733642,0.0,0.0
2022-09-07,typhoid,Kerala,Kasaragod,Nileshwaram,12.25,75.1,0,0,0.4657707941990356,0.0,0.0
2023-06-05,typhoid,Kerala,Kasaragod,Nileshwaram,12.25,75.1,1,0,0.2252228053365705,0.0,0.0
2023-06-06,typhoid,Kerala,Kasaragod,Vellarikundu,12.4167,75.2333,1,0,0.3975423884594445,0.0,0.0
2020-09-12,typhoid,Kerala,Kollam,Karunagappally,9.0574,76.5334,0,0,0.3115322966575317,0.0,0.0
2022-10-13,typhoid,Kerala,Kollam,Karunagappally,9.0574,76.5334,1,0,0.1378103548942307,0.0,0.0
2024-06-04,typhoid,Kerala,Kollam,Kollam,8.8879509,76.5955013,0,0,0.1583793510628976,0.0,0.0
2021-09-09,typhoid,Kerala,Kollam,Kottarakkara,9.0002,76.7788,0,0,0.265539011662298,0.0,0.0
2022-09-11,typhoid,Kerala,Kollam,Kottarakkara,9.0002,76.7788,1,0,0.1224729241017558,0.0,0.0
2022-10-13,typhoid,Kerala,Kollam,Kunnathoor,9.0292,76.627,1,0,0.1762707815172008,0.0,0.0
2022-11-23,typhoid,Kerala,Kollam,Kunnathoor,9.0292,76.627,1,1,0.6490227806311121,0.0,0.0
2021-12-31,typhoid,Kerala,Kollam,Pathanapuram,9.1,76.87,0,0,0.1579485447656499,0.0,0.0
2021-12-27,typhoid,Kerala,Kollam,Punalur,9.0089,76.9269,1,0,0.1948313048827369,0.0,0.0
2023-06-06,typhoid,Kerala,Kollam,Punalur,9.0089,76.9269,0,0,0.1661583909865202,0.1189404979270263,0.1189404979270263
2023-09-09,typhoid,Kerala,Kollam,Punalur,9.0089,76.9269,0,0,0.1470538453323969,0.0,0.0
2020-11-24,typhoid,Kerala,Kottayam,Changanassery,9.45,76.5333,1,0,0.2456536256738307,0.0,0.0
2022-06-04,typhoid,Kerala,Kottayam,Changanassery,9.45,76.5333,0,0,0.3118938971440363,0.5616337001046149,0.5616337001046149
2020-12-28,typhoid,Kerala,Kottayam,Kottayam,9.6287383,76.64553257,1,0,0.1902689775657373,0.0,0.0
2022-12-30,typhoid,Kerala,Kottayam,Vaikom,9.75,76.4,1,0,0.3351863631725998,0.0,0.0
2023-11-20,typhoid,Kerala,Kottayam,Vaikom,9.75,76.4,1,0,0.3460194374077713,0.0016579597768276,0.0016579597768276
2022-12-31,typhoid,Kerala,Kozhikode,Koyilandy,11.4333,75.7,0,0,0.0802967622422121,0.0,0.0
2022-06-05,typhoid,Kerala,Kozhikode,Kozhikode,11.2450558,75.7754716,0,0,0.0846802122580489,0.0,0.0
2023-10-16,typhoid,Kerala,Kozhikode,Kozhikode,11.2450558,75.7754716,1,1,0.5336135961693507,0.0,0.0
2022-02-02,typhoid,Kerala,Kozhikode,Thamarassery,11.2667,75.9333,1,1,0.5999524008431077,0.0,0.0
2023-11-22,typhoid,Kerala,Kozhikode,Thamarassery,11.2667,75.9333,1,0,0.4061600176543846,0.0543468333785981,0.0543468333785981
2020-12-26,typhoid,Kerala,Kozhikode,Vadakara,11.6,75.5833,1,1,0.5581304646515093,0.0,0.0
2023-10-18,typhoid,Kerala,Malappuram,Ernad,11.1201,76.1197,1,0,0.2080386799548053,0.0,0.0
2023-11-22,typhoid,Kerala,Malappuram,Ernad,11.1201,76.1197,0,0,0.2131483289663563,0.0,0.0
2024-10-13,typhoid,Kerala,Malappuram,Kondotty,11.15,75.9667,1,1,0.5937718424041062,0.0,0.0
2021-02-02,typhoid,Kerala,Malappuram,Nilambur,11.2833,76.2333,1,1,0.5902337861589504,0.0,0.0
2023-12-09,typhoid,Kerala,Malappuram,Nilambur,11.2833,76.2333,1,0,0.2477152748977554,0.0,0.0
2024-02-02,typhoid,Kerala,Malappuram,Perinthalmanna,10.9667,76.2167,1,0,0.3020925863091805,0.0,0.0
2022-02-02,typhoid,Kerala,Malappuram,Tirur,10.9167,75.9167,1,0,0.2530573146815488,0.0,0.0
2020-12-31,typhoid,Kerala,Malappuram,Tirurangadi,11.0,75.9333,0,0,0.321614393102251,0.0,0.0
2024-10-19,typhoid,Kerala,Palakkad,Alathur,10.6333,76.55,0,0,0.1349553458609342,0.0,0.0
2023-09-30,typhoid,Kerala,Palakkad,Chittur,10.7,76.75,0,0,0.1600578476482844,0.0,0.0
2023-09-09,typhoid,Kerala,Palakkad,Palakkad,10.78789845,76.47408711,0,0,0.1871900255261717,0.0,0.0
2023-10-18,typhoid,Kerala,Palakkad,Palakkad,10.78789845,76.47408711,1,0,0.2085954700650076,0.0,0.0
2020-12-31,typhoid,Kerala,Palakkad,Pattambi,10.8,76.2,1,1,0.7084740606985019,0.0,0.0
2022-09-06,typhoid,Kerala,Pathanamthitta,Adoor,9.1667,76.7333,1,1,0.6440144772292596,0.0,0.0
2021-11-21,typhoid,Kerala,Pathanamthitta,Konni,9.2667,76.9333,1,1,0.5241888007083106,0.0,0.0
2021-11-24,typhoid,Kerala,Pathanamthitta,Konni,9.2667,76.9333,1,0,0.1520052738986188,0.0,0.0
2024-11-24,typhoid,Kerala,Pathanamthitta,Konni,9.2667,76.9333,0,0,0.1331301783488874,0.0030687779285995,0.0030687779285995
2021-11-24,typhoid,Kerala,Pathanamthitta,Kozhenchery,9.2780841,76.9737443,0,0,0.0561082733728009,0.0,0.0
2022-10-14,typhoid,Kerala,Pathanamthitta,Kozhenchery,9.2780841,76.9737443,0,0,0.1041058518562465,0.0,0.0
2023-02-01,typhoid,Kerala,Pathanamthitta,Kozhenchery,9.2780841,76.9737443,1,0,0.1407307641811104,0.0,0.0
2023-12-26,typhoid,Kerala,Pathanamthitta,Kozhenchery,9.2780841,76.9737443,1,0,0.0984569342747998,0.4071764869327785,0.4071764869327785
2022-11-20,typhoid,Kerala,Pathanamthitta,Mallappally,9.3833,76.6833,1,0,0.1725855405806621,0.0,0.0
2023-02-03,typhoid,Kerala,Pathanamthitta,Mallappally,9.3833,76.6833,0,0,0.1954034121957052,0.9999999983333334,0.9999999983333334
2020-02-01,typhoid,Kerala,Pathanamthitta,Ranni,9.3833,76.9667,0,0,0.1197694444831675,0.0,0.0
2022-06-04,typhoid,Kerala,Pathanamthitta,Ranni,9.3833,76.9667,0,0,0.1275890665144896,0.0,0.0
2021-11-21,typhoid,Kerala,Thiruvananthapuram,Chirayinkeezhu,8.6963,76.8153,0,0,0.105164299579307,0.0,0.0
2022-10-21,typhoid,Kerala,Thiruvananthapuram,Chirayinkeezhu,8.6963,76.8153,0,0,0.1064340065509667,0.0,0.0
2020-10-18,typhoid,Kerala,Thiruvananthapuram,Kattakkada,8.5667,77.1,1,1,0.7232689232049998,0.0,0.0
2021-09-10,typhoid,Kerala,Thiruvananthapuram,Kattakkada,8.5667,77.1,1,1,0.5463134542707947,0.9515884092850632,0.9515884092850632
2022-09-11,typhoid,Kerala,Thiruvananthapuram,Kattakkada,8.5667,77.1,0,0,0.2191415224916887,0.0,0.0
2022-11-22,typhoid,Kerala,Thiruvananthapuram,Kattakkada,8.5667,77.1,0,1,0.6873569960654905,0.0,0.0
2022-12-26,typhoid,Kerala,Thiruvananthapuram,Kattakkada,8.5667,77.1,0,0,0.1135455743989898,0.0,0.0
2022-11-19,typhoid,Kerala,Thiruvananthapuram,Neyyattinkara,8.4004,77.0872,1,1,0.6808969150849827,0.0,0.0
2024-10-17,typhoid,Kerala,Thiruvananthapuram,Neyyattinkara,8.4004,77.0872,0,1,0.6311691907787569,0.0,0.0
2023-10-13,typhoid,Kerala,Thiruvananthapuram,Thiruvananthapuram,8.4882267,76.947551,1,0,0.1579605547791983,0.0,0.0
2020-10-18,typhoid,Kerala,Thiruvananthapuram,Varkala,8.7379,76.7163,0,1,0.6207677647201458,0.0,0.0
2022-09-08,typhoid,Kerala,Thrissur,Chalakudy,10.3,76.3333,1,1,0.6802733953166902,0.0,0.0
2022-09-11,typhoid,Kerala,Thrissur,Chalakudy,10.3,76.3333,1,1,0.7241087084550922,0.9999999983333334,0.9999999983333334
2022-10-17,typhoid,Kerala,Thrissur,Chalakudy,10.3,76.3333,0,1,0.7146078075524998,0.0,0.0
2022-11-23,typhoid,Kerala,Thrissur,Chalakudy,10.3,76.3333,0,1,0.5117991272197028,0.0,0.0
2023-10-13,typhoid,Kerala,Thrissur,Chavakkad,10.5833,76.0167,1,1,0.5455884757706865,0.0,0.0
2022-02-03,typhoid,Kerala,Thrissur,Kodungallur,10.2333,76.2,1,1,0.6441238571374619,0.0,0.0
2022-10-14,typhoid,Kerala,Thrissur,Kodungallur,10.2333,76.2,0,1,0.6834983814880243,0.0,0.0
2020-11-23,typhoid,Kerala,Thrissur,Kunnamkulam,10.65,76.0667,1,1,0.6991174711097782,0.0,0.0
2021-12-26,typhoid,Kerala,Thrissur,Kunnamkulam,10.65,76.0667,0,1,0.6947488795326915,0.0,0.0
2023-11-11,typhoid,Kerala,Thrissur,Kunnamkulam,10.65,76.0667,0,0,0.3267202568944224,0.0,0.0
2022-06-04,typhoid,Kerala,Thrissur,Talappilly,10.6667,76.25,0,1,0.5876688992991841,0.0,0.0
2023-12-25,typhoid,Kerala,Thrissur,Talappilly,10.6667,76.25,0,1,0.7005525057587875,0.0,0.0
2021-02-03,typhoid,Kerala,Thrissur,Thrissur,10.5256264,76.2132542,1,1,0.6229727966056562,0.0,0.0
2024-02-01,typhoid,Kerala,Thrissur,Thrissur,10.5256264,76.2132542,1,1,0.6943129270859327,5.473771651465052e-05,5.473771651465052e-05
2024-09-08,typhoid,Kerala,Thrissur,Thrissur,10.5256264,76.2132542,0,0,0.1140367788262533,0.0032521210096169,0.0032521210096169
2021-11-19,typhoid,Kerala,Wayanad,Mananthavady,11.8,76.0,0,0,0.1478532239623174,0.0,0.0
2021-12-29,typhoid,Kerala,Wayanad,Mananthavady,11.8,76.0,1,0,0.4948054474446003,0.0,0.0
2022-12-29,typhoid,Kerala,Wayanad,Mananthavady,11.8,76.0,1,0,0.1312984474403515,0.0060815322551733,0.0060815322551733
2024-02-03,typhoid,Kerala,Wayanad,Mananthavady,11.8,76.0,1,1,0.6795910264194521,0.0033484952650038,0.0033484952650038
2024-09-12,typhoid,Kerala,Wayanad,Mananthavady,11.8,76.0,0,1,0.6537725783871311,0.0057825272463943,0.0057825272463943
2021-02-03,typhoid,Kerala,Wayanad,Sulthan Bathery,11.6667,76.2667,0,0,0.1856637967601725,0.0,0.0
2021-11-19,typhoid,Kerala,Wayanad,Sulthan Bathery,11.6667,76.2667,1,0,0.0508913703763169,0.0,0.0
2022-02-01,typhoid,Kerala,Wayanad,Sulthan Bathery,11.6667,76.2667,1,1,0.7237429980605415,0.0066907480715805,0.0066907480715805
2022-06-04,typhoid,Kerala,Wayanad,Sulthan Bathery,11.6667,76.2667,0,1,0.596437117144883,0.0005312448588116,0.0005312448588116
2023-02-03,typhoid,Kerala,Wayanad,Sulthan Bathery,11.6667,76.2667,1,1,0.6996296268929494,0.0,0.0
2022-11-20,typhoid,Kerala,Wayanad,Vythiri,11.6226,76.0813,1,1,0.7154175144427981,0.0,0.0
2023-06-04,typhoid,Kerala,Wayanad,Vythiri,11.6226,76.0813,1,0,0.2774723301163556,0.0702731865045223,0.0702731865045223
2022-10-22,west_nile_confirmed,Kerala,Kasaragod,Manjeshwaram,12.7167,74.8833,1,1,0.6981888156371486,0.0,0.0
2023-10-30,west_nile_confirmed,Kerala,Kollam,Pathanapuram,9.1,76.87,0,0,0.1257393860005421,0.0,0.0
2024-08-13,west_nile_confirmed,Kerala,Kollam,Pathanapuram,9.1,76.87,1,0,0.1177372880017258,0.0,0.0
2022-10-21,west_nile_confirmed,Kerala,Malappuram,Ponnani,10.7667,75.9167,1,1,0.6454181638280799,0.0,0.0
2023-08-15,west_nile_confirmed,Kerala,Palakkad,Mannarkkad,11.0,76.4667,1,0,0.1058342285190791,0.0,0.0
2023-10-14,west_nile_confirmed,Kerala,Pathanamthitta,Mallappally,9.3833,76.6833,0,0,0.2744898819666508,0.0,0.0
2024-04-04,west_nile_probable,Kerala,Kasaragod,Manjeshwaram,12.7167,74.8833,1,0,0.3693508498487389,0.0,0.0
2024-10-18,west_nile_probable,Kerala,Kollam,Karunagappally,9.0574,76.5334,0,0,0.2367909488088568,0.0,0.0
2024-09-13,west_nile_probable,Kerala,Palakkad,Chittur,10.7,76.75,1,1,0.7119273491397177,0.0,0.0
2024-10-16,west_nile_probable,Kerala,Thrissur,Chalakudy,10.3,76.3333,1,1,0.6885747987820355,0.0,0.0
2024-11-24,west_nile_probable,Kerala,Thrissur,Chavakkad,10.5833,76.0167,1,1,0.6963176248140488,0.0,0.0
2023-10-13,zika,Kerala,Kannur,Kannur,11.8763836,75.3737973,1,1,0.7118005128074644,0.0,0.0
2021-09-10,zika,Kerala,Kasaragod,Hosdurg,12.3167,75.1,1,1,0.7258593409035217,0.0,0.0
2021-09-03,zika,Kerala,Malappuram,Ernad,11.1201,76.1197,1,1,0.7284932308133699,0.0,0.0
2023-10-21,zika,Kerala,Pathanamthitta,Thiruvalla,9.3833,76.5833,1,1,0.7010537121883104,0.0,0.0
2022-11-28,zika,Kerala,Thiruvananthapuram,Neyyattinkara,8.4004,77.0872,1,1,0.6949093772984425,0.0,0.0
