date,year,state,district,taluk,disease,cases,outbreak_label,split,model_outbreak_prob,model_outbreak_pred,outbreak_intensity_score
2020-11-19,2020,Kerala,Alappuzha,Ambalappuzha,acute_diarrheal_disease,224,1,train,0.7205524670838028,1,0.0
2021-12-28,2021,Kerala,Alappuzha,Ambalappuzha,acute_diarrheal_disease,115,0,train,0.06480250341730223,0,0.0
2023-02-05,2023,Kerala,Alappuzha,Ambalappuzha,acute_diarrheal_disease,5,0,val,0.7212997418036502,1,0.0
2023-07-07,2023,Kerala,Alappuzha,Ambalappuzha,acute_diarrheal_disease,8,0,val,0.7232371183526709,1,4.031199542819508e-05
2023-12-29,2023,Kerala,Alappuzha,Ambalappuzha,acute_diarrheal_disease,1,1,test,0.13421358488907287,0,0.0
2024-09-10,2024,Kerala,Alappuzha,Ambalappuzha,acute_diarrheal_disease,511,0,test,0.10621684964004434,0,0.025708921659819008
2024-12-28,2024,Kerala,Alappuzha,Ambalappuzha,acute_diarrheal_disease,13,0,test,0.7080629740916099,1,0.0
2020-11-24,2020,Kerala,Alappuzha,Chenganoor,acute_diarrheal_disease,9,1,train,0.1451303334302615,0,0.0
2023-11-24,2023,Kerala,Alappuzha,Chenganoor,acute_diarrheal_disease,277,0,test,0.1832319278215532,0,0.007206595026313332
2020-09-10,2020,Kerala,Alappuzha,Cherthala,acute_diarrheal_disease,263,1,train,0.2863166715763519,0,0.0
2021-10-18,2021,Kerala,Alappuzha,Cherthala,acute_diarrheal_disease,36,0,train,0.7235313812895822,1,0.0
2021-12-28,2021,Kerala,Alappuzha,Cherthala,acute_diarrheal_disease,1,0,train,0.710684620250576,1,0.0
2022-12-27,2022,Kerala,Alappuzha,Cherthala,acute_diarrheal_disease,2,0,val,0.706130370314732,1,4.031199542819508e-05
2023-08-08,2023,Kerala,Alappuzha,Cherthala,acute_diarrheal_disease,1,0,val,0.725201419707129,1,0.0
2023-08-26,2023,Kerala,Alappuzha,Cherthala,acute_diarrheal_disease,8,0,val,0.6679993957235117,1,0.0002821839679973655
2020-10-17,2020,Kerala,Alappuzha,Karthikappally,acute_diarrheal_disease,344,1,train,0.7098471706663395,1,0.0
2020-12-26,2020,Kerala,Alappuzha,Karthikappally,acute_diarrheal_disease,9,0,train,0.32154249131389817,0,0.0
2020-12-26,2020,Kerala,Alappuzha,Karthikappally,acute_diarrheal_disease,182,0,train,0.706586563563341,1,0.0014121890215348062
2021-07-07,2021,Kerala,Alappuzha,Karthikappally,acute_diarrheal_disease,81,1,train,0.68936954100978,1,0.0
2023-08-08,2023,Kerala,Alappuzha,Karthikappally,acute_diarrheal_disease,943,0,val,0.5854220335454093,1,0.004758047023795412
2023-09-12,2023,Kerala,Alappuzha,Karthikappally,acute_diarrheal_disease,6,0,val,0.4459246406332245,0,0.0
2021-12-29,2021,Kerala,Alappuzha,Kuttanad,acute_diarrheal_disease,11126,1,train,0.6845821478650868,1,0.0
2023-09-09,2023,Kerala,Alappuzha,Kuttanad,acute_diarrheal_disease,32,0,val,0.7055730056945986,1,0.0
2023-12-27,2023,Kerala,Alappuzha,Kuttanad,acute_diarrheal_disease,11,0,test,0.6940223181948427,1,0.0
2020-10-17,2020,Kerala,Alappuzha,Mavelikkara,acute_diarrheal_disease,4,1,train,0.6313466276900467,1,0.0
2021-11-19,2021,Kerala,Alappuzha,Mavelikkara,acute_diarrheal_disease,86,1,train,0.5585508219037624,1,0.0043837738079498785
2023-11-20,2023,Kerala,Alappuzha,Mavelikkara,acute_diarrheal_disease,18,1,test,0.5307422803810949,1,0.0
2020-01-03,2020,Kerala,Ernakulam,Aluva,acute_diarrheal_disease,2,1,train,0.7125696823865395,1,0.0
2020-01-03,2020,Kerala,Ernakulam,Aluva,acute_diarrheal_disease,6,1,train,0.7374568070882571,1,0.00029648262718537697
2020-10-14,2020,Kerala,Ernakulam,Aluva,acute_diarrheal_disease,61,1,train,0.7041060650030307,1,0.013688784150262659
2021-12-27,2021,Kerala,Ernakulam,Aluva,acute_diarrheal_disease,180,0,train,0.3427457421400226,0,0.003967902384536549
2023-01-01,2023,Kerala,Ernakulam,Aluva,acute_diarrheal_disease,5,0,val,0.5132411004033496,1,0.0
2023-11-19,2023,Kerala,Ernakulam,Aluva,acute_diarrheal_disease,1,0,test,0.714606668393307,1,0.0
2024-01-04,2024,Kerala,Ernakulam,Aluva,acute_diarrheal_disease,27,0,test,0.6679000927224386,1,0.001048111881133072
2024-11-18,2024,Kerala,Ernakulam,Aluva,acute_diarrheal_disease,40,1,test,0.3137873889121386,0,3.7432567183324e-05
2021-01-03,2021,Kerala,Ernakulam,Kanayannur,acute_diarrheal_disease,2,1,train,0.3281461180075834,0,0.0
2021-07-06,2021,Kerala,Ernakulam,Kanayannur,acute_diarrheal_disease,18,1,train,0.1445238430862545,0,0.001374914481451698
2022-07-06,2022,Kerala,Ernakulam,Kanayannur,acute_diarrheal_disease,12,1,train,0.03618778921041609,0,0.00011313377731369014
2022-09-11,2022,Kerala,Ernakulam,Kanayannur,acute_diarrheal_disease,26965,0,train,0.6778939059222769,1,0.9999999983333334
2022-12-27,2022,Kerala,Ernakulam,Kanayannur,acute_diarrheal_disease,1,0,val,0.4644126134720197,0,0.0
2023-01-05,2023,Kerala,Ernakulam,Kanayannur,acute_diarrheal_disease,168,0,val,0.4020988363445345,0,0.006732103236508578
2023-12-26,2023,Kerala,Ernakulam,Kanayannur,acute_diarrheal_disease,919,0,test,0.4079224524951433,0,0.0003582758410245503
2020-07-06,2020,Kerala,Ernakulam,Kochi,acute_diarrheal_disease,3,1,train,0.462135992749438,0,0.0
2020-09-11,2020,Kerala,Ernakulam,Kochi,acute_diarrheal_disease,292,1,train,0.40504888577790576,0,0.019431929374507877
2022-12-28,2022,Kerala,Ernakulam,Kochi,acute_diarrheal_disease,36,0,val,0.1963553794456797,0,0.0
2022-12-30,2022,Kerala,Ernakulam,Kochi,acute_diarrheal_disease,37,0,val,0.215590941489525,0,2.179026779902434e-06
2023-07-07,2023,Kerala,Ernakulam,Kochi,acute_diarrheal_disease,67,1,val,0.6854611697081981,1,6.365051909715011e-05
2023-12-27,2023,Kerala,Ernakulam,Kochi,acute_diarrheal_disease,5725,0,test,0.7209441293980258,1,0.04264325685744905
2024-01-02,2024,Kerala,Ernakulam,Kochi,acute_diarrheal_disease,1,0,test,0.5651260623359354,1,0.0
2020-01-04,2020,Kerala,Ernakulam,Kothamangalam,acute_diarrheal_disease,1,1,train,0.2301760439499346,0,0.0
2020-10-16,2020,Kerala,Ernakulam,Kothamangalam,acute_diarrheal_disease,9,0,train,0.5232878001218306,1,0.0009839398679112263
2020-12-30,2020,Kerala,Ernakulam,Kothamangalam,acute_diarrheal_disease,2,0,train,0.4006938690873194,0,0.0
2022-10-17,2022,Kerala,Ernakulam,Kothamangalam,acute_diarrheal_disease,1,0,train,0.7088928286486462,1,0.0
2023-10-15,2023,Kerala,Ernakulam,Kothamangalam,acute_diarrheal_disease,2,1,val,0.09683594461440424,0,4.031199542819508e-05
2024-02-04,2024,Kerala,Ernakulam,Kothamangalam,acute_diarrheal_disease,557,1,test,0.7096147002189332,1,0.1267924654913341
2024-11-18,2024,Kerala,Ernakulam,Kothamangalam,acute_diarrheal_disease,164,1,test,0.6019528399319272,1,0.00019483186143544388
2022-10-16,2022,Kerala,Ernakulam,Kunnathunad,acute_diarrheal_disease,1,0,train,0.4163331689893136,0,0.0
2023-08-08,2023,Kerala,Ernakulam,Kunnathunad,acute_diarrheal_disease,2,1,val,0.7066284072592528,1,4.031199542819508e-05
2020-11-24,2020,Kerala,Ernakulam,Muvattupuzha,acute_diarrheal_disease,1,1,train,0.27212552286876546,0,0.0
2021-11-23,2021,Kerala,Ernakulam,Muvattupuzha,acute_diarrheal_disease,29,1,train,0.7174693644257703,1,0.0036800195035770287
2022-01-04,2022,Kerala,Ernakulam,Muvattupuzha,acute_diarrheal_disease,12,0,train,0.7047277600719769,1,0.0
2022-10-18,2022,Kerala,Ernakulam,Muvattupuzha,acute_diarrheal_disease,4,1,train,0.7623960225564459,1,0.0
2024-02-05,2024,Kerala,Ernakulam,Muvattupuzha,acute_diarrheal_disease,298,0,test,0.7230324788260354,1,0.021441916425077773
2020-09-12,2020,Kerala,Ernakulam,North Paravur,acute_diarrheal_disease,1,1,train,0.6973906308953548,1,0.0
2020-12-27,2020,Kerala,Ernakulam,North Paravur,acute_diarrheal_disease,448,0,train,0.6792223601460128,1,0.060162887870775596
2021-10-15,2021,Kerala,Ernakulam,North Paravur,acute_diarrheal_disease,1,1,train,0.6693978660431705,1,0.0
2021-11-23,2021,Kerala,Ernakulam,North Paravur,acute_diarrheal_disease,1167,1,train,0.7105084887271209,1,0.05041435456097199
2021-11-24,2021,Kerala,Ernakulam,North Paravur,acute_diarrheal_disease,29521,0,train,0.761801580199546,1,0.044247813896819456
2022-01-04,2022,Kerala,Ernakulam,North Paravur,acute_diarrheal_disease,2,0,train,0.25850771721175864,0,0.0
2023-11-21,2023,Kerala,Ernakulam,North Paravur,acute_diarrheal_disease,67,0,test,0.6929034315714111,1,0.0017468531352217867
2020-01-02,2020,Kerala,Idukki,Devikulam,acute_diarrheal_disease,26,0,train,0.354425105475515,0,0.0
2020-12-25,2020,Kerala,Idukki,Devikulam,acute_diarrheal_disease,1,0,train,0.25802933969177133,0,0.0
2020-12-27,2020,Kerala,Idukki,Devikulam,acute_diarrheal_disease,1,0,train,0.06782042748606706,0,0.0
2020-12-27,2020,Kerala,Idukki,Devikulam,acute_diarrheal_disease,2,0,train,0.2430634485620355,0,4.031199542819508e-05
2020-12-28,2020,Kerala,Idukki,Devikulam,acute_diarrheal_disease,16,1,train,0.7124697409977289,1,0.0009168109918226863
2020-12-29,2020,Kerala,Idukki,Devikulam,acute_diarrheal_disease,327,0,train,0.32513817533642503,0,0.026791064354457206
2021-01-02,2021,Kerala,Idukki,Devikulam,acute_diarrheal_disease,1,0,train,0.386446253855054,0,0.0
2022-07-06,2022,Kerala,Idukki,Devikulam,acute_diarrheal_disease,62,0,train,0.7291122947089568,1,0.0024974736457191223
2022-12-30,2022,Kerala,Idukki,Devikulam,acute_diarrheal_disease,5,0,val,0.05953901350742028,0,0.0
2021-11-20,2021,Kerala,Idukki,Idukki,acute_diarrheal_disease,15406,0,train,0.1144895357017222,0,0.0
2023-01-04,2023,Kerala,Idukki,Idukki,acute_diarrheal_disease,1,0,val,0.701016796468928,1,0.0
2024-01-04,2024,Kerala,Idukki,Idukki,acute_diarrheal_disease,61,0,test,0.5407316728051682,1,0.0024187197256917044
2020-11-23,2020,Kerala,Idukki,Peerumade,acute_diarrheal_disease,1,1,train,0.4240007797889402,0,0.0
2021-01-01,2021,Kerala,Idukki,Peerumade,acute_diarrheal_disease,38,0,train,0.31462047294390455,0,0.00489325533962664
2021-12-25,2021,Kerala,Idukki,Peerumade,acute_diarrheal_disease,5,0,train,0.7209095569483205,1,0.0
2022-01-03,2022,Kerala,Idukki,Peerumade,acute_diarrheal_disease,2,1,train,0.09536607372750744,0,0.0
2022-10-17,2022,Kerala,Idukki,Peerumade,acute_diarrheal_disease,69,0,train,0.06758758194489617,0,0.004413332797496405
2023-08-08,2023,Kerala,Idukki,Peerumade,acute_diarrheal_disease,8,1,val,0.15627923583152314,0,0.0
2023-11-23,2023,Kerala,Idukki,Peerumade,acute_diarrheal_disease,65027,1,test,0.6529556700850102,1,0.9999999983333334
2024-10-17,2024,Kerala,Idukki,Peerumade,acute_diarrheal_disease,137,0,test,0.5796981292202985,1,0.0
2020-10-15,2020,Kerala,Idukki,Thodupuzha,acute_diarrheal_disease,10449,1,train,0.7099473830665904,1,0.0
2021-08-08,2021,Kerala,Idukki,Thodupuzha,acute_diarrheal_disease,1578,0,train,0.7096440421290326,1,0.0
2022-12-31,2022,Kerala,Idukki,Udumbanchola,acute_diarrheal_disease,3,1,val,0.6675364852725387,1,0.0
2023-09-23,2023,Kerala,Idukki,Udumbanchola,acute_diarrheal_disease,16,0,val,0.3172988580718771,0,0.0008289798884138385
2023-12-09,2023,Kerala,Idukki,Udumbanchola,acute_diarrheal_disease,3,1,test,0.24399061224864296,0,0.0
2020-08-08,2020,Kerala,Kannur,Iritty,acute_diarrheal_disease,2,1,train,0.2813503446533933,0,0.0
2020-11-22,2020,Kerala,Kannur,Iritty,acute_diarrheal_disease,30,0,train,0.6949654733070451,1,0.0024533463357180193
2021-01-02,2021,Kerala,Kannur,Iritty,acute_diarrheal_disease,1,1,train,0.1385764025611086,0,0.0
2023-11-21,2023,Kerala,Kannur,Iritty,acute_diarrheal_disease,30361,1,test,0.7075719563431712,1,0.9999999983333334
2023-11-23,2023,Kerala,Kannur,Iritty,acute_diarrheal_disease,62,0,test,0.4202422824078393,0,0.0
2024-10-17,2024,Kerala,Kannur,Iritty,acute_diarrheal_disease,1,0,test,0.6971683509925787,1,0.0
2024-11-21,2024,Kerala,Kannur,Iritty,acute_diarrheal_disease,2,0,test,0.7338370220415196,1,4.031199542819508e-05
2022-08-07,2022,Kerala,Kannur,Kannur,acute_diarrheal_disease,54,1,train,0.6505871539721723,1,0.0
2022-08-08,2022,Kerala,Kannur,Kannur,acute_diarrheal_disease,257,0,train,0.2733059338058365,0,0.0009916624114782839
2022-11-24,2022,Kerala,Kannur,Kannur,acute_diarrheal_disease,42,0,val,0.09343242437724682,0,0.0
2023-11-18,2023,Kerala,Kannur,Kannur,acute_diarrheal_disease,11,0,test,0.7299098226571117,1,0.0
2024-01-01,2024,Kerala,Kannur,Kannur,acute_diarrheal_disease,1,1,test,0.740766984072226,1,0.0
2022-09-10,2022,Kerala,Kannur,Payyanur,acute_diarrheal_disease,1,1,train,0.11600989173378223,0,0.0
2022-11-22,2022,Kerala,Kannur,Payyanur,acute_diarrheal_disease,27496,1,train,0.11311698581149773,0,0.9999999983333334
2022-12-29,2022,Kerala,Kannur,Payyanur,acute_diarrheal_disease,26,0,val,0.10391767354465842,0,0.0
2022-12-26,2022,Kerala,Kannur,Taliparamba,acute_diarrheal_disease,17095,1,val,0.2049241347271905,0,0.0
2023-02-04,2023,Kerala,Kannur,Taliparamba,acute_diarrheal_disease,14,0,val,0.3332656010017559,0,0.0
2020-11-23,2020,Kerala,Kannur,Thalassery,acute_diarrheal_disease,2,1,train,0.7315312300176968,1,0.0
2022-02-04,2022,Kerala,Kannur,Thalassery,acute_diarrheal_disease,12,1,train,0.6667882100191745,1,0.0008356985543185375
2023-09-09,2023,Kerala,Kannur,Thalassery,acute_diarrheal_disease,52,1,val,0.0642679019617892,0,0.004741808649621568
2024-10-14,2024,Kerala,Kannur,Thalassery,acute_diarrheal_disease,122,1,test,0.0940873500355728,0,0.0029715076017806145
2021-08-08,2021,Kerala,Kasaragod,Hosdurg,acute_diarrheal_disease,4,1,train,0.10443228803195127,0,0.0
2021-11-18,2021,Kerala,Kasaragod,Hosdurg,acute_diarrheal_disease,7,0,train,0.11595948477457677,0,0.00012396798359791013
2021-12-26,2021,Kerala,Kasaragod,Hosdurg,acute_diarrheal_disease,1,1,train,0.7419918290492271,1,0.0
2021-12-29,2021,Kerala,Kasaragod,Hosdurg,acute_diarrheal_disease,25,1,train,0.7728004760633843,1,0.005522985210752941
2024-01-03,2024,Kerala,Kasaragod,Hosdurg,acute_diarrheal_disease,26,1,test,0.07623444674448476,0,0.001136735902839684
2024-11-18,2024,Kerala,Kasaragod,Hosdurg,acute_diarrheal_disease,217,0,test,0.766054840117099,1,0.012253288974540835
2021-11-18,2021,Kerala,Kasaragod,Kasaragod,acute_diarrheal_disease,48,1,train,0.7490539627297177,1,0.0
2022-10-16,2022,Kerala,Kasaragod,Kasaragod,acute_diarrheal_disease,343,0,train,0.7366411114783975,1,0.0016192931689679795
2023-11-18,2023,Kerala,Kasaragod,Kasaragod,acute_diarrheal_disease,4,0,test,0.7312309320149173,1,0.0
2021-08-08,2021,Kerala,Kasaragod,Manjeshwaram,acute_diarrheal_disease,43,0,train,0.7065502995428035,1,0.0
2021-10-15,2021,Kerala,Kasaragod,Manjeshwaram,acute_diarrheal_disease,5,1,train,0.2614133754906907,0,0.0
2022-07-07,2022,Kerala,Kasaragod,Manjeshwaram,acute_diarrheal_disease,3055,0,train,0.7221771713270319,1,0.12511709937967894
2022-11-20,2022,Kerala,Kasaragod,Manjeshwaram,acute_diarrheal_disease,26,0,train,0.12217546809620958,0,0.0
2022-11-21,2022,Kerala,Kasaragod,Manjeshwaram,acute_diarrheal_disease,1,1,train,0.12626359846452373,0,0.0
2023-10-17,2023,Kerala,Kasaragod,Manjeshwaram,acute_diarrheal_disease,14296,0,val,0.2609131042908827,0,0.5087713376537903
2023-12-29,2023,Kerala,Kasaragod,Manjeshwaram,acute_diarrheal_disease,127,0,test,0.738437246998869,1,0.0
2020-10-14,2020,Kerala,Kasaragod,Nileshwaram,acute_diarrheal_disease,43,0,train,0.7660676580682267,1,0.0
2020-11-19,2020,Kerala,Kasaragod,Nileshwaram,acute_diarrheal_disease,4,0,train,0.5433637327344731,1,0.0
2022-10-14,2022,Kerala,Kasaragod,Nileshwaram,acute_diarrheal_disease,17,1,train,0.6848975419059734,1,0.00020962237622661436
2023-11-04,2023,Kerala,Kasaragod,Nileshwaram,acute_diarrheal_disease,69,0,test,0.5974580828259984,1,0.001930727787347673
2023-11-24,2023,Kerala,Kasaragod,Nileshwaram,acute_diarrheal_disease,6,1,test,0.10752081934607706,0,0.0
2020-10-15,2020,Kerala,Kasaragod,Vellarikundu,acute_diarrheal_disease,100,1,train,0.7246452441954784,1,0.0
2021-11-19,2021,Kerala,Kasaragod,Vellarikundu,acute_diarrheal_disease,39,0,train,0.5554145954476458,1,0.0
2021-11-20,2021,Kerala,Kasaragod,Vellarikundu,acute_diarrheal_disease,5,0,train,0.47842567862061586,0,0.0
2022-12-27,2022,Kerala,Kasaragod,Vellarikundu,acute_diarrheal_disease,2,0,val,0.621447777893298,1,0.0
2022-12-29,2022,Kerala,Kasaragod,Vellarikundu,acute_diarrheal_disease,24,0,val,0.7241638206349353,1,0.0005912425996135277
2023-07-06,2023,Kerala,Kasaragod,Vellarikundu,acute_diarrheal_disease,36,0,val,0.600042792271636,1,0.0002447230883306762
2024-10-14,2024,Kerala,Kasaragod,Vellarikundu,acute_diarrheal_disease,1,0,test,0.15406622042651075,0,0.0
2020-11-19,2020,Kerala,Kollam,Karunagappally,acute_diarrheal_disease,28,0,train,0.04345605019744131,0,0.0
2020-12-30,2020,Kerala,Kollam,Karunagappally,acute_diarrheal_disease,4,0,train,0.7156569829904592,1,0.0
2021-11-21,2021,Kerala,Kollam,Karunagappally,acute_diarrheal_disease,14,0,train,0.6139223085534173,1,0.00016124798171278032
2022-10-14,2022,Kerala,Kollam,Karunagappally,acute_diarrheal_disease,2,0,train,0.6007659106165392,1,0.0
2020-12-26,2020,Kerala,Kollam,Kollam,acute_diarrheal_disease,200,1,train,0.7091836213120625,1,0.0
2021-01-02,2021,Kerala,Kollam,Kollam,acute_diarrheal_disease,8,0,train,0.06636580185365863,0,0.0
2022-01-04,2022,Kerala,Kollam,Kollam,acute_diarrheal_disease,4,0,train,0.05993508918331048,0,0.0
2022-10-15,2022,Kerala,Kollam,Kollam,acute_diarrheal_disease,2,0,train,0.0585676420466348,0,0.0
2023-07-07,2023,Kerala,Kollam,Kollam,acute_diarrheal_disease,282,0,val,0.042596782269001154,0,0.009583286680053706
2021-02-05,2021,Kerala,Kollam,Kottarakkara,acute_diarrheal_disease,14,0,train,0.040402324268807875,0,0.0
2021-09-10,2021,Kerala,Kollam,Kottarakkara,acute_diarrheal_disease,2,1,train,0.711462589452866,1,0.0
2022-12-30,2022,Kerala,Kollam,Kottarakkara,acute_diarrheal_disease,29,0,val,0.0785799654988884,0,0.002488928127722991
2023-10-13,2023,Kerala,Kollam,Kottarakkara,acute_diarrheal_disease,1,0,val,0.2102403367028316,0,0.0
2023-10-21,2023,Kerala,Kollam,Kottarakkara,acute_diarrheal_disease,10,0,test,0.7045021702678546,1,0.00036280795885375566
2023-11-24,2023,Kerala,Kollam,Kottarakkara,acute_diarrheal_disease,2,0,test,0.7236998916611868,1,0.0
2024-01-02,2024,Kerala,Kollam,Kottarakkara,acute_diarrheal_disease,5,1,test,0.10193869111894864,0,8.062399085639016e-05
2022-09-09,2022,Kerala,Kollam,Kunnathoor,acute_diarrheal_disease,14,0,train,0.12312078575320834,0,0.0
2023-01-02,2023,Kerala,Kollam,Kunnathoor,acute_diarrheal_disease,2,1,val,0.7245879745897221,1,0.0
2023-09-09,2023,Kerala,Kollam,Kunnathoor,acute_diarrheal_disease,277,1,val,0.6407980198737669,1,0.030225701202468588
2023-10-14,2023,Kerala,Kollam,Kunnathoor,acute_diarrheal_disease,22,0,val,0.36944170930331266,0,0.0
2023-10-17,2023,Kerala,Kollam,Kunnathoor,acute_diarrheal_disease,12,0,val,0.32590436428584885,0,0.0
2024-11-19,2024,Kerala,Kollam,Kunnathoor,acute_diarrheal_disease,40,0,test,0.6936166964833338,1,0.00017365167261376336
2021-10-15,2021,Kerala,Kollam,Pathanapuram,acute_diarrheal_disease,2,1,train,0.7009101969766772,1,0.0
2020-01-02,2020,Kerala,Kollam,Punalur,acute_diarrheal_disease,66,0,train,0.5572698707105228,1,0.0
2020-09-12,2020,Kerala,Kollam,Punalur,acute_diarrheal_disease,2,0,train,0.27330602328285747,0,0.0
2022-02-04,2022,Kerala,Kollam,Punalur,acute_diarrheal_disease,1,0,train,0.49821847732799496,0,0.0
2022-09-11,2022,Kerala,Kollam,Punalur,acute_diarrheal_disease,1,0,train,0.6841743169464511,1,0.0
2022-12-26,2022,Kerala,Kollam,Punalur,acute_diarrheal_disease,41,0,val,0.6920909025397761,1,0.0022367885411461617
2023-09-09,2023,Kerala,Kollam,Punalur,acute_diarrheal_disease,7,1,val,0.6736944048248816,1,0.0
2023-11-23,2023,Kerala,Kollam,Punalur,acute_diarrheal_disease,409,0,test,0.7293697333319105,1,0.017282636823241524
2023-12-26,2023,Kerala,Kollam,Punalur,acute_diarrheal_disease,1,0,test,0.7242621721790483,1,0.0
2023-12-27,2023,Kerala,Kollam,Punalur,acute_diarrheal_disease,331,0,test,0.25253810790446163,0,0.014678068154737855
2021-09-08,2021,Kerala,Kottayam,Changanassery,acute_diarrheal_disease,115,1,train,0.6625611362230014,1,0.0
2021-09-10,2021,Kerala,Kottayam,Changanassery,acute_diarrheal_disease,54,0,train,0.5505528292229841,1,0.0
2022-12-27,2022,Kerala,Kottayam,Changanassery,acute_diarrheal_disease,2,0,val,0.19177694111038712,0,0.0
2023-07-07,2023,Kerala,Kottayam,Changanassery,acute_diarrheal_disease,12,0,val,0.3208457427732446,0,0.0002687466361879671
2023-10-13,2023,Kerala,Kottayam,Changanassery,acute_diarrheal_disease,2,0,val,0.6758798528275005,1,0.0
2023-11-20,2023,Kerala,Kottayam,Changanassery,acute_diarrheal_disease,17,1,test,0.5689783517954978,1,0.00040311995428195073
2023-12-25,2023,Kerala,Kottayam,Changanassery,acute_diarrheal_disease,5726,1,test,0.09905375287086203,0,0.21222573407286566
2022-01-02,2022,Kerala,Kottayam,Kanjirappally,acute_diarrheal_disease,342,1,train,0.06456579552678736,0,0.0
2022-09-10,2022,Kerala,Kottayam,Kanjirappally,acute_diarrheal_disease,41,1,train,0.7159765404127603,1,0.0
2023-07-07,2023,Kerala,Kottayam,Kanjirappally,acute_diarrheal_disease,30716,0,val,0.6618239399761788,1,0.16669561051894857
2023-11-22,2023,Kerala,Kottayam,Kanjirappally,acute_diarrheal_disease,4,0,test,0.6111932247118336,1,0.0
2022-07-07,2022,Kerala,Kottayam,Kottayam,acute_diarrheal_disease,76,1,train,0.6861150431557839,1,0.0
2022-12-26,2022,Kerala,Kottayam,Kottayam,acute_diarrheal_disease,11,0,val,0.19125715749476388,0,0.0
2023-09-12,2023,Kerala,Kottayam,Kottayam,acute_diarrheal_disease,1,0,val,0.7110029323859521,1,0.0
2020-10-14,2020,Kerala,Kottayam,Meenachil,acute_diarrheal_disease,9,1,train,0.7087106688229191,1,0.0
2020-12-28,2020,Kerala,Kottayam,Meenachil,acute_diarrheal_disease,54,1,train,0.731790123797021,1,0.0011943374387785924
2021-09-09,2021,Kerala,Kottayam,Meenachil,acute_diarrheal_disease,2226,0,train,0.7346139489035707,1,0.05337350521905308
2021-12-31,2021,Kerala,Kottayam,Meenachil,acute_diarrheal_disease,6,0,train,0.6988162913782763,1,0.0
2023-11-24,2023,Kerala,Kottayam,Meenachil,acute_diarrheal_disease,1,0,test,0.6578610890707768,1,0.0
2024-07-06,2024,Kerala,Kottayam,Meenachil,acute_diarrheal_disease,547,0,test,0.3270657929516755,0,0.022058590569830342
2021-10-13,2021,Kerala,Kottayam,Vaikom,acute_diarrheal_disease,24,1,train,0.7373458199770155,1,0.0
2023-01-03,2023,Kerala,Kottayam,Vaikom,acute_diarrheal_disease,26,0,val,0.4110803305121934,0,1.4009278176918821e-05
2023-01-04,2023,Kerala,Kottayam,Vaikom,acute_diarrheal_disease,4,1,val,0.11618187543993938,0,0.0
2020-10-15,2020,Kerala,Kozhikode,Koyilandy,acute_diarrheal_disease,181,1,train,0.714594799027915,1,0.0
2021-10-17,2021,Kerala,Kozhikode,Koyilandy,acute_diarrheal_disease,63,0,train,0.7187249049604553,1,0.0
2021-11-22,2021,Kerala,Kozhikode,Koyilandy,acute_diarrheal_disease,17,0,train,0.6798516204764934,1,0.0
2022-01-03,2022,Kerala,Kozhikode,Koyilandy,acute_diarrheal_disease,222,0,train,0.07264950842113295,0,0.002072220343414814
2022-09-12,2022,Kerala,Kozhikode,Koyilandy,acute_diarrheal_disease,1,0,train,0.15912793495384148,0,0.0
2022-10-15,2022,Kerala,Kozhikode,Koyilandy,acute_diarrheal_disease,18,1,train,0.15518107982094842,0,0.0006853039222793162
2023-01-02,2023,Kerala,Kozhikode,Koyilandy,acute_diarrheal_disease,364,0,val,0.7181388913433875,1,0.003940078876392894
2023-12-29,2023,Kerala,Kozhikode,Koyilandy,acute_diarrheal_disease,6,0,test,0.6789339027623243,1,0.0
2023-12-30,2023,Kerala,Kozhikode,Koyilandy,acute_diarrheal_disease,21,0,test,0.7115757265219242,1,0.0001727656946922646
2020-09-11,2020,Kerala,Kozhikode,Kozhikode,acute_diarrheal_disease,4,1,train,0.7009656679020219,1,0.0
2020-12-28,2020,Kerala,Kozhikode,Kozhikode,acute_diarrheal_disease,262,1,train,0.7212801018818239,1,0.013873974125493505
2021-02-04,2021,Kerala,Kozhikode,Kozhikode,acute_diarrheal_disease,3315,0,train,0.7160705335497448,1,0.014889570302396479
2021-09-09,2021,Kerala,Kozhikode,Kozhikode,acute_diarrheal_disease,33,0,train,0.38177928299665065,0,0.0
2021-11-23,2021,Kerala,Kozhikode,Kozhikode,acute_diarrheal_disease,42,0,train,0.7165509243131681,1,2.1341644638456213e-05
2022-08-08,2022,Kerala,Kozhikode,Kozhikode,acute_diarrheal_disease,6,0,train,0.1281544885967281,0,0.0
2023-02-04,2023,Kerala,Kozhikode,Kozhikode,acute_diarrheal_disease,300,0,val,0.7348348891083003,1,0.003386207615968386
2024-09-09,2024,Kerala,Kozhikode,Kozhikode,acute_diarrheal_disease,1830,0,test,0.7091709191624814,1,0.0043770505402866275
2024-10-15,2024,Kerala,Kozhikode,Kozhikode,acute_diarrheal_disease,27,0,test,0.7566255345081443,1,0.0
2020-11-21,2020,Kerala,Kozhikode,Thamarassery,acute_diarrheal_disease,6,1,train,0.7172589682334051,1,0.0
2020-11-21,2020,Kerala,Kozhikode,Thamarassery,acute_diarrheal_disease,6842,1,train,0.7094120317620414,1,0.2632644364240618
2021-12-26,2021,Kerala,Kozhikode,Thamarassery,acute_diarrheal_disease,42,0,train,0.3253116633798229,0,0.0
2023-09-09,2023,Kerala,Kozhikode,Thamarassery,acute_diarrheal_disease,301,0,val,0.7156842677273347,1,0.00048561892166988483
2023-12-31,2023,Kerala,Kozhikode,Thamarassery,acute_diarrheal_disease,30,0,test,0.6771562006132334,1,0.0
2022-11-19,2022,Kerala,Kozhikode,Vadakara,acute_diarrheal_disease,1,1,train,0.3965872240771244,0,0.0
2022-11-22,2022,Kerala,Kozhikode,Vadakara,acute_diarrheal_disease,29,1,train,0.6881899386692771,1,0.0036800195035770287
2023-01-04,2023,Kerala,Kozhikode,Vadakara,acute_diarrheal_disease,35,0,val,0.6641673384266334,1,0.000788848500954448
2023-10-07,2023,Kerala,Kozhikode,Vadakara,acute_diarrheal_disease,13,0,val,0.7268329097910857,1,0.0
2023-11-04,2023,Kerala,Kozhikode,Vadakara,acute_diarrheal_disease,16,1,test,0.7193995967853491,1,1.7276569469226453e-05
2024-09-09,2024,Kerala,Kozhikode,Vadakara,acute_diarrheal_disease,633,1,test,0.7284298455994893,1,0.03243684488467384
2020-11-24,2020,Kerala,Malappuram,Ernad,acute_diarrheal_disease,2,0,train,0.7065954595509467,1,0.0
2021-02-05,2021,Kerala,Malappuram,Ernad,acute_diarrheal_disease,2,1,train,0.6420529624202521,1,0.0
2022-01-01,2022,Kerala,Malappuram,Ernad,acute_diarrheal_disease,87,1,train,0.7359449909537013,1,0.05371342928905695
2022-09-12,2022,Kerala,Malappuram,Ernad,acute_diarrheal_disease,27,0,train,0.7298395587256847,1,0.0
2023-10-17,2023,Kerala,Malappuram,Ernad,acute_diarrheal_disease,16,0,val,0.11520607452475679,0,0.0
2023-10-28,2023,Kerala,Malappuram,Ernad,acute_diarrheal_disease,23,0,test,0.7114830956836495,1,3.3198113882043e-05
2020-09-11,2020,Kerala,Malappuram,Kondotty,acute_diarrheal_disease,262,1,train,0.7065892705777267,1,0.0
2020-12-31,2020,Kerala,Malappuram,Kondotty,acute_diarrheal_disease,198,0,train,0.5894812370631735,1,0.0
2021-12-27,2021,Kerala,Malappuram,Kondotty,acute_diarrheal_disease,1,0,train,0.7227795978871984,1,0.0
2022-11-22,2022,Kerala,Malappuram,Kondotty,acute_diarrheal_disease,45,1,train,0.721027380183657,1,0.001773727798840583
2023-12-27,2023,Kerala,Malappuram,Kondotty,acute_diarrheal_disease,30687,0,test,0.6890589518748135,1,0.23315998224518397
2024-01-02,2024,Kerala,Malappuram,Kondotty,acute_diarrheal_disease,17,0,test,0.7120823673144446,1,0.0
2024-11-20,2024,Kerala,Malappuram,Kondotty,acute_diarrheal_disease,1,0,test,0.2346038524647219,0,0.0
2020-11-22,2020,Kerala,Malappuram,Nilambur,acute_diarrheal_disease,11,1,train,0.7083110176549134,1,0.0
2021-11-22,2021,Kerala,Malappuram,Nilambur,acute_diarrheal_disease,30,1,train,0.666062706105097,1,0.0004111306112545696
2021-12-31,2021,Kerala,Malappuram,Nilambur,acute_diarrheal_disease,38,1,train,0.6943786983140771,1,0.0008728655744956783
2023-01-03,2023,Kerala,Malappuram,Nilambur,acute_diarrheal_disease,50334,0,val,0.6764045543271362,1,0.9999999983333334
2023-12-29,2023,Kerala,Malappuram,Nilambur,acute_diarrheal_disease,1,0,test,0.6873376277122509,1,0.0
2020-07-07,2020,Kerala,Malappuram,Perinthalmanna,acute_diarrheal_disease,11,1,train,0.6655882974158359,1,0.0
2020-12-30,2020,Kerala,Malappuram,Perinthalmanna,acute_diarrheal_disease,291,0,train,0.25675509441248595,0,0.006275103818827691
2021-11-21,2021,Kerala,Malappuram,Perinthalmanna,acute_diarrheal_disease,4,0,train,0.17037888400479592,0,0.0
2023-11-20,2023,Kerala,Malappuram,Perinthalmanna,acute_diarrheal_disease,1,1,test,0.7131604824424151,1,0.0
2024-08-08,2024,Kerala,Malappuram,Perinthalmanna,acute_diarrheal_disease,881,0,test,0.6250557231623095,1,0.04048197777368761
2024-12-26,2024,Kerala,Malappuram,Perinthalmanna,acute_diarrheal_disease,1,0,test,0.07011378431412874,0,0.0
2021-11-18,2021,Kerala,Malappuram,Ponnani,acute_diarrheal_disease,15,0,train,0.03084990803458583,0,0.0
2021-12-29,2021,Kerala,Malappuram,Ponnani,acute_diarrheal_disease,3,0,train,0.036610137706308374,0,0.0
2022-10-13,2022,Kerala,Malappuram,Ponnani,acute_diarrheal_disease,1,0,train,0.04025840948650766,0,0.0
2022-10-17,2022,Kerala,Malappuram,Ponnani,acute_diarrheal_disease,1,1,train,0.735095598993508,1,0.0
2023-09-09,2023,Kerala,Malappuram,Ponnani,acute_diarrheal_disease,3389,0,val,0.6428686200904427,1,0.5159404134643768
2023-10-14,2023,Kerala,Malappuram,Ponnani,acute_diarrheal_disease,1,0,val,0.7357015375039387,1,0.0
2023-12-26,2023,Kerala,Malappuram,Ponnani,acute_diarrheal_disease,145,0,test,0.6165822512358395,1,0.0058049273416600905
2024-01-02,2024,Kerala,Malappuram,Ponnani,acute_diarrheal_disease,1053,0,test,0.186988745993647,0,0.0007699970439693975
2024-01-03,2024,Kerala,Malappuram,Ponnani,acute_diarrheal_disease,424,0,test,0.17965077469975113,0,0.0
2024-10-17,2024,Kerala,Malappuram,Ponnani,acute_diarrheal_disease,1,1,test,0.14767296898964977,0,0.0
2021-01-04,2021,Kerala,Malappuram,Tirur,acute_diarrheal_disease,25,1,train,0.1262890169162228,0,0.0
2021-10-14,2021,Kerala,Malappuram,Tirur,acute_diarrheal_disease,840,1,train,0.1681152749667823,0,0.00844390408977126
2021-11-20,2021,Kerala,Malappuram,Tirur,acute_diarrheal_disease,13209,0,train,0.7250408875992383,1,0.018789098932354413
2021-11-22,2021,Kerala,Malappuram,Tirur,acute_diarrheal_disease,43,0,train,0.17998461195194426,0,0.0
2022-12-28,2022,Kerala,Malappuram,Tirur,acute_diarrheal_disease,1,0,val,0.7010097299983639,1,0.0
2022-12-29,2022,Kerala,Malappuram,Tirur,acute_diarrheal_disease,2,1,val,0.5055290777579841,1,4.031199542819508e-05
2023-02-05,2023,Kerala,Malappuram,Tirur,acute_diarrheal_disease,28297,0,val,0.4566587070702006,0,0.504067171305339
2023-07-07,2023,Kerala,Malappuram,Tirur,acute_diarrheal_disease,3389,0,val,0.3809590139882324,0,0.0
2023-09-11,2023,Kerala,Malappuram,Tirur,acute_diarrheal_disease,310,0,val,0.7219198838877149,1,0.0
2023-10-17,2023,Kerala,Malappuram,Tirur,acute_diarrheal_disease,3,0,val,0.6762703938176573,1,0.0
2023-10-18,2023,Kerala,Malappuram,Tirur,acute_diarrheal_disease,4,0,val,0.1490367507553034,0,2.015599771409754e-05
2023-12-09,2023,Kerala,Malappuram,Tirur,acute_diarrheal_disease,3,0,test,0.09786418446596086,0,0.0
2020-09-11,2020,Kerala,Malappuram,Tirurangadi,acute_diarrheal_disease,20,1,train,0.6966354776577214,1,0.0
2021-10-16,2021,Kerala,Malappuram,Tirurangadi,acute_diarrheal_disease,23,1,train,0.642187579683072,1,2.951618657093096e-05
2022-11-19,2022,Kerala,Malappuram,Tirurangadi,acute_diarrheal_disease,6332,1,train,0.3855566658830998,0,0.7408560027433414
2022-11-23,2022,Kerala,Malappuram,Tirurangadi,acute_diarrheal_disease,46,0,val,0.5097227576484743,1,0.0
2023-11-21,2023,Kerala,Malappuram,Tirurangadi,acute_diarrheal_disease,9,0,test,0.7029879500001931,1,0.0
2020-09-09,2020,Kerala,Palakkad,Alathur,acute_diarrheal_disease,3130,1,train,0.6564842814268614,1,0.0
2021-01-02,2021,Kerala,Palakkad,Alathur,acute_diarrheal_disease,37520,0,train,0.6564201013077466,1,0.0029612356700996437
2021-07-06,2021,Kerala,Palakkad,Alathur,acute_diarrheal_disease,3,0,train,0.6307864259462758,1,0.0
2021-11-18,2021,Kerala,Palakkad,Alathur,acute_diarrheal_disease,5,0,train,0.5780713085862303,1,4.031199542819508e-05
2021-12-29,2021,Kerala,Palakkad,Alathur,acute_diarrheal_disease,1,0,train,0.7041579236041718,1,0.0
2021-12-31,2021,Kerala,Palakkad,Alathur,acute_diarrheal_disease,37,0,train,0.27041945531388367,0,0.0014512318354150226
2023-01-01,2023,Kerala,Palakkad,Alathur,acute_diarrheal_disease,969,0,val,0.09855531079093532,0,0.016438463051735214
2023-12-27,2023,Kerala,Palakkad,Alathur,acute_diarrheal_disease,40,0,test,0.1751497669811991,0,0.0
2023-12-28,2023,Kerala,Palakkad,Alathur,acute_diarrheal_disease,4,0,test,0.2604764364676989,0,0.0
2024-09-10,2024,Kerala,Palakkad,Alathur,acute_diarrheal_disease,943,0,test,0.7229246088784111,1,0.01562852745420227
2024-10-17,2024,Kerala,Palakkad,Alathur,acute_diarrheal_disease,1,0,test,0.21111828076490294,0,0.0
2020-11-20,2020,Kerala,Palakkad,Chittur,acute_diarrheal_disease,158,0,train,0.22633837750745342,0,0.0
2021-02-04,2021,Kerala,Palakkad,Chittur,acute_diarrheal_disease,4,0,train,0.2806051129036546,0,0.0
2022-11-17,2022,Kerala,Palakkad,Chittur,acute_diarrheal_disease,1,0,train,0.2354321244998104,0,0.0
2022-12-31,2022,Kerala,Palakkad,Chittur,acute_diarrheal_disease,1,0,val,0.7048564476250775,1,0.0
2023-07-06,2023,Kerala,Palakkad,Chittur,acute_diarrheal_disease,177,0,val,0.7531726442651093,1,0.008648615065617739
2023-09-10,2023,Kerala,Palakkad,Chittur,acute_diarrheal_disease,1,0,val,0.6994259991218579,1,0.0
2023-12-27,2023,Kerala,Palakkad,Chittur,acute_diarrheal_disease,2,0,test,0.7194278095412402,1,4.031199542819508e-05
2024-09-10,2024,Kerala,Palakkad,Chittur,acute_diarrheal_disease,1,1,test,0.09026815222843634,0,0.0
2024-11-18,2024,Kerala,Palakkad,Chittur,acute_diarrheal_disease,1638,0,test,0.09103952902532784,0,0.08374626423727172
2020-11-21,2020,Kerala,Palakkad,Mannarkkad,acute_diarrheal_disease,18488,1,train,0.08034725482649806,0,0.0
2022-11-23,2022,Kerala,Palakkad,Mannarkkad,acute_diarrheal_disease,20,0,val,0.06465503772026303,0,0.0
2023-08-08,2023,Kerala,Palakkad,Mannarkkad,acute_diarrheal_disease,1,0,val,0.14004043444361428,0,0.0
2023-09-11,2023,Kerala,Palakkad,Mannarkkad,acute_diarrheal_disease,3,0,val,0.149982431201044,0,8.062399085639016e-05
2023-11-20,2023,Kerala,Palakkad,Mannarkkad,acute_diarrheal_disease,6,0,test,0.7562947070536248,1,6.0467993142292616e-05
2023-11-18,2023,Kerala,Palakkad,Ottapalam,acute_diarrheal_disease,3,1,test,0.7660044841286769,1,0.0
2023-11-21,2023,Kerala,Palakkad,Ottapalam,acute_diarrheal_disease,14,1,test,0.10191465102167017,0,0.0006941759066305483
2020-12-28,2020,Kerala,Palakkad,Palakkad,acute_diarrheal_disease,3389,1,train,0.275061970240283,0,0.0
2021-11-18,2021,Kerala,Palakkad,Palakkad,acute_diarrheal_disease,152,0,train,0.18465223314768167,0,0.0
2022-09-12,2022,Kerala,Palakkad,Palakkad,acute_diarrheal_disease,262,0,train,0.06689233026396854,0,5.796496074642428e-05
2022-12-29,2022,Kerala,Palakkad,Palakkad,acute_diarrheal_disease,2,0,val,0.7208963085063654,1,0.0
2023-11-20,2023,Kerala,Palakkad,Palakkad,acute_diarrheal_disease,4,0,test,0.7208254485095749,1,5.374932723759343e-05
2023-12-31,2023,Kerala,Palakkad,Palakkad,acute_diarrheal_disease,2,0,test,0.05716318520430479,0,0.0
2024-10-15,2024,Kerala,Palakkad,Palakkad,acute_diarrheal_disease,56,0,test,0.7413691071051464,1,0.0014512318354150226
2020-01-01,2020,Kerala,Palakkad,Pattambi,acute_diarrheal_disease,9,1,train,0.749367465350257,1,0.0
2020-10-17,2020,Kerala,Palakkad,Pattambi,acute_diarrheal_disease,54,1,train,0.6797499203359394,1,0.0011943374387785924
2021-09-09,2021,Kerala,Palakkad,Pattambi,acute_diarrheal_disease,17,1,train,0.05536508177722899,0,0.0
2022-09-09,2022,Kerala,Palakkad,Pattambi,acute_diarrheal_disease,308,0,train,0.723885985708434,1,0.00957922433644244
2020-11-19,2020,Kerala,Pathanamthitta,Adoor,acute_diarrheal_disease,5,0,train,0.7115176901668876,1,0.0
2020-12-31,2020,Kerala,Pathanamthitta,Adoor,acute_diarrheal_disease,5,1,train,0.18836096632635724,0,0.0
2021-10-13,2021,Kerala,Pathanamthitta,Adoor,acute_diarrheal_disease,62,0,train,0.14022890309316016,0,0.033469064252129394
2021-10-15,2021,Kerala,Pathanamthitta,Adoor,acute_diarrheal_disease,5,0,train,0.7269298923398404,1,0.0
2022-11-19,2022,Kerala,Pathanamthitta,Adoor,acute_diarrheal_disease,34,1,train,0.2234787767087662,0,0.0007989250284021649
2022-11-24,2022,Kerala,Pathanamthitta,Adoor,acute_diarrheal_disease,575,1,val,0.2364115878341369,0,0.016753543566036488
2023-01-04,2023,Kerala,Pathanamthitta,Adoor,acute_diarrheal_disease,420,0,val,0.08355609385421196,0,0.0010093533699370753
2023-02-05,2023,Kerala,Pathanamthitta,Adoor,acute_diarrheal_disease,1,0,val,0.7073271472578885,1,0.0
2023-11-23,2023,Kerala,Pathanamthitta,Adoor,acute_diarrheal_disease,5,0,test,0.15346206755484001,0,0.00016124798171278032
2022-07-07,2022,Kerala,Pathanamthitta,Konni,acute_diarrheal_disease,29,1,train,0.13977863494278367,0,0.0
2023-07-01,2023,Kerala,Pathanamthitta,Konni,acute_diarrheal_disease,11,1,val,0.7026561380897419,1,0.0
2023-08-07,2023,Kerala,Pathanamthitta,Mallappally,acute_diarrheal_disease,167,0,val,0.7112550932199774,1,0.0
2023-09-11,2023,Kerala,Pathanamthitta,Mallappally,acute_diarrheal_disease,1,1,val,0.7904280802726764,1,0.0
2023-12-31,2023,Kerala,Pathanamthitta,Mallappally,acute_diarrheal_disease,17506,1,test,0.090717586319103,0,0.6192966956936342
2020-11-19,2020,Kerala,Pathanamthitta,Ranni,acute_diarrheal_disease,6,0,train,0.09303936441534433,0,0.0
2022-10-16,2022,Kerala,Pathanamthitta,Ranni,acute_diarrheal_disease,3,0,train,0.7076766052351705,1,0.0
2020-11-23,2020,Kerala,Pathanamthitta,Thiruvalla,acute_diarrheal_disease,10,1,train,0.680652839190797,1,0.0
2022-12-30,2022,Kerala,Pathanamthitta,Thiruvalla,acute_diarrheal_disease,210,1,val,0.6539440044558467,1,0.004884782612782352
2024-02-10,2024,Kerala,Pathanamthitta,Thiruvalla,acute_diarrheal_disease,18,0,test,0.6676038919940985,1,0.0
2021-12-27,2021,Kerala,Thiruvananthapuram,Chirayinkeezhu,acute_diarrheal_disease,63,1,train,0.07555690695762159,0,0.0
2021-12-27,2021,Kerala,Thiruvananthapuram,Chirayinkeezhu,acute_diarrheal_disease,62,0,train,0.2012824601918598,0,0.0
2023-12-30,2023,Kerala,Thiruvananthapuram,Chirayinkeezhu,acute_diarrheal_disease,35,1,test,0.6960542368406777,1,0.0
2024-01-13,2024,Kerala,Thiruvananthapuram,Chirayinkeezhu,acute_diarrheal_disease,133,1,test,0.660208475275424,1,0.003215327063015724
2023-09-02,2023,Kerala,Thiruvananthapuram,Kattakkada,acute_diarrheal_disease,50,1,val,0.7356922195697644,1,0.0
2023-10-14,2023,Kerala,Thiruvananthapuram,Kattakkada,acute_diarrheal_disease,7,1,val,0.7187192501443695,1,0.0
2020-01-04,2020,Kerala,Thiruvananthapuram,Nedumangad,acute_diarrheal_disease,1,1,train,0.6308580801785281,1,0.0
2021-02-05,2021,Kerala,Thiruvananthapuram,Nedumangad,acute_diarrheal_disease,152,0,train,0.7268900574231206,1,0.020260909262921716
2021-07-07,2021,Kerala,Thiruvananthapuram,Nedumangad,acute_diarrheal_disease,1,0,train,0.6553803754083858,1,0.0
2021-12-28,2021,Kerala,Thiruvananthapuram,Nedumangad,acute_diarrheal_disease,15,1,train,0.0740941766908226,0,0.000564367935994731
2020-01-04,2020,Kerala,Thiruvananthapuram,Neyyattinkara,acute_diarrheal_disease,27,1,train,0.7329123727451413,1,0.0
2020-08-09,2020,Kerala,Thiruvananthapuram,Neyyattinkara,acute_diarrheal_disease,3862,0,train,0.7293369591453985,1,0.036919912725183045
2020-10-15,2020,Kerala,Thiruvananthapuram,Neyyattinkara,acute_diarrheal_disease,5,0,train,0.6483518338126275,1,0.0
2021-01-01,2021,Kerala,Thiruvananthapuram,Neyyattinkara,acute_diarrheal_disease,22,0,train,0.5416575466407408,1,0.00022843464075977208
2021-12-28,2021,Kerala,Thiruvananthapuram,Thiruvananthapuram,acute_diarrheal_disease,6,0,train,0.7399074368648271,1,0.0
2023-11-20,2023,Kerala,Thiruvananthapuram,Thiruvananthapuram,acute_diarrheal_disease,2,0,test,0.7071352882064975,1,0.0
2024-09-10,2024,Kerala,Thiruvananthapuram,Thiruvananthapuram,acute_diarrheal_disease,2,0,test,0.20353707983209698,0,0.0
2024-10-13,2024,Kerala,Thiruvananthapuram,Thiruvananthapuram,acute_diarrheal_disease,1,1,test,0.7321202899195215,1,0.0
2020-01-01,2020,Kerala,Thiruvananthapuram,Varkala,acute_diarrheal_disease,1,0,train,0.6563662459344077,1,0.0
2020-08-08,2020,Kerala,Thiruvananthapuram,Varkala,acute_diarrheal_disease,1,1,train,0.7691231120198466,1,0.0
2021-01-02,2021,Kerala,Thiruvananthapuram,Varkala,acute_diarrheal_disease,59,1,train,0.053430898011301034,0,0.03920621937405558
2021-02-04,2021,Kerala,Thiruvananthapuram,Varkala,acute_diarrheal_disease,39,0,train,0.10550657086422921,0,0.000459078602635464
2023-07-07,2023,Kerala,Thiruvananthapuram,Varkala,acute_diarrheal_disease,8,1,val,0.12025780925982656,0,0.0
2020-11-19,2020,Kerala,Thrissur,Chalakudy,acute_diarrheal_disease,4,1,train,0.7226789534320587,1,0.0
2022-11-22,2022,Kerala,Thrissur,Chalakudy,acute_diarrheal_disease,48845,0,train,0.05639521827577141,0,0.9999999983333334
2023-01-03,2023,Kerala,Thrissur,Chalakudy,acute_diarrheal_disease,4,0,val,0.07068656012392664,0,0.0
2023-01-03,2023,Kerala,Thrissur,Chalakudy,acute_diarrheal_disease,364,0,val,0.10629149482745014,0,0.0058049273416600905
2023-11-11,2023,Kerala,Thrissur,Chalakudy,acute_diarrheal_disease,80,0,test,0.7283978010432702,1,0.0
2023-12-02,2023,Kerala,Thrissur,Chalakudy,acute_diarrheal_disease,15,0,test,0.6442075671596851,1,0.0
2024-01-20,2024,Kerala,Thrissur,Chalakudy,acute_diarrheal_disease,32,0,test,0.19127443912003675,0,8.566299028491453e-05
2024-09-09,2024,Kerala,Thrissur,Chalakudy,acute_diarrheal_disease,1,0,test,0.3483942146758,0,0.0
2024-11-18,2024,Kerala,Thrissur,Chalakudy,acute_diarrheal_disease,6,0,test,0.39675972635190554,0,0.00020155997714097536
2022-12-25,2022,Kerala,Thrissur,Chavakkad,acute_diarrheal_disease,2,0,val,0.6921442509487176,1,0.0
2023-10-18,2023,Kerala,Thrissur,Chavakkad,acute_diarrheal_disease,1,1,val,0.6661575132239492,1,0.0
2024-09-10,2024,Kerala,Thrissur,Chavakkad,acute_diarrheal_disease,41,1,test,0.43167823524581445,0,0.034844112502861735
2020-12-31,2020,Kerala,Thrissur,Kodungallur,acute_diarrheal_disease,6,1,train,0.31975135145663125,0,0.0
2021-11-24,2021,Kerala,Thrissur,Kodungallur,acute_diarrheal_disease,64,1,train,0.72261119223197,1,0.002206896844878781
2023-10-14,2023,Kerala,Thrissur,Kodungallur,acute_diarrheal_disease,14,0,val,0.6708023599042987,1,0.0
2023-10-14,2023,Kerala,Thrissur,Kodungallur,acute_diarrheal_disease,1,1,val,0.42239988339898504,0,0.0
2024-01-13,2024,Kerala,Thrissur,Kodungallur,acute_diarrheal_disease,617,1,test,0.7168296979285228,1,0.04103503032760129
2020-09-09,2020,Kerala,Thrissur,Kunnamkulam,acute_diarrheal_disease,2,1,train,0.6797164475527271,1,0.0
2022-10-16,2022,Kerala,Thrissur,Kunnamkulam,acute_diarrheal_disease,29,1,train,0.08271113646295689,0,0.0023634770145291592
2022-11-21,2022,Kerala,Thrissur,Kunnamkulam,acute_diarrheal_disease,48,0,train,0.7260465257608442,1,0.001335845304441984
2022-12-25,2022,Kerala,Thrissur,Kunnamkulam,acute_diarrheal_disease,9,1,val,0.6473950304725257,1,0.0
2023-10-17,2023,Kerala,Thrissur,Kunnamkulam,acute_diarrheal_disease,23446,0,val,0.2147930144402501,0,0.9936133647437815
2020-01-03,2020,Kerala,Thrissur,Mukundapuram,acute_diarrheal_disease,73,1,train,0.3587476284796764,0,0.0
2020-10-14,2020,Kerala,Thrissur,Mukundapuram,acute_diarrheal_disease,402,1,train,0.25330437249127635,0,0.0011961085951445233
2020-12-29,2020,Kerala,Thrissur,Mukundapuram,acute_diarrheal_disease,3389,0,train,0.3525362564956718,0,0.010447111930768025
2023-09-11,2023,Kerala,Thrissur,Mukundapuram,acute_diarrheal_disease,52,1,val,0.7105421760352957,1,0.0
2024-11-23,2024,Kerala,Thrissur,Mukundapuram,acute_diarrheal_disease,67367,0,test,0.6007624476826081,1,0.13751987932493498
2021-09-12,2021,Kerala,Thrissur,Talappilly,acute_diarrheal_disease,12,1,train,0.7185965161546674,1,0.0
2024-10-16,2024,Kerala,Thrissur,Talappilly,acute_diarrheal_disease,309,1,test,0.2125353854223445,0,0.006144967785120319
2020-10-14,2020,Kerala,Thrissur,Thrissur,acute_diarrheal_disease,1,1,train,0.30289172229528355,0,0.0
2020-10-16,2020,Kerala,Thrissur,Thrissur,acute_diarrheal_disease,198,0,train,0.7098544359396936,1,0.026461892424953063
2020-11-21,2020,Kerala,Thrissur,Thrissur,acute_diarrheal_disease,5,0,train,0.23115452303618705,0,0.0
2021-10-14,2021,Kerala,Thrissur,Thrissur,acute_diarrheal_disease,1,0,train,0.1900993670181968,0,0.0
2022-11-20,2022,Kerala,Thrissur,Thrissur,acute_diarrheal_disease,2,0,train,0.13394832145131397,0,4.031199542819508e-05
2023-12-25,2023,Kerala,Thrissur,Thrissur,acute_diarrheal_disease,61,0,test,0.17014490956094327,0,0.0017377088027442711
2023-12-30,2023,Kerala,Thrissur,Thrissur,acute_diarrheal_disease,41,0,test,0.7093859557784267,1,0.00023558276050174382
2024-01-01,2024,Kerala,Thrissur,Thrissur,acute_diarrheal_disease,1,0,test,0.6999256582773726,1,0.0
2023-08-07,2023,Kerala,Wayanad,Sulthan Bathery,acute_diarrheal_disease,943,1,val,0.16529573542189724,0,0.0
2023-12-27,2023,Kerala,Wayanad,Sulthan Bathery,acute_diarrheal_disease,536,0,test,0.6990677639686114,1,0.0
2020-10-15,2020,Kerala,Wayanad,Vythiri,acute_diarrheal_disease,8,0,train,0.08955416632467834,0,0.0
2020-11-22,2020,Kerala,Wayanad,Vythiri,acute_diarrheal_disease,1,0,train,0.6963653937451878,1,0.0
2022-12-30,2022,Kerala,Wayanad,Vythiri,acute_diarrheal_disease,2,1,val,0.13615031975692074,0,4.031199542819508e-05
2023-01-01,2023,Kerala,Wayanad,Vythiri,acute_diarrheal_disease,1478,1,val,0.0858860251418988,0,0.3107088387026347
2023-11-21,2023,Kerala,Wayanad,Vythiri,acute_diarrheal_disease,541,0,test,0.7016347013031731,1,0.00020918900188095105
2023-12-28,2023,Kerala,Wayanad,Vythiri,acute_diarrheal_disease,357,0,test,0.5901197429142754,1,0.0
2023-09-16,2023,Kerala,Alappuzha,Ambalappuzha,acute_encephalitis_syndrome,13,1,val,0.4733819821233418,0,0.0
2022-08-12,2022,Kerala,Alappuzha,Cherthala,acute_encephalitis_syndrome,1,1,train,0.7138227541119769,1,0.0
2021-09-16,2021,Kerala,Alappuzha,Karthikappally,acute_encephalitis_syndrome,13,1,train,0.6509297497558663,1,0.0
2021-11-22,2021,Kerala,Alappuzha,Kuttanad,acute_encephalitis_syndrome,12,0,train,0.5337664008989546,1,0.0
2022-11-24,2022,Kerala,Alappuzha,Kuttanad,acute_encephalitis_syndrome,3,0,val,0.46377794623690954,0,0.0
2020-12-30,2020,Kerala,Alappuzha,Mavelikkara,acute_encephalitis_syndrome,114,0,train,0.10537570444625347,0,0.0
2022-07-09,2022,Kerala,Alappuzha,Mavelikkara,acute_encephalitis_syndrome,1,1,train,0.6981017959901733,1,0.0
2023-08-26,2023,Kerala,Ernakulam,Kochi,acute_encephalitis_syndrome,20,1,val,0.6017734916800233,1,0.0
2023-11-18,2023,Kerala,Ernakulam,Kochi,acute_encephalitis_syndrome,26,1,test,0.5287753248657594,1,6.803160993758527e-05
2020-11-19,2020,Kerala,Ernakulam,Kunnathunad,acute_encephalitis_syndrome,73,1,train,0.5754127787749295,1,0.0
2022-01-03,2022,Kerala,Ernakulam,Kunnathunad,acute_encephalitis_syndrome,27,0,train,0.7018833756844028,1,0.0
2021-12-29,2021,Kerala,Ernakulam,North Paravur,acute_encephalitis_syndrome,9,1,train,0.7096484146821331,1,0.0
2021-08-13,2021,Kerala,Idukki,Idukki,acute_encephalitis_syndrome,137,1,train,0.5919137918280196,1,0.0
2023-05-04,2023,Kerala,Idukki,Thodupuzha,acute_encephalitis_syndrome,397,1,val,0.3023478330750281,0,0.0
2023-07-08,2023,Kerala,Kannur,Kannur,acute_encephalitis_syndrome,3,1,val,0.3150068873967633,0,0.0
2020-11-24,2020,Kerala,Kannur,Payyanur,acute_encephalitis_syndrome,1,1,train,0.6706205721608375,1,0.0
2021-12-31,2021,Kerala,Kannur,Payyanur,acute_encephalitis_syndrome,63,1,train,0.7135064340534416,1,0.008263354884208894
2023-11-24,2023,Kerala,Kasaragod,Hosdurg,acute_encephalitis_syndrome,6,1,test,0.31219538199313673,0,0.0
2024-11-20,2024,Kerala,Kasaragod,Hosdurg,acute_encephalitis_syndrome,15,1,test,0.2120746217360376,0,0.00031964109991271884
2021-05-07,2021,Kerala,Kasaragod,Manjeshwaram,acute_encephalitis_syndrome,426,1,train,0.22912075067238702,0,0.0
2022-07-09,2022,Kerala,Kasaragod,Manjeshwaram,acute_encephalitis_syndrome,17096,1,train,0.3897791104271559,0,0.010525001800192465
2024-05-18,2024,Kerala,Kasaragod,Nileshwaram,acute_encephalitis_syndrome,11,1,test,0.6639698904590758,1,0.0
2021-09-18,2021,Kerala,Kasaragod,Vellarikundu,acute_encephalitis_syndrome,3,1,train,0.6167589089637316,1,0.0
2023-08-16,2023,Kerala,Kasaragod,Vellarikundu,acute_encephalitis_syndrome,13492,0,val,0.728207027480661,1,0.7718842523320741
2022-01-01,2022,Kerala,Kollam,Kunnathoor,acute_encephalitis_syndrome,342,0,train,0.6628656224344347,1,0.0
2022-08-16,2022,Kerala,Kollam,Kunnathoor,acute_encephalitis_syndrome,2,1,train,0.6956950231808497,1,0.0
2020-08-13,2020,Kerala,Kottayam,Changanassery,acute_encephalitis_syndrome,2,1,train,0.7049861356974403,1,0.0
2020-12-29,2020,Kerala,Kottayam,Changanassery,acute_encephalitis_syndrome,44,1,train,0.6878832813129486,1,0.0037115168323620597
2023-12-27,2023,Kerala,Kottayam,Changanassery,acute_encephalitis_syndrome,244,1,test,0.6868325117521787,1,0.006129863830659034
2022-11-19,2022,Kerala,Kottayam,Kottayam,acute_encephalitis_syndrome,1,1,train,0.5788378187354412,1,0.0
2022-12-29,2022,Kerala,Kottayam,Vaikom,acute_encephalitis_syndrome,45,1,val,0.3862912588833052,0,0.0
2023-08-12,2023,Kerala,Kottayam,Vaikom,acute_encephalitis_syndrome,357,1,val,0.7084110408535015,1,0.0018245369708709315
2023-12-26,2023,Kerala,Kottayam,Vaikom,acute_encephalitis_syndrome,331,0,test,0.723281113269067,1,0.0004405325050799416
2020-08-14,2020,Kerala,Kozhikode,Kozhikode,acute_encephalitis_syndrome,22,1,train,0.10845779724409116,0,0.0
2023-12-29,2023,Kerala,Kozhikode,Kozhikode,acute_encephalitis_syndrome,918,1,test,0.05645377129842921,0,0.010494771799258512
2022-01-03,2022,Kerala,Kozhikode,Vadakara,acute_encephalitis_syndrome,13,1,train,0.7212806028686206,1,0.0
2020-08-12,2020,Kerala,Malappuram,Ernad,acute_encephalitis_syndrome,1,1,train,0.6414348198538992,1,0.0
2022-11-21,2022,Kerala,Malappuram,Ernad,acute_encephalitis_syndrome,62,1,train,0.43089036868382813,0,0.008128550902425603
2021-11-20,2021,Kerala,Malappuram,Nilambur,acute_encephalitis_syndrome,1,1,train,0.37118571243971327,0,0.0
2020-01-01,2020,Kerala,Malappuram,Tirurangadi,acute_encephalitis_syndrome,105,1,train,0.3926452750571425,0,0.0
2020-11-22,2020,Kerala,Malappuram,Tirurangadi,acute_encephalitis_syndrome,85,0,train,0.7117986288232889,1,0.0
2021-09-18,2021,Kerala,Palakkad,Ottapalam,acute_encephalitis_syndrome,2,1,train,0.5859539557243104,1,0.0
2022-12-28,2022,Kerala,Palakkad,Ottapalam,acute_encephalitis_syndrome,66088,1,val,0.4924298411295255,0,0.9999999983333334
2022-08-15,2022,Kerala,Palakkad,Palakkad,acute_encephalitis_syndrome,11,1,train,0.15788626624372137,0,0.0
2022-11-22,2022,Kerala,Palakkad,Palakkad,acute_encephalitis_syndrome,31659,0,train,0.15027989007498888,0,0.7110303205818685
2021-11-20,2021,Kerala,Palakkad,Pattambi,acute_encephalitis_syndrome,39,1,train,0.6937789342471001,1,0.0
2020-12-30,2020,Kerala,Pathanamthitta,Adoor,acute_encephalitis_syndrome,16,1,train,0.7338620620325235,1,0.0
2022-08-15,2022,Kerala,Pathanamthitta,Konni,acute_encephalitis_syndrome,5,0,train,0.28739016241399024,0,0.0
2020-08-13,2020,Kerala,Pathanamthitta,Ranni,acute_encephalitis_syndrome,45,1,train,0.15090685869896842,0,0.0
2020-12-28,2020,Kerala,Pathanamthitta,Ranni,acute_encephalitis_syndrome,78,0,train,0.06618136527790716,0,0.00018930606141276003
2022-11-24,2022,Kerala,Pathanamthitta,Thiruvalla,acute_encephalitis_syndrome,12,1,val,0.06514078527914192,0,0.0
2023-11-11,2023,Kerala,Pathanamthitta,Thiruvalla,acute_encephalitis_syndrome,7,1,test,0.7127519946220734,1,0.0
2023-12-26,2023,Kerala,Thiruvananthapuram,Chirayinkeezhu,acute_encephalitis_syndrome,6,1,test,0.13119261799268292,0,0.0
2024-08-13,2024,Kerala,Thiruvananthapuram,Chirayinkeezhu,acute_encephalitis_syndrome,122,1,test,0.09146182155296927,0,0.004440791400144732
2022-08-11,2022,Kerala,Thiruvananthapuram,Thiruvananthapuram,acute_encephalitis_syndrome,1,1,train,0.29520282907098233,0,0.0
2022-08-12,2022,Kerala,Thiruvananthapuram,Thiruvananthapuram,acute_encephalitis_syndrome,10,1,train,0.6566169494475643,1,0.001118743849694516
2023-07-01,2023,Kerala,Thiruvananthapuram,Varkala,acute_encephalitis_syndrome,4,1,val,0.7110961740315446,1,0.0
2021-07-08,2021,Kerala,Thrissur,Mukundapuram,acute_encephalitis_syndrome,195,0,train,0.7250046682941341,1,0.0
2021-05-06,2021,Kerala,Thrissur,Talappilly,acute_encephalitis_syndrome,55,0,train,0.6845960606006318,1,0.0
2023-08-12,2023,Kerala,Wayanad,Vythiri,acute_encephalitis_syndrome,5,1,val,0.7271731154124097,1,0.0
2024-05-06,2024,Kerala,Wayanad,Vythiri,acute_encephalitis_syndrome,14,1,test,0.7066401725091864,1,0.0003729146165648387
2024-01-14,2024,Kerala,Palakkad,Chittur,amoebic_meningo_encephalitis_confirmed,131,0,test,0.7102738090297802,1,0.0
2023-10-28,2023,Kerala,Thiruvananthapuram,Chirayinkeezhu,amoebic_meningo_encephalitis_confirmed,9,1,test,0.6642276940690038,1,0.0
2024-01-03,2024,Kerala,Thiruvananthapuram,Chirayinkeezhu,amoebic_meningo_encephalitis_confirmed,12481,1,test,0.7128226876420501,1,0.3362361537629679
2024-10-20,2024,Kerala,Thiruvananthapuram,Chirayinkeezhu,amoebic_meningo_encephalitis_confirmed,424,0,test,0.6884685101938522,1,0.0
2022-01-02,2022,Kerala,Alappuzha,Ambalappuzha,chicken_pox,1,1,train,0.7056572756915196,1,0.0
2023-02-05,2023,Kerala,Alappuzha,Ambalappuzha,chicken_pox,68,1,val,0.7194175885219845,1,0.008937374793125345
2024-01-02,2024,Kerala,Alappuzha,Ambalappuzha,chicken_pox,249,0,test,0.6737611458482061,1,0.003805610666481355
2020-08-07,2020,Kerala,Alappuzha,Chenganoor,chicken_pox,10291,0,train,0.7139716349562296,1,0.0
2020-09-13,2020,Kerala,Alappuzha,Chenganoor,chicken_pox,3,1,train,0.711689948264083,1,0.0
2020-10-23,2020,Kerala,Alappuzha,Chenganoor,chicken_pox,17794,0,train,0.6833953078271355,1,0.3600032335951355
2020-01-01,2020,Kerala,Alappuzha,Cherthala,chicken_pox,3,1,train,0.6776642969891233,1,0.0
2020-02-04,2020,Kerala,Alappuzha,Cherthala,chicken_pox,210,1,train,0.7058411657663025,1,0.013904966121392984
2021-01-01,2021,Kerala,Alappuzha,Cherthala,chicken_pox,37521,0,train,0.6998351745847937,1,0.2187751246056305
2021-01-03,2021,Kerala,Alappuzha,Cherthala,chicken_pox,39,0,train,0.6964697172342809,1,0.0
2021-11-25,2021,Kerala,Alappuzha,Cherthala,chicken_pox,64,0,train,0.07551786553398243,0,5.038999428524384e-05
2021-11-27,2021,Kerala,Alappuzha,Cherthala,chicken_pox,19,0,train,0.6648361951911302,1,0.0
2023-09-11,2023,Kerala,Alappuzha,Cherthala,chicken_pox,24,0,val,0.6885231574009745,1,2.015599771409754e-05
2023-10-22,2023,Kerala,Alappuzha,Cherthala,chicken_pox,15,0,test,0.12630092629435904,0,0.0
2023-11-29,2023,Kerala,Alappuzha,Cherthala,chicken_pox,7,0,test,0.7009674188878212,1,0.0
2021-11-29,2021,Kerala,Alappuzha,Kuttanad,chicken_pox,16,1,train,0.7103242338756678,1,0.0
2022-09-18,2022,Kerala,Alappuzha,Kuttanad,chicken_pox,23,1,train,0.5995954386771775,1,9.989833954446306e-05
2020-11-28,2020,Kerala,Alappuzha,Mavelikkara,chicken_pox,9,1,train,0.7435507768050327,1,0.0
2021-08-07,2021,Kerala,Alappuzha,Mavelikkara,chicken_pox,1168,0,train,0.6590263796961967,1,0.03122866458009563
2021-09-10,2021,Kerala,Alappuzha,Mavelikkara,chicken_pox,7,0,train,0.68658592087057,1,0.0
2021-09-16,2021,Kerala,Alappuzha,Mavelikkara,chicken_pox,1,0,train,0.6475274556109828,1,0.0
2021-11-27,2021,Kerala,Alappuzha,Mavelikkara,chicken_pox,17,0,train,0.03648981851190245,0,0.0006449919268511213
2022-08-08,2022,Kerala,Alappuzha,Mavelikkara,chicken_pox,9,0,train,0.04241693272682182,0,0.0
2022-10-22,2022,Kerala,Alappuzha,Mavelikkara,chicken_pox,7,0,train,0.05365795498420607,0,0.0
2024-01-03,2024,Kerala,Alappuzha,Mavelikkara,chicken_pox,6,0,test,0.07695273149573675,0,0.0
2020-10-22,2020,Kerala,Ernakulam,Aluva,chicken_pox,251,1,train,0.0691693564339952,0,0.0
2020-11-26,2020,Kerala,Ernakulam,Aluva,chicken_pox,448,0,train,0.0831657377545269,0,0.00021001501924565924
2023-10-22,2023,Kerala,Ernakulam,Kanayannur,chicken_pox,2,0,test,0.06984722116671337,0,0.0
2023-11-30,2023,Kerala,Ernakulam,Kanayannur,chicken_pox,4,1,test,0.09617130992949384,0,0.0001167439848076568
2021-01-03,2021,Kerala,Ernakulam,Kochi,chicken_pox,30,0,train,0.7009380250653544,1,0.0
2021-09-11,2021,Kerala,Ernakulam,Kochi,chicken_pox,1,0,train,0.5677711691709523,1,0.0
2021-11-26,2021,Kerala,Ernakulam,Kochi,chicken_pox,4,1,train,0.2970634369541397,0,0.00012093598628458523
2022-10-20,2022,Kerala,Ernakulam,Kochi,chicken_pox,260,0,train,0.24000666476672256,0,0.016270290413675878
2023-02-04,2023,Kerala,Ernakulam,Kochi,chicken_pox,24,0,val,0.2766519282313871,0,0.0
2023-11-04,2023,Kerala,Ernakulam,Kochi,chicken_pox,15,0,test,0.6990271383560445,1,0.0
2022-09-15,2022,Kerala,Ernakulam,Kothamangalam,chicken_pox,1,0,train,0.19825567576622305,0,0.0
2022-08-09,2022,Kerala,Ernakulam,Kunnathunad,chicken_pox,48845,1,train,0.07819879440052885,0,0.0
2022-09-14,2022,Kerala,Ernakulam,Kunnathunad,chicken_pox,189,0,train,0.653740029108876,1,0.0
2022-10-21,2022,Kerala,Ernakulam,Kunnathunad,chicken_pox,1,0,train,0.26893686010637824,0,0.0
2023-09-12,2023,Kerala,Ernakulam,Kunnathunad,chicken_pox,19,0,val,0.155961948935843,0,0.0007256159177075113
2020-08-07,2020,Kerala,Ernakulam,North Paravur,chicken_pox,2,1,train,0.12246044672484295,0,0.0
2020-09-12,2020,Kerala,Ernakulam,North Paravur,chicken_pox,13,0,train,0.1519221509179184,0,0.0009255678755073975
2022-09-16,2022,Kerala,Ernakulam,North Paravur,chicken_pox,1,0,train,0.6566098203764932,1,0.0
2022-10-25,2022,Kerala,Ernakulam,North Paravur,chicken_pox,16,1,train,0.6722518523712185,1,0.0017626879655537509
2020-08-09,2020,Kerala,Idukki,Devikulam,chicken_pox,26,0,train,0.7439756971525352,1,0.0
2023-09-14,2023,Kerala,Idukki,Devikulam,chicken_pox,1,0,val,0.7119051353014796,1,0.0
2022-11-27,2022,Kerala,Idukki,Idukki,chicken_pox,26,1,val,0.11742874687621113,0,0.0
2024-08-09,2024,Kerala,Idukki,Idukki,chicken_pox,13,0,test,0.1934389762873666,0,0.0
2020-02-05,2020,Kerala,Idukki,Peerumade,chicken_pox,6,0,train,0.12769548395936728,0,0.0
2020-11-26,2020,Kerala,Idukki,Peerumade,chicken_pox,1,1,train,0.08485215951125276,0,0.0
2021-08-08,2021,Kerala,Idukki,Peerumade,chicken_pox,14,0,train,0.06643295787840878,0,0.002535039496635006
2022-08-10,2022,Kerala,Idukki,Peerumade,chicken_pox,8,0,train,0.09480791652779823,0,8.27753837014744e-05
2023-09-10,2023,Kerala,Idukki,Peerumade,chicken_pox,19,0,val,0.13827590461873537,0,0.001530831857177387
2023-10-20,2023,Kerala,Idukki,Peerumade,chicken_pox,16,0,test,0.7322403490524562,1,0.0005687072470460535
2024-01-13,2024,Kerala,Idukki,Peerumade,chicken_pox,13,0,test,0.26316496043919235,0,0.00018619932830084868
2020-08-09,2020,Kerala,Idukki,Thodupuzha,chicken_pox,69,1,train,0.299197150552681,0,0.0
2020-09-18,2020,Kerala,Idukki,Thodupuzha,chicken_pox,66,0,train,0.24435366619879784,0,0.0
2021-02-06,2021,Kerala,Idukki,Thodupuzha,chicken_pox,2,0,train,0.6845078516899527,1,0.0
2021-10-25,2021,Kerala,Idukki,Thodupuzha,chicken_pox,15,0,train,0.6757221713650285,1,0.0003493706270443573
2022-08-08,2022,Kerala,Idukki,Thodupuzha,chicken_pox,1,0,train,0.08421150565049361,0,0.0
2020-09-12,2020,Kerala,Idukki,Udumbanchola,chicken_pox,44,1,train,0.1571970539886534,0,0.0
2021-01-01,2021,Kerala,Idukki,Udumbanchola,chicken_pox,57,0,train,0.121394785387618,0,7.368710119234117e-05
2021-10-21,2021,Kerala,Idukki,Udumbanchola,chicken_pox,1,0,train,0.2043701493069212,0,0.0
2021-10-23,2021,Kerala,Idukki,Udumbanchola,chicken_pox,17,0,train,0.7197347641339142,1,0.0006449919268511213
2022-10-25,2022,Kerala,Idukki,Udumbanchola,chicken_pox,24,0,train,0.6775586354299621,1,3.13537742219295e-05
2021-02-05,2021,Kerala,Kannur,Iritty,chicken_pox,5,0,train,0.2446689335974429,0,0.0
2021-11-29,2021,Kerala,Kannur,Iritty,chicken_pox,3,1,train,0.1625489968666527,0,0.0
2022-09-13,2022,Kerala,Kannur,Iritty,chicken_pox,23,1,train,0.26429272238962076,0,0.008375921884063229
2020-09-15,2020,Kerala,Kannur,Kannur,chicken_pox,10448,1,train,0.25606081631815536,0,0.0
2020-11-26,2020,Kerala,Kannur,Kannur,chicken_pox,259,0,train,0.23292886162338458,0,0.0
2021-01-02,2021,Kerala,Kannur,Kannur,chicken_pox,2,0,train,0.7269647543726073,1,0.0
2021-02-06,2021,Kerala,Kannur,Kannur,chicken_pox,1,0,train,0.6406478407257932,1,0.0
2022-01-01,2022,Kerala,Kannur,Kannur,chicken_pox,2,0,train,0.11618476677771224,0,4.031199542819508e-05
2022-09-18,2022,Kerala,Kannur,Kannur,chicken_pox,139,0,train,0.13468195743075984,0,0.0038849161700308756
2022-10-23,2022,Kerala,Kannur,Kannur,chicken_pox,576,0,train,0.7196342347157964,1,0.003004698820244772
2020-01-03,2020,Kerala,Kannur,Payyanur,chicken_pox,5,1,train,0.6802159930937419,1,0.0
2020-09-13,2020,Kerala,Kannur,Payyanur,chicken_pox,291,1,train,0.2242767350226366,0,0.012819815601221961
2021-02-06,2021,Kerala,Kannur,Payyanur,chicken_pox,8,0,train,0.5078746741215642,1,0.0
2021-10-22,2021,Kerala,Kannur,Payyanur,chicken_pox,19,1,train,0.30785404369719277,0,9.85404332689213e-05
2022-09-11,2022,Kerala,Kannur,Payyanur,chicken_pox,41744,0,train,0.6759737216695462,1,0.4257058323732762
2022-09-17,2022,Kerala,Kannur,Payyanur,chicken_pox,1,0,train,0.6763276634628669,1,0.0
2023-11-29,2023,Kerala,Kannur,Payyanur,chicken_pox,1,0,test,0.5953340761778247,1,0.0
2020-09-10,2020,Kerala,Kannur,Taliparamba,chicken_pox,1,1,train,0.6508369566324812,1,0.0
2021-08-08,2021,Kerala,Kannur,Taliparamba,chicken_pox,7223,1,train,0.5647512256915642,1,0.7911332301490374
2022-01-02,2022,Kerala,Kannur,Taliparamba,chicken_pox,772,0,train,0.24830027532451374,0,0.0
2022-11-29,2022,Kerala,Kannur,Taliparamba,chicken_pox,2,0,val,0.22877265202336583,0,0.0
2023-08-10,2023,Kerala,Kannur,Taliparamba,chicken_pox,3,0,val,0.1852502483695821,0,2.6874663618796715e-05
2023-09-17,2023,Kerala,Kannur,Taliparamba,chicken_pox,21,0,val,0.21235820118312332,0,0.00036280795885375566
2023-11-28,2023,Kerala,Kannur,Taliparamba,chicken_pox,932,0,test,0.693143493843521,1,0.00402805133409532
2020-01-01,2020,Kerala,Kannur,Thalassery,chicken_pox,8,0,train,0.723253158978056,1,0.0
2020-11-28,2020,Kerala,Kannur,Thalassery,chicken_pox,2,1,train,0.08903251342383482,0,0.0
2021-10-19,2021,Kerala,Kannur,Thalassery,chicken_pox,13209,0,train,0.10719481800430289,0,0.9999999983333334
2022-02-04,2022,Kerala,Kannur,Thalassery,chicken_pox,4,0,train,0.6873617171861933,1,0.0
2020-10-24,2020,Kerala,Kasaragod,Hosdurg,chicken_pox,18824,1,train,0.13978073377984523,0,0.0
2024-02-05,2024,Kerala,Kasaragod,Kasaragod,chicken_pox,3,0,test,0.06602531042686897,0,0.0
2024-09-17,2024,Kerala,Kasaragod,Kasaragod,chicken_pox,1,1,test,0.12254981157634959,0,0.0
2020-02-04,2020,Kerala,Kasaragod,Manjeshwaram,chicken_pox,11963,1,train,0.177832293089735,0,0.0
2020-09-15,2020,Kerala,Kasaragod,Manjeshwaram,chicken_pox,15,0,train,0.19608222012196458,0,0.0
2020-09-18,2020,Kerala,Kasaragod,Manjeshwaram,chicken_pox,22,0,train,0.20714013236261256,0,3.527299599967069e-05
2024-08-09,2024,Kerala,Kasaragod,Manjeshwaram,chicken_pox,10,0,test,0.4099264311143467,0,0.0
2020-10-24,2020,Kerala,Kasaragod,Vellarikundu,chicken_pox,1742,0,train,0.3339256514796924,0,0.0
2021-09-10,2021,Kerala,Kasaragod,Vellarikundu,chicken_pox,2,1,train,0.15064236946994533,0,0.0
2021-09-14,2021,Kerala,Kasaragod,Vellarikundu,chicken_pox,5330,1,train,0.1132137361675291,0,0.14611975761865206
2022-10-24,2022,Kerala,Kasaragod,Vellarikundu,chicken_pox,3226,0,train,0.10476259744791568,0,0.00024287063445413065
2024-09-13,2024,Kerala,Kasaragod,Vellarikundu,chicken_pox,16,0,test,0.1166999984484526,0,0.0
2020-11-26,2020,Kerala,Kollam,Karunagappally,chicken_pox,3390,0,train,0.2952069037914448,0,0.0
2021-08-09,2021,Kerala,Kollam,Karunagappally,chicken_pox,1,0,train,0.6894285697383666,1,0.0
2021-09-16,2021,Kerala,Kollam,Karunagappally,chicken_pox,12,0,train,0.17342020922080098,0,0.00044343194971014575
2020-09-10,2020,Kerala,Kollam,Kollam,chicken_pox,1,0,train,0.36895386203256614,0,0.0
2020-10-23,2020,Kerala,Kollam,Kollam,chicken_pox,2,1,train,0.23609866018305553,0,4.031199542819508e-05
2020-11-26,2020,Kerala,Kollam,Kollam,chicken_pox,3390,1,train,0.0385694322238065,0,0.9999999983333334
2022-09-14,2022,Kerala,Kollam,Kollam,chicken_pox,26,0,train,0.0402032572700735,0,0.0
2022-10-23,2022,Kerala,Kollam,Kollam,chicken_pox,25,0,train,0.05504884018172125,0,0.0
2024-01-02,2024,Kerala,Kollam,Kottarakkara,chicken_pox,2,1,test,0.02791095084826707,0,0.0
2020-09-18,2020,Kerala,Kollam,Kunnathoor,chicken_pox,2,0,train,0.6983653725720711,1,0.0
2020-11-28,2020,Kerala,Kollam,Kunnathoor,chicken_pox,1,1,train,0.15687852160433816,0,0.0
2021-02-05,2021,Kerala,Kollam,Punalur,chicken_pox,19,1,train,0.0705113636749493,0,0.0
2023-11-30,2023,Kerala,Kollam,Punalur,chicken_pox,8,1,test,0.07908031765925157,0,0.0
2020-10-20,2020,Kerala,Kottayam,Changanassery,chicken_pox,18489,0,train,0.2869478823460665,0,0.0
2021-09-12,2021,Kerala,Kottayam,Changanassery,chicken_pox,1,0,train,0.21932386497172682,0,0.0
2022-09-16,2022,Kerala,Kottayam,Changanassery,chicken_pox,23,1,train,0.6734628761717787,1,0.0008868638994202915
2023-09-12,2023,Kerala,Kottayam,Changanassery,chicken_pox,36638,0,val,0.6870856126404179,1,0.12548505439203653
2020-01-01,2020,Kerala,Kottayam,Kottayam,chicken_pox,7,0,train,0.7266056379114428,1,0.0
2022-09-17,2022,Kerala,Kottayam,Kottayam,chicken_pox,1,1,train,0.7141951326169511,1,0.0
2022-10-24,2022,Kerala,Kottayam,Kottayam,chicken_pox,41659,1,train,0.6973194116996158,1,0.9999999983333334
2020-09-17,2020,Kerala,Kottayam,Meenachil,chicken_pox,4,1,train,0.26772600700740673,0,0.0
2022-09-14,2022,Kerala,Kottayam,Meenachil,chicken_pox,74,0,train,0.21739592245378117,0,0.003736714695390086
2022-11-28,2022,Kerala,Kottayam,Meenachil,chicken_pox,3,0,val,0.6875330528633047,1,0.0
2021-10-23,2021,Kerala,Kottayam,Vaikom,chicken_pox,1,1,train,0.15793534676204457,0,0.0
2022-09-12,2022,Kerala,Kottayam,Vaikom,chicken_pox,62384,0,train,0.12357412469669074,0,0.9999999983333334
2022-10-21,2022,Kerala,Kottayam,Vaikom,chicken_pox,2,0,train,0.10347389268244499,0,0.0
2023-01-03,2023,Kerala,Kottayam,Vaikom,chicken_pox,152,0,val,0.1852376354384494,0,0.004031199542819507
2023-10-19,2023,Kerala,Kottayam,Vaikom,chicken_pox,209,0,val,0.15776347968205576,0,3.0036388750419854e-05
2021-01-01,2021,Kerala,Kozhikode,Koyilandy,chicken_pox,3,1,train,0.2004581466982816,0,0.0
2024-02-05,2024,Kerala,Kozhikode,Koyilandy,chicken_pox,689,1,test,0.6998412165002253,1,0.04619051975849097
2024-09-18,2024,Kerala,Kozhikode,Koyilandy,chicken_pox,12481,0,test,0.15148375117099364,0,0.021565247515576112
2021-09-11,2021,Kerala,Kozhikode,Kozhikode,chicken_pox,22,1,train,0.0833118008509774,0,0.0
2022-08-09,2022,Kerala,Kozhikode,Kozhikode,chicken_pox,15,1,train,0.6846788534115439,1,0.0
2022-08-10,2022,Kerala,Kozhikode,Kozhikode,chicken_pox,23,1,train,0.6504311119766233,1,0.0005677069073290664
2023-10-22,2023,Kerala,Kozhikode,Kozhikode,chicken_pox,277,0,test,0.3494320012221477,0,0.03516015342644339
2023-10-28,2023,Kerala,Kozhikode,Kozhikode,chicken_pox,24,0,test,0.3223056397860576,0,0.0
2021-11-27,2021,Kerala,Kozhikode,Thamarassery,chicken_pox,4,1,train,0.36910542609189956,0,0.0
2020-02-04,2020,Kerala,Kozhikode,Vadakara,chicken_pox,224,0,train,0.7128563081811222,1,0.0
2021-10-24,2021,Kerala,Kozhikode,Vadakara,chicken_pox,1,0,train,0.06910664252688042,0,0.0
2020-01-02,2020,Kerala,Malappuram,Ernad,chicken_pox,1,1,train,0.07279038837127931,0,0.0
2020-09-18,2020,Kerala,Malappuram,Ernad,chicken_pox,6,1,train,0.05239576796712081,0,0.0005795279225613556
2020-10-24,2020,Kerala,Malappuram,Ernad,chicken_pox,3465,1,train,0.07608389425495231,0,0.716596844260849
2021-01-02,2021,Kerala,Malappuram,Ernad,chicken_pox,48,0,train,0.09339968869844097,0,0.0
2022-09-11,2022,Kerala,Malappuram,Ernad,chicken_pox,2,0,train,0.1164886548511568,0,0.0
2022-10-20,2022,Kerala,Malappuram,Ernad,chicken_pox,29,0,train,0.6775171383976557,1,0.0007256159177075113
2024-08-07,2024,Kerala,Malappuram,Ernad,chicken_pox,6,0,test,0.6475225290069819,1,0.0
2020-10-23,2020,Kerala,Malappuram,Kondotty,chicken_pox,6544,1,train,0.4207207822270266,0,0.0
2021-01-03,2021,Kerala,Malappuram,Kondotty,chicken_pox,42,0,train,0.12741381946087058,0,0.0
2021-09-13,2021,Kerala,Malappuram,Kondotty,chicken_pox,179,0,train,0.15468316682598213,0,0.00025687178482152205
2021-11-27,2021,Kerala,Malappuram,Kondotty,chicken_pox,3,0,train,0.410917178737095,0,0.0
2022-11-25,2022,Kerala,Malappuram,Kondotty,chicken_pox,1,0,val,0.19713277481252164,0,0.0
2023-08-08,2023,Kerala,Malappuram,Kondotty,chicken_pox,454,0,val,0.09251354564459861,0,0.019571017617579668
2024-08-09,2024,Kerala,Malappuram,Kondotty,chicken_pox,3,0,test,0.1615234819557318,0,0.0
2024-09-10,2024,Kerala,Malappuram,Kondotty,chicken_pox,7,0,test,0.6786470419544643,1,8.062399085639016e-05
2024-09-17,2024,Kerala,Malappuram,Kondotty,chicken_pox,122,0,test,0.7162326537570226,1,0.0011666259356853282
2020-01-01,2020,Kerala,Malappuram,Nilambur,chicken_pox,4,1,train,0.7164864440739633,1,0.0
2020-09-14,2020,Kerala,Malappuram,Nilambur,chicken_pox,152,0,train,0.06680152084270011,0,0.007942598927028739
2020-09-18,2020,Kerala,Malappuram,Nilambur,chicken_pox,2,0,train,0.07360763826810546,0,0.0
2021-08-08,2021,Kerala,Malappuram,Nilambur,chicken_pox,8,1,train,0.04955013166266526,0,0.00016124798171278032
2021-10-23,2021,Kerala,Malappuram,Nilambur,chicken_pox,426,1,train,0.06677742497941724,0,0.008281308622859793
2020-08-08,2020,Kerala,Malappuram,Perinthalmanna,chicken_pox,11,0,train,0.06454875930916606,0,0.0
2020-10-20,2020,Kerala,Malappuram,Perinthalmanna,chicken_pox,1,1,train,0.0718854335406749,0,0.0
2021-09-15,2021,Kerala,Malappuram,Perinthalmanna,chicken_pox,28,0,train,0.04909992679380068,0,0.003344155919076481
2021-10-24,2021,Kerala,Malappuram,Perinthalmanna,chicken_pox,7,0,train,0.7048084770945232,1,0.0
2023-09-16,2023,Kerala,Malappuram,Perinthalmanna,chicken_pox,19,1,val,0.6630672752845781,1,0.0005532132002739633
2023-11-28,2023,Kerala,Malappuram,Perinthalmanna,chicken_pox,300,0,test,0.5906910765044174,1,0.019550102184615278
2024-01-01,2024,Kerala,Malappuram,Perinthalmanna,chicken_pox,19,0,test,0.173121421800098,0,0.0
2022-11-30,2022,Kerala,Malappuram,Ponnani,chicken_pox,10653,1,val,0.697722351791919,1,0.0
2021-01-03,2021,Kerala,Malappuram,Tirur,chicken_pox,12,1,train,0.6859462860983352,1,0.0
2022-02-04,2022,Kerala,Malappuram,Tirur,chicken_pox,33,1,train,0.5437576466095386,1,0.00042098332786061506
2022-09-15,2022,Kerala,Malappuram,Tirur,chicken_pox,25,0,train,0.2568833318432768,0,0.00010344701263370532
2023-01-02,2023,Kerala,Malappuram,Tirur,chicken_pox,36,1,val,0.3394619429517106,0,0.0007734182337426305
2023-08-07,2023,Kerala,Malappuram,Tirur,chicken_pox,943,1,val,0.31517447858392733,0,0.05465724948156517
2023-09-12,2023,Kerala,Malappuram,Tirur,chicken_pox,331,0,val,0.2542584780567126,0,0.00021184060510213485
2024-02-17,2024,Kerala,Malappuram,Tirur,chicken_pox,16,0,test,0.3044371386386953,0,0.0
2020-09-17,2020,Kerala,Malappuram,Tirurangadi,chicken_pox,1,1,train,0.3793788403521143,0,0.0
2023-09-16,2023,Kerala,Malappuram,Tirurangadi,chicken_pox,347,0,val,0.7043789076967205,1,0.0465476857106633
2023-10-23,2023,Kerala,Malappuram,Tirurangadi,chicken_pox,2,0,test,0.6555660564538545,1,0.0
2023-11-11,2023,Kerala,Malappuram,Tirurangadi,chicken_pox,17,1,test,0.6874593409190498,1,0.00040311995428195073
2020-09-16,2020,Kerala,Palakkad,Chittur,chicken_pox,29964,1,train,0.2733899636292963,0,0.0
2022-09-16,2022,Kerala,Palakkad,Chittur,chicken_pox,87,0,train,0.6784981344303661,1,0.0
2023-01-02,2023,Kerala,Palakkad,Chittur,chicken_pox,27,0,val,0.6129311469714267,1,0.0
2023-09-10,2023,Kerala,Palakkad,Chittur,chicken_pox,184,0,val,0.32723496973857613,0,0.000452070234444759
2023-09-18,2023,Kerala,Palakkad,Chittur,chicken_pox,30361,0,val,0.36537039604174054,0,0.014549237925320032
2024-09-17,2024,Kerala,Palakkad,Chittur,chicken_pox,19,0,test,0.1868030214105821,0,0.0
2020-01-02,2020,Kerala,Palakkad,Mannarkkad,chicken_pox,4,1,train,0.7094587607574181,1,0.0
2021-09-14,2021,Kerala,Palakkad,Mannarkkad,chicken_pox,41,0,train,0.7172134075303386,1,0.001957302135850656
2021-11-26,2021,Kerala,Palakkad,Mannarkkad,chicken_pox,4,0,train,0.5864396373080721,1,0.0
2021-11-27,2021,Kerala,Palakkad,Mannarkkad,chicken_pox,61,0,train,0.6833220976858105,1,0.0025301607351040705
2022-01-01,2022,Kerala,Palakkad,Mannarkkad,chicken_pox,12,0,train,0.6465052135367122,1,0.0
2022-09-15,2022,Kerala,Palakkad,Mannarkkad,chicken_pox,25,0,train,0.36026721268108836,0,9.33951349144282e-05
2020-09-18,2020,Kerala,Palakkad,Ottapalam,chicken_pox,2,1,train,0.2694423533998281,0,0.0
2021-01-01,2021,Kerala,Palakkad,Ottapalam,chicken_pox,63,0,train,0.05173269322473464,0,0.005419033934950402
2023-01-01,2023,Kerala,Palakkad,Ottapalam,chicken_pox,1,0,val,0.717104259882814,1,0.0
2020-09-15,2020,Kerala,Palakkad,Palakkad,chicken_pox,402,0,train,0.6535327930672012,1,0.0
2020-09-17,2020,Kerala,Palakkad,Palakkad,chicken_pox,5,0,train,0.4226000675113134,0,0.0
2022-09-14,2022,Kerala,Palakkad,Palakkad,chicken_pox,100,1,train,0.25691946477539446,0,0.001276546521892844
2023-02-04,2023,Kerala,Palakkad,Palakkad,chicken_pox,5315,0,val,0.39923153466694694,0,0.023356792437489428
2020-02-05,2020,Kerala,Palakkad,Pattambi,chicken_pox,210,1,train,0.2949701879529028,0,0.0
2020-08-07,2020,Kerala,Palakkad,Pattambi,chicken_pox,385,0,train,0.1150071423673615,0,0.00022271284194995904
2021-09-16,2021,Kerala,Palakkad,Pattambi,chicken_pox,22,0,train,0.272421655434292,0,0.0
2021-10-20,2021,Kerala,Palakkad,Pattambi,chicken_pox,1,0,train,0.7094434525712192,1,0.0
2022-09-18,2022,Kerala,Palakkad,Pattambi,chicken_pox,10,0,train,0.6143903118419685,1,0.00036280795885375566
2023-09-12,2023,Kerala,Palakkad,Pattambi,chicken_pox,58,0,val,0.1910517909595823,0,0.0003518137782824297
2022-10-25,2022,Kerala,Pathanamthitta,Adoor,chicken_pox,1,0,train,0.2128096302719709,0,0.0
2023-09-15,2023,Kerala,Pathanamthitta,Adoor,chicken_pox,1,1,val,0.2508489463753258,0,0.0
2021-09-16,2021,Kerala,Pathanamthitta,Konni,chicken_pox,6817,0,train,0.24692721207446178,0,0.0
2022-09-17,2022,Kerala,Pathanamthitta,Konni,chicken_pox,5,0,train,0.40139378053845187,0,0.0
2022-11-25,2022,Kerala,Pathanamthitta,Konni,chicken_pox,74,0,val,0.19915741428920503,0,0.0009271758948484867
2023-01-03,2023,Kerala,Pathanamthitta,Konni,chicken_pox,522,0,val,0.24410458700401244,0,0.00048159397204883714
2024-08-07,2024,Kerala,Pathanamthitta,Konni,chicken_pox,569,0,test,0.19824683621885592,0,7.245368203155519e-06
2024-09-11,2024,Kerala,Pathanamthitta,Konni,chicken_pox,1,0,test,0.21915677681063417,0,0.0
2020-10-22,2020,Kerala,Pathanamthitta,Kozhenchery,chicken_pox,3345,1,train,0.683141251486845,1,0.0
2021-11-25,2021,Kerala,Pathanamthitta,Kozhenchery,chicken_pox,14,0,train,0.6380773205110584,1,0.0
2020-09-10,2020,Kerala,Pathanamthitta,Mallappally,chicken_pox,1741,1,train,0.28247201853941456,0,0.0
2020-09-11,2020,Kerala,Pathanamthitta,Mallappally,chicken_pox,16,0,train,0.41715541593743694,0,0.0
2021-11-27,2021,Kerala,Pathanamthitta,Mallappally,chicken_pox,52,0,train,0.1935856642041201,0,0.0001707331571076497
2023-10-24,2023,Kerala,Pathanamthitta,Mallappally,chicken_pox,498,0,test,0.1235539578132374,0,0.0006784584890933963
2024-02-06,2024,Kerala,Pathanamthitta,Mallappally,chicken_pox,399,0,test,0.17808086334250217,0,0.0
2020-10-25,2020,Kerala,Pathanamthitta,Ranni,chicken_pox,23,0,train,0.13662669142423067,0,0.0
2021-01-03,2021,Kerala,Pathanamthitta,Ranni,chicken_pox,2,1,train,0.26970061345345214,0,0.0
2022-09-17,2022,Kerala,Pathanamthitta,Ranni,chicken_pox,27,1,train,0.17211568039090452,0,0.0013908789571969334
2023-01-03,2023,Kerala,Pathanamthitta,Ranni,chicken_pox,57,0,val,0.6950606809708677,1,0.0020882980128616117
2023-09-16,2023,Kerala,Pathanamthitta,Ranni,chicken_pox,10,0,val,0.10486867002547681,0,0.0
2021-09-16,2021,Kerala,Thiruvananthapuram,Chirayinkeezhu,chicken_pox,2,1,train,0.11321115994896155,0,0.0
2022-08-09,2022,Kerala,Thiruvananthapuram,Chirayinkeezhu,chicken_pox,12,0,train,0.1345748658611164,0,0.0008356985543185375
2022-09-14,2022,Kerala,Thiruvananthapuram,Chirayinkeezhu,chicken_pox,3,1,train,0.13157698869505072,0,0.0
2022-09-18,2022,Kerala,Thiruvananthapuram,Chirayinkeezhu,chicken_pox,6332,0,train,0.3098669876109068,0,0.930362345888238
2022-09-18,2022,Kerala,Thiruvananthapuram,Chirayinkeezhu,chicken_pox,4,0,train,0.2730232079781523,0,0.0
2023-01-03,2023,Kerala,Thiruvananthapuram,Chirayinkeezhu,chicken_pox,12,0,val,0.2741455929896211,0,0.00012899838537022422
2024-01-03,2024,Kerala,Thiruvananthapuram,Chirayinkeezhu,chicken_pox,83,0,test,0.7259664267813348,1,0.00044033102698490007
2024-10-21,2024,Kerala,Thiruvananthapuram,Chirayinkeezhu,chicken_pox,25,0,test,0.6614768079035404,1,0.0
2024-10-23,2024,Kerala,Thiruvananthapuram,Chirayinkeezhu,chicken_pox,11,0,test,0.4885057161202435,0,0.0
2020-08-08,2020,Kerala,Thiruvananthapuram,Kattakkada,chicken_pox,2,0,train,0.682870575207609,1,0.0
2021-02-04,2021,Kerala,Thiruvananthapuram,Kattakkada,chicken_pox,4,0,train,0.7160508840020671,1,0.0001167439848076568
2022-01-01,2022,Kerala,Thiruvananthapuram,Kattakkada,chicken_pox,5,0,train,0.7451013894328427,1,0.0008309981206145724
2022-09-16,2022,Kerala,Thiruvananthapuram,Kattakkada,chicken_pox,1,0,train,0.18082990550257164,0,0.0
2022-10-24,2022,Kerala,Thiruvananthapuram,Kattakkada,chicken_pox,1,1,train,0.11016291727957307,0,0.0
2023-09-16,2023,Kerala,Thiruvananthapuram,Kattakkada,chicken_pox,7743,1,val,0.6857642573528027,1,0.9999999983333334
2023-10-20,2023,Kerala,Thiruvananthapuram,Kattakkada,chicken_pox,177,0,test,0.7089536503262016,1,0.0
2020-08-07,2020,Kerala,Thiruvananthapuram,Nedumangad,chicken_pox,4,1,train,0.06930969575157711,0,0.0
2020-09-14,2020,Kerala,Thiruvananthapuram,Nedumangad,chicken_pox,28,0,train,0.09685482095574169,0,0.001256321430577547
2021-09-15,2021,Kerala,Thiruvananthapuram,Nedumangad,chicken_pox,3,0,train,0.11100541662206177,0,0.0
2022-01-02,2022,Kerala,Thiruvananthapuram,Nedumangad,chicken_pox,32,0,train,0.08135735361190424,0,0.0016527447341801865
2023-01-03,2023,Kerala,Thiruvananthapuram,Nedumangad,chicken_pox,24,0,val,0.17494639094311507,0,0.0003222112143707002
2023-09-12,2023,Kerala,Thiruvananthapuram,Nedumangad,chicken_pox,1,1,val,0.6848001755183333,1,0.0
2023-10-20,2023,Kerala,Thiruvananthapuram,Nedumangad,chicken_pox,28297,0,test,0.7367380007553815,1,0.9999999983333334
2023-10-25,2023,Kerala,Thiruvananthapuram,Nedumangad,chicken_pox,2,0,test,0.033771064334335826,0,0.0
2023-11-27,2023,Kerala,Thiruvananthapuram,Nedumangad,chicken_pox,6,0,test,0.0318673221057696,0,0.00010749865447518686
2024-01-02,2024,Kerala,Thiruvananthapuram,Nedumangad,chicken_pox,17,0,test,0.0421747379381642,0,0.00012669484277432738
2024-09-14,2024,Kerala,Thiruvananthapuram,Nedumangad,chicken_pox,106,0,test,0.07229881396616591,0,0.00039864084367881796
2020-02-06,2020,Kerala,Thiruvananthapuram,Neyyattinkara,chicken_pox,4620,1,train,0.05418840627094477,0,0.0
2020-10-20,2020,Kerala,Thiruvananthapuram,Thiruvananthapuram,chicken_pox,41,1,train,0.041395567551768764,0,0.0
2021-09-11,2021,Kerala,Thiruvananthapuram,Thiruvananthapuram,chicken_pox,63,0,train,0.044497963466847236,0,0.0001367236006132042
2021-10-25,2021,Kerala,Thiruvananthapuram,Thiruvananthapuram,chicken_pox,4,0,train,0.7735792537187866,1,0.0
2021-11-29,2021,Kerala,Thiruvananthapuram,Thiruvananthapuram,chicken_pox,1,0,train,0.7401810300272296,1,0.0
2021-11-29,2021,Kerala,Thiruvananthapuram,Thiruvananthapuram,chicken_pox,1,1,train,0.1256993322305066,0,0.0
2024-10-22,2024,Kerala,Thiruvananthapuram,Thiruvananthapuram,chicken_pox,219,1,test,0.02598002722496873,0,0.014619364114777864
2020-01-03,2020,Kerala,Thiruvananthapuram,Varkala,chicken_pox,4,0,train,0.043342662521172366,0,0.0
2020-09-11,2020,Kerala,Thiruvananthapuram,Varkala,chicken_pox,3,0,train,0.039731023270005786,0,0.0
2020-11-28,2020,Kerala,Thrissur,Chalakudy,chicken_pox,1,0,train,0.037826691177397516,0,0.0
2021-09-12,2021,Kerala,Thrissur,Chalakudy,chicken_pox,4,0,train,0.06005535297195089,0,0.0003099199589947754
2022-10-22,2022,Kerala,Thrissur,Chalakudy,chicken_pox,2,1,train,0.1615737604260061,0,0.0
2023-09-17,2023,Kerala,Thrissur,Chalakudy,chicken_pox,348,1,val,0.7322843319709514,1,0.15166960115033767
2023-10-20,2023,Kerala,Thrissur,Chalakudy,chicken_pox,397,0,test,0.15154666026391728,0,0.001626341380403543
2021-01-03,2021,Kerala,Thrissur,Chavakkad,chicken_pox,2,0,train,0.684960517273103,1,0.0
2021-02-06,2021,Kerala,Thrissur,Kodungallur,chicken_pox,5,0,train,0.5134693259492242,1,0.0
2023-02-05,2023,Kerala,Thrissur,Kodungallur,chicken_pox,4,0,val,0.4125672930835051,0,0.0
2023-02-05,2023,Kerala,Thrissur,Kodungallur,chicken_pox,1,0,val,0.5575686107153863,1,0.0
2024-01-02,2024,Kerala,Thrissur,Kodungallur,chicken_pox,4,0,test,0.5221420751086372,1,0.00029476934542645655
2020-02-06,2020,Kerala,Thrissur,Kunnamkulam,chicken_pox,14,1,train,0.4294333556404448,0,0.0
2022-01-03,2022,Kerala,Thrissur,Kunnamkulam,chicken_pox,30,0,train,0.2621771458956305,0,0.00027498289629033964
2022-09-11,2022,Kerala,Thrissur,Kunnamkulam,chicken_pox,2,1,train,0.7315515080336362,1,0.0
2022-11-28,2022,Kerala,Thrissur,Kunnamkulam,chicken_pox,72,0,val,0.5517676434296873,1,0.004714905040122275
2023-02-04,2023,Kerala,Thrissur,Kunnamkulam,chicken_pox,15,0,val,0.21372456103652582,0,0.0
2023-02-04,2023,Kerala,Thrissur,Kunnamkulam,chicken_pox,1,0,val,0.30281409457874964,0,0.0
2023-10-19,2023,Kerala,Thrissur,Kunnamkulam,chicken_pox,10,0,val,0.6905946701857544,1,0.00036280795885375566
2021-09-14,2021,Kerala,Thrissur,Mukundapuram,chicken_pox,3782,1,train,0.6193973197336554,1,0.0
2023-08-07,2023,Kerala,Thrissur,Mukundapuram,chicken_pox,15,0,val,0.7134941799270337,1,0.0
2024-02-05,2024,Kerala,Thrissur,Mukundapuram,chicken_pox,42,0,test,0.7902428088784929,1,0.00013605298457015837
2024-10-21,2024,Kerala,Thrissur,Mukundapuram,chicken_pox,109,0,test,0.027362650656147604,0,0.00012562342761344511
2021-11-25,2021,Kerala,Thrissur,Talappilly,chicken_pox,2226,1,train,0.03778550281122769,0,0.0
2021-11-27,2021,Kerala,Thrissur,Talappilly,chicken_pox,15,0,train,0.7249886393108075,1,0.0
2022-02-04,2022,Kerala,Thrissur,Talappilly,chicken_pox,3,0,train,0.6913091930137787,1,0.0
2023-11-30,2023,Kerala,Thrissur,Talappilly,chicken_pox,412,0,test,0.5809191987617929,1,0.008243803065065893
2020-09-11,2020,Kerala,Thrissur,Thrissur,chicken_pox,2,1,train,0.5321723238617444,1,0.0
2020-10-25,2020,Kerala,Thrissur,Thrissur,chicken_pox,26,1,train,0.08475416123592305,0,0.0020938690509625787
2021-01-03,2021,Kerala,Thrissur,Thrissur,chicken_pox,11,1,train,0.6771696760608799,1,0.0
2021-11-30,2021,Kerala,Thrissur,Thrissur,chicken_pox,108,0,train,0.540479689578153,1,0.006173651804406782
2022-09-11,2022,Kerala,Thrissur,Thrissur,chicken_pox,2,1,train,0.4837178153304895,0,0.0
2023-09-14,2023,Kerala,Thrissur,Thrissur,chicken_pox,533,0,val,0.5972526587870042,1,0.02284626817089461
2020-09-18,2020,Kerala,Wayanad,Mananthavady,chicken_pox,34,1,train,0.35342059814097904,0,0.0
2020-11-30,2020,Kerala,Wayanad,Mananthavady,chicken_pox,6,1,train,0.0437396239910351,0,0.0
2021-01-01,2021,Kerala,Wayanad,Mananthavady,chicken_pox,1553,1,train,0.2366524135717308,0,0.07363232902761004
2021-09-11,2021,Kerala,Wayanad,Mananthavady,chicken_pox,63,0,train,0.684404070996322,1,0.0
2022-10-25,2022,Kerala,Wayanad,Mananthavady,chicken_pox,1,0,train,0.7096778342988023,1,0.0
2020-02-05,2020,Kerala,Wayanad,Sulthan Bathery,chicken_pox,3,1,train,0.593614581724827,1,0.0
2020-10-19,2020,Kerala,Wayanad,Sulthan Bathery,chicken_pox,452,1,train,0.45653062090955887,0,0.030216247917171094
2020-10-25,2020,Kerala,Wayanad,Sulthan Bathery,chicken_pox,13,1,train,0.08155832750224835,0,0.0
2021-01-03,2021,Kerala,Wayanad,Sulthan Bathery,chicken_pox,3529,0,train,0.08879081465161942,0,0.03144788118432227
2022-02-05,2022,Kerala,Wayanad,Sulthan Bathery,chicken_pox,38,0,train,0.7106688788289397,1,0.0
2022-02-05,2022,Kerala,Wayanad,Sulthan Bathery,chicken_pox,7,0,train,0.18417838352526686,0,0.0
2020-09-11,2020,Kerala,Wayanad,Vythiri,chicken_pox,3390,1,train,0.11040947099145575,0,0.0
2021-08-08,2021,Kerala,Wayanad,Vythiri,chicken_pox,2226,0,train,0.23358908867961165,0,0.0
2022-02-06,2022,Kerala,Wayanad,Vythiri,chicken_pox,54,0,train,0.15023577168587876,0,0.0
2022-09-15,2022,Kerala,Wayanad,Vythiri,chicken_pox,1,1,train,0.7019507994782986,1,0.0
2024-09-13,2024,Kerala,Wayanad,Vythiri,chicken_pox,40072,0,test,0.26652138904333694,0,0.5176800404642751
2024-09-17,2024,Kerala,Wayanad,Vythiri,chicken_pox,1,0,test,0.15744496168348002,0,0.0
2020-05-02,2020,Kerala,Alappuzha,Chenganoor,chikungunya,4,0,train,0.17870784830628772,0,0.0
2022-09-24,2022,Kerala,Ernakulam,Aluva,chikungunya,17096,1,train,0.13859300203389638,0,0.0
2024-05-01,2024,Kerala,Ernakulam,Aluva,chikungunya,26470,0,test,0.7117283441121355,1,0.0001478104969585549
2021-09-23,2021,Kerala,Ernakulam,Kanayannur,chikungunya,5529,1,train,0.5825217457699647,1,0.0
2023-05-15,2023,Kerala,Ernakulam,North Paravur,chikungunya,1,0,val,0.11375810716677058,0,0.0
2021-05-02,2021,Kerala,Idukki,Devikulam,chikungunya,62,1,train,0.20351059747435662,0,0.0
2021-09-17,2021,Kerala,Idukki,Idukki,chikungunya,3,1,train,0.29780398105422223,0,0.0
2020-05-12,2020,Kerala,Kannur,Taliparamba,chikungunya,3,1,train,0.24437735987183104,0,0.0
2021-05-10,2021,Kerala,Kasaragod,Manjeshwaram,chikungunya,112,1,train,0.2819059751102125,0,0.0
2021-05-02,2021,Kerala,Kollam,Kollam,chikungunya,2,1,train,0.26550338139501184,0,0.0
2020-09-29,2020,Kerala,Kollam,Kunnathoor,chikungunya,5,1,train,0.2382810247055219,0,0.0
2020-05-16,2020,Kerala,Kollam,Pathanapuram,chikungunya,8,1,train,0.71578257149577,1,0.0
2021-09-19,2021,Kerala,Kollam,Pathanapuram,chikungunya,29,1,train,0.723849794236119,1,0.0006080870291319995
2021-09-17,2021,Kerala,Kollam,Punalur,chikungunya,72,1,train,0.682367389606068,1,0.0
2023-09-29,2023,Kerala,Kollam,Punalur,chikungunya,18,0,val,0.43478165759934356,0,0.0
2022-09-16,2022,Kerala,Kottayam,Kanjirappally,chikungunya,36658,1,train,0.4171639334039927,0,0.0
2023-09-21,2023,Kerala,Kottayam,Kanjirappally,chikungunya,28298,0,val,0.4499962928114652,0,0.0
2024-05-11,2024,Kerala,Kottayam,Kanjirappally,chikungunya,10,0,test,0.09144115335738837,0,0.0
2021-09-16,2021,Kerala,Kottayam,Vaikom,chikungunya,60,0,train,0.07038026588499559,0,0.0
2023-09-25,2023,Kerala,Kottayam,Vaikom,chikungunya,3,0,val,0.6639846445538413,1,0.0
2022-09-30,2022,Kerala,Malappuram,Kondotty,chikungunya,2,0,train,0.6245672899498316,1,0.0
2021-05-01,2021,Kerala,Malappuram,Nilambur,chikungunya,4,1,train,0.6267498020823998,1,0.0
2021-05-07,2021,Kerala,Malappuram,Nilambur,chikungunya,18,1,train,0.7136027723267856,1,0.0007171055034443867
2023-09-27,2023,Kerala,Palakkad,Chittur,chikungunya,127,1,val,0.12993960567890686,0,0.0
2020-05-07,2020,Kerala,Palakkad,Mannarkkad,chikungunya,1606,1,train,0.37608474123240654,0,0.0
2021-05-06,2021,Kerala,Palakkad,Pattambi,chikungunya,152,0,train,0.6995288081366249,1,0.0
2020-05-13,2020,Kerala,Pathanamthitta,Adoor,chikungunya,120,1,train,0.09963136705503567,0,0.0
2022-05-05,2022,Kerala,Pathanamthitta,Adoor,chikungunya,76,0,train,0.033657893226221224,0,0.0
2024-05-12,2024,Kerala,Pathanamthitta,Adoor,chikungunya,23,0,test,0.05099552146968374,0,0.0
2021-05-01,2021,Kerala,Thiruvananthapuram,Neyyattinkara,chikungunya,108,0,train,0.06450423980124864,0,0.0
2023-05-11,2023,Kerala,Thiruvananthapuram,Neyyattinkara,chikungunya,1,0,val,0.0598011133913512,0,0.0
2020-05-04,2020,Kerala,Thrissur,Chavakkad,chikungunya,3346,1,train,0.10095138249852413,0,0.0
2020-05-07,2020,Kerala,Thrissur,Chavakkad,chikungunya,7,0,train,0.6753956005729032,1,0.0
2021-09-24,2021,Kerala,Thrissur,Mukundapuram,chikungunya,5,0,train,0.2708697340779322,0,0.0
2020-09-26,2020,Kerala,Wayanad,Mananthavady,chikungunya,16,1,train,0.22890290625363874,0,0.0
2020-09-30,2020,Kerala,Wayanad,Mananthavady,chikungunya,91,0,train,0.19966405776134388,0,0.001178330193810784
2023-05-03,2023,Kerala,Wayanad,Mananthavady,chikungunya,3,0,val,0.25135589166532485,0,0.0
2023-05-02,2023,Kerala,Alappuzha,Chenganoor,cholera,187,1,val,0.3446411785213316,0,0.0
2023-08-15,2023,Kerala,Alappuzha,Kuttanad,cholera,290,1,val,0.690538174741712,1,0.0
2023-11-21,2023,Kerala,Alappuzha,Kuttanad,cholera,30716,0,test,0.7376598910104601,1,0.028188669812728738
2024-05-04,2024,Kerala,Alappuzha,Kuttanad,cholera,84,0,test,0.0536378997305407,0,0.0
2023-08-09,2023,Kerala,Ernakulam,Aluva,cholera,31,1,val,0.1998141918875035,0,0.0
2024-08-12,2024,Kerala,Kasaragod,Manjeshwaram,cholera,1,1,test,0.7064536255190399,1,0.0
2020-11-20,2020,Kerala,Kasaragod,Nileshwaram,cholera,252,1,train,0.7093280125416254,1,0.0
2023-08-10,2023,Kerala,Kasaragod,Nileshwaram,cholera,52,0,val,0.6884454042463297,1,0.0
2024-08-09,2024,Kerala,Kollam,Punalur,cholera,546,1,test,0.6902555805082353,1,0.0
2024-05-02,2024,Kerala,Malappuram,Nilambur,cholera,2,1,test,0.6974987405500788,1,0.0
2023-08-14,2023,Kerala,Palakkad,Chittur,cholera,292,1,val,0.5902861312575284,1,0.0
2023-08-10,2023,Kerala,Palakkad,Ottapalam,cholera,1,1,val,0.36926389104321955,0,0.0
2020-03-01,2020,Kerala,Alappuzha,Ambalappuzha,dengue,9,0,train,0.707681271551228,1,0.0
2020-10-19,2020,Kerala,Alappuzha,Ambalappuzha,dengue,1,1,train,0.568533221602818,1,0.0
2020-11-28,2020,Kerala,Alappuzha,Ambalappuzha,dengue,14894,1,train,0.2787590678387951,0,0.9999999983333334
2020-11-28,2020,Kerala,Alappuzha,Ambalappuzha,dengue,291,0,train,0.6944301018920932,1,0.0
2021-02-01,2021,Kerala,Alappuzha,Ambalappuzha,dengue,5,0,train,0.6900893736731005,1,0.0
2021-05-03,2021,Kerala,Alappuzha,Ambalappuzha,dengue,6,0,train,0.6410969229149619,1,1.3437331809398353e-05
2021-09-15,2021,Kerala,Alappuzha,Ambalappuzha,dengue,1553,0,train,0.07635505619285197,0,0.017817901979262224
2021-11-24,2021,Kerala,Alappuzha,Ambalappuzha,dengue,39,0,train,0.6662136050151211,1,0.0
2021-11-28,2021,Kerala,Alappuzha,Ambalappuzha,dengue,6,0,train,0.12083045840599542,0,0.0
2022-07-07,2022,Kerala,Alappuzha,Ambalappuzha,dengue,46,0,train,0.09351849961337648,0,0.00046070851917937223
2022-10-16,2022,Kerala,Alappuzha,Ambalappuzha,dengue,1,0,train,0.11302612734290797,0,0.0
2022-11-28,2022,Kerala,Alappuzha,Ambalappuzha,dengue,11,0,val,0.6988892841274409,1,0.00040311995428195073
2023-08-10,2023,Kerala,Alappuzha,Ambalappuzha,dengue,1,0,val,0.0884610219675206,0,0.0
2023-10-19,2023,Kerala,Alappuzha,Ambalappuzha,dengue,5,0,val,0.08302982768451024,0,0.00016124798171278032
2023-11-24,2023,Kerala,Alappuzha,Ambalappuzha,dengue,31,0,test,0.10408795392886723,0,0.0012255690459734207
2023-12-30,2023,Kerala,Alappuzha,Ambalappuzha,dengue,2,0,test,0.0571152155029353,0,0.0
2020-10-21,2020,Kerala,Alappuzha,Chenganoor,dengue,1,1,train,0.6812317784788959,1,0.0
2021-06-04,2021,Kerala,Alappuzha,Chenganoor,dengue,86,0,train,0.5935358835321064,1,0.011363846465224566
2021-09-13,2021,Kerala,Alappuzha,Chenganoor,dengue,1,0,train,0.7217711184973458,1,0.0
2021-09-14,2021,Kerala,Alappuzha,Chenganoor,dengue,108,0,train,0.3193939426240377,0,0.005667362969575608
2022-06-04,2022,Kerala,Alappuzha,Chenganoor,dengue,19,1,train,0.36834195802765757,0,0.0
2023-03-01,2023,Kerala,Alappuzha,Chenganoor,dengue,969,0,val,0.26347765332006257,0,0.01696501912438477
2023-10-15,2023,Kerala,Alappuzha,Chenganoor,dengue,1,1,val,0.06634271387113974,0,0.0
2023-10-19,2023,Kerala,Alappuzha,Chenganoor,dengue,5315,0,val,0.7264193201400941,1,0.22553750293425162
2023-10-21,2023,Kerala,Alappuzha,Chenganoor,dengue,3,0,test,0.17089015112639303,0,0.0
2020-06-05,2020,Kerala,Alappuzha,Cherthala,dengue,252,1,train,0.14570770180599285,0,0.0
2020-07-08,2020,Kerala,Alappuzha,Cherthala,dengue,24,0,train,0.1446252142107883,0,0.0
2020-12-30,2020,Kerala,Alappuzha,Cherthala,dengue,151,0,train,0.6681291375279335,1,0.00046965326157640805
2023-07-07,2023,Kerala,Alappuzha,Cherthala,dengue,2,0,val,0.1989643524783887,0,0.0
2023-09-12,2023,Kerala,Alappuzha,Cherthala,dengue,75,0,val,0.7208166593110908,1,0.0019618504441721598
2023-12-30,2023,Kerala,Alappuzha,Cherthala,dengue,34,0,test,0.6027127419840043,1,0.0
2023-12-31,2023,Kerala,Alappuzha,Cherthala,dengue,2,0,test,0.22115840689796337,0,0.0
2024-10-21,2024,Kerala,Alappuzha,Cherthala,dengue,28,0,test,0.36204621199164444,0,0.0006987412540887146
2020-02-01,2020,Kerala,Alappuzha,Karthikappally,dengue,344,0,train,0.4596048091897938,0,0.0
2021-10-16,2021,Kerala,Alappuzha,Karthikappally,dengue,1,0,train,0.32096123270123755,0,0.0
2021-11-27,2021,Kerala,Alappuzha,Karthikappally,dengue,1,0,train,0.26028019655234547,0,0.0
2021-11-28,2021,Kerala,Alappuzha,Karthikappally,dengue,1,0,train,0.7203146875655668,1,0.0
2022-10-21,2022,Kerala,Alappuzha,Karthikappally,dengue,3,0,train,0.7305613132572136,1,8.062399085639016e-05
2022-11-27,2022,Kerala,Alappuzha,Karthikappally,dengue,1,1,val,0.09521066056064877,0,0.0
2023-07-07,2023,Kerala,Alappuzha,Karthikappally,dengue,10480,0,val,0.11567595698965395,0,0.9628727216876437
2023-08-19,2023,Kerala,Alappuzha,Karthikappally,dengue,9,1,val,0.11529023024876285,0,0.0
2023-09-12,2023,Kerala,Alappuzha,Karthikappally,dengue,17506,0,val,0.086652085584633,0,0.14451593972102333
2023-11-25,2023,Kerala,Alappuzha,Karthikappally,dengue,183,0,test,0.6719816590478702,1,0.0
2024-05-02,2024,Kerala,Alappuzha,Karthikappally,dengue,298,0,test,0.687657018067137,1,5.038999428524384e-05
2020-02-01,2020,Kerala,Alappuzha,Kuttanad,dengue,1,0,train,0.7257911762540491,1,0.0
2020-09-13,2020,Kerala,Alappuzha,Kuttanad,dengue,1,1,train,0.4841060615229131,0,0.0
2020-10-16,2020,Kerala,Alappuzha,Kuttanad,dengue,8,1,train,0.08317026413938629,0,0.004648697315763434
2020-11-24,2020,Kerala,Alappuzha,Kuttanad,dengue,3465,1,train,0.10198588105590702,0,0.6468194685681464
2020-11-25,2020,Kerala,Alappuzha,Kuttanad,dengue,3130,0,train,0.719191811557361,1,0.0012002527632230945
2020-11-26,2020,Kerala,Alappuzha,Kuttanad,dengue,3,1,train,0.06875839172290697,0,0.0
2021-10-22,2021,Kerala,Alappuzha,Kuttanad,dengue,13209,0,train,0.12918467572102016,0,0.27135753127236195
2021-11-28,2021,Kerala,Alappuzha,Kuttanad,dengue,1,0,train,0.7152210406037358,1,0.0
2022-09-11,2022,Kerala,Alappuzha,Kuttanad,dengue,2,0,train,0.6394349710286185,1,4.031199542819508e-05
2022-09-11,2022,Kerala,Alappuzha,Kuttanad,dengue,1,0,train,0.6941922723808157,1,0.0
2022-10-23,2022,Kerala,Alappuzha,Kuttanad,dengue,555,0,train,0.6398620830551716,1,0.02233284546722007
2023-12-31,2023,Kerala,Alappuzha,Kuttanad,dengue,4,0,test,0.48217517089985107,0,0.0
2020-11-24,2020,Kerala,Alappuzha,Mavelikkara,dengue,76,1,train,0.6824025887071409,1,0.0
2021-10-18,2021,Kerala,Alappuzha,Mavelikkara,dengue,75,0,train,0.6634424673603989,1,0.0
2021-10-22,2021,Kerala,Alappuzha,Mavelikkara,dengue,18,1,train,0.4249863814214722,0,0.0
2022-10-17,2022,Kerala,Alappuzha,Mavelikkara,dengue,3500,0,train,0.5492826388682238,1,0.08242215591891242
2023-11-24,2023,Kerala,Alappuzha,Mavelikkara,dengue,3,0,test,0.700146315734814,1,0.0
2020-07-06,2020,Kerala,Ernakulam,Aluva,dengue,1,1,train,0.7103400931457294,1,0.0
2020-08-11,2020,Kerala,Ernakulam,Aluva,dengue,200,1,train,0.6791820121874477,1,0.02673150038851964
2020-10-19,2020,Kerala,Ernakulam,Aluva,dengue,43,0,train,0.6837998568613437,1,0.0
2020-11-26,2020,Kerala,Ernakulam,Aluva,dengue,1,0,train,0.24067176707742471,0,0.0
2020-12-30,2020,Kerala,Ernakulam,Aluva,dengue,1,0,train,0.10724706071326218,0,0.0
2022-09-12,2022,Kerala,Ernakulam,Aluva,dengue,74,0,train,0.12568627229937535,0,0.0031345399636377304
2023-06-05,2023,Kerala,Ernakulam,Aluva,dengue,6,0,val,0.12324101073814438,0,0.0
2023-06-24,2023,Kerala,Ernakulam,Aluva,dengue,25,1,val,0.11841416619471117,0,0.000249601379376977
2023-07-07,2023,Kerala,Ernakulam,Aluva,dengue,82731,0,val,0.7159069766989913,1,0.9999999983333334
2023-09-13,2023,Kerala,Ernakulam,Aluva,dengue,3,0,val,0.7629450722780149,1,0.0
2023-10-28,2023,Kerala,Ernakulam,Aluva,dengue,8,0,test,0.08560605629736971,0,0.00010077998857048768
2023-11-22,2023,Kerala,Ernakulam,Aluva,dengue,8,0,test,0.10786171283104949,0,0.0
2024-03-01,2024,Kerala,Ernakulam,Aluva,dengue,8,0,test,0.10508392244690175,0,0.0
2024-06-05,2024,Kerala,Ernakulam,Aluva,dengue,122,0,test,0.6927197569408375,1,0.0038072267506935294
2024-08-11,2024,Kerala,Ernakulam,Aluva,dengue,966,0,test,0.14505887264076084,0,0.005232467947091245
2021-10-15,2021,Kerala,Ernakulam,Kanayannur,dengue,8,0,train,0.07242192906669366,0,0.0
2023-08-08,2023,Kerala,Ernakulam,Kanayannur,dengue,1,1,val,0.08295009780872901,0,0.0
2023-08-09,2023,Kerala,Ernakulam,Kanayannur,dengue,29,0,val,0.20873547026722242,0,0.004622908498726752
2023-09-12,2023,Kerala,Ernakulam,Kanayannur,dengue,4,0,val,0.15044935619634542,0,0.0
2023-10-21,2023,Kerala,Ernakulam,Kanayannur,dengue,29,1,test,0.027439732011870985,0,0.0014837445432081028
2020-05-03,2020,Kerala,Ernakulam,Kochi,dengue,73,0,train,0.7340376628884081,1,0.0
2020-10-21,2020,Kerala,Ernakulam,Kochi,dengue,3,0,train,0.6937328701084993,1,0.0
2020-12-31,2020,Kerala,Ernakulam,Kochi,dengue,9,0,train,0.6319720765718861,1,0.00012093598628458523
2021-09-12,2021,Kerala,Ernakulam,Kochi,dengue,17,0,train,0.6626785564113723,1,6.449919268511211e-05
2021-12-31,2021,Kerala,Ernakulam,Kochi,dengue,24,0,train,0.6666904752774176,1,3.13537742219295e-05
2022-08-08,2022,Kerala,Ernakulam,Kochi,dengue,3,0,train,0.5714679622080034,1,0.0
2022-11-24,2022,Kerala,Ernakulam,Kochi,dengue,25,1,val,0.6443581389996044,1,0.0006576045718493965
2023-10-18,2023,Kerala,Ernakulam,Kochi,dengue,39554,1,val,0.6917794640033168,1,0.9999999983333334
2023-11-23,2023,Kerala,Ernakulam,Kochi,dengue,5726,0,test,0.21966030877204687,0,2.9612217093771247e-05
2023-11-24,2023,Kerala,Ernakulam,Kochi,dengue,2,1,test,0.7180170394296694,1,0.0
2024-10-22,2024,Kerala,Ernakulam,Kochi,dengue,36399,0,test,0.667313623853333,1,0.5018091716106216
2024-11-24,2024,Kerala,Ernakulam,Kochi,dengue,40,0,test,0.594846420883881,1,0.0
2020-09-11,2020,Kerala,Ernakulam,Kothamangalam,dengue,18,1,train,0.5643630840656128,1,0.0
2020-10-21,2020,Kerala,Ernakulam,Kothamangalam,dengue,346,1,train,0.6978355674720349,1,0.00464433831984885
2020-11-25,2020,Kerala,Ernakulam,Kothamangalam,dengue,263,0,train,0.6316849174235355,1,0.00027218244944724693
2022-05-03,2022,Kerala,Ernakulam,Kothamangalam,dengue,82,0,train,0.6157135827426247,1,0.0
2022-11-28,2022,Kerala,Ernakulam,Kothamangalam,dengue,7,1,val,0.5257868132528394,1,0.0
2023-03-01,2023,Kerala,Ernakulam,Kothamangalam,dengue,50335,0,val,0.4916637202382659,0,0.7322539618670655
2023-10-19,2023,Kerala,Ernakulam,Kothamangalam,dengue,27,0,val,0.2580655843276722,0,0.0
2023-11-25,2023,Kerala,Ernakulam,Kothamangalam,dengue,1,0,test,0.7321939232607503,1,0.0
2023-12-31,2023,Kerala,Ernakulam,Kothamangalam,dengue,1,0,test,0.6751454916238537,1,0.0
2024-08-09,2024,Kerala,Ernakulam,Kothamangalam,dengue,7,0,test,0.22016677113834024,0,0.00024187197256917046
2024-09-12,2024,Kerala,Ernakulam,Kothamangalam,dengue,49,0,test,0.2141487710630473,0,0.0011603134455657898
2024-10-19,2024,Kerala,Ernakulam,Kothamangalam,dengue,11,0,test,0.6868867749577913,1,0.0
2024-11-24,2024,Kerala,Ernakulam,Kothamangalam,dengue,5,0,test,0.6324315875635793,1,0.0
2020-10-22,2020,Kerala,Ernakulam,Kunnathunad,dengue,4,1,train,0.7320571539373598,1,0.0
2021-10-17,2021,Kerala,Ernakulam,Kunnathunad,dengue,57,0,train,0.644622533092356,1,0.002820047619263713
2021-10-22,2021,Kerala,Ernakulam,Kunnathunad,dengue,4,0,train,0.2782829182786613,0,0.0
2022-10-16,2022,Kerala,Ernakulam,Kunnathunad,dengue,40,1,train,0.3166229522448136,0,0.0010502181910647967
2022-10-19,2022,Kerala,Ernakulam,Kunnathunad,dengue,771,0,train,0.23535572466435842,0,0.021785336370849614
2022-11-27,2022,Kerala,Ernakulam,Kunnathunad,dengue,5,0,val,0.4217970709950824,0,0.0
2023-09-12,2023,Kerala,Ernakulam,Kunnathunad,dengue,67,0,val,0.684173101756385,1,0.0008331145721826982
2023-10-07,2023,Kerala,Ernakulam,Kunnathunad,dengue,51,0,val,0.6859121188592593,1,0.0
2023-10-18,2023,Kerala,Ernakulam,Kunnathunad,dengue,559,0,val,0.7092823810383839,1,0.0019675068518925395
2023-11-23,2023,Kerala,Ernakulam,Kunnathunad,dengue,6,0,test,0.07271332784750628,0,0.0
2023-11-23,2023,Kerala,Ernakulam,Kunnathunad,dengue,1,0,test,0.6971830913726543,1,0.0
2024-07-08,2024,Kerala,Ernakulam,Kunnathunad,dengue,557,0,test,0.6885628563114063,1,0.02375561583086535
2020-02-01,2020,Kerala,Ernakulam,Muvattupuzha,dengue,8,0,train,0.34866683845318197,0,0.0
2020-08-08,2020,Kerala,Ernakulam,Muvattupuzha,dengue,5,1,train,0.20016357186109565,0,0.0
2020-09-13,2020,Kerala,Ernakulam,Muvattupuzha,dengue,10,0,train,0.12223621192152967,0,0.0010257465340937598
2020-10-23,2020,Kerala,Ernakulam,Muvattupuzha,dengue,2,1,train,0.7317970867062712,1,0.0
2021-07-08,2021,Kerala,Ernakulam,Muvattupuzha,dengue,108,1,train,0.35557513657524004,0,0.021254751138878883
2021-11-25,2021,Kerala,Ernakulam,Muvattupuzha,dengue,107,0,train,0.2663984493834262,0,0.0013949637694201473
2021-11-25,2021,Kerala,Ernakulam,Muvattupuzha,dengue,5,0,train,0.25322923398622466,0,0.0
2022-05-02,2022,Kerala,Ernakulam,Muvattupuzha,dengue,25,0,train,0.7019747087994607,1,0.0002687466361879671
2022-10-19,2022,Kerala,Ernakulam,Muvattupuzha,dengue,10,0,train,0.10141669462571633,0,0.0
2022-11-28,2022,Kerala,Ernakulam,Muvattupuzha,dengue,11,0,val,0.6580756941482343,1,7.329453714217285e-06
2023-08-26,2023,Kerala,Ernakulam,Muvattupuzha,dengue,21,0,val,0.7057248841786482,1,0.0001668327537487284
2023-09-11,2023,Kerala,Ernakulam,Muvattupuzha,dengue,6,0,val,0.715307500070674,1,0.0
2023-10-20,2023,Kerala,Ernakulam,Muvattupuzha,dengue,1,0,test,0.6448982788181378,1,0.0
2023-10-21,2023,Kerala,Ernakulam,Muvattupuzha,dengue,14,0,test,0.7295746086029012,1,0.000581190629990547
2023-11-26,2023,Kerala,Ernakulam,Muvattupuzha,dengue,30,1,test,0.7153490381580443,1,0.0004834851167807084
2023-12-30,2023,Kerala,Ernakulam,Muvattupuzha,dengue,98,0,test,0.10574002915436781,0,0.002485505909579653
2024-03-09,2024,Kerala,Ernakulam,Muvattupuzha,dengue,86,0,test,0.16999903331165375,0,0.001062466377039671
2020-05-03,2020,Kerala,Ernakulam,North Paravur,dengue,6,1,train,0.7310136810269683,1,0.0
2020-11-26,2020,Kerala,Ernakulam,North Paravur,dengue,3129,1,train,0.11981223943760393,0,0.12025666946367428
2021-10-16,2021,Kerala,Ernakulam,North Paravur,dengue,40,0,train,0.1473660610341383,0,0.0
2022-09-12,2022,Kerala,Ernakulam,North Paravur,dengue,22,0,train,0.09983262958756417,0,0.0
2023-05-04,2023,Kerala,Ernakulam,North Paravur,dengue,2,0,val,0.11776307452966239,0,0.0
2023-09-13,2023,Kerala,Ernakulam,North Paravur,dengue,1,0,val,0.4058192826184503,0,0.0
2023-09-13,2023,Kerala,Ernakulam,North Paravur,dengue,61,0,val,0.3178435630516625,0,0.00289802690285523
2023-10-16,2023,Kerala,Ernakulam,North Paravur,dengue,345,0,val,0.7279021609748908,1,0.0030780801691129645
2020-05-02,2020,Kerala,Idukki,Devikulam,dengue,207,1,train,0.670796997391799,1,0.0
2020-10-15,2020,Kerala,Idukki,Devikulam,dengue,8,0,train,0.2286308990380247,0,0.0
2020-11-23,2020,Kerala,Idukki,Devikulam,dengue,4,0,train,0.2690756401141699,0,0.0
2020-11-25,2020,Kerala,Idukki,Devikulam,dengue,14,0,train,0.6905471138978964,1,0.00016124798171278032
2020-11-27,2020,Kerala,Idukki,Devikulam,dengue,46,0,train,0.526737095949231,1,0.00017199784716029896
2021-06-05,2021,Kerala,Idukki,Devikulam,dengue,1,0,train,0.3114622197704936,0,0.0
2021-07-07,2021,Kerala,Idukki,Devikulam,dengue,8,0,train,0.7190171525080656,1,0.0002821839679973655
2021-08-10,2021,Kerala,Idukki,Devikulam,dengue,14,1,train,0.14365088548067026,0,5.374932723759343e-05
2021-09-13,2021,Kerala,Idukki,Devikulam,dengue,2543,0,train,0.07015228777966384,0,0.059220397336367525
2021-10-23,2021,Kerala,Idukki,Devikulam,dengue,2,0,train,0.6817737581386658,1,0.0
2022-06-05,2022,Kerala,Idukki,Devikulam,dengue,2,0,train,0.7158216479388093,1,0.0
2022-07-06,2022,Kerala,Idukki,Devikulam,dengue,25,0,train,0.09382871527564075,0,0.0006181172632323245
2022-09-11,2022,Kerala,Idukki,Devikulam,dengue,49,0,train,0.2127994219160809,0,7.44221454058986e-05
2022-09-12,2022,Kerala,Idukki,Devikulam,dengue,3,1,train,0.7171930537728711,1,0.0
2023-05-03,2023,Kerala,Idukki,Devikulam,dengue,2052,1,val,0.6865951890627211,1,0.06128402244737078
2023-08-08,2023,Kerala,Idukki,Devikulam,dengue,10480,0,val,0.55366514200103,1,0.010698134918430824
2023-10-21,2023,Kerala,Idukki,Devikulam,dengue,16,0,test,0.5293986083891341,1,0.0
2024-02-01,2024,Kerala,Idukki,Devikulam,dengue,134,0,test,0.7078561456791403,1,0.0005596253482972963
2024-05-03,2024,Kerala,Idukki,Devikulam,dengue,1,0,test,0.6957019276516492,1,0.0
2024-08-09,2024,Kerala,Idukki,Devikulam,dengue,101,0,test,0.0768069063983902,0,0.004031199542819507
2020-06-04,2020,Kerala,Idukki,Idukki,dengue,66,0,train,0.09359250347124709,0,0.0
2020-06-06,2020,Kerala,Idukki,Idukki,dengue,1,0,train,0.09162079513613784,0,0.0
2020-10-20,2020,Kerala,Idukki,Idukki,dengue,42,1,train,0.1278015745634774,0,0.0017942573202498209
2021-09-11,2021,Kerala,Idukki,Idukki,dengue,23701,0,train,0.1159780723409686,0,0.5549493638470838
2021-12-31,2021,Kerala,Idukki,Idukki,dengue,40,0,train,0.7060617554993937,1,0.0
2022-05-02,2022,Kerala,Idukki,Idukki,dengue,3,0,train,0.6550364172140307,1,0.0
2022-05-03,2022,Kerala,Idukki,Idukki,dengue,319,0,train,0.6975727594847559,1,0.0063692952776548215
2022-08-10,2022,Kerala,Idukki,Idukki,dengue,27,0,train,0.6779947771593854,1,0.0
2023-05-02,2023,Kerala,Idukki,Idukki,dengue,6,0,val,0.4321585784687705,0,0.0
2023-10-15,2023,Kerala,Idukki,Idukki,dengue,291,0,val,0.37111756648611915,0,0.0037063144889349304
2023-11-23,2023,Kerala,Idukki,Idukki,dengue,17,0,test,0.671946063080171,1,0.0
2023-11-25,2023,Kerala,Idukki,Idukki,dengue,27,0,test,0.6269062128034326,1,4.479110603132786e-05
2023-11-28,2023,Kerala,Idukki,Idukki,dengue,27,0,test,0.28693906648254924,0,0.0
2024-11-25,2024,Kerala,Idukki,Idukki,dengue,40,0,test,0.3888792934612265,0,3.7432567183324e-05
2020-06-05,2020,Kerala,Idukki,Peerumade,dengue,148,1,train,0.6870854984796773,1,0.0
2020-08-09,2020,Kerala,Idukki,Peerumade,dengue,24,0,train,0.7211424266802718,1,0.0
2021-02-01,2021,Kerala,Idukki,Peerumade,dengue,57,0,train,0.6011316054744674,1,0.000106423667930435
2021-05-02,2021,Kerala,Idukki,Peerumade,dengue,39,0,train,0.6919462439455571,1,0.0
2021-11-24,2021,Kerala,Idukki,Peerumade,dengue,1,1,train,0.19933819636282618,0,0.0
2021-11-27,2021,Kerala,Idukki,Peerumade,dengue,7863,0,train,0.7212075363912434,1,0.43928938730976275
2022-12-30,2022,Kerala,Idukki,Peerumade,dengue,3,0,val,0.08355722040006665,0,0.0
2023-07-06,2023,Kerala,Idukki,Peerumade,dengue,3053,0,val,0.6834882721907303,1,0.06192587495010763
2023-09-14,2023,Kerala,Idukki,Peerumade,dengue,4,0,val,0.41987355312329455,0,0.0
2023-09-30,2023,Kerala,Idukki,Peerumade,dengue,8,0,val,0.6658859247194729,1,6.449919268511211e-05
2023-10-16,2023,Kerala,Idukki,Peerumade,dengue,6,0,val,0.6165364149907462,1,0.0
2024-03-01,2024,Kerala,Idukki,Peerumade,dengue,6,0,test,0.6528220026721431,1,0.0
2021-05-03,2021,Kerala,Idukki,Thodupuzha,dengue,1,0,train,0.6966333553272421,1,0.0
2021-10-17,2021,Kerala,Idukki,Thodupuzha,dengue,4,0,train,0.16346230401795586,0,0.0003099199589947754
2021-10-19,2021,Kerala,Idukki,Thodupuzha,dengue,2,1,train,0.09822108600991095,0,0.0
2022-09-12,2022,Kerala,Idukki,Thodupuzha,dengue,531,1,train,0.6939630155802609,1,0.23199054486142592
2022-11-27,2022,Kerala,Idukki,Thodupuzha,dengue,24,0,val,0.6306599070455359,1,0.0
2023-05-03,2023,Kerala,Idukki,Thodupuzha,dengue,1,1,val,0.2096168192147884,0,0.0
2023-06-04,2023,Kerala,Idukki,Thodupuzha,dengue,7743,0,val,0.6937283318996628,1,0.34169124190076916
2023-08-10,2023,Kerala,Idukki,Thodupuzha,dengue,244,0,val,0.6192875804219127,1,0.0
2023-09-13,2023,Kerala,Idukki,Thodupuzha,dengue,7,0,val,0.3615855323521538,0,0.0
2023-10-17,2023,Kerala,Idukki,Thodupuzha,dengue,13,0,val,0.2638391574662593,0,6.0467993142292616e-05
2023-10-21,2023,Kerala,Idukki,Thodupuzha,dengue,397,0,test,0.7356777647434098,1,0.002211400892060987
2024-06-04,2024,Kerala,Idukki,Thodupuzha,dengue,11,1,test,0.7074465942652769,1,0.0
2021-08-11,2021,Kerala,Idukki,Udumbanchola,dengue,49,0,train,0.7180594355987799,1,0.0
2021-09-14,2021,Kerala,Idukki,Udumbanchola,dengue,3,0,train,0.24543660870340692,0,0.0
2021-11-27,2021,Kerala,Idukki,Udumbanchola,dengue,13,0,train,0.16530707852716123,0,0.00020155997714097536
2023-08-09,2023,Kerala,Idukki,Udumbanchola,dengue,10,0,val,0.04334539932187654,0,0.0
2023-09-30,2023,Kerala,Idukki,Udumbanchola,dengue,32,0,val,0.07464933974967325,0,0.00062763867085911
2023-10-16,2023,Kerala,Idukki,Udumbanchola,dengue,1,1,val,0.7199864261239215,1,0.0
2023-10-21,2023,Kerala,Idukki,Udumbanchola,dengue,277,1,test,0.6562886175371692,1,0.02192017106723094
2023-10-23,2023,Kerala,Idukki,Udumbanchola,dengue,70,0,test,0.3790280606926209,0,8.192733345271523e-05
2024-08-08,2024,Kerala,Idukki,Udumbanchola,dengue,21,0,test,0.43502578388516006,0,0.0
2024-10-16,2024,Kerala,Idukki,Udumbanchola,dengue,2,1,test,0.49274764541654237,0,0.0
2020-06-05,2020,Kerala,Kannur,Iritty,dengue,252,0,train,0.7098953637774764,1,0.0
2020-06-06,2020,Kerala,Kannur,Iritty,dengue,5,0,train,0.2736174456523093,0,0.0
2020-10-22,2020,Kerala,Kannur,Iritty,dengue,30,0,train,0.7200762624941218,1,0.00033593329523495894
2020-11-23,2020,Kerala,Kannur,Iritty,dengue,29,0,train,0.669302696349346,1,0.0
2021-09-14,2021,Kerala,Kannur,Iritty,dengue,1,0,train,0.6819739025181183,1,0.0
2021-11-27,2021,Kerala,Kannur,Iritty,dengue,4,0,train,0.738827991172377,1,0.00012093598628458523
2022-10-19,2022,Kerala,Kannur,Iritty,dengue,7,0,train,0.09355322712877773,0,4.8374394513834085e-05
2023-09-11,2023,Kerala,Kannur,Iritty,dengue,1,0,val,0.13003177697335216,0,0.0
2023-10-22,2023,Kerala,Kannur,Iritty,dengue,10,0,test,0.6928334493274444,1,0.0006184921572263658
2024-07-07,2024,Kerala,Kannur,Iritty,dengue,2,1,test,0.14957758599443793,0,0.0
2024-09-14,2024,Kerala,Kannur,Iritty,dengue,1783,1,test,0.15870277931306676,0,0.11611113929271868
2020-07-06,2020,Kerala,Kannur,Kannur,dengue,6842,1,train,0.1474918709681602,0,0.0
2020-09-13,2020,Kerala,Kannur,Kannur,dengue,9,0,train,0.6754331301450719,1,0.0
2022-07-07,2022,Kerala,Kannur,Kannur,dengue,70,0,train,0.6180078381198288,1,0.0004918063442239798
2022-11-23,2022,Kerala,Kannur,Kannur,dengue,576,0,val,0.4712807492298496,0,0.0005745878784976538
2022-11-26,2022,Kerala,Kannur,Kannur,dengue,3,0,val,0.7083199711653592,1,0.0
2023-12-30,2023,Kerala,Kannur,Kannur,dengue,1028,0,test,0.5795540780762443,1,0.021644783919563503
2024-05-03,2024,Kerala,Kannur,Kannur,dengue,429,0,test,0.656742550066154,1,3.934823941021221e-06
2021-07-06,2021,Kerala,Kannur,Payyanur,dengue,1,1,train,0.5100515696464597,1,0.0
2021-10-22,2021,Kerala,Kannur,Payyanur,dengue,24,0,train,0.6985300651996572,1,0.0030059995946605782
2022-08-09,2022,Kerala,Kannur,Payyanur,dengue,1,0,train,0.6511083409405259,1,0.0
2022-09-11,2022,Kerala,Kannur,Payyanur,dengue,26,0,train,0.5032664946218124,1,0.0020356346907012724
2022-11-22,2022,Kerala,Kannur,Payyanur,dengue,3,0,train,0.7023552277866513,1,0.0
2022-11-25,2022,Kerala,Kannur,Payyanur,dengue,16,0,val,0.2898814616919742,0,0.0004931813594376543
2023-11-18,2023,Kerala,Kannur,Payyanur,dengue,22,1,test,0.2557867699588718,0,0.0006456896089059444
2023-11-25,2023,Kerala,Kannur,Payyanur,dengue,52,0,test,0.11602901271745146,0,0.0023278963032598186
2023-12-31,2023,Kerala,Kannur,Payyanur,dengue,12,0,test,0.7171621529870942,1,0.0
2024-05-02,2024,Kerala,Kannur,Payyanur,dengue,8,0,test,0.6900067971206356,1,0.0
2024-10-22,2024,Kerala,Kannur,Payyanur,dengue,1,1,test,0.5022679315367407,1,0.0
2020-08-09,2020,Kerala,Kannur,Taliparamba,dengue,17793,1,train,0.7148889637480356,1,0.0
2020-11-26,2020,Kerala,Kannur,Taliparamba,dengue,54,0,train,0.7085367123741294,1,0.0
2020-12-31,2020,Kerala,Kannur,Taliparamba,dengue,1,0,train,0.7144960310153455,1,0.0
2021-09-11,2021,Kerala,Kannur,Taliparamba,dengue,3,0,train,0.6401803907328695,1,8.062399085639016e-05
2021-10-17,2021,Kerala,Kannur,Taliparamba,dengue,71,0,train,0.6628231377371678,1,0.0013706078445586325
2021-11-26,2021,Kerala,Kannur,Taliparamba,dengue,22,0,train,0.08354461386540266,0,0.0
2022-09-13,2022,Kerala,Kannur,Taliparamba,dengue,2215,0,train,0.7253819024766796,1,0.0240765362880031
2023-09-11,2023,Kerala,Kannur,Taliparamba,dengue,25,0,val,0.24525032903815447,0,0.0
2023-09-13,2023,Kerala,Kannur,Taliparamba,dengue,932,0,val,0.18722727562882227,0,0.002925021595597607
2023-10-17,2023,Kerala,Kannur,Taliparamba,dengue,15,0,val,0.20431091799726273,0,0.0
2024-06-04,2024,Kerala,Kannur,Taliparamba,dengue,1,0,test,0.30988786648528255,0,0.0
2024-10-21,2024,Kerala,Kannur,Taliparamba,dengue,437,0,test,0.6788681751664845,1,0.017725166795802116
2020-06-06,2020,Kerala,Kannur,Thalassery,dengue,14,0,train,0.0561495032111603,0,0.0
2020-07-08,2020,Kerala,Kannur,Thalassery,dengue,3,1,train,0.6812899667143667,1,0.0
2020-09-11,2020,Kerala,Kannur,Thalassery,dengue,182,0,train,0.0749615042088986,0,0.01914705118584598
2021-05-03,2021,Kerala,Kannur,Thalassery,dengue,1,0,train,0.07640524893262747,0,0.0
2021-06-06,2021,Kerala,Kannur,Thalassery,dengue,5,0,train,0.2515763747731219,0,0.00016124798171278032
2021-11-25,2021,Kerala,Kannur,Thalassery,dengue,54,1,train,0.6773757630639975,1,0.0007681270474452405
2021-11-28,2021,Kerala,Kannur,Thalassery,dengue,7862,0,train,0.6703805754273054,1,0.09532667264652357
2022-05-03,2022,Kerala,Kannur,Thalassery,dengue,1,0,train,0.6377778319055085,1,0.0
2022-10-19,2022,Kerala,Kannur,Thalassery,dengue,4167,0,train,0.3973445513332792,0,0.168766440195012
2022-12-30,2022,Kerala,Kannur,Thalassery,dengue,47,0,val,0.40714883754010606,0,0.0
2023-11-24,2023,Kerala,Kannur,Thalassery,dengue,1,0,test,0.41577026109812615,0,0.0
2023-11-26,2023,Kerala,Kannur,Thalassery,dengue,43,0,test,0.7103914030724456,1,0.001693103807984193
2023-11-28,2023,Kerala,Kannur,Thalassery,dengue,24,0,test,0.12129412716968725,0,0.0
2024-09-14,2024,Kerala,Kannur,Thalassery,dengue,1,0,test,0.144962240181233,0,0.0
2024-10-19,2024,Kerala,Kannur,Thalassery,dengue,2,0,test,0.1756670452619586,0,4.031199542819508e-05
2020-05-03,2020,Kerala,Kasaragod,Hosdurg,dengue,2,1,train,0.2292198880982796,0,0.0
2021-11-25,2021,Kerala,Kasaragod,Hosdurg,dengue,114,0,train,0.7174227813431906,1,0.010002369315582267
2023-05-03,2023,Kerala,Kasaragod,Hosdurg,dengue,2,0,val,0.39436202800331843,0,0.0
2023-09-11,2023,Kerala,Kasaragod,Hosdurg,dengue,7,1,val,0.09425646013995888,0,0.00013437331809398358
2023-11-24,2023,Kerala,Kasaragod,Hosdurg,dengue,82730,0,test,0.0858260626659996,0,0.9999999983333334
2024-11-25,2024,Kerala,Kasaragod,Hosdurg,dengue,15,0,test,0.10620049149604066,0,0.0
2020-10-15,2020,Kerala,Kasaragod,Kasaragod,dengue,14893,1,train,0.1940610811854487,0,0.0
2020-10-16,2020,Kerala,Kasaragod,Kasaragod,dengue,114,0,train,0.12532011537196058,0,0.0
2020-10-18,2020,Kerala,Kasaragod,Kasaragod,dengue,74,0,train,0.6828551665984665,1,0.0
2020-11-23,2020,Kerala,Kasaragod,Kasaragod,dengue,6,0,train,0.688064856038024,1,0.0
2021-06-05,2021,Kerala,Kasaragod,Kasaragod,dengue,1219,0,train,0.7122569781986563,1,0.013970985844114464
2021-07-07,2021,Kerala,Kasaragod,Kasaragod,dengue,14,0,train,0.6063514880075194,1,0.0
2021-11-25,2021,Kerala,Kasaragod,Kasaragod,dengue,49,0,train,0.6850593602261441,1,0.00018812264533157698
2022-05-03,2022,Kerala,Kasaragod,Kasaragod,dengue,39,0,train,0.7105767810107909,1,0.0
2023-07-08,2023,Kerala,Kasaragod,Kasaragod,dengue,13,0,val,0.6439366177149712,1,0.0
2023-08-10,2023,Kerala,Kasaragod,Kasaragod,dengue,2,0,val,0.6478272960898649,1,0.0
2023-09-13,2023,Kerala,Kasaragod,Kasaragod,dengue,58,1,val,0.731813719571218,1,0.0017257568317065764
2023-10-20,2023,Kerala,Kasaragod,Kasaragod,dengue,23446,0,test,0.4481456191205529,0,0.1872342820415845
2023-11-28,2023,Kerala,Kasaragod,Kasaragod,dengue,3,0,test,0.6929098253941974,1,0.0
2021-09-11,2021,Kerala,Kasaragod,Manjeshwaram,dengue,1,0,train,0.6956465134510791,1,0.0
2021-10-18,2021,Kerala,Kasaragod,Manjeshwaram,dengue,3,1,train,0.6737507882573373,1,0.00017511597721148523
2022-08-11,2022,Kerala,Kasaragod,Manjeshwaram,dengue,262,0,train,0.31799505357114705,0,0.12132757252314477
2022-09-15,2022,Kerala,Kasaragod,Manjeshwaram,dengue,4,0,train,0.7194060518902278,1,0.0
2023-07-29,2023,Kerala,Kasaragod,Manjeshwaram,dengue,21,0,val,0.6211820309819434,1,0.0002741215689117265
2023-09-02,2023,Kerala,Kasaragod,Manjeshwaram,dengue,16,0,val,0.24822998480207098,0,0.0
2023-10-23,2023,Kerala,Kasaragod,Manjeshwaram,dengue,11,0,test,0.2560369112193299,0,0.0
2023-11-18,2023,Kerala,Kasaragod,Manjeshwaram,dengue,156,0,test,0.6781680385843487,1,0.003517669401702907
2023-11-24,2023,Kerala,Kasaragod,Manjeshwaram,dengue,6,0,test,0.6962039942861522,1,0.0
2023-11-27,2023,Kerala,Kasaragod,Manjeshwaram,dengue,28,0,test,0.257427303087369,0,0.00025338968554865476
2024-05-04,2024,Kerala,Kasaragod,Manjeshwaram,dengue,10,0,test,0.7024446271056276,1,0.0
2024-10-17,2024,Kerala,Kasaragod,Manjeshwaram,dengue,8,1,test,0.7153415438033837,1,0.0
2020-08-08,2020,Kerala,Kasaragod,Nileshwaram,dengue,4,0,train,0.45849846665904914,0,0.0
2020-11-24,2020,Kerala,Kasaragod,Nileshwaram,dengue,1,1,train,0.5787954894065335,1,0.0
2021-02-01,2021,Kerala,Kasaragod,Nileshwaram,dengue,71,0,train,0.6369404016627757,1,0.02399402126714283
2021-10-17,2021,Kerala,Kasaragod,Nileshwaram,dengue,5,0,train,0.7139599644923245,1,0.0
2021-11-25,2021,Kerala,Kasaragod,Nileshwaram,dengue,4,0,train,0.20089771417168298,0,0.0
2022-07-06,2022,Kerala,Kasaragod,Nileshwaram,dengue,29,0,train,0.27130317727644243,0,0.0006875510265972109
2022-08-09,2022,Kerala,Kasaragod,Nileshwaram,dengue,2,0,train,0.7065912362928864,1,0.0
2022-09-14,2022,Kerala,Kasaragod,Nileshwaram,dengue,37,0,train,0.6646648633570135,1,0.001815598052318083
2022-11-22,2022,Kerala,Kasaragod,Nileshwaram,dengue,1,1,train,0.666425723833642,1,0.0
2022-11-23,2022,Kerala,Kasaragod,Nileshwaram,dengue,268,0,val,0.6188614756995972,1,0.01898059979572176
2023-06-05,2023,Kerala,Kasaragod,Nileshwaram,dengue,6,0,val,0.09091976746144846,0,0.0
2023-10-19,2023,Kerala,Kasaragod,Nileshwaram,dengue,1,0,val,0.10247650010559127,0,0.0
2024-10-22,2024,Kerala,Kasaragod,Nileshwaram,dengue,45,1,test,0.6864007170003764,1,0.0018396350227612786
2024-11-24,2024,Kerala,Kasaragod,Nileshwaram,dengue,54528,0,test,0.13633955607941906,0,0.6277959111889448
2021-09-12,2021,Kerala,Kasaragod,Vellarikundu,dengue,1,0,train,0.07978997465708722,0,0.0
2021-11-25,2021,Kerala,Kasaragod,Vellarikundu,dengue,1,1,train,0.7354174310593449,1,0.0
2022-07-06,2022,Kerala,Kasaragod,Vellarikundu,dengue,98,1,train,0.6857453264148726,1,0.06563255977157309
2022-08-10,2022,Kerala,Kasaragod,Vellarikundu,dengue,24,0,train,0.11221583855970443,0,0.0
2023-08-10,2023,Kerala,Kasaragod,Vellarikundu,dengue,62,1,val,0.6737866062252147,1,0.000665805687393111
2023-09-13,2023,Kerala,Kasaragod,Vellarikundu,dengue,145,0,val,0.6908680989371005,1,0.0018853700890375709
2023-11-27,2023,Kerala,Kasaragod,Vellarikundu,dengue,12,1,test,0.5798720191322633,1,0.0
2024-06-04,2024,Kerala,Kasaragod,Vellarikundu,dengue,46173,0,test,0.7133276833523907,1,0.8796473213273815
2024-08-10,2024,Kerala,Kasaragod,Vellarikundu,dengue,9,0,test,0.6567429965075786,1,0.0
2020-06-04,2020,Kerala,Kollam,Karunagappally,dengue,34,0,train,0.6315758471945659,1,0.0
2020-10-17,2020,Kerala,Kollam,Karunagappally,dengue,4,1,train,0.7106011905940512,1,0.0
2021-02-01,2021,Kerala,Kollam,Karunagappally,dengue,108,0,train,0.642525848138807,1,0.004785802899892801
2021-08-10,2021,Kerala,Kollam,Karunagappally,dengue,42,1,train,0.6863734649551989,1,0.0
2022-09-12,2022,Kerala,Kollam,Karunagappally,dengue,12523,0,train,0.6416971703218891,1,0.2270109537041245
2022-11-27,2022,Kerala,Kollam,Karunagappally,dengue,27,0,val,0.6921921587214541,1,0.0
2023-07-06,2023,Kerala,Kollam,Karunagappally,dengue,5,0,val,0.7076975194850381,1,0.0
2023-11-27,2023,Kerala,Kollam,Karunagappally,dengue,453,0,test,0.06342302434859266,0,0.006019924650610464
2024-02-10,2024,Kerala,Kollam,Karunagappally,dengue,216,0,test,0.7188857100131788,1,0.0
2024-05-03,2024,Kerala,Kollam,Karunagappally,dengue,5,0,test,0.7265296241840669,1,0.0
2021-09-11,2021,Kerala,Kollam,Kollam,dengue,4,0,train,0.7056427189048955,1,0.0
2021-11-28,2021,Kerala,Kollam,Kollam,dengue,3,1,train,0.14196030464065473,0,0.0
2021-12-31,2021,Kerala,Kollam,Kollam,dengue,8,0,train,0.2721552484577355,0,0.0037020905045964956
2022-09-11,2022,Kerala,Kollam,Kollam,dengue,5,1,train,0.6943817968546679,1,0.0
2023-07-08,2023,Kerala,Kollam,Kollam,dengue,12,0,val,0.3796359288718515,0,0.002041900466314516
2023-07-08,2023,Kerala,Kollam,Kollam,dengue,3,1,val,0.712209544259589,1,0.0
2023-10-16,2023,Kerala,Kollam,Kollam,dengue,17,0,val,0.6654005426645042,1,0.002204605197810319
2023-10-19,2023,Kerala,Kollam,Kollam,dengue,1,0,val,0.5031257675098793,1,0.0
2023-10-20,2023,Kerala,Kollam,Kollam,dengue,1,1,test,0.6036385726883822,1,0.0
2023-12-31,2023,Kerala,Kollam,Kollam,dengue,36,1,test,0.7050399125774388,1,0.005279498432358581
2024-03-01,2024,Kerala,Kollam,Kollam,dengue,430,0,test,0.6813496086444567,1,0.027396138392005803
2024-10-18,2024,Kerala,Kollam,Kollam,dengue,1,1,test,0.7201373311131064,1,0.0
2022-02-01,2022,Kerala,Kollam,Kottarakkara,dengue,74,0,train,0.7139573367868326,1,0.0
2022-07-08,2022,Kerala,Kollam,Kottarakkara,dengue,1,1,train,0.5290471191866984,1,0.0
2022-09-14,2022,Kerala,Kollam,Kottarakkara,dengue,62383,0,train,0.6546973221037087,1,0.9999999983333334
2022-10-21,2022,Kerala,Kollam,Kottarakkara,dengue,4,0,train,0.6884134271060024,1,0.0
2023-05-03,2023,Kerala,Kollam,Kottarakkara,dengue,542,0,val,0.6945037893494803,1,0.008675141416147579
2023-06-04,2023,Kerala,Kollam,Kottarakkara,dengue,27,0,val,0.6672878321096027,1,0.0
2023-06-04,2023,Kerala,Kollam,Kottarakkara,dengue,1,0,val,0.6982037786936682,1,0.0
2023-10-20,2023,Kerala,Kollam,Kottarakkara,dengue,2052,0,test,0.6760192646071255,1,0.0851746218477588
2023-12-30,2023,Kerala,Kollam,Kottarakkara,dengue,75,0,test,0.08381449227727972,0,0.0
2020-08-10,2020,Kerala,Kollam,Kunnathoor,dengue,3,1,train,0.06733700099401543,0,0.0
2021-10-17,2021,Kerala,Kollam,Kunnathoor,dengue,15,1,train,0.7226084237771451,1,0.0007615778975221934
2021-10-17,2021,Kerala,Kollam,Kunnathoor,dengue,42,0,train,0.6738192546020179,1,0.0028517768527235713
2021-10-20,2021,Kerala,Kollam,Kunnathoor,dengue,1,0,train,0.6882148613820785,1,0.0
2021-10-21,2021,Kerala,Kollam,Kunnathoor,dengue,18,1,train,0.6876199407979208,1,0.000784740417586328
2022-02-01,2022,Kerala,Kollam,Kunnathoor,dengue,209,0,train,0.7477722962921127,1,0.008993858612867648
2022-06-05,2022,Kerala,Kollam,Kunnathoor,dengue,1,0,train,0.14023313752104927,0,0.0
2022-08-10,2022,Kerala,Kollam,Kunnathoor,dengue,1,0,train,0.14623287372455213,0,0.0
2022-11-24,2022,Kerala,Kollam,Kunnathoor,dengue,2,1,val,0.11599048638911916,0,4.031199542819508e-05
2023-03-02,2023,Kerala,Kollam,Kunnathoor,dengue,970,1,val,0.16217314879283873,0,0.03673511653912205
2023-08-09,2023,Kerala,Kollam,Kunnathoor,dengue,408,1,val,0.7045932078669175,1,0.0006307762391793132
2023-08-10,2023,Kerala,Kollam,Kunnathoor,dengue,1012,0,val,0.1011084714149687,0,0.0020389112830232867
2023-09-13,2023,Kerala,Kollam,Kunnathoor,dengue,6,0,val,0.6920150933851218,1,0.0
2023-10-15,2023,Kerala,Kollam,Kunnathoor,dengue,36,0,val,0.7420796895279619,1,0.0003455313893845292
2023-10-21,2023,Kerala,Kollam,Kunnathoor,dengue,14,0,test,0.2611034154913395,0,0.0
2024-08-09,2024,Kerala,Kollam,Kunnathoor,dengue,39,0,test,0.5664592511710691,1,0.00013437331809398358
2024-10-17,2024,Kerala,Kollam,Kunnathoor,dengue,4,0,test,0.6903783354694204,1,0.0
2024-10-18,2024,Kerala,Kollam,Kunnathoor,dengue,4,0,test,0.7247280704086445,1,0.0
2020-08-08,2020,Kerala,Kollam,Pathanapuram,dengue,3,1,train,0.7259035481691025,1,0.0
2020-09-14,2020,Kerala,Kollam,Pathanapuram,dengue,91,0,train,0.08715486716525492,0,0.005884129205287219
2020-10-16,2020,Kerala,Kollam,Pathanapuram,dengue,1,0,train,0.10172915192292983,0,0.0
2020-11-29,2020,Kerala,Kollam,Pathanapuram,dengue,1,0,train,0.7021950285220475,1,0.0
2021-06-05,2021,Kerala,Kollam,Pathanapuram,dengue,99,0,train,0.6730421640119094,1,0.005421173805940976
2021-08-10,2021,Kerala,Kollam,Pathanapuram,dengue,42,0,train,0.6344796596709049,1,3.180096811691956e-05
2021-09-13,2021,Kerala,Kollam,Pathanapuram,dengue,1,1,train,0.6281954954685051,1,0.0
2022-06-05,2022,Kerala,Kollam,Pathanapuram,dengue,146,0,train,0.7085338374883757,1,0.0077798721805135175
2022-08-09,2022,Kerala,Kollam,Pathanapuram,dengue,1,0,train,0.6658736439280623,1,0.0
2022-10-18,2022,Kerala,Kollam,Pathanapuram,dengue,15,0,train,0.4063517441386735,0,0.000564367935994731
2022-10-22,2022,Kerala,Kollam,Pathanapuram,dengue,6,0,train,0.7053978962859163,1,0.0
2023-06-10,2023,Kerala,Kollam,Pathanapuram,dengue,15,1,val,0.6949861347412376,1,0.00010365941681535876
2023-09-14,2023,Kerala,Kollam,Pathanapuram,dengue,46059,0,val,0.6919585346433698,1,0.9999999983333334
2023-11-25,2023,Kerala,Kollam,Pathanapuram,dengue,1,0,test,0.15807057395498775,0,0.0
2023-12-31,2023,Kerala,Kollam,Pathanapuram,dengue,1,0,test,0.11203197531251208,0,0.0
2024-06-04,2024,Kerala,Kollam,Pathanapuram,dengue,1,0,test,0.670378905994846,1,0.0
2024-08-11,2024,Kerala,Kollam,Pathanapuram,dengue,50,1,test,0.5694591049864757,1,0.0019752877759815586
2024-10-21,2024,Kerala,Kollam,Pathanapuram,dengue,31238,1,test,0.6895925221524596,1,0.46478007814704597
2020-07-08,2020,Kerala,Kollam,Punalur,dengue,27,0,train,0.7322516576160456,1,0.0
2020-08-10,2020,Kerala,Kollam,Punalur,dengue,2,1,train,0.672389854252921,1,0.0
2020-09-11,2020,Kerala,Kollam,Punalur,dengue,96,0,train,0.6903187590833835,1,0.006010180880229374
2020-10-22,2020,Kerala,Kollam,Punalur,dengue,1,1,train,0.7447784085116794,1,0.0
2020-11-24,2020,Kerala,Kollam,Punalur,dengue,201,0,train,0.7112071994836582,1,0.01110273790470716
2020-11-27,2020,Kerala,Kollam,Punalur,dengue,23,0,train,0.14985884557720336,0,0.0
2021-09-11,2021,Kerala,Kollam,Punalur,dengue,48,0,train,0.08546609178968578,0,8.398332380873974e-05
2021-11-26,2021,Kerala,Kollam,Punalur,dengue,15,0,train,0.6998331710272402,1,0.0
2021-11-28,2021,Kerala,Kollam,Punalur,dengue,1,1,train,0.16944442060151277,0,0.0
2022-07-07,2022,Kerala,Kollam,Punalur,dengue,575,0,train,0.1406213823370323,0,0.03210760274852758
2023-06-05,2023,Kerala,Kollam,Punalur,dengue,14,0,val,0.1479088671380988,0,0.0
2023-09-12,2023,Kerala,Kollam,Punalur,dengue,9,1,val,0.19521713504639268,0,0.0
2023-11-28,2023,Kerala,Kollam,Punalur,dengue,6665,0,test,0.14712831562371542,0,0.08349633097129035
2024-08-09,2024,Kerala,Kollam,Punalur,dengue,40,0,test,0.1352761216884838,0,0.0
2020-09-12,2020,Kerala,Kottayam,Changanassery,dengue,182,0,train,0.1844424980079774,0,0.0
2020-10-16,2020,Kerala,Kottayam,Changanassery,dengue,1,0,train,0.7342682758927951,1,0.0
2020-10-17,2020,Kerala,Kottayam,Changanassery,dengue,8,0,train,0.7163592719095062,1,0.0002821839679973655
2020-10-19,2020,Kerala,Kottayam,Changanassery,dengue,5,0,train,0.7595614115654483,1,0.0
2021-06-04,2021,Kerala,Kottayam,Changanassery,dengue,4,0,train,0.6316901559431796,1,0.0
2021-10-18,2021,Kerala,Kottayam,Changanassery,dengue,38,0,train,0.6811792036575441,1,0.0016649666129291217
2021-11-27,2021,Kerala,Kottayam,Changanassery,dengue,11,0,train,0.1077037796563602,0,0.0
2022-10-17,2022,Kerala,Kottayam,Changanassery,dengue,28,0,train,0.23235272472019994,0,0.00026662374998487803
2023-05-03,2023,Kerala,Kottayam,Changanassery,dengue,1,0,val,0.10699890098223244,0,0.0
2023-08-05,2023,Kerala,Kottayam,Changanassery,dengue,9,0,val,0.10067334586265772,0,0.00032249596342556064
2023-09-14,2023,Kerala,Kottayam,Changanassery,dengue,1,0,val,0.1109141661860614,0,0.0
2023-11-11,2023,Kerala,Kottayam,Changanassery,dengue,66,0,test,0.09477320214777876,0,0.003999134122852731
2023-11-18,2023,Kerala,Kottayam,Changanassery,dengue,16,0,test,0.7347940338689126,1,0.0
2024-06-05,2024,Kerala,Kottayam,Changanassery,dengue,60,1,test,0.689379136627837,1,0.0008360025562371274
2020-10-22,2020,Kerala,Kottayam,Kanjirappally,dengue,7,1,train,0.21980846972780144,0,0.0
2021-09-12,2021,Kerala,Kottayam,Kanjirappally,dengue,19,1,train,0.11546530118086996,0,0.0003807889487610967
2021-11-24,2021,Kerala,Kottayam,Kanjirappally,dengue,33612,0,train,0.6862866004890011,1,0.9999999983333334
2023-02-01,2023,Kerala,Kottayam,Kanjirappally,dengue,20,0,val,0.4834648252347997,0,0.0
2023-06-06,2023,Kerala,Kottayam,Kanjirappally,dengue,39553,0,val,0.2901096192503181,0,0.1534819861231015
2023-10-18,2023,Kerala,Kottayam,Kanjirappally,dengue,1,0,val,0.3171859345006999,0,0.0
2023-10-21,2023,Kerala,Kottayam,Kanjirappally,dengue,39,0,test,0.6972566404316966,1,0.0015318558262714128
2023-11-26,2023,Kerala,Kottayam,Kanjirappally,dengue,385,0,test,0.6888851095008084,1,0.0006973975209077748
2024-10-17,2024,Kerala,Kottayam,Kanjirappally,dengue,26469,0,test,0.7351980195610814,1,0.006311756807067912
2020-06-04,2020,Kerala,Kottayam,Kottayam,dengue,5,1,train,0.5512564158202413,1,0.0
2020-10-16,2020,Kerala,Kottayam,Kottayam,dengue,6,1,train,0.2760418721815494,0,1.3437331809398353e-05
2020-11-26,2020,Kerala,Kottayam,Kottayam,dengue,1302,1,train,0.34745258870095613,0,0.719259581060612
2021-09-11,2021,Kerala,Kottayam,Kottayam,dengue,52,0,train,0.6703232605935958,1,0.0
2022-05-03,2022,Kerala,Kottayam,Kottayam,dengue,69,0,train,0.6764063059419978,1,2.5860525369030794e-05
2023-10-28,2023,Kerala,Kottayam,Kottayam,dengue,20,0,test,0.658636160655543,1,0.0
2024-03-02,2024,Kerala,Kottayam,Kottayam,dengue,4,0,test,0.7362773020365815,1,0.0
2024-09-13,2024,Kerala,Kottayam,Kottayam,dengue,3,0,test,0.1874374388516139,0,0.0
2024-11-23,2024,Kerala,Kottayam,Kottayam,dengue,440,0,test,0.09862953651851054,0,0.0122537105097118
2024-11-25,2024,Kerala,Kottayam,Kottayam,dengue,122,0,test,0.6911947035241144,1,6.821077571280704e-06
2020-06-04,2020,Kerala,Kottayam,Meenachil,dengue,3,1,train,0.3784101786302074,0,0.0
2020-06-05,2020,Kerala,Kottayam,Meenachil,dengue,6842,1,train,0.10988057798420693,0,0.46091496971478313
2021-05-03,2021,Kerala,Kottayam,Meenachil,dengue,30,0,train,0.6841633613387339,1,0.0
2021-08-09,2021,Kerala,Kottayam,Meenachil,dengue,1,0,train,0.6802511044234408,1,0.0
2021-10-21,2021,Kerala,Kottayam,Meenachil,dengue,1,0,train,0.7711166100468358,1,0.0
2022-07-07,2022,Kerala,Kottayam,Meenachil,dengue,9,0,train,0.15382195584631225,0,0.00032249596342556064
2022-08-10,2022,Kerala,Kottayam,Meenachil,dengue,1,0,train,0.7132011487747554,1,0.0
2022-11-27,2022,Kerala,Kottayam,Meenachil,dengue,1,0,val,0.6999736696985269,1,0.0
2023-10-14,2023,Kerala,Kottayam,Meenachil,dengue,37,0,val,0.0899296452200669,0,0.003010349610274091
2023-10-16,2023,Kerala,Kottayam,Meenachil,dengue,28,0,val,0.10405271339781874,0,0.00021805843005021937
2023-10-17,2023,Kerala,Kottayam,Meenachil,dengue,3,0,val,0.6935907887481875,1,0.0
2023-10-22,2023,Kerala,Kottayam,Meenachil,dengue,409,0,test,0.646141304641548,1,0.012229663145156847
2023-11-25,2023,Kerala,Kottayam,Meenachil,dengue,10,0,test,0.18224847989878948,0,0.0
2024-07-07,2024,Kerala,Kottayam,Meenachil,dengue,4,0,test,0.14979837417685393,0,0.0
2024-09-11,2024,Kerala,Kottayam,Meenachil,dengue,619,1,test,0.07144224426770363,0,0.010843369130346944
2020-06-04,2020,Kerala,Kottayam,Vaikom,dengue,2,1,train,0.1154593301302897,0,0.0
2020-11-23,2020,Kerala,Kottayam,Vaikom,dengue,30229,1,train,0.14505794364377567,0,0.9999999983333334
2021-05-03,2021,Kerala,Kottayam,Vaikom,dengue,53,0,train,0.7101261371786087,1,0.0
2021-06-04,2021,Kerala,Kottayam,Vaikom,dengue,1,0,train,0.6816474607211349,1,0.0
2021-09-12,2021,Kerala,Kottayam,Vaikom,dengue,17,0,train,0.09762293901527366,0,0.0006449919268511213
2021-10-21,2021,Kerala,Kottayam,Vaikom,dengue,3528,0,train,0.13213822363035527,0,0.015726157327599213
2022-06-04,2022,Kerala,Kottayam,Vaikom,dengue,5,0,train,0.6522359523054158,1,0.0
2022-10-15,2022,Kerala,Kottayam,Vaikom,dengue,24,0,train,0.20266671581983148,0,0.00025530930437856874
2022-10-20,2022,Kerala,Kottayam,Vaikom,dengue,62,0,train,0.15644540226204784,0,0.00012254846610171302
2023-09-13,2023,Kerala,Kottayam,Vaikom,dengue,27,1,val,0.6802250897506847,1,0.0
2023-09-14,2023,Kerala,Kottayam,Vaikom,dengue,36637,0,val,0.1959855567626147,0,0.33413770781291774
2023-11-23,2023,Kerala,Kottayam,Vaikom,dengue,32,0,test,0.09833501360862501,0,0.0
2020-11-26,2020,Kerala,Kozhikode,Koyilandy,dengue,3,1,train,0.2578714763660044,0,0.0
2021-06-06,2021,Kerala,Kozhikode,Koyilandy,dengue,3528,1,train,0.18590908427241615,0,0.2375447718998713
2021-10-17,2021,Kerala,Kozhikode,Koyilandy,dengue,37521,0,train,0.677772520143968,1,0.01238805617484735
2021-11-23,2021,Kerala,Kozhikode,Koyilandy,dengue,657,0,train,0.7475344320639944,1,0.0
2021-12-30,2021,Kerala,Kozhikode,Koyilandy,dengue,28,0,train,0.08499956173488496,0,0.0
2022-05-03,2022,Kerala,Kozhikode,Koyilandy,dengue,5,0,train,0.11837152525427076,0,0.0
2022-06-04,2022,Kerala,Kozhikode,Koyilandy,dengue,1,0,train,0.11959494091395965,0,0.0
2022-08-09,2022,Kerala,Kozhikode,Koyilandy,dengue,1,0,train,0.7009555327148831,1,0.0
2022-10-19,2022,Kerala,Kozhikode,Koyilandy,dengue,15,0,train,0.5102176603303343,1,0.0006661285366848334
2022-11-24,2022,Kerala,Kozhikode,Koyilandy,dengue,45,0,val,0.6522996448931886,1,0.001270536590446858
2022-11-28,2022,Kerala,Kozhikode,Koyilandy,dengue,39,0,val,0.7037348964849873,1,0.0002577054173320776
2023-06-04,2023,Kerala,Kozhikode,Koyilandy,dengue,12,0,val,0.5203820516508607,1,0.0
2023-07-06,2023,Kerala,Kozhikode,Koyilandy,dengue,7,0,val,0.3215667965742249,0,0.0
2023-07-07,2023,Kerala,Kozhikode,Koyilandy,dengue,1,0,val,0.7197514456597971,1,0.0
2023-11-24,2023,Kerala,Kozhikode,Koyilandy,dengue,40,0,test,0.6693422993292641,1,0.0018631431447613293
2023-11-24,2023,Kerala,Kozhikode,Koyilandy,dengue,1,0,test,0.11556753481773971,0,0.0
2020-10-17,2020,Kerala,Kozhikode,Kozhikode,dengue,1295,1,train,0.054943800481329096,0,0.0
2022-07-07,2022,Kerala,Kozhikode,Kozhikode,dengue,3226,0,train,0.6635438250827415,1,0.0004015617235141638
2022-11-24,2022,Kerala,Kozhikode,Kozhikode,dengue,262,1,val,0.6795411957416255,1,0.0
2023-05-02,2023,Kerala,Kozhikode,Kozhikode,dengue,14296,0,val,0.6424247539336979,1,0.010389232920657923
2023-08-08,2023,Kerala,Kozhikode,Kozhikode,dengue,6,0,val,0.6906446528613653,1,0.0
2023-09-14,2023,Kerala,Kozhikode,Kozhikode,dengue,206,0,val,0.6583085782749784,1,0.0023035425958968614
2023-10-20,2023,Kerala,Kozhikode,Kozhikode,dengue,151,0,test,0.712789889033133,1,0.0
2020-05-03,2020,Kerala,Kozhikode,Thamarassery,dengue,22,0,train,0.536791670293962,1,0.0
2020-06-04,2020,Kerala,Kozhikode,Thamarassery,dengue,3,0,train,0.3654348811733105,0,0.0
2021-08-08,2021,Kerala,Kozhikode,Thamarassery,dengue,18,0,train,0.4976081884766018,0,0.0005875425343847688
2021-09-12,2021,Kerala,Kozhikode,Thamarassery,dengue,14,1,train,0.446726214544509,0,0.0
2021-10-19,2021,Kerala,Kozhikode,Thamarassery,dengue,59,1,train,0.6930647294164148,1,0.0037533886226786646
2021-11-27,2021,Kerala,Kozhikode,Thamarassery,dengue,63,1,train,0.7261155432232878,1,0.0013199441823549798
2022-07-08,2022,Kerala,Kozhikode,Thamarassery,dengue,75,0,train,0.1714534043124554,0,0.0011659522004459602
2022-11-25,2022,Kerala,Kozhikode,Thamarassery,dengue,2,0,val,0.6977388588661617,1,0.0
2023-10-07,2023,Kerala,Kozhikode,Thamarassery,dengue,46,1,val,0.7027240441893057,1,0.001444235072589842
2023-10-16,2023,Kerala,Kozhikode,Thamarassery,dengue,5754,0,val,0.08830825123937167,0,0.1451801394452795
2023-10-20,2023,Kerala,Kozhikode,Thamarassery,dengue,4,0,test,0.7112056172503085,1,0.0
2024-03-01,2024,Kerala,Kozhikode,Thamarassery,dengue,25,0,test,0.21190450054465856,0,0.00033862076159683863
2021-09-13,2021,Kerala,Kozhikode,Vadakara,dengue,10,1,train,0.21604053949774088,0,0.0
2022-05-03,2022,Kerala,Kozhikode,Vadakara,dengue,487,0,train,0.6890946671583461,1,0.011674001331686237
2022-07-07,2022,Kerala,Kozhikode,Vadakara,dengue,2,0,train,0.6894884066648862,1,0.0
2022-10-21,2022,Kerala,Kozhikode,Vadakara,dengue,29,1,train,0.11230154106823521,0,0.0007256159177075113
2023-05-03,2023,Kerala,Kozhikode,Vadakara,dengue,1719,0,val,0.13258477867305257,0,0.01043103857696736
2023-06-06,2023,Kerala,Kozhikode,Vadakara,dengue,541,0,val,0.22365390102940055,0,6.729872831420443e-05
2023-07-07,2023,Kerala,Kozhikode,Vadakara,dengue,1012,1,val,0.7300556457779754,1,0.0006632885082765739
2023-10-15,2023,Kerala,Kozhikode,Vadakara,dengue,36637,0,val,0.5278489301021028,1,0.04170417812437259
2023-10-18,2023,Kerala,Kozhikode,Vadakara,dengue,27,0,val,0.7181473449417116,1,0.0
2023-11-11,2023,Kerala,Kozhikode,Vadakara,dengue,24,0,test,0.7195609120677605,1,0.0
2023-11-24,2023,Kerala,Kozhikode,Vadakara,dengue,59,0,test,0.6971464932506255,1,0.00011287358719894621
2024-08-10,2024,Kerala,Kozhikode,Vadakara,dengue,1,0,test,0.7238136132643674,1,0.0
2024-10-20,2024,Kerala,Kozhikode,Vadakara,dengue,2,0,test,0.6895650627594401,1,4.031199542819508e-05
2020-02-01,2020,Kerala,Malappuram,Ernad,dengue,2,0,train,0.47755416898894365,0,0.0
2020-11-24,2020,Kerala,Malappuram,Ernad,dengue,2,0,train,0.33495871365030666,0,0.0
2021-07-07,2021,Kerala,Malappuram,Ernad,dengue,1,1,train,0.708315040155608,1,0.0
2021-11-22,2021,Kerala,Malappuram,Ernad,dengue,19818,1,train,0.2089870350159261,0,0.9999999983333334
2021-11-26,2021,Kerala,Malappuram,Ernad,dengue,179,0,train,0.33512607737661004,0,0.0
2022-08-08,2022,Kerala,Malappuram,Ernad,dengue,575,0,train,0.6993268171568,1,0.00017737277988405834
2022-11-23,2022,Kerala,Malappuram,Ernad,dengue,228,0,val,0.6639797761376195,1,0.0
2022-11-28,2022,Kerala,Malappuram,Ernad,dengue,2216,0,val,0.7024145797207177,1,0.0006999148201856052
2023-08-10,2023,Kerala,Malappuram,Ernad,dengue,52,0,val,0.6890437889459494,1,0.0
2023-10-17,2023,Kerala,Malappuram,Ernad,dengue,15,0,val,0.7232408034714141,1,0.0
2023-10-19,2023,Kerala,Malappuram,Ernad,dengue,420,0,val,0.6883116707662128,1,0.0020407947685523752
2023-11-23,2023,Kerala,Malappuram,Ernad,dengue,177,0,test,0.7171677447614688,1,0.0
2023-11-28,2023,Kerala,Malappuram,Ernad,dengue,31,0,test,0.7040914722987541,1,0.0
2024-03-01,2024,Kerala,Malappuram,Ernad,dengue,1783,0,test,0.7248784166213149,1,0.006308384616892126
2024-09-12,2024,Kerala,Malappuram,Ernad,dengue,9,0,test,0.6634304023522926,1,0.0
2020-10-15,2020,Kerala,Malappuram,Kondotty,dengue,6,1,train,0.7282928624443064,1,0.0
2022-07-06,2022,Kerala,Malappuram,Kondotty,dengue,16,1,train,0.7097268989059405,1,0.0003581565232793732
2022-09-12,2022,Kerala,Malappuram,Kondotty,dengue,27,1,train,0.6895978322970238,1,0.0015166021573847146
2022-09-13,2022,Kerala,Malappuram,Kondotty,dengue,26965,1,train,0.692173078956741,1,0.9999999983333334
2022-09-14,2022,Kerala,Malappuram,Kondotty,dengue,47,0,train,0.7170790489595337,1,0.0
2023-06-05,2023,Kerala,Malappuram,Kondotty,dengue,167,0,val,0.2739859926303968,0,0.00020155997714097536
2023-10-23,2023,Kerala,Malappuram,Kondotty,dengue,67,0,test,0.6875091776940441,1,0.0
2024-06-03,2024,Kerala,Malappuram,Kondotty,dengue,15,0,test,0.7190885795470381,1,0.0
2024-06-04,2024,Kerala,Malappuram,Kondotty,dengue,122,0,test,0.7179508313394602,1,0.0006576028950838282
2020-05-03,2020,Kerala,Malappuram,Nilambur,dengue,18,0,train,0.6122565515718655,1,0.0
2020-09-13,2020,Kerala,Malappuram,Nilambur,dengue,2,0,train,0.680830741572517,1,0.0
2021-02-01,2021,Kerala,Malappuram,Nilambur,dengue,15,1,train,0.6462739019401176,1,0.0006579756120617905
2021-08-09,2021,Kerala,Malappuram,Nilambur,dengue,55,1,train,0.6640453667565319,1,0.0035987574413632074
2021-11-25,2021,Kerala,Malappuram,Nilambur,dengue,12253,0,train,0.09229452401468557,0,0.40768903930435163
2022-07-06,2022,Kerala,Malappuram,Nilambur,dengue,25,0,train,0.7269297357437496,1,0.0
2022-10-21,2022,Kerala,Malappuram,Nilambur,dengue,7117,1,train,0.5925455712770971,1,0.022787933845590778
2022-11-25,2022,Kerala,Malappuram,Nilambur,dengue,12881,1,val,0.7124099601919924,1,0.0014858065528362283
2023-06-04,2023,Kerala,Malappuram,Nilambur,dengue,23446,0,val,0.7212893598753373,1,0.0022406699809967706
2023-07-06,2023,Kerala,Malappuram,Nilambur,dengue,37,0,val,0.3258157474672675,0,0.0
2023-10-18,2023,Kerala,Malappuram,Nilambur,dengue,15,0,val,0.6758173049904356,1,0.0
2023-10-19,2023,Kerala,Malappuram,Nilambur,dengue,14,0,val,0.725104941510727,1,0.0
2023-11-27,2023,Kerala,Malappuram,Nilambur,dengue,17506,0,test,0.7082625362170738,1,0.09529508270495023
2024-05-25,2024,Kerala,Malappuram,Nilambur,dengue,12,1,test,0.2700802432027759,0,0.0
2024-09-14,2024,Kerala,Malappuram,Nilambur,dengue,35020,0,test,0.6981840725096721,1,0.22044656738210144
2024-10-23,2024,Kerala,Malappuram,Nilambur,dengue,16410,0,test,0.6876151646627997,1,0.0005039812982109117
2020-05-03,2020,Kerala,Malappuram,Perinthalmanna,dengue,1,1,train,0.6869138289908331,1,0.0
2020-10-20,2020,Kerala,Malappuram,Perinthalmanna,dengue,22,1,train,0.6678554362931998,1,0.0027363916310939977
2021-08-11,2021,Kerala,Malappuram,Perinthalmanna,dengue,16,1,train,0.681615342689395,1,0.00021740708291579898
2021-10-22,2021,Kerala,Malappuram,Perinthalmanna,dengue,3315,0,train,0.725053830725699,1,0.2259043960908049
2021-12-31,2021,Kerala,Malappuram,Perinthalmanna,dengue,3,0,train,0.7022705787490208,1,0.0
2022-07-07,2022,Kerala,Malappuram,Perinthalmanna,dengue,4,0,train,0.5247241560760841,1,2.015599771409754e-05
2022-11-25,2022,Kerala,Malappuram,Perinthalmanna,dengue,1,0,val,0.10958305587526972,0,0.0
2023-07-15,2023,Kerala,Malappuram,Perinthalmanna,dengue,21,1,val,0.17863317104586904,0,0.0008062399085639015
2023-08-09,2023,Kerala,Malappuram,Perinthalmanna,dengue,5726,0,val,0.7211436962453986,1,0.15434776330391217
2023-09-11,2023,Kerala,Malappuram,Perinthalmanna,dengue,145,0,val,0.4141996949833643,0,0.0
2023-10-15,2023,Kerala,Malappuram,Perinthalmanna,dengue,98,0,val,0.21522434501212817,0,0.0
2020-08-10,2020,Kerala,Malappuram,Ponnani,dengue,93,1,train,0.6669559729088568,1,0.0
2020-09-14,2020,Kerala,Malappuram,Ponnani,dengue,8,0,train,0.649476505045172,1,0.0
2020-11-24,2020,Kerala,Malappuram,Ponnani,dengue,9,0,train,0.653169479634642,1,8.958221206265571e-06
2022-06-05,2022,Kerala,Malappuram,Ponnani,dengue,92,0,train,0.21568819576572473,0,0.001557391075636169
2022-10-16,2022,Kerala,Malappuram,Ponnani,dengue,24,0,train,0.3483807230376232,0,0.0
2023-06-05,2023,Kerala,Malappuram,Ponnani,dengue,1,0,val,0.16083606268287248,0,0.0
2023-09-13,2023,Kerala,Malappuram,Ponnani,dengue,1,1,val,0.6762698627538328,1,0.0
2023-11-25,2023,Kerala,Malappuram,Ponnani,dengue,177,0,test,0.7172425502499796,1,0.009884762861742297
2023-11-25,2023,Kerala,Malappuram,Ponnani,dengue,31,0,test,0.3424881491992789,0,0.0
2024-08-09,2024,Kerala,Malappuram,Ponnani,dengue,1,0,test,0.706570756882422,1,0.0
2020-09-11,2020,Kerala,Malappuram,Tirur,dengue,448,0,train,0.6374474138750815,1,0.0
2020-09-13,2020,Kerala,Malappuram,Tirur,dengue,1,0,train,0.21953111509541695,0,0.0
2022-05-03,2022,Kerala,Malappuram,Tirur,dengue,2,0,train,0.6833724093981637,1,4.031199542819508e-05
2022-09-11,2022,Kerala,Malappuram,Tirur,dengue,21,0,train,0.6950185126153926,1,0.0005106186087571375
2022-10-16,2022,Kerala,Malappuram,Tirur,dengue,1,0,train,0.6845647050898055,1,0.0
2023-07-07,2023,Kerala,Malappuram,Tirur,dengue,35,1,val,0.40206475517116375,0,0.0020939602918286703
2023-08-10,2023,Kerala,Malappuram,Tirur,dengue,536,0,val,0.7246788277463097,1,0.008736698853646831
2023-10-19,2023,Kerala,Malappuram,Tirur,dengue,11,0,val,0.735842844010322,1,0.0
2023-11-27,2023,Kerala,Malappuram,Tirur,dengue,4,0,test,0.6869724054868742,1,0.0
2023-12-31,2023,Kerala,Malappuram,Tirur,dengue,7,0,test,0.7164180420746608,1,4.8374394513834085e-05
2020-09-11,2020,Kerala,Malappuram,Tirurangadi,dengue,14,1,train,0.7191476361116167,1,0.0
2020-10-16,2020,Kerala,Malappuram,Tirurangadi,dengue,100,0,train,0.7213037501605828,1,0.0015331533929343812
2020-11-27,2020,Kerala,Malappuram,Tirurangadi,dengue,2,0,train,0.586389585803369,1,0.0
2021-12-30,2021,Kerala,Malappuram,Tirurangadi,dengue,1,0,train,0.6425209320278717,1,0.0
2022-07-07,2022,Kerala,Malappuram,Tirurangadi,dengue,26,0,train,0.5536160210120312,1,0.0010077998857048768
2022-08-11,2022,Kerala,Malappuram,Tirurangadi,dengue,1,0,train,0.6941542210762864,1,0.0
2022-09-11,2022,Kerala,Malappuram,Tirurangadi,dengue,10,0,train,0.6337341923821329,1,0.00039615807168496566
2022-10-17,2022,Kerala,Malappuram,Tirurangadi,dengue,89,0,train,0.12300862661596718,0,0.0030144109136689195
2022-10-18,2022,Kerala,Malappuram,Tirurangadi,dengue,33,0,train,0.2913149726373059,0,3.803335520043203e-05
2022-11-28,2022,Kerala,Malappuram,Tirurangadi,dengue,1,0,val,0.6826186710691458,1,0.0
2023-08-10,2023,Kerala,Malappuram,Tirurangadi,dengue,1,1,val,0.6440859849142895,1,0.0
2023-09-11,2023,Kerala,Malappuram,Tirurangadi,dengue,300,1,val,0.7202811776525176,1,0.017777593995074552
2023-11-24,2023,Kerala,Malappuram,Tirurangadi,dengue,943,0,test,0.7285346662047105,1,0.007706490292674231
2023-11-26,2023,Kerala,Malappuram,Tirurangadi,dengue,28,0,test,0.6336201212160524,1,0.0
2024-08-09,2024,Kerala,Malappuram,Tirurangadi,dengue,15,1,test,0.7012093934705648,1,0.0
2024-08-10,2024,Kerala,Malappuram,Tirurangadi,dengue,971,0,test,0.2584805950953047,0,0.007121177335411395
2020-09-14,2020,Kerala,Palakkad,Alathur,dengue,92,1,train,0.21454433667436304,0,0.0
2023-09-14,2023,Kerala,Palakkad,Alathur,dengue,7,0,val,0.2540660105208352,0,0.0
2023-11-25,2023,Kerala,Palakkad,Alathur,dengue,1,0,test,0.6796255327881301,1,0.0
2023-11-27,2023,Kerala,Palakkad,Alathur,dengue,12,0,test,0.6664531808263401,1,0.00044343194971014575
2024-08-08,2024,Kerala,Palakkad,Alathur,dengue,10,1,test,0.6827328558257609,1,0.0
2020-09-15,2020,Kerala,Palakkad,Chittur,dengue,11,1,train,0.7670014625410329,1,0.0
2020-10-19,2020,Kerala,Palakkad,Chittur,dengue,6,1,train,0.17884150008640629,0,0.0
2021-02-01,2021,Kerala,Palakkad,Chittur,dengue,76,0,train,0.11227775850715335,0,0.012492096662622814
2021-08-10,2021,Kerala,Palakkad,Chittur,dengue,3,1,train,0.19396917811012654,0,0.0
2021-11-24,2021,Kerala,Palakkad,Chittur,dengue,5528,1,train,0.7163205429248086,1,0.2387523170878153
2021-11-25,2021,Kerala,Palakkad,Chittur,dengue,1578,0,train,0.12043264972044641,0,0.00012331406452317404
2022-10-17,2022,Kerala,Palakkad,Chittur,dengue,319,0,train,0.20672121563798554,0,0.0
2022-11-23,2022,Kerala,Palakkad,Chittur,dengue,26,0,val,0.6842930938324929,1,0.0
2023-06-05,2023,Kerala,Palakkad,Chittur,dengue,168,0,val,0.6819132666504987,1,0.0004240224704299039
2023-08-09,2023,Kerala,Palakkad,Chittur,dengue,59,0,val,0.6386246593083377,1,0.0
2023-10-19,2023,Kerala,Palakkad,Chittur,dengue,1478,0,val,0.6628466446132133,1,0.0038764507432662828
2020-06-04,2020,Kerala,Palakkad,Mannarkkad,dengue,2,0,train,0.132941299787352,0,0.0
2021-08-11,2021,Kerala,Palakkad,Mannarkkad,dengue,4,0,train,0.120014238399368,0,0.0001167439848076568
2021-12-31,2021,Kerala,Palakkad,Mannarkkad,dengue,1,1,train,0.6841004282169998,1,0.0
2020-08-11,2020,Kerala,Palakkad,Ottapalam,dengue,92,1,train,0.23141218449639314,0,0.0
2021-11-23,2021,Kerala,Palakkad,Ottapalam,dengue,14,0,train,0.6873336524293131,1,0.0
2022-09-13,2022,Kerala,Palakkad,Ottapalam,dengue,27,1,train,0.7023331897259217,1,6.987412540887147e-05
2023-05-02,2023,Kerala,Palakkad,Ottapalam,dengue,209,0,val,0.0779314328940533,0,0.0033451799972907042
2023-08-08,2023,Kerala,Palakkad,Ottapalam,dengue,35,0,val,0.6927081874550008,1,0.0
2023-10-22,2023,Kerala,Palakkad,Ottapalam,dengue,8,0,test,0.10494295489228297,0,0.0
2023-11-23,2023,Kerala,Palakkad,Ottapalam,dengue,5,0,test,0.06299526140414596,0,0.0
2020-08-09,2020,Kerala,Palakkad,Palakkad,dengue,196,1,train,0.10664833523906819,0,0.0
2020-11-24,2020,Kerala,Palakkad,Palakkad,dengue,30229,0,train,0.6529504746162289,1,0.04110125373513906
2020-12-31,2020,Kerala,Palakkad,Palakkad,dengue,13,0,train,0.6805782325294872,1,0.0
2021-02-01,2021,Kerala,Palakkad,Palakkad,dengue,37,0,train,0.33427892699934253,0,0.00013821255575381167
2021-07-07,2021,Kerala,Palakkad,Palakkad,dengue,18,0,train,0.7051368754532511,1,0.0
2021-09-12,2021,Kerala,Palakkad,Palakkad,dengue,53,0,train,0.6813091103687126,1,0.00014851787789335027
2022-06-05,2022,Kerala,Palakkad,Palakkad,dengue,105,0,train,0.5236552119381102,1,0.0005236400927170169
2022-11-23,2022,Kerala,Palakkad,Palakkad,dengue,9,0,val,0.6425727418679135,1,0.0
2023-07-07,2023,Kerala,Palakkad,Palakkad,dengue,164,0,val,0.6831823082760308,1,0.0017166322564521363
2023-09-11,2023,Kerala,Palakkad,Palakkad,dengue,6,0,val,0.651942327870068,1,0.0
2023-09-13,2023,Kerala,Palakkad,Palakkad,dengue,358,0,val,0.6853005993937625,1,0.004804921304821731
2023-10-16,2023,Kerala,Palakkad,Palakkad,dengue,1,0,val,0.6829578302894184,1,0.0
2023-10-28,2023,Kerala,Palakkad,Palakkad,dengue,11,0,test,0.6329553362798928,1,0.00040311995428195073
2020-06-04,2020,Kerala,Palakkad,Pattambi,dengue,42,1,train,0.1770451905338694,0,0.0
2020-10-21,2020,Kerala,Palakkad,Pattambi,dengue,50,0,train,0.6783525578075128,1,4.576464501912684e-05
2021-09-11,2021,Kerala,Palakkad,Pattambi,dengue,2,0,train,0.6603474586196806,1,0.0
2021-09-12,2021,Kerala,Palakkad,Pattambi,dengue,3,0,train,0.7081348927210823,1,2.6874663618796715e-05
2021-10-17,2021,Kerala,Palakkad,Pattambi,dengue,1,0,train,0.7582869289883544,1,0.0
2021-12-30,2021,Kerala,Palakkad,Pattambi,dengue,3,0,train,0.10076423523361731,0,8.062399085639016e-05
2022-11-28,2022,Kerala,Palakkad,Pattambi,dengue,3,0,val,0.1075181084759247,0,0.0
2023-10-18,2023,Kerala,Palakkad,Pattambi,dengue,1,1,val,0.6963704556204797,1,0.0
2023-10-19,2023,Kerala,Palakkad,Pattambi,dengue,208,0,val,0.05313547216205544,0,0.026438524477557884
2023-10-22,2023,Kerala,Palakkad,Pattambi,dengue,3,0,test,0.04378859308871246,0,0.0
2023-11-25,2023,Kerala,Palakkad,Pattambi,dengue,29,0,test,0.07515470094876922,0,0.000524055940566536
2020-06-05,2020,Kerala,Pathanamthitta,Adoor,dengue,3,1,train,0.05342784042303653,0,0.0
2020-09-13,2020,Kerala,Pathanamthitta,Adoor,dengue,14893,1,train,0.7065515107187791,1,0.8001228051295249
2020-10-17,2020,Kerala,Pathanamthitta,Adoor,dengue,7,0,train,0.09265234533147955,0,0.0
2022-05-02,2022,Kerala,Pathanamthitta,Adoor,dengue,2,1,train,0.10073443264180842,0,0.0
2023-03-02,2023,Kerala,Pathanamthitta,Adoor,dengue,23446,0,val,0.09409984040251974,0,0.5024376146619339
2023-10-16,2023,Kerala,Pathanamthitta,Adoor,dengue,277,0,val,0.7390018001425809,1,0.0
2023-10-28,2023,Kerala,Pathanamthitta,Adoor,dengue,17,0,test,0.6074240561250158,1,0.0
2023-11-26,2023,Kerala,Pathanamthitta,Adoor,dengue,8,0,test,0.6789402058460636,1,0.0
2023-11-27,2023,Kerala,Pathanamthitta,Adoor,dengue,412,0,test,0.3149338827483087,0,0.003619121367331291
2024-11-23,2024,Kerala,Pathanamthitta,Adoor,dengue,118,0,test,0.3240985544711167,0,0.0
2020-10-17,2020,Kerala,Pathanamthitta,Konni,dengue,1,1,train,0.5027395863313207,1,0.0
2020-10-22,2020,Kerala,Pathanamthitta,Konni,dengue,11,1,train,0.5388097417260829,1,0.0012535478314778066
2022-11-23,2022,Kerala,Pathanamthitta,Konni,dengue,9,1,val,0.679971690351759,1,0.0002842836195540641
2023-02-01,2023,Kerala,Pathanamthitta,Konni,dengue,28,0,val,0.7140661585563862,1,0.0027797943645301677
2023-08-10,2023,Kerala,Pathanamthitta,Konni,dengue,5,0,val,0.7378634641103575,1,0.0
2024-08-08,2024,Kerala,Pathanamthitta,Konni,dengue,1,0,test,0.32164582864376956,0,0.0
2024-08-09,2024,Kerala,Pathanamthitta,Konni,dengue,6,1,test,0.24146813165078257,0,0.00020155997714097536
2020-08-10,2020,Kerala,Pathanamthitta,Kozhenchery,dengue,3,0,train,0.7082874486109283,1,0.0
2020-10-22,2020,Kerala,Pathanamthitta,Kozhenchery,dengue,1,1,train,0.6722705824033542,1,0.0
2020-12-30,2020,Kerala,Pathanamthitta,Kozhenchery,dengue,8,1,train,0.7165012622029449,1,0.0029000392436449225
2021-05-03,2021,Kerala,Pathanamthitta,Kozhenchery,dengue,52,0,train,0.6759408973710235,1,0.009396728118569609
2021-11-28,2021,Kerala,Pathanamthitta,Kozhenchery,dengue,7,1,train,0.0643222345054917,0,0.0
2022-11-26,2022,Kerala,Pathanamthitta,Kozhenchery,dengue,41743,1,val,0.6726175232279203,1,0.9999999983333334
2023-06-24,2023,Kerala,Pathanamthitta,Kozhenchery,dengue,112,0,val,0.6333399230694656,1,0.0
2023-07-06,2023,Kerala,Pathanamthitta,Kozhenchery,dengue,1719,0,val,0.6593676656038441,1,0.0011465730381081324
2023-08-08,2023,Kerala,Pathanamthitta,Kozhenchery,dengue,409,0,val,0.615611221956413,1,0.0
2023-09-14,2023,Kerala,Pathanamthitta,Kozhenchery,dengue,4,0,val,0.7095758963835785,1,0.0
2023-09-14,2023,Kerala,Pathanamthitta,Kozhenchery,dengue,7,0,val,0.6467704916195959,1,4.8374394513834085e-05
2023-10-20,2023,Kerala,Pathanamthitta,Kozhenchery,dengue,4,0,test,0.6713500259263648,1,0.0
2023-12-02,2023,Kerala,Pathanamthitta,Kozhenchery,dengue,12,0,test,0.6878913508343447,1,0.00012899838537022422
2024-09-12,2024,Kerala,Pathanamthitta,Kozhenchery,dengue,356,0,test,0.6827887929983253,1,0.01062552109255925
2024-09-14,2024,Kerala,Pathanamthitta,Kozhenchery,dengue,36,0,test,0.6668705099773876,1,0.0
2020-10-16,2020,Kerala,Pathanamthitta,Mallappally,dengue,2,1,train,0.3164836916664818,0,0.0
2022-06-04,2022,Kerala,Pathanamthitta,Mallappally,dengue,30,0,train,0.03865464512910111,0,0.0024533463357180193
2022-09-14,2022,Kerala,Pathanamthitta,Mallappally,dengue,2,0,train,0.6837547786924972,1,0.0
2023-08-05,2023,Kerala,Pathanamthitta,Mallappally,dengue,30,0,val,0.6021369581037883,1,0.0016499624428184738
2023-08-26,2023,Kerala,Pathanamthitta,Mallappally,dengue,37,0,val,0.650785469710732,1,0.0009456502288252373
2023-11-25,2023,Kerala,Pathanamthitta,Mallappally,dengue,6,0,test,0.6867809039268438,1,0.0
2023-11-27,2023,Kerala,Pathanamthitta,Mallappally,dengue,31,0,test,0.5683636102219402,1,0.000837995624510165
2023-11-28,2023,Kerala,Pathanamthitta,Mallappally,dengue,1,0,test,0.7230135476746581,1,0.0
2020-10-21,2020,Kerala,Pathanamthitta,Ranni,dengue,1,0,train,0.4758817147942245,0,0.0
2020-11-26,2020,Kerala,Pathanamthitta,Ranni,dengue,4,1,train,0.276367281108483,0,0.0003099199589947754
2021-10-22,2021,Kerala,Pathanamthitta,Ranni,dengue,23181,0,train,0.6493050367479628,1,0.9999999983333334
2022-03-01,2022,Kerala,Pathanamthitta,Ranni,dengue,3,0,train,0.6921415322331156,1,0.0
2023-08-10,2023,Kerala,Pathanamthitta,Ranni,dengue,1,0,val,0.6988733156865127,1,0.0
2023-09-13,2023,Kerala,Pathanamthitta,Ranni,dengue,68,0,val,0.6684201477194839,1,0.00270090369368907
2023-10-20,2023,Kerala,Pathanamthitta,Ranni,dengue,8,0,test,0.2673682899038067,0,0.0
2023-11-24,2023,Kerala,Pathanamthitta,Ranni,dengue,2,0,test,0.25283249307406913,0,0.0
2023-11-27,2023,Kerala,Pathanamthitta,Ranni,dengue,2,0,test,0.219015606644511,0,0.0
2020-08-09,2020,Kerala,Pathanamthitta,Thiruvalla,dengue,3862,0,train,0.6308846363932435,1,0.0
2020-10-21,2020,Kerala,Pathanamthitta,Thiruvalla,dengue,5,0,train,0.5754299207949649,1,0.0
2020-11-28,2020,Kerala,Pathanamthitta,Thiruvalla,dengue,6,0,train,0.69477382320102,1,1.3437331809398353e-05
2021-02-01,2021,Kerala,Pathanamthitta,Thiruvalla,dengue,246,0,train,0.6679887335521397,1,0.0027642511150762334
2023-08-11,2023,Kerala,Pathanamthitta,Thiruvalla,dengue,385,0,val,0.08792128038145254,0,4.5371395664122386e-05
2023-09-11,2023,Kerala,Pathanamthitta,Thiruvalla,dengue,178,0,val,0.1237635193704944,0,1.930796006017424e-05
2023-10-14,2023,Kerala,Pathanamthitta,Thiruvalla,dengue,11,0,val,0.08775846621346371,0,0.0
2023-10-16,2023,Kerala,Pathanamthitta,Thiruvalla,dengue,421,1,val,0.7360998016601192,1,0.002951893574968852
2023-10-19,2023,Kerala,Pathanamthitta,Thiruvalla,dengue,50335,0,val,0.4107600677169402,0,0.06798296516186955
2020-10-22,2020,Kerala,Thiruvananthapuram,Chirayinkeezhu,dengue,6842,1,train,0.1777790203250796,0,0.0
2020-11-26,2020,Kerala,Thiruvananthapuram,Chirayinkeezhu,dengue,18,0,train,0.07679430772709975,0,0.0
2021-11-23,2021,Kerala,Thiruvananthapuram,Chirayinkeezhu,dengue,3,0,train,0.06862743106121777,0,0.0
2022-05-02,2022,Kerala,Thiruvananthapuram,Chirayinkeezhu,dengue,5,0,train,0.6459233054465744,1,4.031199542819508e-05
2022-06-04,2022,Kerala,Thiruvananthapuram,Chirayinkeezhu,dengue,221,0,train,0.6785531266438225,1,0.0029024636708300453
2023-06-04,2023,Kerala,Thiruvananthapuram,Chirayinkeezhu,dengue,5,0,val,0.7296302367815065,1,0.0
2023-09-23,2023,Kerala,Thiruvananthapuram,Chirayinkeezhu,dengue,25,0,val,0.6873140938549009,1,0.0002687466361879671
2023-10-20,2023,Kerala,Thiruvananthapuram,Chirayinkeezhu,dengue,8,0,test,0.6919431938124166,1,0.0
2023-10-22,2023,Kerala,Thiruvananthapuram,Chirayinkeezhu,dengue,10,0,test,0.6531437948942802,1,1.7916442412531142e-05
2023-11-25,2023,Kerala,Thiruvananthapuram,Chirayinkeezhu,dengue,7,0,test,0.6622415474766715,1,0.0
2023-11-28,2023,Kerala,Thiruvananthapuram,Chirayinkeezhu,dengue,28,0,test,0.5979438024950118,1,0.00041462076150156166
2021-11-23,2021,Kerala,Thiruvananthapuram,Kattakkada,dengue,1,0,train,0.7262031161832877,1,0.0
2021-11-24,2021,Kerala,Thiruvananthapuram,Kattakkada,dengue,3,0,train,0.06858261966979393,0,0.00017511597721148523
2023-11-26,2023,Kerala,Thiruvananthapuram,Kattakkada,dengue,2,1,test,0.6861188226591944,1,0.0
2023-11-26,2023,Kerala,Thiruvananthapuram,Kattakkada,dengue,18,1,test,0.6830925020535475,1,0.010059626320618551
2024-07-07,2024,Kerala,Thiruvananthapuram,Kattakkada,dengue,13,0,test,0.610687320156127,1,0.0006344769275486594
2024-08-08,2024,Kerala,Thiruvananthapuram,Kattakkada,dengue,16,0,test,0.6884122157783245,1,0.0007420305904703527
2024-08-09,2024,Kerala,Thiruvananthapuram,Kattakkada,dengue,1,0,test,0.633527797902406,1,0.0
2024-10-21,2024,Kerala,Thiruvananthapuram,Kattakkada,dengue,1,0,test,0.19737997879315522,0,0.0
2020-09-14,2020,Kerala,Thiruvananthapuram,Nedumangad,dengue,61,1,train,0.710609524829148,1,0.0
2021-09-14,2021,Kerala,Thiruvananthapuram,Nedumangad,dengue,24,0,train,0.5732716388040232,1,0.0
2021-10-18,2021,Kerala,Thiruvananthapuram,Nedumangad,dengue,39,1,train,0.27360257502867547,0,4.8374394513834085e-05
2021-10-22,2021,Kerala,Thiruvananthapuram,Nedumangad,dengue,19819,0,train,0.1514623870890459,0,0.7050059124701252
2022-10-19,2022,Kerala,Thiruvananthapuram,Nedumangad,dengue,68,0,train,0.114304123804403,0,0.0
2022-11-23,2022,Kerala,Thiruvananthapuram,Nedumangad,dengue,16,1,val,0.09650379611948764,0,0.0
2022-11-24,2022,Kerala,Thiruvananthapuram,Nedumangad,dengue,26965,0,val,0.05844293665736032,0,0.13022933341478796
2023-05-03,2023,Kerala,Thiruvananthapuram,Nedumangad,dengue,50,0,val,0.6854076325649485,1,0.0
2020-12-31,2020,Kerala,Thiruvananthapuram,Neyyattinkara,dengue,345,1,train,0.6990446942803308,1,0.0
2021-10-19,2021,Kerala,Thiruvananthapuram,Neyyattinkara,dengue,13,0,train,0.6898834639788667,1,0.0
2021-11-26,2021,Kerala,Thiruvananthapuram,Neyyattinkara,dengue,5,0,train,0.6202445629287981,1,0.0
2022-07-08,2022,Kerala,Thiruvananthapuram,Neyyattinkara,dengue,25,0,train,0.6637310276463687,1,0.0002687466361879671
2022-12-31,2022,Kerala,Thiruvananthapuram,Neyyattinkara,dengue,71,1,val,0.6648703463675671,1,0.00014264244536130565
2023-09-11,2023,Kerala,Thiruvananthapuram,Neyyattinkara,dengue,30687,0,val,0.6253970494357449,1,0.34614398332351975
2023-11-26,2023,Kerala,Thiruvananthapuram,Neyyattinkara,dengue,2,0,test,0.46073434712729733,0,0.0
2023-11-27,2023,Kerala,Thiruvananthapuram,Neyyattinkara,dengue,18,1,test,0.7246389126551935,1,0.00042999461790074744
2024-06-05,2024,Kerala,Thiruvananthapuram,Neyyattinkara,dengue,31238,0,test,0.6520979336348667,1,0.134426995761486
2024-10-22,2024,Kerala,Thiruvananthapuram,Neyyattinkara,dengue,14,0,test,0.7177156056036169,1,0.0
2020-02-01,2020,Kerala,Thiruvananthapuram,Thiruvananthapuram,dengue,577,1,train,0.7257988242752941,1,0.0
2021-09-13,2021,Kerala,Thiruvananthapuram,Thiruvananthapuram,dengue,7862,0,train,0.45919649557831177,0,0.0033977595685291133
2022-11-25,2022,Kerala,Thiruvananthapuram,Thiruvananthapuram,dengue,1,0,val,0.03805748104738478,0,0.0
2023-02-01,2023,Kerala,Thiruvananthapuram,Thiruvananthapuram,dengue,2,0,val,0.6560532644193625,1,4.031199542819508e-05
2023-08-11,2023,Kerala,Thiruvananthapuram,Thiruvananthapuram,dengue,309,0,val,0.7302798481735795,1,0.00825052173097059
2023-10-21,2023,Kerala,Thiruvananthapuram,Thiruvananthapuram,dengue,56,0,test,0.5741635195473281,1,0.0
2023-12-30,2023,Kerala,Thiruvananthapuram,Thiruvananthapuram,dengue,1,0,test,0.27810597597018116,0,0.0
2020-09-12,2020,Kerala,Thiruvananthapuram,Varkala,dengue,3,1,train,0.1515984735910342,0,0.0
2020-11-23,2020,Kerala,Thiruvananthapuram,Varkala,dengue,36,1,train,0.22224295597308114,0,0.0021770197062467396
2021-06-05,2021,Kerala,Thiruvananthapuram,Varkala,dengue,13,0,train,0.7228421303755636,1,0.0
2021-12-30,2021,Kerala,Thiruvananthapuram,Varkala,dengue,37,0,train,0.720928384967417,1,0.0009614885931364878
2022-10-17,2022,Kerala,Thiruvananthapuram,Varkala,dengue,30,1,train,0.6983016225643456,1,0.00030292547896188237
2022-10-19,2022,Kerala,Thiruvananthapuram,Varkala,dengue,139,0,train,0.714726558061348,1,0.0051139987152010215
2022-10-22,2022,Kerala,Thiruvananthapuram,Varkala,dengue,4,0,train,0.1306142841680666,0,0.0
2023-07-06,2023,Kerala,Thiruvananthapuram,Varkala,dengue,53,0,val,0.0949050878432276,0,0.0009698131258297327
2023-07-08,2023,Kerala,Thiruvananthapuram,Varkala,dengue,5,1,val,0.08310311552424345,0,0.0
2023-08-08,2023,Kerala,Thiruvananthapuram,Varkala,dengue,28297,0,val,0.6974272817396883,1,0.8441977555786442
2023-09-16,2023,Kerala,Thiruvananthapuram,Varkala,dengue,13,0,val,0.7277770917104917,1,0.0
2023-10-17,2023,Kerala,Thiruvananthapuram,Varkala,dengue,364,0,val,0.5973759457169537,1,0.002021358627899496
2023-11-04,2023,Kerala,Thiruvananthapuram,Varkala,dengue,10,0,test,0.7249546259487843,1,0.0
2023-11-23,2023,Kerala,Thiruvananthapuram,Varkala,dengue,68,0,test,0.621319607532933,1,0.00042510831542460256
2023-11-24,2023,Kerala,Thiruvananthapuram,Varkala,dengue,5,0,test,0.14077022454827623,0,0.0
2024-08-09,2024,Kerala,Thiruvananthapuram,Varkala,dengue,38,0,test,0.41594769597011,0,0.00044343194971014575
2024-10-16,2024,Kerala,Thiruvananthapuram,Varkala,dengue,7,0,test,0.682259771328487,1,0.0
2020-09-12,2020,Kerala,Thrissur,Chalakudy,dengue,1,1,train,0.7190563806016733,1,0.0
2020-10-22,2020,Kerala,Thrissur,Chalakudy,dengue,5721,1,train,0.6636506889039424,1,0.7305846130158884
2020-12-30,2020,Kerala,Thrissur,Chalakudy,dengue,202,0,train,0.22753925773274372,0,0.0
2021-09-13,2021,Kerala,Thrissur,Chalakudy,dengue,5330,0,train,0.41764562692729035,0,0.0029185921182308945
2022-08-09,2022,Kerala,Thrissur,Chalakudy,dengue,50,0,train,0.3229651647363413,0,0.0
2022-10-22,2022,Kerala,Thrissur,Chalakudy,dengue,48,0,train,0.2931038136518478,0,0.0
2023-10-07,2023,Kerala,Thrissur,Chalakudy,dengue,18,0,val,0.7272492958766438,1,0.0
2023-10-17,2023,Kerala,Thrissur,Chalakudy,dengue,1,0,val,0.6136975588261099,1,0.0
2023-10-19,2023,Kerala,Thrissur,Chalakudy,dengue,12,0,val,0.7257867237073343,1,0.00044343194971014575
2023-10-21,2023,Kerala,Thrissur,Chalakudy,dengue,14,0,test,0.7201537007370556,1,1.2403690900983095e-05
2023-11-26,2023,Kerala,Thrissur,Chalakudy,dengue,4,0,test,0.711525885620739,1,0.0
2023-12-23,2023,Kerala,Thrissur,Chalakudy,dengue,4,0,test,0.7535854650031601,1,0.0
2023-12-30,2023,Kerala,Thrissur,Chalakudy,dengue,9,0,test,0.6951415927768408,1,8.062399085639016e-05
2024-08-11,2024,Kerala,Thrissur,Chalakudy,dengue,1,0,test,0.15033231032964905,0,0.0
2020-05-03,2020,Kerala,Thrissur,Chavakkad,dengue,2,0,train,0.12315689729730232,0,0.0
2021-08-10,2021,Kerala,Thrissur,Chavakkad,dengue,3,1,train,0.09811347245030415,0,2.6874663618796715e-05
2021-08-10,2021,Kerala,Thrissur,Chavakkad,dengue,16,1,train,0.7058774284255471,1,0.0112999396750501
2021-10-16,2021,Kerala,Thrissur,Chavakkad,dengue,5330,0,train,0.7352606697086574,1,0.5208600248370014
2021-11-25,2021,Kerala,Thrissur,Chavakkad,dengue,4,0,train,0.14234853506283998,0,0.0
2022-10-22,2022,Kerala,Thrissur,Chavakkad,dengue,104,0,train,0.7598971037546751,1,0.001612479817127803
2022-12-31,2022,Kerala,Thrissur,Chavakkad,dengue,1,0,val,0.7498386571230437,1,0.0
2023-06-04,2023,Kerala,Thrissur,Chavakkad,dengue,18,0,val,0.18464760685611195,0,0.0006853039222793162
2023-10-15,2023,Kerala,Thrissur,Chavakkad,dengue,1,0,val,0.6660568169651949,1,0.0
2023-11-22,2023,Kerala,Thrissur,Chavakkad,dengue,15,0,test,0.762304747782735,1,0.000564367935994731
2023-11-27,2023,Kerala,Thrissur,Chavakkad,dengue,730,0,test,0.7399699764282183,1,0.017621819635309528
2020-11-22,2020,Kerala,Thrissur,Kodungallur,dengue,1606,1,train,0.23033862313951112,0,0.0
2020-12-31,2020,Kerala,Thrissur,Kodungallur,dengue,54,0,train,0.6690960193998527,1,0.0
2021-11-24,2021,Kerala,Thrissur,Kodungallur,dengue,16,0,train,0.10972732344257657,0,0.0
2023-05-03,2023,Kerala,Thrissur,Kodungallur,dengue,167,1,val,0.7062693621412618,1,0.000716130742312642
2023-06-05,2023,Kerala,Thrissur,Kodungallur,dengue,7743,0,val,0.09694917040814544,0,0.011774809105466718
2023-11-26,2023,Kerala,Thrissur,Kodungallur,dengue,498,0,test,0.7090189404582748,1,0.0
2024-03-02,2024,Kerala,Thrissur,Kodungallur,dengue,266,0,test,0.06978828025404563,0,0.0
2024-10-20,2024,Kerala,Thrissur,Kodungallur,dengue,7427,0,test,0.7020262665359711,1,0.0037669041967522987
2020-12-31,2020,Kerala,Thrissur,Kunnamkulam,dengue,7,0,train,0.5849923501064349,1,0.0
2021-11-24,2021,Kerala,Thrissur,Kunnamkulam,dengue,1,0,train,0.7164638245956789,1,0.0
2022-06-04,2022,Kerala,Thrissur,Kunnamkulam,dengue,1,1,train,0.6275572926049682,1,0.0
2022-10-16,2022,Kerala,Thrissur,Kunnamkulam,dengue,25,0,train,0.7179897462872354,1,0.005406861740752083
2022-11-22,2022,Kerala,Thrissur,Kunnamkulam,dengue,1,1,train,0.6610475924328505,1,0.0
2023-06-04,2023,Kerala,Thrissur,Kunnamkulam,dengue,5753,0,val,0.10545635273414998,0,0.6677047302580545
2023-08-11,2023,Kerala,Thrissur,Kunnamkulam,dengue,27,0,val,0.0541408262588627,0,0.0
2023-11-18,2023,Kerala,Thrissur,Kunnamkulam,dengue,74,0,test,0.06592803096478539,0,0.00013533312750894062
2023-11-28,2023,Kerala,Thrissur,Kunnamkulam,dengue,1,0,test,0.05302450391223451,0,0.0
2024-06-06,2024,Kerala,Thrissur,Kunnamkulam,dengue,4,1,test,0.7408362696848444,1,0.00012093598628458523
2024-11-24,2024,Kerala,Thrissur,Kunnamkulam,dengue,8290,0,test,0.7320353859366291,1,0.19269481618699577
2020-05-02,2020,Kerala,Thrissur,Mukundapuram,dengue,1,1,train,0.3372856791369642,0,0.0
2020-09-11,2020,Kerala,Thrissur,Mukundapuram,dengue,17,0,train,0.13534446972280506,0,0.002062371722177547
2021-11-23,2021,Kerala,Thrissur,Mukundapuram,dengue,4,0,train,0.73092680218073,1,0.0
2022-10-20,2022,Kerala,Thrissur,Mukundapuram,dengue,22,1,train,0.6484306577985685,1,0.0015362269893469534
2023-09-14,2023,Kerala,Thrissur,Mukundapuram,dengue,318,0,val,0.691676620316555,1,0.022356298570813327
2023-10-18,2023,Kerala,Thrissur,Mukundapuram,dengue,1,0,val,0.7249206303718426,1,0.0
2023-11-04,2023,Kerala,Thrissur,Mukundapuram,dengue,41,0,test,0.09813220705631774,0,0.001612479817127803
2023-11-27,2023,Kerala,Thrissur,Mukundapuram,dengue,4,1,test,0.7478187838884538,1,0.0
2024-09-12,2024,Kerala,Thrissur,Mukundapuram,dengue,1003,0,test,0.7468978779653991,1,0.022731142702016247
2021-10-21,2021,Kerala,Thrissur,Talappilly,dengue,1,0,train,0.5114216003200844,1,0.0
2021-11-23,2021,Kerala,Thrissur,Talappilly,dengue,1,1,train,0.45744908817551533,0,0.0
2022-10-23,2022,Kerala,Thrissur,Talappilly,dengue,29,0,train,0.7295404849012844,1,0.01887826522211902
2023-10-16,2023,Kerala,Thrissur,Talappilly,dengue,3,0,val,0.6451612649667287,1,0.0
2023-10-20,2023,Kerala,Thrissur,Talappilly,dengue,4,1,test,0.1821197348905015,0,2.015599771409754e-05
2023-11-25,2023,Kerala,Thrissur,Talappilly,dengue,536,1,test,0.7328623303661304,1,0.04210682187546941
2020-06-05,2020,Kerala,Thrissur,Thrissur,dengue,223,1,train,0.6868966499693927,1,0.0
2020-08-10,2020,Kerala,Thrissur,Thrissur,dengue,448,1,train,0.12175980467492094,0,0.00026996789209718917
2021-10-16,2021,Kerala,Thrissur,Thrissur,dengue,234,0,train,0.09180256495660656,0,0.0
2022-05-02,2022,Kerala,Thrissur,Thrissur,dengue,19,0,train,0.7252085592152375,1,0.0
2022-08-11,2022,Kerala,Thrissur,Thrissur,dengue,10,0,train,0.6674782396173918,1,0.0
2022-10-16,2022,Kerala,Thrissur,Thrissur,dengue,32,0,train,0.15767384786584443,0,0.00016124798171278032
2023-06-03,2023,Kerala,Thrissur,Thrissur,dengue,92,0,val,0.7101087238583372,1,0.00019020076029438958
2023-06-05,2023,Kerala,Thrissur,Thrissur,dengue,14,0,val,0.7269156238522693,1,0.0
2023-09-09,2023,Kerala,Thrissur,Thrissur,dengue,11,0,val,0.2886877760775398,0,0.0
2023-11-25,2023,Kerala,Thrissur,Thrissur,dengue,6,0,test,0.7226605561576573,1,0.0
2020-09-11,2020,Kerala,Wayanad,Mananthavady,dengue,4,1,train,0.0890983737740929,0,0.0
2020-11-26,2020,Kerala,Wayanad,Mananthavady,dengue,3420,1,train,0.127927079977776,0,0.18415836391414558
2021-11-24,2021,Kerala,Wayanad,Mananthavady,dengue,7,0,train,0.7248004023650393,1,0.0
2021-12-31,2021,Kerala,Wayanad,Mananthavady,dengue,43,0,train,0.28909016197244025,0,0.00036280795885375566
2022-10-20,2022,Kerala,Wayanad,Mananthavady,dengue,89,0,train,0.2592630146394196,0,8.42887177134988e-05
2023-09-16,2023,Kerala,Wayanad,Mananthavady,dengue,61,0,val,0.6959339497093857,1,0.0
2023-10-20,2023,Kerala,Wayanad,Mananthavady,dengue,5,0,test,0.14573482981429256,0,0.0
2020-05-03,2020,Kerala,Wayanad,Sulthan Bathery,dengue,206,1,train,0.16066672659507986,0,0.0
2020-10-16,2020,Kerala,Wayanad,Sulthan Bathery,dengue,8328,0,train,0.2878028618145935,0,0.010577617855628286
2021-06-05,2021,Kerala,Wayanad,Sulthan Bathery,dengue,52,0,train,0.30599017653434035,0,0.0
2021-10-20,2021,Kerala,Wayanad,Sulthan Bathery,dengue,5,0,train,0.7123759299462809,1,0.0
2021-10-22,2021,Kerala,Wayanad,Sulthan Bathery,dengue,1,1,train,0.7436099021957289,1,0.0
2021-11-26,2021,Kerala,Wayanad,Sulthan Bathery,dengue,23701,0,train,0.07262112053579917,0,0.5051749904656582
2022-08-09,2022,Kerala,Wayanad,Sulthan Bathery,dengue,12,0,train,0.7261796953086994,1,0.0
2022-11-26,2022,Kerala,Wayanad,Sulthan Bathery,dengue,1,0,val,0.5352864850373318,1,0.0
2022-12-30,2022,Kerala,Wayanad,Sulthan Bathery,dengue,8,0,val,0.5271665440341784,1,0.0002821839679973655
2023-05-03,2023,Kerala,Wayanad,Sulthan Bathery,dengue,11,0,val,0.7194297108111425,1,2.6874663618796715e-05
2023-07-15,2023,Kerala,Wayanad,Sulthan Bathery,dengue,5,0,val,0.6027890938136445,1,0.0
2023-10-22,2023,Kerala,Wayanad,Sulthan Bathery,dengue,164,0,test,0.24132210469133433,0,0.006222499581462932
2023-11-23,2023,Kerala,Wayanad,Sulthan Bathery,dengue,1,0,test,0.5167553428138372,1,0.0
2023-12-31,2023,Kerala,Wayanad,Sulthan Bathery,dengue,4,0,test,0.6820036129276488,1,0.00012093598628458523
2024-09-13,2024,Kerala,Wayanad,Sulthan Bathery,dengue,1,0,test,0.2041132742331257,0,0.0
2020-11-26,2020,Kerala,Wayanad,Vythiri,dengue,1,0,train,0.1517165256329606,0,0.0
2020-11-26,2020,Kerala,Wayanad,Vythiri,dengue,3,0,train,0.15025807099233024,0,0.00017511597721148523
2020-11-27,2020,Kerala,Wayanad,Vythiri,dengue,1,0,train,0.10234592085415704,0,0.0
2022-08-09,2022,Kerala,Wayanad,Vythiri,dengue,1,1,train,0.62707240119097,1,0.0
2022-11-26,2022,Kerala,Wayanad,Vythiri,dengue,12881,1,val,0.5967341888688241,1,0.9999999983333334
2022-12-31,2022,Kerala,Wayanad,Vythiri,dengue,46021,0,val,0.5970186239421413,1,0.006811330234472406
2023-05-02,2023,Kerala,Wayanad,Vythiri,dengue,15,0,val,0.7125632544591347,1,0.0
2023-09-14,2023,Kerala,Wayanad,Vythiri,dengue,3,0,val,0.6651610466649504,1,0.0
2023-11-23,2023,Kerala,Wayanad,Vythiri,dengue,1,0,test,0.19128574850730046,0,0.0
2023-11-28,2023,Kerala,Wayanad,Vythiri,dengue,357,0,test,0.7210863334977659,1,0.014351070372437444
2024-10-16,2024,Kerala,Wayanad,Vythiri,dengue,436,0,test,0.6714764868165014,1,0.0006961443243720023
2024-11-29,2024,Kerala,Wayanad,Vythiri,dengue,1,0,test,0.08661580793895136,0,0.0
2020-07-10,2020,Kerala,Alappuzha,Ambalappuzha,fever_ip,21,0,train,0.06625760304402041,0,0.0
2020-09-18,2020,Kerala,Alappuzha,Ambalappuzha,fever_ip,1,1,train,0.09615892136548179,0,0.0
2023-08-13,2023,Kerala,Alappuzha,Ambalappuzha,fever_ip,278,0,val,0.692061201613593,1,0.02560339230771697
2020-03-02,2020,Kerala,Alappuzha,Chenganoor,fever_ip,3,1,train,0.6458096740871727,1,0.0
2020-09-18,2020,Kerala,Alappuzha,Chenganoor,fever_ip,51,1,train,0.6047131953510685,1,0.003188049569621416
2021-07-08,2021,Kerala,Alappuzha,Chenganoor,fever_ip,15,0,train,0.24407407951874144,0,0.0
2020-09-20,2020,Kerala,Alappuzha,Cherthala,fever_ip,1,0,train,0.5025645079486147,1,0.0
2020-12-31,2020,Kerala,Alappuzha,Cherthala,fever_ip,4,1,train,0.3558407636071425,0,0.0003099199589947754
2021-03-04,2021,Kerala,Alappuzha,Cherthala,fever_ip,15,0,train,0.7277059659456101,1,0.0039967673240629146
2022-09-15,2022,Kerala,Alappuzha,Cherthala,fever_ip,1,1,train,0.6951110864978364,1,0.0
2020-08-12,2020,Kerala,Alappuzha,Karthikappally,fever_ip,11,1,train,0.2904706348457017,0,0.0
2021-09-22,2021,Kerala,Alappuzha,Karthikappally,fever_ip,12,1,train,0.7195265020950968,1,6.718665904699176e-06
2021-12-30,2021,Kerala,Alappuzha,Karthikappally,fever_ip,28,1,train,0.678368351066043,1,0.012999420586253323
2022-07-09,2022,Kerala,Alappuzha,Karthikappally,fever_ip,45,1,train,0.12164746451998773,0,0.001923947351684963
2022-08-14,2022,Kerala,Alappuzha,Karthikappally,fever_ip,41,1,train,0.6964798015871793,1,0.0006969194152137191
2022-09-17,2022,Kerala,Alappuzha,Karthikappally,fever_ip,487,0,train,0.668856885131168,1,0.019267323673073364
2023-08-11,2023,Kerala,Alappuzha,Karthikappally,fever_ip,4,0,val,0.716951515438547,1,0.0
2020-10-26,2020,Kerala,Alappuzha,Kuttanad,fever_ip,3,1,train,0.7213112230107208,1,0.0
2022-03-01,2022,Kerala,Alappuzha,Kuttanad,fever_ip,73,1,train,0.08998496702270564,0,0.004670893369237607
2022-07-09,2022,Kerala,Alappuzha,Kuttanad,fever_ip,41,0,train,0.17384030516922852,0,4.258979989139884e-05
2022-10-27,2022,Kerala,Alappuzha,Kuttanad,fever_ip,5,0,train,0.6850710815214501,1,0.0
2023-09-21,2023,Kerala,Alappuzha,Kuttanad,fever_ip,17,1,val,0.16351166273400186,0,0.00016124798171278032
2021-08-12,2021,Kerala,Alappuzha,Mavelikkara,fever_ip,21,1,train,0.08972217138186195,0,0.0
2022-08-13,2022,Kerala,Alappuzha,Mavelikkara,fever_ip,36,1,train,0.12959999214664358,0,0.0001752334309449325
2020-09-20,2020,Kerala,Ernakulam,Aluva,fever_ip,7,1,train,0.7307217238517505,1,0.0
2020-10-25,2020,Kerala,Ernakulam,Aluva,fever_ip,36,0,train,0.06709794512487895,0,0.00095370587134008
2021-08-13,2021,Kerala,Ernakulam,Aluva,fever_ip,1,0,train,0.0673035583043561,0,0.0
2022-03-01,2022,Kerala,Ernakulam,Aluva,fever_ip,23,0,train,0.6972039949357682,1,0.0012169893137643302
2022-07-10,2022,Kerala,Ernakulam,Aluva,fever_ip,2,0,train,0.17965319815118977,0,0.0
2022-08-12,2022,Kerala,Ernakulam,Aluva,fever_ip,1,1,train,0.6870368185745095,1,0.0
2021-08-12,2021,Kerala,Ernakulam,Kanayannur,fever_ip,4,0,train,0.7362463560677202,1,0.0
2023-09-23,2023,Kerala,Ernakulam,Kanayannur,fever_ip,2,1,val,0.7149323462348192,1,0.0
2024-03-01,2024,Kerala,Ernakulam,Kanayannur,fever_ip,6,1,test,0.7112814007196888,1,0.001353431634728902
2021-08-11,2021,Kerala,Ernakulam,Kochi,fever_ip,1,1,train,0.10834303417036016,0,0.0
2020-10-25,2020,Kerala,Ernakulam,Kothamangalam,fever_ip,18824,1,train,0.09167811815726534,0,0.0
2021-05-07,2021,Kerala,Ernakulam,Kothamangalam,fever_ip,7223,0,train,0.18359047193008682,0,0.0
2021-05-05,2021,Kerala,Ernakulam,Kunnathunad,fever_ip,8,1,train,0.6896077997191794,1,0.0
2020-05-05,2020,Kerala,Ernakulam,Muvattupuzha,fever_ip,40,1,train,0.6675796019090128,1,0.0
2020-09-16,2020,Kerala,Ernakulam,Muvattupuzha,fever_ip,99,0,train,0.2095153248135251,0,0.00038336307018824514
2021-09-18,2021,Kerala,Ernakulam,Muvattupuzha,fever_ip,7,0,train,0.7069793396011156,1,0.0
2021-12-31,2021,Kerala,Ernakulam,Muvattupuzha,fever_ip,1,0,train,0.11402971009283958,0,0.0
2023-03-03,2023,Kerala,Ernakulam,Muvattupuzha,fever_ip,2,0,val,0.08529895318544281,0,4.031199542819508e-05
2023-10-26,2023,Kerala,Ernakulam,Muvattupuzha,fever_ip,53,1,test,0.7056977722847755,1,0.0018368864152775413
2020-12-30,2020,Kerala,Ernakulam,North Paravur,fever_ip,54,1,train,0.17507869613412996,0,0.0
2021-07-10,2021,Kerala,Ernakulam,North Paravur,fever_ip,12,0,train,0.7110454424156196,1,0.0
2021-09-15,2021,Kerala,Ernakulam,North Paravur,fever_ip,39,0,train,0.6532222326693129,1,0.0003049026348939107
2021-09-19,2021,Kerala,Ernakulam,North Paravur,fever_ip,37,0,train,0.6769246821199723,1,5.625497443923093e-05
2023-05-04,2023,Kerala,Ernakulam,North Paravur,fever_ip,1,0,val,0.1707267938778047,0,0.0
2023-05-06,2023,Kerala,Ernakulam,North Paravur,fever_ip,24,0,val,0.10006142851452977,0,0.0009332721520326863
2023-08-14,2023,Kerala,Ernakulam,North Paravur,fever_ip,1,0,val,0.6633139886728788,1,0.0
2023-09-22,2023,Kerala,Ernakulam,North Paravur,fever_ip,36,0,val,0.6159063872921527,1,0.0019474626484167596
2024-03-16,2024,Kerala,Ernakulam,North Paravur,fever_ip,18,1,test,0.7146991855503143,1,1.7180361155471816e-05
2021-05-07,2021,Kerala,Idukki,Devikulam,fever_ip,15405,1,train,0.1950290173182879,0,0.0
2021-10-27,2021,Kerala,Idukki,Devikulam,fever_ip,23701,0,train,0.05754113568913232,0,0.00014516932894817862
2023-07-09,2023,Kerala,Idukki,Devikulam,fever_ip,3611,0,val,0.08069558515650746,0,0.0
2023-12-30,2023,Kerala,Idukki,Devikulam,fever_ip,277,0,test,0.266730984450289,0,0.0
2022-03-01,2022,Kerala,Idukki,Idukki,fever_ip,1,1,train,0.6822999812382159,1,0.0
2021-08-13,2021,Kerala,Idukki,Peerumade,fever_ip,1,1,train,0.6361122867563114,1,0.0
2023-09-02,2023,Kerala,Idukki,Peerumade,fever_ip,22,0,val,0.7763789788080874,1,0.0027363916310939977
2020-09-17,2020,Kerala,Idukki,Thodupuzha,fever_ip,2,0,train,0.06572698277641971,0,0.0
2021-08-13,2021,Kerala,Idukki,Thodupuzha,fever_ip,1,0,train,0.6801857496985575,1,0.0
2022-12-29,2022,Kerala,Idukki,Thodupuzha,fever_ip,1,1,val,0.0977661096418123,0,0.0
2023-05-06,2023,Kerala,Idukki,Thodupuzha,fever_ip,50,1,val,0.7054519857911056,1,0.051589811914714845
2023-10-27,2023,Kerala,Idukki,Udumbanchola,fever_ip,300,0,test,0.6992709863438625,1,0.0
2023-12-31,2023,Kerala,Idukki,Udumbanchola,fever_ip,3,0,test,0.7248334827465632,1,0.0
2022-09-20,2022,Kerala,Kannur,Iritty,fever_ip,6,1,train,0.6675763464973524,1,0.0
2023-07-08,2023,Kerala,Kannur,Iritty,fever_ip,10,1,val,0.6688126413624162,1,0.0001270639830794473
2023-09-15,2023,Kerala,Kannur,Iritty,fever_ip,57,1,val,0.6944317709262597,1,0.010755833629194625
2023-09-22,2023,Kerala,Kannur,Iritty,fever_ip,1013,0,val,0.2649235654925757,0,0.027618805003396005
2024-08-12,2024,Kerala,Kannur,Iritty,fever_ip,1,0,test,0.035525454105005044,0,0.0
2024-09-17,2024,Kerala,Kannur,Iritty,fever_ip,134,0,test,0.7301963137631217,1,0.005361495391949945
2024-09-21,2024,Kerala,Kannur,Iritty,fever_ip,44,0,test,0.19119143666931296,0,0.0
2021-08-13,2021,Kerala,Kannur,Kannur,fever_ip,11126,1,train,0.269767910631986,0,0.0
2022-07-08,2022,Kerala,Kannur,Kannur,fever_ip,46,0,train,0.32153042897585143,0,0.0
2022-09-21,2022,Kerala,Kannur,Kannur,fever_ip,3,0,train,0.37274120879189987,0,0.0
2020-09-16,2020,Kerala,Kannur,Payyanur,fever_ip,95,1,train,0.7035212909335254,1,0.0
2020-10-27,2020,Kerala,Kannur,Payyanur,fever_ip,92,0,train,0.6802905549056887,1,0.0
2021-08-12,2021,Kerala,Kannur,Payyanur,fever_ip,4,0,train,0.4871323889281263,0,0.0
2021-10-25,2021,Kerala,Kannur,Payyanur,fever_ip,5,0,train,0.39665438189893804,0,1.6124798171278027e-05
2021-12-29,2021,Kerala,Kannur,Payyanur,fever_ip,1,0,train,0.7300546231408892,1,0.0
2022-08-13,2022,Kerala,Kannur,Payyanur,fever_ip,20,1,train,0.3080524914686821,0,0.0007659279131357064
2022-09-16,2022,Kerala,Kannur,Payyanur,fever_ip,342,0,train,0.7018939906725241,1,0.012347774142807239
2023-03-02,2023,Kerala,Kannur,Payyanur,fever_ip,27,0,val,0.1231450481383255,0,0.0
2023-12-29,2023,Kerala,Kannur,Payyanur,fever_ip,68,0,test,0.11444315584019087,0,0.00011805655803971414
2020-09-21,2020,Kerala,Kannur,Taliparamba,fever_ip,14,1,train,0.6961546927766757,1,0.0
2021-10-27,2021,Kerala,Kannur,Taliparamba,fever_ip,53,1,train,0.6891693977382183,1,0.000688381773759096
2022-09-17,2022,Kerala,Kannur,Taliparamba,fever_ip,23,0,train,0.3096408254922059,0,0.0
2022-09-22,2022,Kerala,Kannur,Taliparamba,fever_ip,61,0,train,0.22540791519883607,0,0.00113454594422994
2020-03-02,2020,Kerala,Kannur,Thalassery,fever_ip,23,1,train,0.03186040687841389,0,0.0
2020-03-02,2020,Kerala,Kannur,Thalassery,fever_ip,1213,0,train,0.7020013089991736,1,0.013360187194646678
2021-09-15,2021,Kerala,Kannur,Thalassery,fever_ip,6,1,train,0.1793973646597954,0,0.0
2023-03-01,2023,Kerala,Kannur,Thalassery,fever_ip,5754,0,val,0.09259721683359265,0,0.07282368147846095
2023-05-04,2023,Kerala,Kannur,Thalassery,fever_ip,6,0,val,0.6936874254447923,1,0.0
2024-05-07,2024,Kerala,Kannur,Thalassery,fever_ip,8,0,test,0.5744042983976329,1,2.3035425958968614e-05
2021-09-20,2021,Kerala,Kasaragod,Hosdurg,fever_ip,1218,1,train,0.3673839585208426,0,0.0
2021-09-22,2021,Kerala,Kasaragod,Hosdurg,fever_ip,55,0,train,0.2430387864683946,0,0.0
2022-03-02,2022,Kerala,Kasaragod,Hosdurg,fever_ip,9,0,train,0.7637518084020862,1,0.0
2020-07-08,2020,Kerala,Kasaragod,Kasaragod,fever_ip,1,1,train,0.13672082096078772,0,0.0
2020-10-26,2020,Kerala,Kasaragod,Kasaragod,fever_ip,92,1,train,0.09235308591665853,0,0.012172670355924307
2021-03-02,2021,Kerala,Kasaragod,Kasaragod,fever_ip,59,0,train,0.7105350820301318,1,0.0001511973289052056
2021-09-17,2021,Kerala,Kasaragod,Kasaragod,fever_ip,3,0,train,0.181559774306685,0,0.0
2023-05-07,2023,Kerala,Kasaragod,Kasaragod,fever_ip,62,0,val,0.2017455897745759,0,0.0015783914644409694
2020-09-20,2020,Kerala,Kasaragod,Manjeshwaram,fever_ip,3,1,train,0.09186295477569331,0,0.0
2022-09-16,2022,Kerala,Kasaragod,Manjeshwaram,fever_ip,6,1,train,0.08418323237473482,0,0.0001549599794973877
2022-09-19,2022,Kerala,Kasaragod,Manjeshwaram,fever_ip,7,0,train,0.7107030511780122,1,0.0007027482375006888
2022-09-23,2022,Kerala,Kasaragod,Manjeshwaram,fever_ip,2,0,train,0.7266543929049335,1,0.0
2020-08-14,2020,Kerala,Kasaragod,Nileshwaram,fever_ip,5,1,train,0.6947043998084808,1,0.0
2020-10-25,2020,Kerala,Kasaragod,Nileshwaram,fever_ip,200,1,train,0.7235142150817155,1,0.008730761487128827
2021-05-07,2021,Kerala,Kasaragod,Nileshwaram,fever_ip,3314,0,train,0.7000769294639446,1,0.01975345683536922
2021-12-30,2021,Kerala,Kasaragod,Nileshwaram,fever_ip,5,0,train,0.10541424285811432,0,0.0
2022-07-09,2022,Kerala,Kasaragod,Nileshwaram,fever_ip,5,0,train,0.051984501872830075,0,0.0
2022-08-14,2022,Kerala,Kasaragod,Nileshwaram,fever_ip,1,0,train,0.035917560969120424,0,0.0
2022-10-26,2022,Kerala,Kasaragod,Nileshwaram,fever_ip,48,0,train,0.7043116125740104,1,0.0018946637851251684
2020-09-22,2020,Kerala,Kasaragod,Vellarikundu,fever_ip,1,0,train,0.6945281488981836,1,0.0
2020-10-25,2020,Kerala,Kasaragod,Vellarikundu,fever_ip,2,0,train,0.7023626220979179,1,4.031199542819508e-05
2021-12-28,2021,Kerala,Kasaragod,Vellarikundu,fever_ip,1,1,train,0.6791809481428542,1,0.0
2021-12-30,2021,Kerala,Kasaragod,Vellarikundu,fever_ip,41,0,train,0.6910246147750584,1,0.042036737063483286
2022-09-19,2022,Kerala,Kasaragod,Vellarikundu,fever_ip,2,1,train,0.6626246249216718,1,0.0
2022-09-19,2022,Kerala,Kasaragod,Vellarikundu,fever_ip,115,0,train,0.10564770099544711,0,0.007830001488781818
2021-05-04,2021,Kerala,Kollam,Karunagappally,fever_ip,6,1,train,0.08634544230277254,0,0.0
2021-05-07,2021,Kerala,Kollam,Karunagappally,fever_ip,26,0,train,0.08422078219881975,0,0.0007433107569459163
2021-12-29,2021,Kerala,Kollam,Karunagappally,fever_ip,1,0,train,0.7199055169205703,1,0.0
2022-07-10,2022,Kerala,Kollam,Karunagappally,fever_ip,1,0,train,0.13817725855941315,0,0.0
2020-07-08,2020,Kerala,Kollam,Kollam,fever_ip,85,1,train,0.09709500177456457,0,0.0
2023-10-27,2023,Kerala,Kollam,Kollam,fever_ip,61,0,test,0.6626668902095174,1,0.0
2020-12-28,2020,Kerala,Kollam,Kottarakkara,fever_ip,13,1,train,0.11369491039478717,0,0.0
2021-09-22,2021,Kerala,Kollam,Kottarakkara,fever_ip,15,0,train,0.06421416357773733,0,2.5016568173069305e-05
2020-05-05,2020,Kerala,Kollam,Kunnathoor,fever_ip,209,1,train,0.703304569062141,1,0.0
2022-09-15,2022,Kerala,Kollam,Kunnathoor,fever_ip,46021,0,train,0.23251125704997977,0,0.05881471925209269
2023-10-28,2023,Kerala,Kollam,Kunnathoor,fever_ip,1,0,test,0.7156643751380035,1,0.0
2024-07-07,2024,Kerala,Kollam,Kunnathoor,fever_ip,5,0,test,0.70330319903812,1,0.00016124798171278032
2024-07-10,2024,Kerala,Kollam,Kunnathoor,fever_ip,374,0,test,0.7298949239565213,1,0.004958375437667994
2020-09-15,2020,Kerala,Kollam,Pathanapuram,fever_ip,151,0,train,0.6989920700574187,1,0.0
2021-12-28,2021,Kerala,Kollam,Pathanapuram,fever_ip,4,0,train,0.301131576794727,0,0.0
2020-07-09,2020,Kerala,Kollam,Punalur,fever_ip,36,1,train,0.11169139969205917,0,0.0
2020-09-23,2020,Kerala,Kollam,Punalur,fever_ip,10,0,train,0.19102782690044762,0,0.0
2023-09-17,2023,Kerala,Kollam,Punalur,fever_ip,27,0,val,0.7379536671658187,1,0.0002663202219251979
2023-09-18,2023,Kerala,Kollam,Punalur,fever_ip,2,0,val,0.722807484957285,1,0.0
2022-05-06,2022,Kerala,Kottayam,Changanassery,fever_ip,1,0,train,0.6431582901934317,1,0.0
2022-05-06,2022,Kerala,Kottayam,Changanassery,fever_ip,2,0,train,0.27765925672597547,0,4.031199542819508e-05
2022-10-27,2022,Kerala,Kottayam,Changanassery,fever_ip,1,0,train,0.1278771209936487,0,0.0
2023-07-07,2023,Kerala,Kottayam,Changanassery,fever_ip,1,0,val,0.6759193200516588,1,0.0
2020-03-03,2020,Kerala,Kottayam,Kottayam,fever_ip,1213,1,train,0.7194906515159982,1,0.0
2020-09-19,2020,Kerala,Kottayam,Kottayam,fever_ip,25,0,train,0.5664315151487915,1,0.0
2022-05-05,2022,Kerala,Kottayam,Kottayam,fever_ip,1,0,train,0.23120984339145095,0,0.0
2023-03-03,2023,Kerala,Kottayam,Kottayam,fever_ip,6,1,val,0.688597048485529,1,0.00020155997714097536
2020-05-05,2020,Kerala,Kottayam,Meenachil,fever_ip,3,1,train,0.7686784671668754,1,0.0
2021-03-02,2021,Kerala,Kottayam,Meenachil,fever_ip,246,0,train,0.675674744045849,1,0.016331437793492207
2021-07-10,2021,Kerala,Kottayam,Meenachil,fever_ip,1,0,train,0.6174177200594113,1,0.0
2021-07-08,2021,Kerala,Kottayam,Vaikom,fever_ip,7,1,train,0.647890309853193,1,0.0
2021-08-12,2021,Kerala,Kottayam,Vaikom,fever_ip,62,0,train,0.7413655567914788,1,0.0018299317529314656
2021-12-31,2021,Kerala,Kottayam,Vaikom,fever_ip,3,1,train,0.7379077153234419,1,0.0
2022-03-02,2022,Kerala,Kottayam,Vaikom,fever_ip,180,0,train,0.6898121104833081,1,0.0073076092983820505
2020-09-16,2020,Kerala,Kozhikode,Koyilandy,fever_ip,8,0,train,0.689661175533556,1,0.0
2020-03-02,2020,Kerala,Kozhikode,Kozhikode,fever_ip,7,1,train,0.7213469857728101,1,0.0
2021-03-02,2021,Kerala,Kozhikode,Kozhikode,fever_ip,1552,1,train,0.7021534724176429,1,0.05204441496720705
2021-05-06,2021,Kerala,Kozhikode,Kozhikode,fever_ip,12,1,train,0.33019225115654843,0,0.0
2021-07-08,2021,Kerala,Kozhikode,Kozhikode,fever_ip,23181,0,train,0.38998755648809663,0,0.16566082745492433
2022-03-03,2022,Kerala,Kozhikode,Kozhikode,fever_ip,9,0,train,0.25808944456523447,0,0.0
2022-09-22,2022,Kerala,Kozhikode,Kozhikode,fever_ip,256,0,train,0.3571532225182989,0,0.0019914125741528365
2024-07-10,2024,Kerala,Kozhikode,Kozhikode,fever_ip,1,1,test,0.6882398176318296,1,0.0
2020-09-22,2020,Kerala,Kozhikode,Thamarassery,fever_ip,3,1,train,0.6863632746505205,1,0.0
2020-10-27,2020,Kerala,Kozhikode,Thamarassery,fever_ip,15,0,train,0.69415584947344,1,0.0007615778975221934
2020-12-29,2020,Kerala,Kozhikode,Thamarassery,fever_ip,1,0,train,0.12625256581055766,0,0.0
2021-07-09,2021,Kerala,Kozhikode,Thamarassery,fever_ip,14,0,train,0.10039112790575777,0,0.0012454490378379435
2021-08-13,2021,Kerala,Kozhikode,Thamarassery,fever_ip,1,1,train,0.08542097295006616,0,0.0
2020-05-07,2020,Kerala,Kozhikode,Vadakara,fever_ip,5721,1,train,0.10280968212954232,0,0.0
2021-09-23,2021,Kerala,Kozhikode,Vadakara,fever_ip,42,1,train,0.6741420919928561,1,0.0
2022-12-28,2022,Kerala,Kozhikode,Vadakara,fever_ip,12523,0,val,0.7000825601219431,1,0.025336873884466315
2022-12-31,2022,Kerala,Kozhikode,Vadakara,fever_ip,4,0,val,0.6651511169481281,1,0.0
2023-12-30,2023,Kerala,Kozhikode,Vadakara,fever_ip,1,0,test,0.7261911430965678,1,0.0
2021-09-16,2021,Kerala,Malappuram,Ernad,fever_ip,2,1,train,0.13533165185870027,0,0.0
2021-12-29,2021,Kerala,Malappuram,Ernad,fever_ip,3783,1,train,0.7402531903318258,1,0.33973290875750994
2023-12-29,2023,Kerala,Malappuram,Ernad,fever_ip,536,0,test,0.7363085108899325,1,0.0
2024-03-01,2024,Kerala,Malappuram,Ernad,fever_ip,1,0,test,0.045702714290063354,0,0.0
2021-03-03,2021,Kerala,Malappuram,Kondotty,fever_ip,1,1,train,0.02392592798877825,0,0.0
2020-12-29,2020,Kerala,Malappuram,Nilambur,fever_ip,120,1,train,0.06117488135937586,0,0.0
2020-12-30,2020,Kerala,Malappuram,Nilambur,fever_ip,61,0,train,0.03650206640203276,0,0.0
2020-12-31,2020,Kerala,Malappuram,Nilambur,fever_ip,9,0,train,0.6920705012186886,1,0.0
2023-05-06,2023,Kerala,Malappuram,Nilambur,fever_ip,56,0,val,0.062090698606186726,0,0.0003789327570250337
2023-09-15,2023,Kerala,Malappuram,Nilambur,fever_ip,36,1,val,0.055198735551279965,0,0.0
2024-05-07,2024,Kerala,Malappuram,Nilambur,fever_ip,206,0,test,0.6552961060835197,1,0.0030993122614192594
2024-05-07,2024,Kerala,Malappuram,Nilambur,fever_ip,16,1,test,0.6733879548250549,1,0.0
2021-07-09,2021,Kerala,Malappuram,Perinthalmanna,fever_ip,5528,0,train,0.6960589032766612,1,0.0
2021-07-11,2021,Kerala,Malappuram,Perinthalmanna,fever_ip,3,0,train,0.6688131676185484,1,0.0
2022-09-23,2022,Kerala,Malappuram,Perinthalmanna,fever_ip,76,0,train,0.72825043037488,1,0.0014713878331291202
2022-10-27,2022,Kerala,Malappuram,Perinthalmanna,fever_ip,1,0,train,0.650405946117038,1,0.0
2023-07-10,2023,Kerala,Malappuram,Perinthalmanna,fever_ip,12,0,val,0.6933235891091235,1,0.00044343194971014575
2023-09-22,2023,Kerala,Malappuram,Perinthalmanna,fever_ip,5726,0,val,0.6699408894116031,1,0.08135134201647691
2024-07-10,2024,Kerala,Malappuram,Perinthalmanna,fever_ip,4,0,test,0.10634876603909797,0,0.0
2024-08-12,2024,Kerala,Malappuram,Perinthalmanna,fever_ip,4,0,test,0.6463508349782505,1,0.0
2020-07-08,2020,Kerala,Malappuram,Ponnani,fever_ip,12,0,train,0.6215903293257993,1,0.0
2020-09-21,2020,Kerala,Malappuram,Ponnani,fever_ip,1,1,train,0.06868527187462954,0,0.0
2022-03-02,2022,Kerala,Malappuram,Ponnani,fever_ip,73,1,train,0.07670754652413785,0,0.009193579826090448
2020-09-19,2020,Kerala,Malappuram,Tirur,fever_ip,8,1,train,0.05443924321797946,0,0.0
2021-03-03,2021,Kerala,Malappuram,Tirur,fever_ip,69,1,train,0.6985698306643594,1,0.0018063446449834676
2023-09-18,2023,Kerala,Malappuram,Tirur,fever_ip,35,0,val,0.7186892072978117,1,0.0
2023-12-29,2023,Kerala,Malappuram,Tirur,fever_ip,4,0,test,0.688479471308711,1,0.0
2023-12-30,2023,Kerala,Malappuram,Tirur,fever_ip,6,0,test,0.5581670632741025,1,3.2249596342556054e-05
2022-03-03,2022,Kerala,Malappuram,Tirurangadi,fever_ip,33,1,train,0.25489039490378096,0,0.0
2022-10-27,2022,Kerala,Malappuram,Tirurangadi,fever_ip,37,0,train,0.7077714329109576,1,2.6160231810474425e-05
2023-05-06,2023,Kerala,Malappuram,Tirurangadi,fever_ip,1,0,val,0.43635441211562087,0,0.0
2024-07-09,2024,Kerala,Malappuram,Tirurangadi,fever_ip,5,1,test,0.7320613682199005,1,0.00016124798171278032
2024-08-14,2024,Kerala,Malappuram,Tirurangadi,fever_ip,59,0,test,0.202251166520896,0,0.002260244287887459
2021-08-12,2021,Kerala,Palakkad,Alathur,fever_ip,2,0,train,0.09031339591079121,0,0.0
2021-08-13,2021,Kerala,Palakkad,Alathur,fever_ip,4,1,train,0.023758798077656688,0,0.0001167439848076568
2021-09-23,2021,Kerala,Palakkad,Alathur,fever_ip,195,0,train,0.7244013584833161,1,0.08579604475713737
2022-12-30,2022,Kerala,Palakkad,Alathur,fever_ip,1,0,val,0.23715291358836832,0,0.0
2023-09-18,2023,Kerala,Palakkad,Alathur,fever_ip,5,0,val,0.4019565536818375,0,0.00016124798171278032
2020-08-14,2020,Kerala,Palakkad,Mannarkkad,fever_ip,61,0,train,0.7190748792330329,1,0.0
2020-12-28,2020,Kerala,Palakkad,Mannarkkad,fever_ip,3,1,train,0.675956649249184,1,0.0
2021-09-21,2021,Kerala,Palakkad,Mannarkkad,fever_ip,152,0,train,0.35229304461298727,0,0.005272925792910507
2022-10-27,2022,Kerala,Palakkad,Mannarkkad,fever_ip,26,0,train,0.4293471691814472,0,0.0
2023-09-15,2023,Kerala,Palakkad,Mannarkkad,fever_ip,3,1,val,0.21705039087239394,0,0.0
2023-09-19,2023,Kerala,Palakkad,Mannarkkad,fever_ip,12595,0,val,0.7348479261124798,1,0.41360651227362033
2023-12-29,2023,Kerala,Palakkad,Mannarkkad,fever_ip,11,0,test,0.6326477192090674,1,0.0
2021-09-16,2021,Kerala,Palakkad,Ottapalam,fever_ip,5,0,train,0.49769174469915384,0,0.0
2022-08-13,2022,Kerala,Palakkad,Ottapalam,fever_ip,1,1,train,0.672516680932751,1,0.0
2022-09-20,2022,Kerala,Palakkad,Ottapalam,fever_ip,61,0,train,0.5748870419708076,1,0.016242337611165242
2020-09-19,2020,Kerala,Palakkad,Palakkad,fever_ip,3,1,train,0.48457230993261424,0,0.0
2022-07-10,2022,Kerala,Palakkad,Palakkad,fever_ip,112,1,train,0.6777442721866431,1,0.007299571014011765
2020-09-15,2020,Kerala,Palakkad,Pattambi,fever_ip,9,1,train,0.7012330926427148,1,0.0
2020-12-31,2020,Kerala,Palakkad,Pattambi,fever_ip,16,0,train,0.500179403438686,1,0.0001698271772255872
2020-03-01,2020,Kerala,Pathanamthitta,Adoor,fever_ip,1295,1,train,0.3882957385784697,0,0.0
2021-12-31,2021,Kerala,Pathanamthitta,Adoor,fever_ip,39,0,train,0.4999240969669023,0,0.0
2023-08-26,2023,Kerala,Pathanamthitta,Adoor,fever_ip,35,0,val,0.6865353782016126,1,0.0
2023-12-29,2023,Kerala,Pathanamthitta,Adoor,fever_ip,3,1,test,0.6876388880714325,1,0.0
2024-09-15,2024,Kerala,Pathanamthitta,Adoor,fever_ip,4027,1,test,0.723374826500605,1,0.08628077405183084
2020-09-17,2020,Kerala,Pathanamthitta,Konni,fever_ip,67,1,train,0.6384474838025883,1,0.0
2020-12-30,2020,Kerala,Pathanamthitta,Konni,fever_ip,7,0,train,0.7131042478472897,1,0.0
2022-03-03,2022,Kerala,Pathanamthitta,Konni,fever_ip,19,0,train,0.7137683806340418,1,0.00012093598628458523
2022-07-08,2022,Kerala,Pathanamthitta,Konni,fever_ip,9,0,train,0.5235176993045573,1,0.0
2022-10-25,2022,Kerala,Pathanamthitta,Konni,fever_ip,27,0,train,0.723044438878381,1,0.00017760171512846713
2021-05-05,2021,Kerala,Pathanamthitta,Kozhenchery,fever_ip,152,1,train,0.710703576076247,1,0.0
2022-03-01,2022,Kerala,Pathanamthitta,Kozhenchery,fever_ip,6,0,train,0.7291671927406214,1,0.0
2020-05-07,2020,Kerala,Pathanamthitta,Mallappally,fever_ip,6841,0,train,0.739237690311305,1,0.0
2020-12-29,2020,Kerala,Pathanamthitta,Mallappally,fever_ip,2,0,train,0.7072814255406737,1,0.0
2022-08-12,2022,Kerala,Pathanamthitta,Mallappally,fever_ip,40,0,train,0.08608208432125003,0,0.001021237217514275
2022-09-18,2022,Kerala,Pathanamthitta,Mallappally,fever_ip,19,1,train,0.06428195394418576,0,0.0
2023-09-17,2023,Kerala,Pathanamthitta,Mallappally,fever_ip,12596,0,val,0.6962207932747734,1,0.05362032961293075
2022-05-07,2022,Kerala,Pathanamthitta,Ranni,fever_ip,1,1,train,0.19719497883441686,0,0.0
2023-09-02,2023,Kerala,Pathanamthitta,Ranni,fever_ip,7,1,val,0.10622657413487369,0,0.0007143319043446458
2023-09-18,2023,Kerala,Pathanamthitta,Ranni,fever_ip,7,1,val,0.7145547509691057,1,0.0004594072537169495
2024-03-03,2024,Kerala,Pathanamthitta,Ranni,fever_ip,394,0,test,0.09132850737621588,0,0.07707405410661311
2024-08-14,2024,Kerala,Pathanamthitta,Ranni,fever_ip,8,0,test,0.7256895372725127,1,0.0
2020-07-09,2020,Kerala,Pathanamthitta,Thiruvalla,fever_ip,4,1,train,0.6751559421272249,1,0.0
2020-07-11,2020,Kerala,Pathanamthitta,Thiruvalla,fever_ip,13,0,train,0.4649257122609899,0,0.00044749753987780646
2020-08-11,2020,Kerala,Pathanamthitta,Thiruvalla,fever_ip,1,0,train,0.431383653899805,0,0.0
2020-09-14,2020,Kerala,Pathanamthitta,Thiruvalla,fever_ip,5,0,train,0.03340077055752632,0,0.00016124798171278032
2021-09-18,2021,Kerala,Pathanamthitta,Thiruvalla,fever_ip,4,0,train,0.6924552023773386,1,0.0
2020-08-13,2020,Kerala,Thiruvananthapuram,Chirayinkeezhu,fever_ip,152,1,train,0.25170380450879093,0,0.0
2020-10-25,2020,Kerala,Thiruvananthapuram,Chirayinkeezhu,fever_ip,263,0,train,0.7202811148372525,1,0.00019436274498810604
2021-09-16,2021,Kerala,Thiruvananthapuram,Chirayinkeezhu,fever_ip,36,0,train,0.6005983101455928,1,0.0
2021-09-17,2021,Kerala,Thiruvananthapuram,Chirayinkeezhu,fever_ip,13,0,train,0.08264327535018383,0,0.0
2022-09-20,2022,Kerala,Thiruvananthapuram,Chirayinkeezhu,fever_ip,10,1,train,0.11380321692038362,0,0.0
2020-08-11,2020,Kerala,Thiruvananthapuram,Kattakkada,fever_ip,69,1,train,0.7219120945299075,1,0.0
2020-09-20,2020,Kerala,Thiruvananthapuram,Kattakkada,fever_ip,8561,1,train,0.6238446422448549,1,0.032704597751924136
2020-12-29,2020,Kerala,Thiruvananthapuram,Kattakkada,fever_ip,1301,0,train,0.3813584540594014,0,0.0
2021-08-11,2021,Kerala,Thiruvananthapuram,Kattakkada,fever_ip,4,0,train,0.2581033476302292,0,0.0
2021-12-31,2021,Kerala,Thiruvananthapuram,Kattakkada,fever_ip,235,0,train,0.7448450198820072,1,0.0037248283775652247
2022-03-02,2022,Kerala,Thiruvananthapuram,Kattakkada,fever_ip,1,1,train,0.10091380909157469,0,0.0
2022-10-28,2022,Kerala,Thiruvananthapuram,Kattakkada,fever_ip,12523,0,train,0.0752677507898197,0,0.507666842289164
2024-09-17,2024,Kerala,Thiruvananthapuram,Kattakkada,fever_ip,45,0,test,0.0998960276201514,0,0.0
2024-09-17,2024,Kerala,Thiruvananthapuram,Kattakkada,fever_ip,5,0,test,0.7132910319036533,1,0.0
2024-09-22,2024,Kerala,Thiruvananthapuram,Kattakkada,fever_ip,1,0,test,0.653174222146559,1,0.0
2020-07-10,2020,Kerala,Thiruvananthapuram,Nedumangad,fever_ip,3,0,train,0.7186101283954442,1,0.0
2022-09-17,2022,Kerala,Thiruvananthapuram,Nedumangad,fever_ip,1,0,train,0.7024654578715794,1,0.0
2023-09-18,2023,Kerala,Thiruvananthapuram,Nedumangad,fever_ip,2,0,val,0.15306775043024132,0,4.031199542819508e-05
2024-09-19,2024,Kerala,Thiruvananthapuram,Nedumangad,fever_ip,4,1,test,0.12996996428032495,0,0.0012023329647035134
2020-09-18,2020,Kerala,Thiruvananthapuram,Neyyattinkara,fever_ip,2,0,train,0.7012651831895623,1,0.0
2022-05-06,2022,Kerala,Thiruvananthapuram,Neyyattinkara,fever_ip,4,1,train,0.7503060161681957,1,0.0001167439848076568
2022-07-11,2022,Kerala,Thiruvananthapuram,Neyyattinkara,fever_ip,11,1,train,0.7038851905396863,1,0.0035141048565047656
2021-09-19,2021,Kerala,Thiruvananthapuram,Thiruvananthapuram,fever_ip,2,1,train,0.13130559480963983,0,0.0
2022-12-31,2022,Kerala,Thiruvananthapuram,Thiruvananthapuram,fever_ip,74,0,val,0.7290005729376706,1,0.0064075964680278645
2023-10-25,2023,Kerala,Thiruvananthapuram,Thiruvananthapuram,fever_ip,1,0,test,0.09939963786581667,0,0.0
2020-03-04,2020,Kerala,Thiruvananthapuram,Varkala,fever_ip,2,1,train,0.1798467840126679,0,0.0
2022-10-26,2022,Kerala,Thiruvananthapuram,Varkala,fever_ip,15,1,train,0.15891292050293176,0,0.0011053065178851177
2023-09-16,2023,Kerala,Thiruvananthapuram,Varkala,fever_ip,43,0,val,0.11076959189489673,0,0.002844673986283187
2023-10-26,2023,Kerala,Thiruvananthapuram,Varkala,fever_ip,2,0,test,0.7588823625322876,1,0.0
2023-12-30,2023,Kerala,Thiruvananthapuram,Varkala,fever_ip,36,0,test,0.6806324011687228,1,0.001712718152377738
2021-10-25,2021,Kerala,Thrissur,Chalakudy,fever_ip,42,1,train,0.7151419037396218,1,0.0
2022-08-13,2022,Kerala,Thrissur,Chalakudy,fever_ip,6,1,train,0.6034953030842971,1,0.0
2020-09-21,2020,Kerala,Thrissur,Chavakkad,fever_ip,1,0,train,0.034002716635505116,0,0.0
2020-10-27,2020,Kerala,Thrissur,Chavakkad,fever_ip,4,1,train,0.7276447472651576,1,0.0003099199589947754
2021-10-25,2021,Kerala,Thrissur,Chavakkad,fever_ip,42,1,train,0.5336463238333675,1,0.012798659198986324
2021-12-29,2021,Kerala,Thrissur,Chavakkad,fever_ip,115,0,train,0.7016685882660504,1,0.0036110342322595275
2020-09-14,2020,Kerala,Thrissur,Kodungallur,fever_ip,16,1,train,0.6688798083847166,1,0.0
2020-12-31,2020,Kerala,Thrissur,Kodungallur,fever_ip,77,1,train,0.3331901862335168,0,0.000956300106167718
2022-07-09,2022,Kerala,Thrissur,Kodungallur,fever_ip,5348,0,train,0.049781632872491315,0,0.09325130862367842
2022-09-15,2022,Kerala,Thrissur,Kodungallur,fever_ip,1,1,train,0.06087075383959971,0,0.0
2022-07-09,2022,Kerala,Thrissur,Kunnamkulam,fever_ip,1,1,train,0.055926996116755986,0,0.0
2022-12-30,2022,Kerala,Thrissur,Kunnamkulam,fever_ip,10,1,val,0.038225235821556014,0,0.001118743849694516
2023-05-04,2023,Kerala,Thrissur,Kunnamkulam,fever_ip,25,0,val,0.7240663720915538,1,0.002311011813246252
2023-08-12,2023,Kerala,Thrissur,Kunnamkulam,fever_ip,13,1,val,0.720063385950461,1,4.476893498372597e-05
2022-07-11,2022,Kerala,Thrissur,Mukundapuram,fever_ip,187,0,train,0.19997495309197322,0,0.0
2022-09-18,2022,Kerala,Thrissur,Mukundapuram,fever_ip,2,1,train,0.06731405218425426,0,0.0
2023-08-12,2023,Kerala,Thrissur,Mukundapuram,fever_ip,319,0,val,0.7011387279687216,1,0.009893076367399674
2021-08-12,2021,Kerala,Thrissur,Talappilly,fever_ip,3783,1,train,0.7269633852955689,1,0.0
2023-10-28,2023,Kerala,Thrissur,Talappilly,fever_ip,29,0,test,0.6184756191669947,1,0.0
2024-08-14,2024,Kerala,Thrissur,Talappilly,fever_ip,231,0,test,0.30563647381106374,0,0.0005428682050996936
2023-05-06,2023,Kerala,Thrissur,Thrissur,fever_ip,1,1,val,0.6948958862642916,1,0.0
2023-07-15,2023,Kerala,Thrissur,Thrissur,fever_ip,17,1,val,0.16106852138358874,0,0.002062371722177547
2020-09-14,2020,Kerala,Wayanad,Mananthavady,fever_ip,16,0,train,0.7207085084762341,1,0.0
2021-03-02,2021,Kerala,Wayanad,Mananthavady,fever_ip,1,0,train,0.5973641746207698,1,0.0
2021-10-26,2021,Kerala,Wayanad,Mananthavady,fever_ip,14,1,train,0.3313964489448808,0,0.0008950380185459964
2022-09-19,2022,Kerala,Wayanad,Mananthavady,fever_ip,33,1,train,0.6884456263150848,1,0.001974043383878691
2020-09-19,2020,Kerala,Wayanad,Sulthan Bathery,fever_ip,210,1,train,0.7030307151543154,1,0.0
2021-09-21,2021,Kerala,Wayanad,Sulthan Bathery,fever_ip,18,0,train,0.14373532748470733,0,0.0
2022-09-19,2022,Kerala,Wayanad,Sulthan Bathery,fever_ip,1,1,train,0.6888002398342664,1,0.0
2020-09-21,2020,Kerala,Wayanad,Vythiri,fever_ip,2,0,train,0.6882495881001941,1,0.0
2021-12-30,2021,Kerala,Wayanad,Vythiri,fever_ip,2,0,train,0.737593344695798,1,0.0
2024-05-04,2024,Kerala,Wayanad,Vythiri,fever_ip,1,1,test,0.2693744194018867,0,0.0
2020-04-01,2020,Kerala,Alappuzha,Ambalappuzha,fever_op,9,1,train,0.12367621079907004,0,0.0
2020-07-10,2020,Kerala,Alappuzha,Ambalappuzha,fever_op,18824,0,train,0.7297263755128871,1,0.5072484850532498
2021-08-13,2021,Kerala,Alappuzha,Ambalappuzha,fever_op,2,0,train,0.7204682114674152,1,0.0
2022-09-15,2022,Kerala,Alappuzha,Ambalappuzha,fever_op,210,0,train,0.7052122974125085,1,0.005589930032709717
2023-04-05,2023,Kerala,Alappuzha,Ambalappuzha,fever_op,17,0,val,0.5191521394055439,1,0.0
2023-05-09,2023,Kerala,Alappuzha,Ambalappuzha,fever_op,1,0,val,0.7269195811921269,1,0.0
2023-10-19,2023,Kerala,Alappuzha,Ambalappuzha,fever_op,7,0,val,0.7515907011078162,1,0.00024187197256917046
2020-05-09,2020,Kerala,Alappuzha,Chenganoor,fever_op,1606,1,train,0.7280742201356029,1,0.0
2021-08-14,2021,Kerala,Alappuzha,Chenganoor,fever_op,19,0,train,0.6384320185588961,1,0.0
2022-04-04,2022,Kerala,Alappuzha,Chenganoor,fever_op,139,0,train,0.7053170333464195,1,0.00048374394513834093
2022-11-27,2022,Kerala,Alappuzha,Chenganoor,fever_op,2,0,val,0.26436092143620166,0,0.0
2023-07-08,2023,Kerala,Alappuzha,Chenganoor,fever_op,10,0,val,0.2625833105540895,0,0.00021499730895037372
2023-10-24,2023,Kerala,Alappuzha,Chenganoor,fever_op,2,0,test,0.7143365639313651,1,0.0
2021-12-29,2021,Kerala,Alappuzha,Cherthala,fever_op,10,1,train,0.6619373464709122,1,0.0
2023-04-02,2023,Kerala,Alappuzha,Cherthala,fever_op,21,1,val,0.6878678205769106,1,0.00025242760241110836
2021-09-16,2021,Kerala,Alappuzha,Karthikappally,fever_op,2662,0,train,0.29610186822667733,0,0.0
2022-10-21,2022,Kerala,Alappuzha,Karthikappally,fever_op,1,0,train,0.7181314748176589,1,0.0
2021-04-02,2021,Kerala,Alappuzha,Kuttanad,fever_op,14,1,train,0.678765329918659,1,0.0
2020-08-15,2020,Kerala,Alappuzha,Mavelikkara,fever_op,4,0,train,0.08021578849761182,0,0.0
2021-04-04,2021,Kerala,Alappuzha,Mavelikkara,fever_op,1,0,train,0.7082835478680023,1,0.0
2023-12-29,2023,Kerala,Alappuzha,Mavelikkara,fever_op,1,1,test,0.7092045516529896,1,0.0
2020-08-14,2020,Kerala,Ernakulam,Aluva,fever_op,2,1,train,0.6976344171660352,1,0.0
2022-04-06,2022,Kerala,Ernakulam,Aluva,fever_op,6,1,train,0.6880943294985183,1,0.00029648262718537697
2022-05-08,2022,Kerala,Ernakulam,Aluva,fever_op,555,1,train,0.7108655885773574,1,0.13285212603021443
2023-12-29,2023,Kerala,Ernakulam,Aluva,fever_op,331,1,test,0.6120026376146551,1,0.00038713139181082904
2020-12-30,2020,Kerala,Ernakulam,Kanayannur,fever_op,1,0,train,0.7035515021855181,1,0.0
2021-07-12,2021,Kerala,Ernakulam,Kanayannur,fever_op,1,0,train,0.6843279837043488,1,0.0
2021-09-14,2021,Kerala,Ernakulam,Kanayannur,fever_op,5,0,train,0.3301859399754508,0,0.0026159019005697792
2022-10-23,2022,Kerala,Ernakulam,Kanayannur,fever_op,1,1,train,0.6732555262832649,1,0.0
2023-10-18,2023,Kerala,Ernakulam,Kanayannur,fever_op,7,1,val,0.599167158466473,1,0.0018508368277192447
2023-10-21,2023,Kerala,Ernakulam,Kanayannur,fever_op,1719,0,test,0.6737020731303583,1,0.41856855190085535
2024-04-05,2024,Kerala,Ernakulam,Kanayannur,fever_op,2,0,test,0.08410481392383065,0,0.0
2023-04-01,2023,Kerala,Ernakulam,Kochi,fever_op,1,0,val,0.7085329793120546,1,0.0
2023-04-01,2023,Kerala,Ernakulam,Kochi,fever_op,1,1,val,0.3741046543950932,0,0.0
2021-04-01,2021,Kerala,Ernakulam,Kothamangalam,fever_op,13,1,train,0.7230804615232015,1,0.0
2021-10-23,2021,Kerala,Ernakulam,Kothamangalam,fever_op,7223,1,train,0.7087095099320703,1,0.13883460238159526
2022-10-25,2022,Kerala,Ernakulam,Kothamangalam,fever_op,45,0,train,0.6668386839404351,1,0.0
2020-10-25,2020,Kerala,Ernakulam,Kunnathunad,fever_op,3,1,train,0.7176653229300459,1,0.0
2021-12-31,2021,Kerala,Ernakulam,Kunnathunad,fever_op,13,1,train,0.7162503121884474,1,0.0006267739157389033
2023-04-05,2023,Kerala,Ernakulam,Kunnathunad,fever_op,1719,1,val,0.13634549674416993,0,0.17707260002380554
2023-09-17,2023,Kerala,Ernakulam,Kunnathunad,fever_op,206,0,val,0.6913200120634057,1,0.0
2021-04-01,2021,Kerala,Ernakulam,Muvattupuzha,fever_op,839,1,train,0.7306699712483156,1,0.0
2022-10-21,2022,Kerala,Ernakulam,Muvattupuzha,fever_op,26,0,train,0.6977023345887214,1,0.0
2022-10-23,2022,Kerala,Ernakulam,Muvattupuzha,fever_op,1,1,train,0.7010969708876438,1,0.0
2022-04-05,2022,Kerala,Ernakulam,North Paravur,fever_op,62,1,train,0.6760440953899078,1,0.0
2022-10-24,2022,Kerala,Ernakulam,North Paravur,fever_op,9,1,train,0.5409291649621912,1,0.0
2020-08-14,2020,Kerala,Idukki,Devikulam,fever_op,2,1,train,0.5019551027919309,1,0.0
2022-12-31,2022,Kerala,Idukki,Devikulam,fever_op,25,1,val,0.5370632117671252,1,0.002003999729773719
2023-09-15,2023,Kerala,Idukki,Devikulam,fever_op,291,1,val,0.7305278013786258,1,0.013690164906934877
2023-10-21,2023,Kerala,Idukki,Devikulam,fever_op,166,0,test,0.6519640215393164,1,0.00030695963983138583
2023-11-28,2023,Kerala,Idukki,Devikulam,fever_op,4,0,test,0.6898698285865719,1,0.0
2024-05-09,2024,Kerala,Idukki,Devikulam,fever_op,93,1,test,0.6774833289339172,1,0.001435107037243745
2024-07-11,2024,Kerala,Idukki,Devikulam,fever_op,972,1,test,0.06490849711480798,0,0.006039413037504545
2020-04-04,2020,Kerala,Idukki,Idukki,fever_op,17,0,train,0.0776613193370328,0,0.0
2021-04-02,2021,Kerala,Idukki,Idukki,fever_op,4,0,train,0.10477071738409008,0,0.0
2021-04-03,2021,Kerala,Idukki,Idukki,fever_op,2,1,train,0.6966173993261785,1,0.0
2021-05-07,2021,Kerala,Idukki,Idukki,fever_op,13208,1,train,0.21668858940428193,0,0.9999999983333334
2023-09-16,2023,Kerala,Idukki,Idukki,fever_op,12595,0,val,0.12384769051505709,0,0.001294175931846104
2024-10-19,2024,Kerala,Idukki,Idukki,fever_op,60,0,test,0.7351709171080573,1,0.0
2020-04-05,2020,Kerala,Idukki,Peerumade,fever_op,346,1,train,0.7317767591674498,1,0.0
2023-10-14,2023,Kerala,Idukki,Peerumade,fever_op,30,0,val,0.7249779332395216,1,0.0
2020-10-18,2020,Kerala,Idukki,Thodupuzha,fever_op,4,1,train,0.7275866923008025,1,0.0
2020-10-24,2020,Kerala,Idukki,Thodupuzha,fever_op,24,1,train,0.688772664035841,1,0.001040635059724283
2021-10-17,2021,Kerala,Idukki,Thodupuzha,fever_op,75,1,train,0.7351990767862688,1,0.003261672186448324
2023-10-23,2023,Kerala,Idukki,Thodupuzha,fever_op,37,1,test,0.5782705311764129,1,4.8450795824730204e-05
2024-04-02,2024,Kerala,Idukki,Thodupuzha,fever_op,10071,0,test,0.25273588322200613,0,0.25602371845658833
2021-04-03,2021,Kerala,Idukki,Udumbanchola,fever_op,13,0,train,0.7194102650551354,1,0.0
2022-11-28,2022,Kerala,Idukki,Udumbanchola,fever_op,1,1,val,0.7233332137885311,1,0.0
2024-04-01,2024,Kerala,Idukki,Udumbanchola,fever_op,1638,0,test,0.7122800755668064,1,0.20882956879169265
2024-04-05,2024,Kerala,Idukki,Udumbanchola,fever_op,17,0,test,0.14723858799930858,0,0.0
2020-04-03,2020,Kerala,Kannur,Iritty,fever_op,2,1,train,0.7083746379804998,1,0.0
2021-04-04,2021,Kerala,Kannur,Iritty,fever_op,10,1,train,0.7103502614693887,1,0.0006559599119408174
2022-10-22,2022,Kerala,Kannur,Iritty,fever_op,21,1,train,0.6735541062215479,1,0.001897893178650046
2022-12-31,2022,Kerala,Kannur,Iritty,fever_op,46,1,val,0.7019414269086798,1,0.002618584077213428
2023-09-16,2023,Kerala,Kannur,Iritty,fever_op,523,0,val,0.7057832152518112,1,0.019653094982744933
2020-07-11,2020,Kerala,Kannur,Kannur,fever_op,15,1,train,0.5120928225249717,1,0.0
2020-12-31,2020,Kerala,Kannur,Kannur,fever_op,8328,1,train,0.4926551467058401,0,0.14006637607226696
2021-09-16,2021,Kerala,Kannur,Kannur,fever_op,108,0,train,0.4211553656957777,0,0.0
2021-10-22,2021,Kerala,Kannur,Kannur,fever_op,18,0,train,0.753059575863464,1,0.0
2024-04-03,2024,Kerala,Kannur,Kannur,fever_op,1,0,test,0.23852871615979626,0,0.0
2020-10-22,2020,Kerala,Kannur,Payyanur,fever_op,5,1,train,0.7160171211500935,1,0.0
2021-04-04,2021,Kerala,Kannur,Payyanur,fever_op,100,1,train,0.7363399429147022,1,0.004237295427685823
2023-07-10,2023,Kerala,Kannur,Payyanur,fever_op,293,0,val,0.6602084585315546,1,0.0029433852157044627
2020-04-04,2020,Kerala,Kannur,Taliparamba,fever_op,1,0,train,0.29845639306549093,0,0.0
2020-07-11,2020,Kerala,Kannur,Taliparamba,fever_op,1,1,train,0.7482214811880266,1,0.0
2020-10-18,2020,Kerala,Kannur,Taliparamba,fever_op,1294,0,train,0.7241179059672602,1,0.8408737220146316
2020-11-25,2020,Kerala,Kannur,Taliparamba,fever_op,2,0,train,0.7112913989098285,1,0.0
2020-12-29,2020,Kerala,Kannur,Taliparamba,fever_op,11,0,train,0.7121858021256654,1,0.00024187197256917046
2021-04-02,2021,Kerala,Kannur,Taliparamba,fever_op,57,0,train,0.7161472296175323,1,0.0003090586316161622
2021-10-24,2021,Kerala,Kannur,Taliparamba,fever_op,14,0,train,0.6641204676372366,1,0.0
2020-07-11,2020,Kerala,Kannur,Thalassery,fever_op,92,0,train,0.7305518749386636,1,0.0
2022-10-19,2022,Kerala,Kannur,Thalassery,fever_op,3,0,train,0.7273736720037643,1,0.0
2023-09-15,2023,Kerala,Kannur,Thalassery,fever_op,7,0,val,0.7288148046535906,1,8.062399085639016e-05
2021-04-03,2021,Kerala,Kasaragod,Hosdurg,fever_op,11,1,train,0.7079354580240517,1,0.0
2021-11-26,2021,Kerala,Kasaragod,Hosdurg,fever_op,48,1,train,0.7647963302372025,1,0.0008155425566044401
2022-04-05,2022,Kerala,Kasaragod,Hosdurg,fever_op,17,0,train,0.7115595026106462,1,0.0
2022-10-25,2022,Kerala,Kasaragod,Hosdurg,fever_op,22,1,train,0.03594509785883468,0,2.239555301566393e-05
2023-04-01,2023,Kerala,Kasaragod,Hosdurg,fever_op,152,0,val,0.727813426112467,1,0.00563918111420984
2023-10-21,2023,Kerala,Kasaragod,Hosdurg,fever_op,1,0,test,0.7358456985700293,1,0.0
2024-04-06,2024,Kerala,Kasaragod,Hosdurg,fever_op,36,0,test,0.7158879886947891,1,0.0014109198399868276
2022-07-11,2022,Kerala,Kasaragod,Kasaragod,fever_op,5,1,train,0.700831621313401,1,0.0
2022-10-24,2022,Kerala,Kasaragod,Kasaragod,fever_op,9,1,train,0.7187855141682314,1,0.00014824131359268848
2020-10-21,2020,Kerala,Kasaragod,Vellarikundu,fever_op,158,1,train,0.7237905420996802,1,0.0
2020-10-24,2020,Kerala,Kasaragod,Vellarikundu,fever_op,16,0,train,0.5635116566831112,1,0.0
2021-10-18,2021,Kerala,Kasaragod,Vellarikundu,fever_op,3,0,train,0.7276668368560061,1,0.0
2022-11-25,2022,Kerala,Kasaragod,Vellarikundu,fever_op,27,0,val,0.7110998784214217,1,0.00048374394513834093
2023-10-18,2023,Kerala,Kasaragod,Vellarikundu,fever_op,152,0,val,0.7099151546412971,1,0.0014847303408576534
2021-10-21,2021,Kerala,Kollam,Karunagappally,fever_op,2,1,train,0.7001696366424912,1,0.0
2023-04-04,2023,Kerala,Kollam,Kollam,fever_op,11,0,val,0.7143828331307922,1,0.0
2024-04-01,2024,Kerala,Kollam,Kollam,fever_op,4,0,test,0.733439569411043,1,0.0
2024-10-19,2024,Kerala,Kollam,Kollam,fever_op,1,1,test,0.7062834759878953,1,0.0
2020-05-07,2020,Kerala,Kollam,Kottarakkara,fever_op,1,0,train,0.7235327419897303,1,0.0
2020-04-03,2020,Kerala,Kollam,Kunnathoor,fever_op,1,0,train,0.7222048830670958,1,0.0
2020-11-26,2020,Kerala,Kollam,Kunnathoor,fever_op,1,1,train,0.7290567986700214,1,0.0
2021-07-09,2021,Kerala,Kollam,Kunnathoor,fever_op,8,1,train,0.08809925655157819,0,0.004648697315763434
2022-09-16,2022,Kerala,Kollam,Kunnathoor,fever_op,69,1,train,0.7029527443595218,1,0.01218615404735906
2022-10-19,2022,Kerala,Kollam,Kunnathoor,fever_op,222,1,train,0.05533774869605271,0,0.005335937433458289
2022-10-18,2022,Kerala,Kollam,Pathanapuram,fever_op,8,0,train,0.04571814823118545,0,0.0
2022-10-24,2022,Kerala,Kollam,Pathanapuram,fever_op,1,1,train,0.7057746999637875,1,0.0
2021-07-10,2021,Kerala,Kollam,Punalur,fever_op,180,0,train,0.6667646399973033,1,0.0
2022-08-15,2022,Kerala,Kollam,Punalur,fever_op,2,0,train,0.7322721899717728,1,0.0
2022-10-24,2022,Kerala,Kollam,Punalur,fever_op,2,0,train,0.7209846733205199,1,0.0
2023-09-14,2023,Kerala,Kollam,Punalur,fever_op,9,0,val,0.5278994630688771,1,0.00018812264533157698
2020-07-10,2020,Kerala,Kottayam,Changanassery,fever_op,8,1,train,0.7185772279724968,1,0.0
2021-05-07,2021,Kerala,Kottayam,Changanassery,fever_op,29521,0,train,0.059651918457327105,0,0.7643839816271284
2023-10-24,2023,Kerala,Kottayam,Changanassery,fever_op,8,0,test,0.22711507252598997,0,0.0
2024-09-17,2024,Kerala,Kottayam,Changanassery,fever_op,12,0,test,0.7119559299761445,1,3.5832884825062285e-05
2020-05-07,2020,Kerala,Kottayam,Kanjirappally,fever_op,5,0,train,0.7101404822196846,1,0.0
2020-10-25,2020,Kerala,Kottayam,Kanjirappally,fever_op,5,1,train,0.6974734423166654,1,0.0
2023-10-26,2023,Kerala,Kottayam,Kanjirappally,fever_op,300,0,test,0.6767576131516353,1,0.1733486020812107
2023-12-29,2023,Kerala,Kottayam,Kanjirappally,fever_op,5,0,test,0.6669263980451353,1,0.0
2020-04-01,2020,Kerala,Kottayam,Kottayam,fever_op,1,0,train,0.718073386759766,1,0.0
2021-10-18,2021,Kerala,Kottayam,Kottayam,fever_op,2,1,train,0.17581672805629608,0,4.031199542819508e-05
2022-04-01,2022,Kerala,Kottayam,Kottayam,fever_op,9,1,train,0.07583536869023112,0,0.0064366859438711715
2020-05-09,2020,Kerala,Kottayam,Meenachil,fever_op,1742,1,train,0.7186928423457277,1,0.0
2020-08-14,2020,Kerala,Kottayam,Meenachil,fever_op,45,0,train,0.6406083201822166,1,0.0
2021-10-23,2021,Kerala,Kottayam,Meenachil,fever_op,15,0,train,0.19716233476080883,0,0.0
2023-05-07,2023,Kerala,Kottayam,Meenachil,fever_op,10,0,val,0.698443061059173,1,0.0
2024-09-16,2024,Kerala,Kottayam,Meenachil,fever_op,308,0,test,0.7020783481363272,1,0.002184177206836751
2020-04-01,2020,Kerala,Kottayam,Vaikom,fever_op,198,1,train,0.7374421647332023,1,0.0
2020-10-23,2020,Kerala,Kottayam,Vaikom,fever_op,251,0,train,0.6898157562360262,1,7.085546782069631e-05
2020-11-28,2020,Kerala,Kottayam,Vaikom,fever_op,92,0,train,0.6434013903487329,1,0.0
2021-07-10,2021,Kerala,Kottayam,Vaikom,fever_op,14,0,train,0.4027220524417251,0,0.0
2021-09-15,2021,Kerala,Kottayam,Vaikom,fever_op,1,0,train,0.5048674320804485,1,0.0
2021-10-24,2021,Kerala,Kottayam,Vaikom,fever_op,33,0,train,0.4310767557951633,0,0.0012899838537022426
2022-04-05,2022,Kerala,Kottayam,Vaikom,fever_op,7,0,train,0.6925035280636191,1,0.0
2022-08-12,2022,Kerala,Kottayam,Vaikom,fever_op,7,0,train,0.7218148628348681,1,0.0
2023-08-13,2023,Kerala,Kottayam,Vaikom,fever_op,4,0,val,0.13414226845937194,0,0.0
2020-10-18,2020,Kerala,Kozhikode,Koyilandy,fever_op,6,1,train,0.7217547172886536,1,0.0
2020-12-30,2020,Kerala,Kozhikode,Koyilandy,fever_op,22,1,train,0.30737360981061906,0,0.0005892490634792992
2023-12-31,2023,Kerala,Kozhikode,Koyilandy,fever_op,98,0,test,0.7252790143514964,1,0.00534216450322499
2020-11-25,2020,Kerala,Kozhikode,Kozhikode,fever_op,1,1,train,0.214035136412899,0,0.0
2022-04-01,2022,Kerala,Kozhikode,Kozhikode,fever_op,99,0,train,0.11835807364501182,0,0.01311629822840734
2023-09-17,2023,Kerala,Kozhikode,Kozhikode,fever_op,1,0,val,0.7039059241486489,1,0.0
2020-04-05,2020,Kerala,Kozhikode,Thamarassery,fever_op,8561,0,train,0.64929291568614,1,0.0
2020-05-07,2020,Kerala,Kozhikode,Thamarassery,fever_op,1,0,train,0.7102413512900132,1,0.0
2020-10-25,2020,Kerala,Kozhikode,Thamarassery,fever_op,1,1,train,0.6905520737359896,1,0.0
2021-04-04,2021,Kerala,Kozhikode,Thamarassery,fever_op,13209,0,train,0.033085843156380225,0,0.5018225266112114
2021-08-13,2021,Kerala,Kozhikode,Thamarassery,fever_op,1,0,train,0.7255255538041852,1,0.0
2021-08-14,2021,Kerala,Kozhikode,Thamarassery,fever_op,21,0,train,0.7294044667985272,1,0.0008062399085639015
2022-05-08,2022,Kerala,Kozhikode,Thamarassery,fever_op,1,0,train,0.3868788264443478,0,0.0
2024-04-06,2024,Kerala,Kozhikode,Thamarassery,fever_op,22,0,test,0.6873847381371264,1,0.0008465519039920965
2024-08-13,2024,Kerala,Kozhikode,Thamarassery,fever_op,2,1,test,0.6339645881067935,1,0.0
2021-10-20,2021,Kerala,Kozhikode,Vadakara,fever_op,4,1,train,0.7285701928650464,1,0.0
2021-04-03,2021,Kerala,Malappuram,Ernad,fever_op,75,1,train,0.7233928723471478,1,0.0
2021-10-25,2021,Kerala,Malappuram,Ernad,fever_op,15,0,train,0.6881977080118853,1,0.0
2022-04-01,2022,Kerala,Malappuram,Ernad,fever_op,1,0,train,0.7181225295916959,1,0.0
2020-07-11,2020,Kerala,Malappuram,Kondotty,fever_op,18,1,train,0.7135433188442439,1,0.0
2022-04-06,2022,Kerala,Malappuram,Kondotty,fever_op,30,0,train,0.6297569306806906,1,0.00016033218895204074
2022-07-12,2022,Kerala,Malappuram,Kondotty,fever_op,1,0,train,0.22768944286304568,0,0.0
2022-09-16,2022,Kerala,Malappuram,Kondotty,fever_op,1,0,train,0.22161994436969,0,0.0
2023-09-14,2023,Kerala,Malappuram,Kondotty,fever_op,27,1,val,0.7315109185410583,1,0.0017931624716307274
2022-08-14,2022,Kerala,Malappuram,Nilambur,fever_op,10,0,train,0.5951631732712027,1,0.0
2022-12-29,2022,Kerala,Malappuram,Nilambur,fever_op,1,1,val,0.7451278087031823,1,0.0
2023-04-01,2023,Kerala,Malappuram,Nilambur,fever_op,345,1,val,0.32277191228657964,0,0.05266563893531246
2023-05-08,2023,Kerala,Malappuram,Nilambur,fever_op,17,0,val,0.16032220679816206,0,0.0
2024-10-18,2024,Kerala,Malappuram,Nilambur,fever_op,110,0,test,0.7400000071635223,1,0.0005022686128168263
2024-11-25,2024,Kerala,Malappuram,Nilambur,fever_op,41,1,test,0.6909098877152188,1,0.0
2020-07-10,2020,Kerala,Malappuram,Perinthalmanna,fever_op,201,0,train,0.10820415228268948,0,0.0
2020-12-30,2020,Kerala,Malappuram,Tirur,fever_op,23,1,train,0.7395847347996819,1,0.0
2021-05-06,2021,Kerala,Malappuram,Tirur,fever_op,30,0,train,0.6048472552718479,1,7.076132384399465e-05
2021-10-22,2021,Kerala,Malappuram,Tirur,fever_op,2,0,train,0.6293382122451578,1,0.0
2022-10-18,2022,Kerala,Malappuram,Tirur,fever_op,6,0,train,0.5130718747538512,1,0.00010749865447518686
2023-09-15,2023,Kerala,Malappuram,Tirur,fever_op,4,0,val,0.2686306117823255,0,0.0
2023-09-30,2023,Kerala,Malappuram,Tirur,fever_op,29,0,val,0.1012312334976389,0,0.0013772910164299957
2021-04-02,2021,Kerala,Malappuram,Tirurangadi,fever_op,3,0,train,0.7313952702139994,1,0.0
2021-09-15,2021,Kerala,Malappuram,Tirurangadi,fever_op,3,1,train,0.7230763655494004,1,0.0
2022-08-13,2022,Kerala,Malappuram,Tirurangadi,fever_op,530,0,train,0.6907349998301379,1,0.3215262994092776
2020-12-30,2020,Kerala,Palakkad,Alathur,fever_op,181,1,train,0.6503114706438001,1,0.0
2021-10-17,2021,Kerala,Palakkad,Alathur,fever_op,71,0,train,0.40445077950959657,0,0.0
2021-12-29,2021,Kerala,Palakkad,Alathur,fever_op,4,0,train,0.7540808466924598,1,0.0
2020-04-04,2020,Kerala,Palakkad,Chittur,fever_op,452,1,train,0.14333208522057295,0,0.0
2020-07-10,2020,Kerala,Palakkad,Chittur,fever_op,26,1,train,0.7192649872016357,1,0.0
2021-04-05,2021,Kerala,Palakkad,Chittur,fever_op,13780,0,train,0.053653325299973374,0,0.07613240175726882
2020-07-09,2020,Kerala,Palakkad,Mannarkkad,fever_op,1,0,train,0.729041601760958,1,0.0
2020-10-19,2020,Kerala,Palakkad,Mannarkkad,fever_op,1,1,train,0.09713539393086984,0,0.0
2021-12-30,2021,Kerala,Palakkad,Mannarkkad,fever_op,383,1,train,0.09560642813642793,0,0.2587481242149704
2022-10-24,2022,Kerala,Palakkad,Mannarkkad,fever_op,6407,0,train,0.0990545826992218,0,0.02589036634603101
2023-04-03,2023,Kerala,Palakkad,Mannarkkad,fever_op,1,0,val,0.6903659954046626,1,0.0
2023-04-03,2023,Kerala,Palakkad,Mannarkkad,fever_op,16,0,val,0.7137209349740238,1,0.0006046799314229261
2020-10-19,2020,Kerala,Palakkad,Ottapalam,fever_op,210,0,train,0.694453814730294,1,0.0
2023-08-13,2023,Kerala,Palakkad,Ottapalam,fever_op,3,0,val,0.7052385547907203,1,0.0
2024-10-21,2024,Kerala,Palakkad,Ottapalam,fever_op,17,0,test,0.7084034422566681,1,0.0002821839679973655
2020-10-19,2020,Kerala,Palakkad,Palakkad,fever_op,11964,1,train,0.5607087310137081,1,0.0
2020-10-24,2020,Kerala,Palakkad,Palakkad,fever_op,11,0,train,0.700408099332723,1,0.0
2021-11-27,2021,Kerala,Palakkad,Palakkad,fever_op,3,0,train,0.7183791117837685,1,0.0
2020-05-06,2020,Kerala,Palakkad,Pattambi,fever_op,1,1,train,0.13371343125865945,0,0.0
2020-05-08,2020,Kerala,Palakkad,Pattambi,fever_op,384,0,train,0.722148456039597,1,0.051535433036645026
2020-08-13,2020,Kerala,Palakkad,Pattambi,fever_op,3,0,train,0.09587354548484461,0,0.0
2021-04-02,2021,Kerala,Palakkad,Pattambi,fever_op,246,0,train,0.7210094812964333,1,0.0053527523311092525
2021-04-04,2021,Kerala,Palakkad,Pattambi,fever_op,23,0,train,0.6731658034516562,1,0.0
2022-08-13,2022,Kerala,Palakkad,Pattambi,fever_op,1,0,train,0.1484668037420231,0,0.0
2022-09-16,2022,Kerala,Palakkad,Pattambi,fever_op,141,0,train,0.6668258024906976,1,0.005942476399131392
2023-10-23,2023,Kerala,Palakkad,Pattambi,fever_op,1,0,test,0.5283623426954669,1,0.0
2024-04-05,2024,Kerala,Palakkad,Pattambi,fever_op,2,0,test,0.3939503288423261,0,4.031199542819508e-05
2022-10-19,2022,Kerala,Pathanamthitta,Adoor,fever_op,8,1,train,0.6772862674217892,1,0.0
2020-08-13,2020,Kerala,Pathanamthitta,Konni,fever_op,1301,0,train,0.4084672701592108,0,0.0
2020-10-18,2020,Kerala,Pathanamthitta,Konni,fever_op,3,0,train,0.6853842467524544,1,0.0
2020-10-19,2020,Kerala,Pathanamthitta,Konni,fever_op,51,0,train,0.681411437471208,1,0.0009674878902766819
2024-09-16,2024,Kerala,Pathanamthitta,Konni,fever_op,2,0,test,0.8187700783962433,1,0.0
2020-04-02,2020,Kerala,Pathanamthitta,Kozhenchery,fever_op,113,1,train,0.7357053291631042,1,0.0
2021-09-16,2021,Kerala,Pathanamthitta,Kozhenchery,fever_op,43,0,train,0.2159589776657848,0,0.0
2022-10-24,2022,Kerala,Pathanamthitta,Kozhenchery,fever_op,1,0,train,0.3473653332241383,0,0.0
2022-11-26,2022,Kerala,Pathanamthitta,Kozhenchery,fever_op,1,1,val,0.7233134015627705,1,0.0
2023-04-06,2023,Kerala,Pathanamthitta,Kozhenchery,fever_op,396,0,val,0.6630872997608778,1,0.02124360137349228
2024-04-13,2024,Kerala,Pathanamthitta,Kozhenchery,fever_op,10,0,test,0.7110633311509603,1,0.0
2024-08-13,2024,Kerala,Pathanamthitta,Kozhenchery,fever_op,1,0,test,0.7703252640982332,1,0.0
2020-04-02,2020,Kerala,Pathanamthitta,Mallappally,fever_op,105,1,train,0.7652121633188439,1,0.0
2020-10-21,2020,Kerala,Pathanamthitta,Mallappally,fever_op,40,0,train,0.6871922608472602,1,0.0
2021-04-04,2021,Kerala,Pathanamthitta,Mallappally,fever_op,2,0,train,0.5157851393754154,1,0.0
2021-09-14,2021,Kerala,Pathanamthitta,Mallappally,fever_op,39,0,train,0.7311459554721194,1,0.0009943625538954787
2021-10-23,2021,Kerala,Pathanamthitta,Mallappally,fever_op,18,0,train,0.6505166831787405,1,0.0
2021-07-09,2021,Kerala,Pathanamthitta,Ranni,fever_op,3,1,train,0.24622645518994712,0,0.0
2021-10-23,2021,Kerala,Pathanamthitta,Ranni,fever_op,1168,1,train,0.54076499264351,1,0.07847607339558897
2021-12-31,2021,Kerala,Pathanamthitta,Ranni,fever_op,840,0,train,0.5084357806958302,1,0.0002493755884847164
2022-04-04,2022,Kerala,Pathanamthitta,Ranni,fever_op,145,0,train,0.6817763768948055,1,0.0
2022-05-09,2022,Kerala,Pathanamthitta,Ranni,fever_op,1,0,train,0.6930174342600659,1,0.0
2022-11-27,2022,Kerala,Pathanamthitta,Ranni,fever_op,1,0,val,0.14822045726091196,0,0.0
2020-10-20,2020,Kerala,Pathanamthitta,Thiruvalla,fever_op,27,1,train,0.22102153812975814,0,0.0
2021-10-21,2021,Kerala,Pathanamthitta,Thiruvalla,fever_op,13780,0,train,0.1483587245265604,0,0.13241890496280245
2023-04-02,2023,Kerala,Pathanamthitta,Thiruvalla,fever_op,13,0,val,0.7280525880875339,1,0.0
2023-09-15,2023,Kerala,Pathanamthitta,Thiruvalla,fever_op,7,0,val,0.6848164970394276,1,0.0
2024-07-11,2024,Kerala,Pathanamthitta,Thiruvalla,fever_op,15,0,test,0.26793418205717556,0,8.062399085639016e-05
2020-04-01,2020,Kerala,Thiruvananthapuram,Chirayinkeezhu,fever_op,8,1,train,0.31171298763270017,0,0.0
2020-09-15,2020,Kerala,Thiruvananthapuram,Chirayinkeezhu,fever_op,28,1,train,0.36163015202703774,0,0.0005781305887357128
2020-11-25,2020,Kerala,Thiruvananthapuram,Chirayinkeezhu,fever_op,93,1,train,0.6747603226351202,1,0.0037953542708512875
2021-07-09,2021,Kerala,Thiruvananthapuram,Chirayinkeezhu,fever_op,107,1,train,0.5139317284759211,1,0.0010642836536861509
2020-10-26,2020,Kerala,Thiruvananthapuram,Kattakkada,fever_op,1,1,train,0.4182533494564021,0,0.0
2022-12-31,2022,Kerala,Thiruvananthapuram,Kattakkada,fever_op,25,0,val,0.49779316522403294,0,0.003140803576443868
2023-07-12,2023,Kerala,Thiruvananthapuram,Kattakkada,fever_op,1,1,val,0.7320403681400528,1,0.0
2020-05-08,2020,Kerala,Thiruvananthapuram,Nedumangad,fever_op,30229,1,train,0.28931781965020453,0,0.0
2020-08-12,2020,Kerala,Thiruvananthapuram,Nedumangad,fever_op,262,0,train,0.7141832211518531,1,0.0
2020-10-24,2020,Kerala,Thiruvananthapuram,Nedumangad,fever_op,11,0,train,0.12406931995215148,0,0.0
2023-07-11,2023,Kerala,Thiruvananthapuram,Nedumangad,fever_op,243,0,val,0.15736457484285288,0,0.001558730489890209
2023-10-21,2023,Kerala,Thiruvananthapuram,Nedumangad,fever_op,39,0,test,0.7294087711062421,1,0.0
2023-10-21,2023,Kerala,Thiruvananthapuram,Nedumangad,fever_op,396,0,test,0.6805258529702433,1,0.0010660960808761889
2020-05-06,2020,Kerala,Thiruvananthapuram,Neyyattinkara,fever_op,4,0,train,0.10604475479414875,0,0.0
2021-11-27,2021,Kerala,Thiruvananthapuram,Neyyattinkara,fever_op,1,1,train,0.18738075694219244,0,0.0
2022-09-15,2022,Kerala,Thiruvananthapuram,Neyyattinkara,fever_op,40,1,train,0.7369385444232469,1,0.013138342295784856
2021-07-10,2021,Kerala,Thiruvananthapuram,Thiruvananthapuram,fever_op,14,1,train,0.7558518900198667,1,0.0
2022-08-13,2022,Kerala,Thiruvananthapuram,Thiruvananthapuram,fever_op,26,1,train,0.038990333635655454,0,0.00020308743933925155
2023-08-12,2023,Kerala,Thiruvananthapuram,Thiruvananthapuram,fever_op,6664,0,val,0.706256808552906,1,0.5046131521265224
2024-04-01,2024,Kerala,Thiruvananthapuram,Thiruvananthapuram,fever_op,7,0,test,0.6621507664360928,1,0.0
2020-10-23,2020,Kerala,Thiruvananthapuram,Varkala,fever_op,1,1,train,0.6378080363688208,1,0.0
2021-04-03,2021,Kerala,Thiruvananthapuram,Varkala,fever_op,13,0,train,0.7570734373148932,1,0.0015231557950443869
2021-10-23,2021,Kerala,Thiruvananthapuram,Varkala,fever_op,1,0,train,0.12149259642045608,0,0.0
2021-10-25,2021,Kerala,Thiruvananthapuram,Varkala,fever_op,7,0,train,0.11120859325319382,0,0.00043006057379724324
2022-10-22,2022,Kerala,Thiruvananthapuram,Varkala,fever_op,9,0,train,0.6841633613387339,1,0.00042355151472948455
2022-12-30,2022,Kerala,Thiruvananthapuram,Varkala,fever_op,8,1,val,0.6899011870594716,1,0.0001873369664681971
2020-04-05,2020,Kerala,Thrissur,Chalakudy,fever_op,1,1,train,0.6539784825793816,1,0.0
2020-10-20,2020,Kerala,Thrissur,Chalakudy,fever_op,148,1,train,0.41951506587187304,0,0.01972169333578855
2021-10-20,2021,Kerala,Thrissur,Chalakudy,fever_op,296,0,train,0.09538518391139228,0,0.001788679163038898
2023-05-08,2023,Kerala,Thrissur,Chalakudy,fever_op,6,0,val,0.7112042639489125,1,0.0
2021-09-16,2021,Kerala,Thrissur,Chavakkad,fever_op,38,0,train,0.5799857843627946,1,0.0
2022-12-29,2022,Kerala,Thrissur,Chavakkad,fever_op,1,1,val,0.4910518812840436,0,0.0
2023-07-11,2023,Kerala,Thrissur,Chavakkad,fever_op,145,1,val,0.42597327924236866,0,0.009556368187616505
2022-08-13,2022,Kerala,Thrissur,Kodungallur,fever_op,186,0,train,0.6659396109057478,1,0.0
2022-10-21,2022,Kerala,Thrissur,Kodungallur,fever_op,4,0,train,0.21912349094180478,0,0.0
2022-12-30,2022,Kerala,Thrissur,Kodungallur,fever_op,2,0,val,0.6989516692550585,1,0.0
2024-07-10,2024,Kerala,Thrissur,Kodungallur,fever_op,219,0,test,0.708282493102101,1,0.00707581289291691
2020-10-20,2020,Kerala,Thrissur,Kunnamkulam,fever_op,66,0,train,0.47046649973151417,0,0.0
2021-05-07,2021,Kerala,Thrissur,Kunnamkulam,fever_op,4,0,train,0.7230332558738702,1,0.0
2022-08-13,2022,Kerala,Thrissur,Kunnamkulam,fever_op,10,0,train,0.690184895075987,1,9.674878902766817e-05
2023-04-03,2023,Kerala,Thrissur,Kunnamkulam,fever_op,15,0,val,0.7278686153155572,1,3.664726857108642e-05
2021-04-04,2021,Kerala,Thrissur,Mukundapuram,fever_op,1,1,train,0.4650195113359382,0,0.0
2021-07-11,2021,Kerala,Thrissur,Mukundapuram,fever_op,7863,0,train,0.7001434006577968,1,0.8169329072230823
2021-10-20,2021,Kerala,Thrissur,Mukundapuram,fever_op,4,0,train,0.708840504971553,1,0.0
2021-12-30,2021,Kerala,Thrissur,Mukundapuram,fever_op,4,0,train,0.6544144344707779,1,0.0
2022-04-06,2022,Kerala,Thrissur,Mukundapuram,fever_op,29,1,train,0.6969296861864023,1,0.00040311995428195073
2024-04-04,2024,Kerala,Thrissur,Mukundapuram,fever_op,10070,1,test,0.10780920108785316,0,0.02907101321049339
2021-12-31,2021,Kerala,Thrissur,Talappilly,fever_op,27,1,train,0.12085027565983297,0,0.0
2022-05-07,2022,Kerala,Thrissur,Talappilly,fever_op,9,1,train,0.2323536608891512,0,0.0
2023-08-13,2023,Kerala,Thrissur,Talappilly,fever_op,62095,1,val,0.2895122052774702,0,0.9999999983333334
2021-10-18,2021,Kerala,Thrissur,Thrissur,fever_op,69,1,train,0.67003355472342,1,0.0
2023-10-25,2023,Kerala,Thrissur,Thrissur,fever_op,3611,1,test,0.6730108781696618,1,0.013639463185430245
2024-10-25,2024,Kerala,Thrissur,Thrissur,fever_op,218,0,test,0.5587801741352069,1,0.0
2021-10-24,2021,Kerala,Wayanad,Mananthavady,fever_op,3,0,train,0.26865309885128996,0,0.0
2022-09-14,2022,Kerala,Wayanad,Mananthavady,fever_op,2,1,train,0.40862889652026746,0,0.0
2022-10-18,2022,Kerala,Wayanad,Mananthavady,fever_op,772,1,train,0.42466368112323466,0,0.6528782017215461
2023-05-09,2023,Kerala,Wayanad,Mananthavady,fever_op,43,0,val,0.7208227316071455,1,0.0
2022-04-05,2022,Kerala,Wayanad,Sulthan Bathery,fever_op,34,1,train,0.7369764676838417,1,0.0
2022-05-07,2022,Kerala,Wayanad,Sulthan Bathery,fever_op,29,0,train,0.560223339182859,1,0.0
2022-09-16,2022,Kerala,Wayanad,Sulthan Bathery,fever_op,2,0,train,0.4739675728330194,0,0.0
2023-11-04,2023,Kerala,Wayanad,Sulthan Bathery,fever_op,10,1,test,0.5793972091026575,1,0.00021499730895037372
2023-12-31,2023,Kerala,Wayanad,Sulthan Bathery,fever_op,357,1,test,0.6474865838001915,1,0.017835186140475613
2020-09-16,2020,Kerala,Wayanad,Vythiri,fever_op,54,0,train,0.12634262211543307,0,0.0
2020-10-21,2020,Kerala,Wayanad,Vythiri,fever_op,1,0,train,0.06960346166907275,0,0.0
2022-10-22,2022,Kerala,Wayanad,Vythiri,fever_op,1,1,train,0.7296985536654538,1,0.0
2023-10-23,2023,Kerala,Wayanad,Vythiri,fever_op,10480,0,test,0.17477186115287308,0,0.7085162213448105
2023-10-24,2023,Kerala,Wayanad,Vythiri,fever_op,1,0,test,0.21986118910318556,0,0.0
2024-04-04,2024,Kerala,Wayanad,Vythiri,fever_op,357,0,test,0.1464476665848281,0,0.014351070372437444
2022-09-14,2022,Kerala,Alappuzha,Chenganoor,food_poisoning,1,1,train,0.11877580004912586,0,0.0
2022-09-21,2022,Kerala,Alappuzha,Chenganoor,food_poisoning,6,1,train,0.15317470248656848,0,0.0005795279225613556
2022-11-30,2022,Kerala,Alappuzha,Chenganoor,food_poisoning,8,0,val,0.664315496198557,1,0.0008608875566282888
2022-09-14,2022,Kerala,Alappuzha,Karthikappally,food_poisoning,10,1,train,0.06774849081951509,0,0.0
2022-09-21,2022,Kerala,Alappuzha,Mavelikkara,food_poisoning,1,0,train,0.11350126987562623,0,0.0
2022-11-24,2022,Kerala,Alappuzha,Mavelikkara,food_poisoning,1,0,val,0.18194350567949166,0,0.0
2023-04-06,2023,Kerala,Ernakulam,Aluva,food_poisoning,1,1,val,0.09727907545769986,0,0.0
2023-09-13,2023,Kerala,Ernakulam,Aluva,food_poisoning,11,1,val,0.060686083069931784,0,0.0012535478314778066
2022-09-10,2022,Kerala,Ernakulam,Kochi,food_poisoning,3,1,train,0.7263440853410483,1,0.0
2023-04-02,2023,Kerala,Ernakulam,Kochi,food_poisoning,17,1,val,0.6747922645288469,1,0.0008963818793054836
2022-04-03,2022,Kerala,Ernakulam,Kothamangalam,food_poisoning,2,1,train,0.7106639430570538,1,0.0
2023-04-04,2023,Kerala,Ernakulam,Kothamangalam,food_poisoning,8,1,val,0.7213508106032472,1,0.00047622126956309714
2023-04-04,2023,Kerala,Ernakulam,Kothamangalam,food_poisoning,6,1,val,0.7199854179679184,1,0.00012793788821095778
2023-11-18,2023,Kerala,Ernakulam,Kothamangalam,food_poisoning,16,1,test,0.27746059351549673,0,0.002298785846150406
2024-04-05,2024,Kerala,Ernakulam,Kothamangalam,food_poisoning,21,0,test,0.140525218673548,0,0.0014741493524625508
2022-09-12,2022,Kerala,Ernakulam,Kunnathunad,food_poisoning,27,0,train,0.6907804699060632,1,0.0
2022-04-04,2022,Kerala,Ernakulam,Muvattupuzha,food_poisoning,221,1,train,0.058698329472250996,0,0.0
2023-09-20,2023,Kerala,Ernakulam,Muvattupuzha,food_poisoning,39554,0,val,0.7064939287464052,1,0.04776712183329546
2022-09-20,2022,Kerala,Idukki,Devikulam,food_poisoning,1,1,train,0.6742215627670578,1,0.0
2022-04-01,2022,Kerala,Idukki,Peerumade,food_poisoning,3,1,train,0.6005167185446809,1,0.0
2024-04-03,2024,Kerala,Idukki,Peerumade,food_poisoning,13,1,test,0.7314591197354672,1,0.0006267739157389033
2023-09-17,2023,Kerala,Idukki,Thodupuzha,food_poisoning,187,0,val,0.7026896027273201,1,0.0
2024-04-03,2024,Kerala,Kannur,Payyanur,food_poisoning,40,1,test,0.7155374487989257,1,0.0
2023-09-08,2023,Kerala,Kannur,Taliparamba,food_poisoning,32,1,val,0.6560500316474759,1,0.0
2022-09-13,2022,Kerala,Kannur,Thalassery,food_poisoning,1,1,train,0.6899672678664921,1,0.0
2022-11-28,2022,Kerala,Kannur,Thalassery,food_poisoning,10,1,val,0.6482052459575212,1,0.001118743849694516
2023-09-17,2023,Kerala,Kannur,Thalassery,food_poisoning,14296,1,val,0.2480191036137064,0,0.9999999983333334
2022-09-11,2022,Kerala,Kasaragod,Hosdurg,food_poisoning,5,1,train,0.30509130147276237,0,0.0
2022-11-24,2022,Kerala,Kasaragod,Hosdurg,food_poisoning,49,1,val,0.7199328184176966,1,0.00194562773736989
2023-09-09,2023,Kerala,Kasaragod,Hosdurg,food_poisoning,13,0,val,0.6974980460867841,1,0.0
2022-04-05,2022,Kerala,Kasaragod,Kasaragod,food_poisoning,1,1,train,0.04683774846322528,0,0.0
2022-11-23,2022,Kerala,Kasaragod,Kasaragod,food_poisoning,14,1,val,0.6814826432947289,1,0.001657959776827677
2023-09-30,2023,Kerala,Kasaragod,Manjeshwaram,food_poisoning,12,0,val,0.14829810440855878,0,0.0
2023-11-27,2023,Kerala,Kasaragod,Manjeshwaram,food_poisoning,3,1,test,0.7079401521352675,1,0.0
2022-09-20,2022,Kerala,Kollam,Karunagappally,food_poisoning,3,0,train,0.7062364245934921,1,0.0
2023-09-08,2023,Kerala,Kollam,Karunagappally,food_poisoning,1,1,val,0.37746664737576124,0,0.0
2024-09-13,2024,Kerala,Kollam,Karunagappally,food_poisoning,40,1,test,0.700643631604078,1,0.018487889407841143
2024-09-15,2024,Kerala,Kollam,Karunagappally,food_poisoning,1053,0,test,0.714718114291892,1,0.04016763196488383
2023-04-06,2023,Kerala,Kollam,Punalur,food_poisoning,277,1,val,0.11533885244167238,0,0.0
2023-09-11,2023,Kerala,Kollam,Punalur,food_poisoning,20,0,val,0.16833522925061822,0,0.0
2023-09-16,2023,Kerala,Kottayam,Kanjirappally,food_poisoning,97,1,val,0.22236761203409586,0,0.0
2023-11-26,2023,Kerala,Kottayam,Kanjirappally,food_poisoning,244,1,test,0.28235659812199226,0,0.0004024835374650726
2024-04-02,2024,Kerala,Kottayam,Kanjirappally,food_poisoning,24511,0,test,0.26319195602106576,0,0.16191155830932835
2024-11-24,2024,Kerala,Kottayam,Kanjirappally,food_poisoning,44,0,test,0.6898157562360262,1,0.0
2022-11-28,2022,Kerala,Kottayam,Kottayam,food_poisoning,45,1,val,0.7198670759378989,1,0.0
2023-09-16,2023,Kerala,Kottayam,Kottayam,food_poisoning,15,0,val,0.6941113920875466,1,0.0
2024-09-10,2024,Kerala,Kottayam,Kottayam,food_poisoning,39,0,test,0.09369124447916098,0,0.0003999942425379068
2023-09-16,2023,Kerala,Kottayam,Meenachil,food_poisoning,40,0,val,0.1034679712229712,0,0.0
2022-04-02,2022,Kerala,Kozhikode,Koyilandy,food_poisoning,90,1,train,0.7246803912486315,1,0.0
2022-09-16,2022,Kerala,Kozhikode,Koyilandy,food_poisoning,133,0,train,0.25564258416199853,0,0.00012532042264453588
2023-04-04,2023,Kerala,Kozhikode,Koyilandy,food_poisoning,2,0,val,0.35633510061217166,0,0.0
2023-04-07,2023,Kerala,Kozhikode,Koyilandy,food_poisoning,3,1,val,0.16199628602356872,0,2.6874663618796715e-05
2023-09-10,2023,Kerala,Kozhikode,Koyilandy,food_poisoning,331,1,val,0.13597385389065866,0,0.009777049631314094
2023-09-11,2023,Kerala,Kozhikode,Koyilandy,food_poisoning,3611,0,val,0.7176612395880169,1,0.020450983344955563
2022-04-02,2022,Kerala,Kozhikode,Kozhikode,food_poisoning,140,0,train,0.7268240142048412,1,0.0
2023-09-08,2023,Kerala,Kozhikode,Kozhikode,food_poisoning,1,1,val,0.736975528807067,1,0.0
2022-11-24,2022,Kerala,Kozhikode,Thamarassery,food_poisoning,6406,1,val,0.5549464243617721,1,0.0
2022-09-10,2022,Kerala,Malappuram,Kondotty,food_poisoning,3,1,train,0.560322959238152,1,0.0
2023-11-24,2023,Kerala,Malappuram,Kondotty,food_poisoning,52,1,test,0.5455716657670684,1,0.003255451560513061
2023-11-27,2023,Kerala,Malappuram,Kondotty,food_poisoning,918,0,test,0.6973796683941724,1,0.021166106609595007
2024-09-19,2024,Kerala,Malappuram,Kondotty,food_poisoning,7,0,test,0.13166828246498777,0,0.0
2024-09-22,2024,Kerala,Malappuram,Kondotty,food_poisoning,121,0,test,0.7120378161799858,1,0.0011488918697035596
2022-09-08,2022,Kerala,Malappuram,Perinthalmanna,food_poisoning,1,0,train,0.6651357212160443,1,0.0
2022-09-09,2022,Kerala,Malappuram,Perinthalmanna,food_poisoning,3,0,train,0.48960060708256864,0,0.00017511597721148523
2024-09-08,2024,Kerala,Malappuram,Perinthalmanna,food_poisoning,1,1,test,0.72023051518363,1,0.0
2024-09-09,2024,Kerala,Malappuram,Perinthalmanna,food_poisoning,206,1,test,0.11056265829184124,0,0.11872573698951612
2022-04-02,2022,Kerala,Malappuram,Ponnani,food_poisoning,4,1,train,0.11378934992122305,0,0.0
2022-04-06,2022,Kerala,Malappuram,Ponnani,food_poisoning,259,0,train,0.1474316127789421,0,0.013712209347353555
2023-09-15,2023,Kerala,Malappuram,Ponnani,food_poisoning,2,0,val,0.18165541790757686,0,0.0
2022-09-09,2022,Kerala,Palakkad,Alathur,food_poisoning,54917,0,train,0.3241706852167664,0,0.0
2022-09-18,2022,Kerala,Palakkad,Alathur,food_poisoning,1,0,train,0.6763864430456822,1,0.0
2022-09-14,2022,Kerala,Palakkad,Chittur,food_poisoning,29,1,train,0.6741015511916929,1,0.0
2022-09-20,2022,Kerala,Palakkad,Chittur,food_poisoning,6503,1,train,0.6026939304383506,1,0.05817509907191102
2023-09-18,2023,Kerala,Palakkad,Chittur,food_poisoning,57,0,val,0.7266119014267151,1,0.0
2022-09-12,2022,Kerala,Palakkad,Ottapalam,food_poisoning,1,0,train,0.6672322381610108,1,0.0
2023-11-29,2023,Kerala,Palakkad,Ottapalam,food_poisoning,4,1,test,0.5803354839204101,1,0.0003099199589947754
2022-09-08,2022,Kerala,Pathanamthitta,Adoor,food_poisoning,45,1,train,0.421906155345573,0,0.0
2022-09-10,2022,Kerala,Pathanamthitta,Adoor,food_poisoning,263,0,train,0.7191470695515089,1,0.0012735989583653113
2022-11-25,2022,Kerala,Pathanamthitta,Adoor,food_poisoning,12,0,val,0.6832894424887123,1,0.0
2022-11-24,2022,Kerala,Pathanamthitta,Konni,food_poisoning,113,1,val,0.6799950837565184,1,0.0
2023-09-21,2023,Kerala,Pathanamthitta,Konni,food_poisoning,11,0,val,0.622327867820365,1,0.0
2023-09-16,2023,Kerala,Pathanamthitta,Mallappally,food_poisoning,3,0,val,0.5162551706830886,1,0.0
2022-11-24,2022,Kerala,Pathanamthitta,Ranni,food_poisoning,41659,1,val,0.6768379203839047,1,0.0
2022-09-11,2022,Kerala,Thiruvananthapuram,Kattakkada,food_poisoning,41659,1,train,0.691778998457169,1,0.0
2022-09-15,2022,Kerala,Thiruvananthapuram,Nedumangad,food_poisoning,74,1,train,0.07707314760777242,0,0.0
2022-09-18,2022,Kerala,Thiruvananthapuram,Varkala,food_poisoning,83,0,train,0.08535637448235062,0,0.0
2022-09-19,2022,Kerala,Thiruvananthapuram,Varkala,food_poisoning,2,0,train,0.7309464864755532,1,0.0
2023-11-28,2023,Kerala,Thiruvananthapuram,Varkala,food_poisoning,3,0,test,0.3506429526475074,0,2.6874663618796715e-05
2022-09-15,2022,Kerala,Thrissur,Chavakkad,food_poisoning,20,0,train,0.6999062483623494,1,0.0
2022-04-02,2022,Kerala,Thrissur,Mukundapuram,food_poisoning,2,1,train,0.10122095881076985,0,0.0
2022-11-24,2022,Kerala,Thrissur,Thrissur,food_poisoning,48845,1,val,0.14300821642165584,0,0.0
2022-04-05,2022,Kerala,Wayanad,Mananthavady,food_poisoning,1,1,train,0.6851507123083185,1,0.0
2023-04-01,2023,Kerala,Wayanad,Vythiri,food_poisoning,1027,1,val,0.25799038738377417,0,0.0
2020-07-09,2020,Kerala,Alappuzha,Ambalappuzha,hepatitis_a_confirmed,2,0,train,0.27229373257387335,0,0.0
2022-10-22,2022,Kerala,Alappuzha,Ambalappuzha,hepatitis_a_confirmed,4,1,train,0.08201290750709692,0,0.0001167439848076568
2022-10-26,2022,Kerala,Alappuzha,Ambalappuzha,hepatitis_a_confirmed,17095,1,train,0.058573729799286524,0,0.9999999983333334
2022-11-28,2022,Kerala,Alappuzha,Ambalappuzha,hepatitis_a_confirmed,62384,0,val,0.13843371330005094,0,0.005210352241293589
2023-03-05,2023,Kerala,Alappuzha,Ambalappuzha,hepatitis_a_confirmed,4,0,val,0.674620770355026,1,0.0
2023-07-13,2023,Kerala,Alappuzha,Ambalappuzha,hepatitis_a_confirmed,502,0,val,0.7078676022641281,1,0.008030149489296458
2023-10-21,2023,Kerala,Alappuzha,Ambalappuzha,hepatitis_a_confirmed,8,0,test,0.713014150787345,1,0.0
2023-11-30,2023,Kerala,Alappuzha,Ambalappuzha,hepatitis_a_confirmed,277,0,test,0.6948072815483907,1,0.002409761504485439
2020-09-17,2020,Kerala,Alappuzha,Chenganoor,hepatitis_a_confirmed,8,1,train,0.695954433526011,1,0.0
2021-03-02,2021,Kerala,Alappuzha,Chenganoor,hepatitis_a_confirmed,296,0,train,0.5780572670753455,1,0.008606456614940548
2021-03-04,2021,Kerala,Alappuzha,Chenganoor,hepatitis_a_confirmed,1,0,train,0.47724130931821934,0,0.0
2021-10-24,2021,Kerala,Alappuzha,Chenganoor,hepatitis_a_confirmed,18,0,train,0.7242549475394562,1,0.0006853039222793162
2023-08-15,2023,Kerala,Alappuzha,Chenganoor,hepatitis_a_confirmed,6,0,val,0.12072530415335037,0,0.0
2021-11-27,2021,Kerala,Alappuzha,Cherthala,hepatitis_a_confirmed,63,0,train,0.6890466165791049,1,0.0
2022-09-17,2022,Kerala,Alappuzha,Cherthala,hepatitis_a_confirmed,1,1,train,0.12304167379393854,0,0.0
2022-10-21,2022,Kerala,Alappuzha,Cherthala,hepatitis_a_confirmed,159,0,train,0.707356672526345,1,0.00866326836258383
2023-07-13,2023,Kerala,Alappuzha,Cherthala,hepatitis_a_confirmed,2,0,val,0.651998607721179,1,0.0
2023-08-14,2023,Kerala,Alappuzha,Cherthala,hepatitis_a_confirmed,9,1,val,0.41051859288770415,0,0.00018812264533157698
2020-07-11,2020,Kerala,Alappuzha,Karthikappally,hepatitis_a_confirmed,1,0,train,0.25413016580861925,0,0.0
2020-08-14,2020,Kerala,Alappuzha,Karthikappally,hepatitis_a_confirmed,2,1,train,0.7065503296004776,1,4.031199542819508e-05
2020-08-15,2020,Kerala,Alappuzha,Karthikappally,hepatitis_a_confirmed,91,1,train,0.7139721930886428,1,0.07778452366529798
2020-11-30,2020,Kerala,Alappuzha,Karthikappally,hepatitis_a_confirmed,114,0,train,0.1884345944220443,0,0.001365813275875441
2021-09-16,2021,Kerala,Alappuzha,Karthikappally,hepatitis_a_confirmed,4,1,train,0.678218693698031,1,0.0
2022-03-03,2022,Kerala,Alappuzha,Karthikappally,hepatitis_a_confirmed,6332,0,train,0.4163011391422444,0,0.18565420368648766
2023-10-27,2023,Kerala,Alappuzha,Karthikappally,hepatitis_a_confirmed,28,0,test,0.2709863790793754,0,0.0
2020-10-25,2020,Kerala,Alappuzha,Kuttanad,hepatitis_a_confirmed,30229,0,train,0.3374857408002282,0,0.0
2023-07-09,2023,Kerala,Alappuzha,Kuttanad,hepatitis_a_confirmed,1,0,val,0.1907982759998275,0,0.0
2023-08-14,2023,Kerala,Alappuzha,Kuttanad,hepatitis_a_confirmed,3,0,val,0.7176102096428302,1,8.062399085639016e-05
2020-10-20,2020,Kerala,Alappuzha,Mavelikkara,hepatitis_a_confirmed,51,1,train,0.22961147100903903,0,0.0
2022-09-15,2022,Kerala,Alappuzha,Mavelikkara,hepatitis_a_confirmed,7,0,train,0.7321025371087674,1,0.0
2023-07-13,2023,Kerala,Alappuzha,Mavelikkara,hepatitis_a_confirmed,8,1,val,0.40805417821711115,0,1.007799885704877e-05
2021-08-14,2021,Kerala,Ernakulam,Aluva,hepatitis_a_confirmed,6,1,train,0.7236226159554624,1,0.0
2021-08-14,2021,Kerala,Ernakulam,Aluva,hepatitis_a_confirmed,384,0,train,0.7196599006305766,1,0.014531832322208164
2022-09-18,2022,Kerala,Ernakulam,Aluva,hepatitis_a_confirmed,4,0,train,0.6719117599041291,1,0.0
2020-07-10,2020,Kerala,Ernakulam,Kanayannur,hepatitis_a_confirmed,2,1,train,0.6797263404253481,1,0.0
2022-11-27,2022,Kerala,Ernakulam,Kanayannur,hepatitis_a_confirmed,6,1,val,0.6758574289005216,1,0.00029648262718537697
2023-10-21,2023,Kerala,Ernakulam,Kanayannur,hepatitis_a_confirmed,10,0,test,0.6586673565708445,1,0.0013864958185267476
2023-10-24,2023,Kerala,Ernakulam,Kanayannur,hepatitis_a_confirmed,2,0,test,0.6959339335150913,1,0.0
2020-07-13,2020,Kerala,Ernakulam,Kochi,hepatitis_a_confirmed,3419,1,train,0.3977367123981342,0,0.0
2020-03-02,2020,Kerala,Ernakulam,Kothamangalam,hepatitis_a_confirmed,90,0,train,0.17811127946491584,0,0.0
2022-09-17,2022,Kerala,Ernakulam,Kothamangalam,hepatitis_a_confirmed,2,1,train,0.03615362409118787,0,0.0
2024-11-26,2024,Kerala,Ernakulam,Kothamangalam,hepatitis_a_confirmed,881,0,test,0.7288180099555421,1,0.034260026192822826
2022-10-26,2022,Kerala,Ernakulam,Kunnathunad,hepatitis_a_confirmed,113,1,train,0.7329586287141211,1,0.0
2020-11-27,2020,Kerala,Ernakulam,Muvattupuzha,hepatitis_a_confirmed,1,1,train,0.727623159036836,1,0.0
2023-10-27,2023,Kerala,Ernakulam,Muvattupuzha,hepatitis_a_confirmed,13,1,test,0.5821572094886535,1,0.0015231557950443869
2024-03-16,2024,Kerala,Ernakulam,Muvattupuzha,hepatitis_a_confirmed,28,1,test,0.40828754712939996,0,0.0019021906053366651
2024-05-18,2024,Kerala,Ernakulam,Muvattupuzha,hepatitis_a_confirmed,86,0,test,0.08667429350648213,0,0.0039447377948380975
2024-07-12,2024,Kerala,Ernakulam,Muvattupuzha,hepatitis_a_confirmed,1,0,test,0.11869908609841305,0,0.0
2020-07-10,2020,Kerala,Idukki,Devikulam,hepatitis_a_confirmed,4,1,train,0.13008705886202365,0,0.0
2024-03-06,2024,Kerala,Idukki,Idukki,hepatitis_a_confirmed,1,1,test,0.71953935530693,1,0.0
2020-09-17,2020,Kerala,Idukki,Peerumade,hepatitis_a_confirmed,577,1,train,0.6560816576870035,1,0.0
2023-10-27,2023,Kerala,Idukki,Peerumade,hepatitis_a_confirmed,157,1,test,0.5958283529133518,1,0.0
2023-11-30,2023,Kerala,Idukki,Peerumade,hepatitis_a_confirmed,36637,0,test,0.7314903934638026,1,0.10353076553409862
2020-10-25,2020,Kerala,Idukki,Thodupuzha,hepatitis_a_confirmed,3130,1,train,0.6659632182171131,1,0.0
2022-11-26,2022,Kerala,Idukki,Thodupuzha,hepatitis_a_confirmed,40,0,val,0.21531286597070134,0,0.0
2022-11-27,2022,Kerala,Idukki,Thodupuzha,hepatitis_a_confirmed,1,0,val,0.7054054270918998,1,0.0
2024-09-15,2024,Kerala,Idukki,Udumbanchola,hepatitis_a_confirmed,9,1,test,0.11966030857863565,0,0.0
2024-10-22,2024,Kerala,Idukki,Udumbanchola,hepatitis_a_confirmed,134,1,test,0.12046534206137634,0,0.0033512011473112347
2020-08-15,2020,Kerala,Kannur,Iritty,hepatitis_a_confirmed,6,0,train,0.6750596506654865,1,0.0
2020-11-27,2020,Kerala,Kannur,Iritty,hepatitis_a_confirmed,3,0,train,0.49142978435054646,0,0.0
2022-09-17,2022,Kerala,Kannur,Iritty,hepatitis_a_confirmed,6,1,train,0.44708060218565665,0,0.00046146201893063787
2022-10-24,2022,Kerala,Kannur,Iritty,hepatitis_a_confirmed,12,0,train,0.7163667425003054,1,0.0024517680647896706
2023-09-15,2023,Kerala,Kannur,Iritty,hepatitis_a_confirmed,4,1,val,0.7013019510128138,1,0.0
2020-07-08,2020,Kerala,Kannur,Kannur,hepatitis_a_confirmed,2,1,train,0.7124231864795998,1,0.0
2020-11-27,2020,Kerala,Kannur,Kannur,hepatitis_a_confirmed,96,0,train,0.24743344552154872,0,0.008384721534182786
2021-05-07,2021,Kerala,Kannur,Kannur,hepatitis_a_confirmed,3,0,train,0.6805035617892409,1,0.0
2022-03-05,2022,Kerala,Kannur,Kannur,hepatitis_a_confirmed,1,0,train,0.6824223057701495,1,0.0
2020-07-10,2020,Kerala,Kannur,Payyanur,hepatitis_a_confirmed,1,0,train,0.7068766826969353,1,0.0
2020-10-24,2020,Kerala,Kannur,Payyanur,hepatitis_a_confirmed,1,0,train,0.6771661224972156,1,0.0
2022-05-07,2022,Kerala,Kannur,Payyanur,hepatitis_a_confirmed,2,1,train,0.5193088455820281,1,0.0005831064853761234
2020-10-21,2020,Kerala,Kannur,Taliparamba,hepatitis_a_confirmed,17,1,train,0.26876239143406844,0,0.0
2022-07-13,2022,Kerala,Kannur,Taliparamba,hepatitis_a_confirmed,25,1,train,0.466905170979898,0,0.00010932665199013621
2023-10-21,2023,Kerala,Kannur,Taliparamba,hepatitis_a_confirmed,23,1,test,0.6714029246198052,1,0.00020049701289417255
2024-03-03,2024,Kerala,Kannur,Taliparamba,hepatitis_a_confirmed,45,0,test,0.6121654928828099,1,0.0033021939065753622
2024-03-04,2024,Kerala,Kannur,Taliparamba,hepatitis_a_confirmed,2,1,test,0.1710585020252742,0,0.0
2024-03-04,2024,Kerala,Kannur,Taliparamba,hepatitis_a_confirmed,164,0,test,0.16195348901149945,0,0.010369993083590781
2024-09-19,2024,Kerala,Kannur,Taliparamba,hepatitis_a_confirmed,2,0,test,0.2991935285309448,0,0.0
2020-07-12,2020,Kerala,Kannur,Thalassery,hepatitis_a_confirmed,53,1,train,0.3599629622448263,0,0.0
2021-09-19,2021,Kerala,Kannur,Thalassery,hepatitis_a_confirmed,6,0,train,0.6696975671063745,1,0.0
2021-09-19,2021,Kerala,Kannur,Thalassery,hepatitis_a_confirmed,11,0,train,0.679065975714982,1,5.758856489742153e-05
2022-10-20,2022,Kerala,Kannur,Thalassery,hepatitis_a_confirmed,1,0,train,0.2703341065577078,0,0.0
2023-11-30,2023,Kerala,Kannur,Thalassery,hepatitis_a_confirmed,3,0,test,0.4628716652852034,0,8.062399085639016e-05
2020-03-04,2020,Kerala,Kasaragod,Hosdurg,hepatitis_a_confirmed,6,0,train,0.6826582404959599,1,0.0
2022-10-23,2022,Kerala,Kasaragod,Hosdurg,hepatitis_a_confirmed,1,0,train,0.6969960999635455,1,0.0
2022-10-26,2022,Kerala,Kasaragod,Hosdurg,hepatitis_a_confirmed,6,1,train,0.0921229891431644,0,0.0006483682993439121
2023-09-23,2023,Kerala,Kasaragod,Hosdurg,hepatitis_a_confirmed,63,0,val,0.677492046220792,1,0.013730964424749621
2020-11-28,2020,Kerala,Kasaragod,Kasaragod,hepatitis_a_confirmed,62,1,train,0.5202916459399615,1,0.0
2021-03-02,2021,Kerala,Kasaragod,Kasaragod,hepatitis_a_confirmed,70,0,train,0.5262713953816994,1,3.1236186282896074e-05
2021-03-05,2021,Kerala,Kasaragod,Kasaragod,hepatitis_a_confirmed,1,0,train,0.44597034394808466,0,0.0
2021-11-28,2021,Kerala,Kasaragod,Kasaragod,hepatitis_a_confirmed,24,0,train,0.07573925949702556,0,0.0009271758948484867
2020-10-23,2020,Kerala,Kasaragod,Manjeshwaram,hepatitis_a_confirmed,385,0,train,0.070672067661333,0,0.0
2021-03-03,2021,Kerala,Kasaragod,Manjeshwaram,hepatitis_a_confirmed,3,0,train,0.6837741604444298,1,0.0
2021-09-16,2021,Kerala,Kasaragod,Manjeshwaram,hepatitis_a_confirmed,246,0,train,0.09016057539143056,0,0.005051827794573957
2020-03-05,2020,Kerala,Kasaragod,Nileshwaram,hepatitis_a_confirmed,5,1,train,0.07586334963019074,0,0.0
2020-07-08,2020,Kerala,Kasaragod,Nileshwaram,hepatitis_a_confirmed,11,0,train,0.06656479643010814,0,0.00023811063478154857
2020-08-15,2020,Kerala,Kasaragod,Nileshwaram,hepatitis_a_confirmed,1,1,train,0.07103286629979759,0,0.0
2020-10-20,2020,Kerala,Kasaragod,Nileshwaram,hepatitis_a_confirmed,1212,1,train,0.7199217414091731,1,0.21307992588253724
2022-09-15,2022,Kerala,Kasaragod,Nileshwaram,hepatitis_a_confirmed,210,0,train,0.7165463165683783,1,0.0
2022-10-22,2022,Kerala,Kasaragod,Nileshwaram,hepatitis_a_confirmed,1,0,train,0.668913229971206,1,0.0
2022-11-30,2022,Kerala,Kasaragod,Nileshwaram,hepatitis_a_confirmed,44,0,val,0.6601625595458589,1,0.0017334158034123881
2024-03-05,2024,Kerala,Kasaragod,Nileshwaram,hepatitis_a_confirmed,1,0,test,0.38676392167279433,0,0.0
2020-03-03,2020,Kerala,Kasaragod,Vellarikundu,hepatitis_a_confirmed,51,0,train,0.7106034329537707,1,0.0
2021-11-27,2021,Kerala,Kasaragod,Vellarikundu,hepatitis_a_confirmed,1,0,train,0.6888968619460384,1,0.0
2023-03-04,2023,Kerala,Kasaragod,Vellarikundu,hepatitis_a_confirmed,28,0,val,0.07945555922222679,0,0.0011261283761285705
2024-03-05,2024,Kerala,Kasaragod,Vellarikundu,hepatitis_a_confirmed,11,1,test,0.11806950254514204,0,0.0
2024-07-10,2024,Kerala,Kasaragod,Vellarikundu,hepatitis_a_confirmed,1244,0,test,0.0906873385322577,0,0.048284662992555585
2020-05-08,2020,Kerala,Kollam,Karunagappally,hepatitis_a_confirmed,5,1,train,0.6736059047779571,1,0.0
2020-08-14,2020,Kerala,Kollam,Karunagappally,hepatitis_a_confirmed,182,1,train,0.7070741441800518,1,0.007921937596429085
2020-10-27,2020,Kerala,Kollam,Karunagappally,hepatitis_a_confirmed,8,0,train,0.6415148205708922,1,0.0
2023-09-17,2023,Kerala,Kollam,Karunagappally,hepatitis_a_confirmed,3,0,val,0.7159200989314998,1,0.0
2021-07-09,2021,Kerala,Kollam,Kollam,hepatitis_a_confirmed,108,1,train,0.38356889370235386,0,0.0
2021-10-27,2021,Kerala,Kollam,Kollam,hepatitis_a_confirmed,53,0,train,0.25851451047671536,0,0.0
2022-03-01,2022,Kerala,Kollam,Kollam,hepatitis_a_confirmed,23,0,train,0.3500420581620362,0,0.0
2022-03-05,2022,Kerala,Kollam,Kollam,hepatitis_a_confirmed,27,0,train,0.4072487639852713,0,1.3437331809398353e-05
2020-03-05,2020,Kerala,Kollam,Kottarakkara,hepatitis_a_confirmed,1,1,train,0.4087555532618975,0,0.0
2021-08-15,2021,Kerala,Kollam,Kottarakkara,hepatitis_a_confirmed,28,1,train,0.6709871890010062,1,0.003545215521793739
2021-11-28,2021,Kerala,Kollam,Kottarakkara,hepatitis_a_confirmed,384,0,train,0.2424058087717123,0,0.015987792690168617
2020-10-27,2020,Kerala,Kollam,Kunnathoor,hepatitis_a_confirmed,1,1,train,0.16291310360906167,0,0.0
2021-10-26,2021,Kerala,Kollam,Kunnathoor,hepatitis_a_confirmed,7,1,train,0.6467407506648298,1,0.0007143319043446458
2022-05-08,2022,Kerala,Kollam,Kunnathoor,hepatitis_a_confirmed,45,0,train,0.7238701901977695,1,0.0071402891548986444
2023-03-02,2023,Kerala,Kollam,Pathanapuram,hepatitis_a_confirmed,1720,1,val,0.6854753556871469,1,0.0
2023-07-09,2023,Kerala,Kollam,Pathanapuram,hepatitis_a_confirmed,53,0,val,0.16474935692185666,0,0.0
2023-11-27,2023,Kerala,Kollam,Pathanapuram,hepatitis_a_confirmed,932,0,test,0.7247309133632774,1,0.0013428072584961794
2020-03-03,2020,Kerala,Kollam,Punalur,hepatitis_a_confirmed,6,0,train,0.6896484833095959,1,0.0
2022-09-16,2022,Kerala,Kollam,Punalur,hepatitis_a_confirmed,1,1,train,0.08822927648652026,0,0.0
2020-03-06,2020,Kerala,Kottayam,Changanassery,hepatitis_a_confirmed,1,0,train,0.68121243592966,1,0.0
2020-11-28,2020,Kerala,Kottayam,Changanassery,hepatitis_a_confirmed,4,0,train,0.685387027020525,1,0.0003099199589947754
2021-03-01,2021,Kerala,Kottayam,Changanassery,hepatitis_a_confirmed,2,1,train,0.6831200197756414,1,0.0
2022-07-10,2022,Kerala,Kottayam,Changanassery,hepatitis_a_confirmed,268,0,train,0.1083411834839285,0,0.11655662029303132
2022-07-13,2022,Kerala,Kottayam,Changanassery,hepatitis_a_confirmed,2,0,train,0.6718211450844278,1,0.0
2020-03-02,2020,Kerala,Kottayam,Kottayam,hepatitis_a_confirmed,7,0,train,0.7219471889878851,1,0.0
2020-07-13,2020,Kerala,Kottayam,Kottayam,hepatitis_a_confirmed,1,0,train,0.6985823693461982,1,0.0
2020-09-19,2020,Kerala,Kottayam,Kottayam,hepatitis_a_confirmed,2,1,train,0.6822289696387128,1,4.031199542819508e-05
2021-07-13,2021,Kerala,Kottayam,Kottayam,hepatitis_a_confirmed,7862,1,train,0.6888201551825097,1,0.9999999983333334
2022-07-08,2022,Kerala,Kottayam,Kottayam,hepatitis_a_confirmed,12,0,train,0.786706890336084,1,0.0
2022-09-18,2022,Kerala,Kottayam,Kottayam,hepatitis_a_confirmed,9,0,train,0.72182560506846,1,0.0
2020-03-05,2020,Kerala,Kottayam,Meenachil,hepatitis_a_confirmed,18489,1,train,0.6575227358563259,1,0.0
2020-11-28,2020,Kerala,Kottayam,Meenachil,hepatitis_a_confirmed,152,0,train,0.7069816623778812,1,0.0
2021-03-02,2021,Kerala,Kottayam,Meenachil,hepatitis_a_confirmed,2,0,train,0.1709184322147351,0,0.0
2022-10-24,2022,Kerala,Kottayam,Meenachil,hepatitis_a_confirmed,1,0,train,0.1553045605015558,0,0.0
2022-10-25,2022,Kerala,Kottayam,Meenachil,hepatitis_a_confirmed,1,0,train,0.6837998568613437,1,0.0
2022-11-29,2022,Kerala,Kottayam,Meenachil,hepatitis_a_confirmed,26,0,val,0.09549505929811856,0,0.0010077998857048768
2023-05-08,2023,Kerala,Kottayam,Meenachil,hepatitis_a_confirmed,18,0,val,0.052459687701814764,0,0.00021121738126433006
2023-07-01,2023,Kerala,Kottayam,Meenachil,hepatitis_a_confirmed,5,0,val,0.6641864356230921,1,0.0
2023-10-28,2023,Kerala,Kottayam,Meenachil,hepatitis_a_confirmed,13,0,test,0.7122326425217477,1,0.00010749865447518686
2020-10-24,2020,Kerala,Kottayam,Vaikom,hepatitis_a_confirmed,17794,0,train,0.5742172584904072,1,0.0
2021-09-17,2021,Kerala,Kottayam,Vaikom,hepatitis_a_confirmed,1,0,train,0.27934870657446503,0,0.0
2021-10-21,2021,Kerala,Kottayam,Vaikom,hepatitis_a_confirmed,5,0,train,0.28145814334174857,0,0.00016124798171278032
2022-07-12,2022,Kerala,Kottayam,Vaikom,hepatitis_a_confirmed,1,0,train,0.34899248606017175,0,0.0
2020-10-26,2020,Kerala,Kozhikode,Koyilandy,hepatitis_a_confirmed,16,1,train,0.32118381969368315,0,0.0
2022-10-22,2022,Kerala,Kozhikode,Koyilandy,hepatitis_a_confirmed,9,0,train,0.7151372114538629,1,0.0
2020-03-05,2020,Kerala,Kozhikode,Thamarassery,hepatitis_a_confirmed,42,0,train,0.6768523000392338,1,0.0
2020-11-27,2020,Kerala,Kozhikode,Thamarassery,hepatitis_a_confirmed,2,0,train,0.7161424481139816,1,0.0
2021-03-01,2021,Kerala,Kozhikode,Thamarassery,hepatitis_a_confirmed,1,0,train,0.6292611667339951,1,0.0
2021-05-07,2021,Kerala,Kozhikode,Thamarassery,hepatitis_a_confirmed,12,1,train,0.6759379144502385,1,0.00044343194971014575
2022-10-25,2022,Kerala,Kozhikode,Thamarassery,hepatitis_a_confirmed,41744,1,train,0.6831529043486441,1,0.9999999983333334
2022-11-30,2022,Kerala,Kozhikode,Thamarassery,hepatitis_a_confirmed,2215,0,val,0.6816418280370962,1,0.0
2023-07-11,2023,Kerala,Kozhikode,Thamarassery,hepatitis_a_confirmed,1,0,val,0.7205234198751156,1,0.0
2024-07-10,2024,Kerala,Kozhikode,Thamarassery,hepatitis_a_confirmed,172,0,test,0.7087256540979388,1,0.0068933512182213575
2024-10-22,2024,Kerala,Kozhikode,Thamarassery,hepatitis_a_confirmed,8290,0,test,0.7112853070089209,1,0.0038857294965694406
2024-10-23,2024,Kerala,Kozhikode,Thamarassery,hepatitis_a_confirmed,18,0,test,0.725702103933559,1,0.0
2020-03-06,2020,Kerala,Kozhikode,Vadakara,hepatitis_a_confirmed,1,1,train,0.7215601033056245,1,0.0
2020-10-24,2020,Kerala,Malappuram,Ernad,hepatitis_a_confirmed,5,0,train,0.7084767413657302,1,0.0
2022-11-27,2022,Kerala,Malappuram,Ernad,hepatitis_a_confirmed,3,1,val,0.4891234866497476,0,0.0
2020-11-29,2020,Kerala,Malappuram,Kondotty,hepatitis_a_confirmed,402,0,train,0.2579509618589312,0,0.0
2022-07-10,2022,Kerala,Malappuram,Kondotty,hepatitis_a_confirmed,1,0,train,0.3809574937365224,0,0.0
2022-10-21,2022,Kerala,Malappuram,Kondotty,hepatitis_a_confirmed,10,0,train,0.4288657157693197,0,0.00036280795885375566
2023-09-15,2023,Kerala,Malappuram,Kondotty,hepatitis_a_confirmed,1,0,val,0.6956616088554963,1,0.0
2023-09-17,2023,Kerala,Malappuram,Kondotty,hepatitis_a_confirmed,2,1,val,0.05601336098033756,0,4.031199542819508e-05
2024-07-09,2024,Kerala,Malappuram,Kondotty,hepatitis_a_confirmed,54527,0,test,0.6948651172970051,1,0.9999999983333334
2020-09-19,2020,Kerala,Malappuram,Nilambur,hepatitis_a_confirmed,1,1,train,0.35074696557010104,0,0.0
2021-08-14,2021,Kerala,Malappuram,Nilambur,hepatitis_a_confirmed,9,1,train,0.7364582652288254,1,0.0009839398679112263
2022-09-16,2022,Kerala,Malappuram,Perinthalmanna,hepatitis_a_confirmed,37,1,train,0.7202313732287071,1,0.0
2020-09-18,2020,Kerala,Malappuram,Ponnani,hepatitis_a_confirmed,23178,0,train,0.6760550923863599,1,0.0
2021-10-24,2021,Kerala,Malappuram,Ponnani,hepatitis_a_confirmed,1,0,train,0.058945118142516746,0,0.0
2022-11-30,2022,Kerala,Malappuram,Ponnani,hepatitis_a_confirmed,210,0,val,0.04120908416023025,0,0.00842520704449277
2023-08-14,2023,Kerala,Malappuram,Ponnani,hepatitis_a_confirmed,14297,0,val,0.6874430993846091,1,0.005805112630997912
2023-11-04,2023,Kerala,Malappuram,Ponnani,hepatitis_a_confirmed,37,0,test,0.041165434769267886,0,0.0
2024-09-17,2024,Kerala,Malappuram,Ponnani,hepatitis_a_confirmed,328,0,test,0.08178474298282878,0,0.0006174100352423561
2020-03-04,2020,Kerala,Malappuram,Tirur,hepatitis_a_confirmed,28,0,train,0.7320317611417554,1,0.0
2021-07-13,2021,Kerala,Malappuram,Tirur,hepatitis_a_confirmed,4,1,train,0.10946075857301159,0,0.0
2023-10-22,2023,Kerala,Malappuram,Tirur,hepatitis_a_confirmed,52,0,test,0.18079468068338367,0,0.002314515955817416
2022-03-02,2022,Kerala,Malappuram,Tirurangadi,hepatitis_a_confirmed,12,0,train,0.6620678777371681,1,0.0
2022-09-18,2022,Kerala,Malappuram,Tirurangadi,hepatitis_a_confirmed,1,0,train,0.6918536257667114,1,0.0
2023-07-08,2023,Kerala,Malappuram,Tirurangadi,hepatitis_a_confirmed,4,1,val,0.7116984872469029,1,0.00012093598628458523
2023-11-30,2023,Kerala,Malappuram,Tirurangadi,hepatitis_a_confirmed,19,1,test,0.13295090678091212,0,0.001864259382762613
2024-03-04,2024,Kerala,Malappuram,Tirurangadi,hepatitis_a_confirmed,26469,0,test,0.07429683895440836,0,0.9999999983333334
2020-09-15,2020,Kerala,Palakkad,Alathur,hepatitis_a_confirmed,4,0,train,0.2068590168964382,0,0.0
2022-03-02,2022,Kerala,Palakkad,Alathur,hepatitis_a_confirmed,2,1,train,0.6751840301625707,1,0.0
2022-08-14,2022,Kerala,Palakkad,Alathur,hepatitis_a_confirmed,6,1,train,0.7148159421359292,1,0.001353431634728902
2021-07-11,2021,Kerala,Palakkad,Chittur,hepatitis_a_confirmed,3,0,train,0.712656143836338,1,0.0
2023-07-12,2023,Kerala,Palakkad,Chittur,hepatitis_a_confirmed,1,1,val,0.7341745381947712,1,0.0
2023-11-27,2023,Kerala,Palakkad,Chittur,hepatitis_a_confirmed,9,1,test,0.6035202690435546,1,0.003387159561276055
2024-09-18,2024,Kerala,Palakkad,Chittur,hepatitis_a_confirmed,28,1,test,0.2982136647152193,0,0.004041909591413666
2021-03-04,2021,Kerala,Palakkad,Ottapalam,hepatitis_a_confirmed,23,1,train,0.6851437804995133,1,0.0
2021-07-10,2021,Kerala,Palakkad,Ottapalam,hepatitis_a_confirmed,42,1,train,0.20755341652830453,0,0.0002055653056272848
2021-07-11,2021,Kerala,Palakkad,Ottapalam,hepatitis_a_confirmed,23701,0,train,0.10956628665145143,0,0.8445425017065857
2021-07-12,2021,Kerala,Palakkad,Ottapalam,hepatitis_a_confirmed,42,0,train,0.72202463994627,1,0.0
2023-03-06,2023,Kerala,Palakkad,Ottapalam,hepatitis_a_confirmed,10,0,val,0.4039261567601282,0,0.0
2023-07-10,2023,Kerala,Palakkad,Ottapalam,hepatitis_a_confirmed,1,0,val,0.2534629268613439,0,0.0
2023-09-30,2023,Kerala,Palakkad,Ottapalam,hepatitis_a_confirmed,8,0,val,0.12428892856052796,0,0.0002821839679973655
2020-07-08,2020,Kerala,Palakkad,Pattambi,hepatitis_a_confirmed,1,0,train,0.07354857090587529,0,0.0
2022-03-03,2022,Kerala,Palakkad,Pattambi,hepatitis_a_confirmed,2,0,train,0.13548651679891216,0,4.031199542819508e-05
2022-07-09,2022,Kerala,Palakkad,Pattambi,hepatitis_a_confirmed,1,0,train,0.0861012793026032,0,0.0
2023-05-07,2023,Kerala,Palakkad,Pattambi,hepatitis_a_confirmed,5,0,val,0.7276990887033529,1,0.003824437658557044
2023-11-29,2023,Kerala,Palakkad,Pattambi,hepatitis_a_confirmed,3,0,test,0.6921372573754421,1,0.0002150567552804437
2024-07-13,2024,Kerala,Palakkad,Pattambi,hepatitis_a_confirmed,1,1,test,0.678597903057696,1,0.0
2020-05-07,2020,Kerala,Pathanamthitta,Adoor,hepatitis_a_confirmed,17,0,train,0.6695733760242826,1,0.0
2020-07-10,2020,Kerala,Pathanamthitta,Adoor,hepatitis_a_confirmed,2,1,train,0.7917610068892006,1,0.0
2020-11-28,2020,Kerala,Pathanamthitta,Kozhenchery,hepatitis_a_confirmed,24,1,train,0.178255501220458,0,0.0
2021-03-03,2021,Kerala,Pathanamthitta,Kozhenchery,hepatitis_a_confirmed,36,0,train,0.16788397784591919,0,0.00012185246360355093
2022-10-25,2022,Kerala,Pathanamthitta,Kozhenchery,hepatitis_a_confirmed,1,0,train,0.7529607666055701,1,0.0
2023-07-08,2023,Kerala,Pathanamthitta,Kozhenchery,hepatitis_a_confirmed,15,1,val,0.13498729951839716,0,0.000564367935994731
2022-10-25,2022,Kerala,Pathanamthitta,Mallappally,hepatitis_a_confirmed,54917,0,train,0.14939276044936625,0,0.0
2023-07-12,2023,Kerala,Pathanamthitta,Mallappally,hepatitis_a_confirmed,1,0,val,0.7270692354174615,1,0.0
2021-08-14,2021,Kerala,Pathanamthitta,Ranni,hepatitis_a_confirmed,1,0,train,0.7062162561746791,1,0.0
2021-11-30,2021,Kerala,Pathanamthitta,Ranni,hepatitis_a_confirmed,1,1,train,0.26685701285283486,0,0.0
2020-07-09,2020,Kerala,Pathanamthitta,Thiruvalla,hepatitis_a_confirmed,53,0,train,0.14735684390795195,0,0.0
2021-07-12,2021,Kerala,Pathanamthitta,Thiruvalla,hepatitis_a_confirmed,1,0,train,0.6771319573528206,1,0.0
2021-11-27,2021,Kerala,Pathanamthitta,Thiruvalla,hepatitis_a_confirmed,11,0,train,0.47800347651814024,0,0.00040311995428195073
2022-07-11,2022,Kerala,Pathanamthitta,Thiruvalla,hepatitis_a_confirmed,1,0,train,0.4758844916873723,0,0.0
2023-07-09,2023,Kerala,Pathanamthitta,Thiruvalla,hepatitis_a_confirmed,6,0,val,0.7162340052198475,1,0.00020155997714097536
2024-07-08,2024,Kerala,Pathanamthitta,Thiruvalla,hepatitis_a_confirmed,21,1,test,0.6663272401885654,1,0.000837024645948716
2021-03-02,2021,Kerala,Thiruvananthapuram,Chirayinkeezhu,hepatitis_a_confirmed,2,0,train,0.7506146097047959,1,0.0
2021-05-07,2021,Kerala,Thiruvananthapuram,Chirayinkeezhu,hepatitis_a_confirmed,4,0,train,0.1820693891623917,0,0.0001167439848076568
2022-11-28,2022,Kerala,Thiruvananthapuram,Chirayinkeezhu,hepatitis_a_confirmed,1,1,val,0.07585441955797378,0,0.0
2021-11-29,2021,Kerala,Thiruvananthapuram,Kattakkada,hepatitis_a_confirmed,20689,1,train,0.7200491243218409,1,0.0
2020-03-05,2020,Kerala,Thiruvananthapuram,Nedumangad,hepatitis_a_confirmed,10292,1,train,0.18840034740926717,0,0.0
2021-03-01,2021,Kerala,Thiruvananthapuram,Nedumangad,hepatitis_a_confirmed,43,0,train,0.40043769477236113,0,0.0
2021-07-13,2021,Kerala,Thiruvananthapuram,Nedumangad,hepatitis_a_confirmed,11,0,train,0.7199478389294964,1,0.0
2021-10-26,2021,Kerala,Thiruvananthapuram,Nedumangad,hepatitis_a_confirmed,14,0,train,0.657810100882895,1,2.015599771409754e-05
2020-10-25,2020,Kerala,Thiruvananthapuram,Neyyattinkara,hepatitis_a_confirmed,69,1,train,0.49584824400560507,0,0.0
2020-10-26,2020,Kerala,Thiruvananthapuram,Neyyattinkara,hepatitis_a_confirmed,195,1,train,0.715225420436094,1,0.0004825945633811275
2021-09-15,2021,Kerala,Thiruvananthapuram,Neyyattinkara,hepatitis_a_confirmed,20689,0,train,0.71384726010354,1,0.16287783197961064
2021-11-29,2021,Kerala,Thiruvananthapuram,Neyyattinkara,hepatitis_a_confirmed,6,0,train,0.25164612391920765,0,0.0
2022-03-03,2022,Kerala,Thiruvananthapuram,Neyyattinkara,hepatitis_a_confirmed,2,0,train,0.2517910549322808,0,0.0
2023-10-21,2023,Kerala,Thiruvananthapuram,Neyyattinkara,hepatitis_a_confirmed,42,0,test,0.6608000378316612,1,0.0010749865447518686
2020-03-02,2020,Kerala,Thiruvananthapuram,Thiruvananthapuram,hepatitis_a_confirmed,1,1,train,0.2291019747221453,0,0.0
2022-07-09,2022,Kerala,Thiruvananthapuram,Thiruvananthapuram,hepatitis_a_confirmed,554,1,train,0.1517598754967718,0,0.07445210993980435
2023-09-23,2023,Kerala,Thiruvananthapuram,Thiruvananthapuram,hepatitis_a_confirmed,25,1,val,0.10996848253469217,0,0.0
2024-03-01,2024,Kerala,Thiruvananthapuram,Thiruvananthapuram,hepatitis_a_confirmed,12482,0,test,0.7258695807418535,1,0.07191707474389245
2024-03-01,2024,Kerala,Thiruvananthapuram,Thiruvananthapuram,hepatitis_a_confirmed,4,0,test,0.6033723168952417,1,0.0
2020-11-27,2020,Kerala,Thiruvananthapuram,Varkala,hepatitis_a_confirmed,195,1,train,0.5961617680378043,1,0.0
2023-07-13,2023,Kerala,Thiruvananthapuram,Varkala,hepatitis_a_confirmed,7,1,val,0.7316538666789068,1,0.0
2022-03-02,2022,Kerala,Thrissur,Chavakkad,hepatitis_a_confirmed,3500,1,train,0.0851568376707165,0,0.0
2020-03-01,2020,Kerala,Thrissur,Kodungallur,hepatitis_a_confirmed,8,1,train,0.24900059875195596,0,0.0
2020-03-06,2020,Kerala,Thrissur,Kodungallur,hepatitis_a_confirmed,7,0,train,0.21015808466193828,0,0.0
2021-11-29,2021,Kerala,Thrissur,Kodungallur,hepatitis_a_confirmed,6,1,train,0.690274377991696,1,0.0
2022-07-12,2022,Kerala,Thrissur,Kodungallur,hepatitis_a_confirmed,158,0,train,0.099444702985192,0,0.08725610984333486
2020-11-30,2020,Kerala,Thrissur,Kunnamkulam,hepatitis_a_confirmed,151,1,train,0.13634959624069296,0,0.0
2022-03-02,2022,Kerala,Thrissur,Kunnamkulam,hepatitis_a_confirmed,89,0,train,0.7128948727914629,1,0.0
2023-07-08,2023,Kerala,Thrissur,Kunnamkulam,hepatitis_a_confirmed,17,1,val,0.20637941801484488,0,0.0
2023-10-26,2023,Kerala,Thrissur,Kunnamkulam,hepatitis_a_confirmed,310,0,test,0.22920591410631816,0,0.0036151083724923713
2024-03-02,2024,Kerala,Thrissur,Kunnamkulam,hepatitis_a_confirmed,23,0,test,0.17925407145301672,0,0.0
2020-07-08,2020,Kerala,Thrissur,Mukundapuram,hepatitis_a_confirmed,17794,1,train,0.16126493808644907,0,0.0
2023-03-05,2023,Kerala,Thrissur,Mukundapuram,hepatitis_a_confirmed,522,0,val,0.2019638400814841,0,0.0
2023-07-12,2023,Kerala,Thrissur,Mukundapuram,hepatitis_a_confirmed,1,0,val,0.7177182760148386,1,0.0
2020-07-11,2020,Kerala,Thrissur,Talappilly,hepatitis_a_confirmed,1,0,train,0.10578628371605642,0,0.0
2021-09-16,2021,Kerala,Thrissur,Talappilly,hepatitis_a_confirmed,1,0,train,0.7083381473274816,1,0.0
2022-03-02,2022,Kerala,Thrissur,Thrissur,hepatitis_a_confirmed,27,1,train,0.2993933398415065,0,0.0
2022-05-07,2022,Kerala,Thrissur,Thrissur,hepatitis_a_confirmed,92,1,train,0.14768909334367333,0,0.0006191262021113404
2022-09-15,2022,Kerala,Thrissur,Thrissur,hepatitis_a_confirmed,72,0,train,0.09694260415285658,0,0.0001835432135684903
2023-09-18,2023,Kerala,Thrissur,Thrissur,hepatitis_a_confirmed,26,0,val,0.720234059209563,1,0.0
2024-03-03,2024,Kerala,Thrissur,Thrissur,hepatitis_a_confirmed,1,0,test,0.13259513910990722,0,0.0
2020-08-15,2020,Kerala,Wayanad,Mananthavady,hepatitis_a_confirmed,23,1,train,0.7297947218963039,1,0.0
2020-10-24,2020,Kerala,Wayanad,Mananthavady,hepatitis_a_confirmed,384,0,train,0.7662970042242204,1,0.004047478786451054
2020-11-29,2020,Kerala,Wayanad,Mananthavady,hepatitis_a_confirmed,1,1,train,0.6834102788937432,1,0.0
2021-03-04,2021,Kerala,Wayanad,Mananthavady,hepatitis_a_confirmed,3528,0,train,0.732230962434728,1,0.15541941364939868
2021-09-18,2021,Kerala,Wayanad,Mananthavady,hepatitis_a_confirmed,53,0,train,0.7375831977298843,1,0.0
2021-10-20,2021,Kerala,Wayanad,Mananthavady,hepatitis_a_confirmed,100,0,train,0.6228617248846982,1,7.017273278241364e-05
2022-03-04,2022,Kerala,Wayanad,Mananthavady,hepatitis_a_confirmed,26,0,train,0.2570470246730444,0,0.0
2020-03-03,2020,Kerala,Wayanad,Sulthan Bathery,hepatitis_a_confirmed,1,1,train,0.2964789250303777,0,0.0
2022-10-24,2022,Kerala,Wayanad,Sulthan Bathery,hepatitis_a_confirmed,20,1,train,0.7115641165212948,1,0.0024667836675274176
2023-03-03,2023,Kerala,Wayanad,Sulthan Bathery,hepatitis_a_confirmed,18,0,val,0.16843236766357308,0,0.00040982781592164365
2024-03-16,2024,Kerala,Wayanad,Sulthan Bathery,hepatitis_a_confirmed,16,1,test,0.10210319558593006,0,0.00018296855937077012
2024-07-10,2024,Kerala,Wayanad,Sulthan Bathery,hepatitis_a_confirmed,8290,0,test,0.12528349797626825,0,0.664281464696993
2021-03-05,2021,Kerala,Wayanad,Vythiri,hepatitis_a_confirmed,29,1,train,0.09792917249292923,0,0.0
2022-07-09,2022,Kerala,Wayanad,Vythiri,hepatitis_a_confirmed,49,1,train,0.16063501231807656,0,0.00017343917662071385
2024-03-03,2024,Kerala,Wayanad,Vythiri,hepatitis_a_confirmed,40,0,test,0.19711263369788112,0,3.838136646328731e-05
2024-05-06,2024,Kerala,Wayanad,Vythiri,hepatitis_a_confirmed,4,1,test,0.720738127883545,1,0.0
2021-04-09,2021,Kerala,Alappuzha,Ambalappuzha,hepatitis_a_probable,23180,1,train,0.6885771235994831,1,0.0
2023-02-01,2023,Kerala,Alappuzha,Ambalappuzha,hepatitis_a_probable,27,0,val,0.6971220160762269,1,0.0
2024-11-22,2024,Kerala,Alappuzha,Ambalappuzha,hepatitis_a_probable,8,0,test,0.60618475147844,1,0.0
2020-04-07,2020,Kerala,Alappuzha,Chenganoor,hepatitis_a_probable,24,1,train,0.26901383827465347,0,0.0
2021-10-14,2021,Kerala,Alappuzha,Chenganoor,hepatitis_a_probable,6,1,train,0.7114896848588913,1,0.0
2022-11-22,2022,Kerala,Alappuzha,Chenganoor,hepatitis_a_probable,27496,0,train,0.7104406286515434,1,0.9999999983333334
2022-11-27,2022,Kerala,Alappuzha,Chenganoor,hepatitis_a_probable,1,0,val,0.6968082899579636,1,0.0
2023-12-09,2023,Kerala,Alappuzha,Chenganoor,hepatitis_a_probable,14,0,test,0.7057323905957145,1,0.000524055940566536
2021-12-29,2021,Kerala,Alappuzha,Cherthala,hepatitis_a_probable,1,0,train,0.7399991015007491,1,0.0
2022-04-09,2022,Kerala,Alappuzha,Cherthala,hepatitis_a_probable,1,1,train,0.5888768304386083,1,0.0
2023-03-04,2023,Kerala,Alappuzha,Cherthala,hepatitis_a_probable,17,1,val,0.5113679717549726,1,0.0107470835613444
2023-04-08,2023,Kerala,Alappuzha,Karthikappally,hepatitis_a_probable,541,1,val,0.20883539768380316,0,0.0
2023-10-14,2023,Kerala,Alappuzha,Karthikappally,hepatitis_a_probable,28,0,val,0.6629375553206854,1,0.0
2023-11-23,2023,Kerala,Alappuzha,Karthikappally,hepatitis_a_probable,1,0,test,0.6614834832320585,1,0.0
2024-10-12,2024,Kerala,Alappuzha,Karthikappally,hepatitis_a_probable,101,0,test,0.07360729636911036,0,0.004031199542819507
2020-11-22,2020,Kerala,Alappuzha,Kuttanad,hepatitis_a_probable,7,1,train,0.07173927528940564,0,0.0
2021-10-19,2021,Kerala,Alappuzha,Kuttanad,hepatitis_a_probable,25,1,train,0.09688267784357274,0,0.0005829949214360318
2021-11-25,2021,Kerala,Alappuzha,Kuttanad,hepatitis_a_probable,33612,0,train,0.714849791793233,1,0.9999999983333334
2022-09-11,2022,Kerala,Alappuzha,Kuttanad,hepatitis_a_probable,22,0,train,0.5654413217640454,1,0.0
2022-11-26,2022,Kerala,Alappuzha,Kuttanad,hepatitis_a_probable,112,0,val,0.5846915035366959,1,0.0003154851816119614
2023-09-10,2023,Kerala,Alappuzha,Kuttanad,hepatitis_a_probable,918,0,val,0.03844078698020868,0,0.0005750702356659333
2023-10-13,2023,Kerala,Alappuzha,Kuttanad,hepatitis_a_probable,536,0,val,0.6805859519223548,1,0.0
2024-04-07,2024,Kerala,Alappuzha,Kuttanad,hepatitis_a_probable,1,0,test,0.6722890180924146,1,0.0
2024-11-22,2024,Kerala,Alappuzha,Kuttanad,hepatitis_a_probable,1,0,test,0.6735540675077387,1,0.0
2021-02-01,2021,Kerala,Alappuzha,Mavelikkara,hepatitis_a_probable,60,1,train,0.2989249138552001,0,0.0
2023-12-31,2023,Kerala,Alappuzha,Mavelikkara,hepatitis_a_probable,730,1,test,0.16597305871482193,0,0.0029581696986376825
2024-04-07,2024,Kerala,Alappuzha,Mavelikkara,hepatitis_a_probable,437,0,test,0.13794634546239298,0,6.768644456014181e-05
2021-12-31,2021,Kerala,Ernakulam,Aluva,hepatitis_a_probable,23,1,train,0.6977869010781181,1,0.0
2022-03-04,2022,Kerala,Ernakulam,Aluva,hepatitis_a_probable,68,1,train,0.7074783192975247,1,0.0004976405994910801
2022-10-13,2022,Kerala,Ernakulam,Aluva,hepatitis_a_probable,190,0,train,0.6917432177862155,1,0.003190697813696072
2022-10-15,2022,Kerala,Ernakulam,Aluva,hepatitis_a_probable,2,0,train,0.7114640159123996,1,0.0
2022-10-16,2022,Kerala,Ernakulam,Aluva,hepatitis_a_probable,45,0,train,0.5764248433871739,1,0.0011556105356082585
2023-09-11,2023,Kerala,Ernakulam,Aluva,hepatitis_a_probable,183,1,val,0.2534940072585235,0,0.0013644557453882395
2023-10-18,2023,Kerala,Ernakulam,Aluva,hepatitis_a_probable,364,0,val,0.7113943557359135,1,0.002395229003083654
2023-11-04,2023,Kerala,Ernakulam,Aluva,hepatitis_a_probable,36,0,test,0.6949053281053149,1,0.0
2021-09-09,2021,Kerala,Ernakulam,Kanayannur,hepatitis_a_probable,43,1,train,0.6893082578950702,1,0.0
2020-11-25,2020,Kerala,Ernakulam,Kochi,hepatitis_a_probable,5,1,train,0.2160632062745767,0,0.0
2020-04-07,2020,Kerala,Ernakulam,Kothamangalam,hepatitis_a_probable,85,1,train,0.6853908745778692,1,0.0
2023-02-02,2023,Kerala,Ernakulam,Kothamangalam,hepatitis_a_probable,345,0,val,0.2332211632830934,0,0.0008128963552860545
2023-09-10,2023,Kerala,Ernakulam,Kothamangalam,hepatitis_a_probable,2,0,val,0.6808955144422504,1,0.0
2023-10-13,2023,Kerala,Ernakulam,Kothamangalam,hepatitis_a_probable,1,0,val,0.5988172287723423,1,0.0
2023-10-17,2023,Kerala,Ernakulam,Kothamangalam,hepatitis_a_probable,1,0,val,0.7186892072978117,1,0.0
2020-10-15,2020,Kerala,Ernakulam,Muvattupuzha,hepatitis_a_probable,8328,1,train,0.5836660908007892,1,0.0
2021-09-10,2021,Kerala,Ernakulam,Muvattupuzha,hepatitis_a_probable,53,0,train,0.35186589106215244,0,0.0
2021-11-25,2021,Kerala,Ernakulam,Muvattupuzha,hepatitis_a_probable,2226,0,train,0.6951980309195046,1,0.003244369113535848
2022-03-04,2022,Kerala,Ernakulam,Muvattupuzha,hepatitis_a_probable,139,0,train,0.08818050078796034,0,0.0
2023-11-22,2023,Kerala,Ernakulam,Muvattupuzha,hepatitis_a_probable,59,0,test,0.0508772461836939,0,0.0
2020-02-01,2020,Kerala,Ernakulam,North Paravur,hepatitis_a_probable,10448,1,train,0.10665272371613793,0,0.0
2021-09-10,2021,Kerala,Idukki,Devikulam,hepatitis_a_probable,2,1,train,0.07252877524192987,0,0.0
2022-03-05,2022,Kerala,Idukki,Devikulam,hepatitis_a_probable,62,1,train,0.7154200922107643,1,0.005329164613761542
2023-04-07,2023,Kerala,Idukki,Devikulam,hepatitis_a_probable,177,0,val,0.3298821983052539,0,0.0028269274914816136
2024-03-23,2024,Kerala,Idukki,Devikulam,hepatitis_a_probable,12,1,test,0.2877595570973169,0,0.0
2020-11-27,2020,Kerala,Idukki,Idukki,hepatitis_a_probable,4,1,train,0.7327174307724634,1,0.0
2021-03-06,2021,Kerala,Idukki,Idukki,hepatitis_a_probable,86,0,train,0.7447419167618033,1,0.0043837738079498785
2022-02-02,2022,Kerala,Idukki,Idukki,hepatitis_a_probable,5,0,train,0.7377759593029793,1,0.0
2022-03-05,2022,Kerala,Idukki,Idukki,hepatitis_a_probable,6,1,train,0.7124996409498059,1,1.3437331809398353e-05
2023-03-06,2023,Kerala,Idukki,Idukki,hepatitis_a_probable,30361,0,val,0.2085177340980956,0,0.9744990837201751
2020-03-06,2020,Kerala,Idukki,Peerumade,hepatitis_a_probable,3346,1,train,0.14229458523634247,0,0.0
2020-10-18,2020,Kerala,Idukki,Thodupuzha,hepatitis_a_probable,2,1,train,0.7105860657754342,1,0.0
2020-11-27,2020,Kerala,Idukki,Thodupuzha,hepatitis_a_probable,53,0,train,0.7042086300331786,1,0.004520340723061802
2021-04-07,2021,Kerala,Idukki,Thodupuzha,hepatitis_a_probable,1,0,train,0.07687107770262523,0,0.0
2021-12-31,2021,Kerala,Idukki,Thodupuzha,hepatitis_a_probable,16,0,train,0.15390178580278518,0,0.0006046799314229261
2022-10-17,2022,Kerala,Idukki,Thodupuzha,hepatitis_a_probable,25,0,train,0.0975607214789912,0,0.00025861145419485594
2022-10-20,2022,Kerala,Idukki,Thodupuzha,hepatitis_a_probable,5,0,train,0.6882878827529306,1,0.0
2022-11-24,2022,Kerala,Idukki,Thodupuzha,hepatitis_a_probable,5,0,val,0.7154419859913891,1,0.0
2020-09-11,2020,Kerala,Idukki,Udumbanchola,hepatitis_a_probable,20,1,train,0.6594774159065309,1,0.0
2021-11-25,2021,Kerala,Idukki,Udumbanchola,hepatitis_a_probable,43,0,train,0.08384367504597759,0,0.0002862856756819598
2023-02-03,2023,Kerala,Idukki,Udumbanchola,hepatitis_a_probable,10,1,val,0.19308419129551693,0,0.0
2022-10-12,2022,Kerala,Kannur,Iritty,hepatitis_a_probable,1,1,train,0.7169918111871414,1,0.0
2023-03-05,2023,Kerala,Kannur,Iritty,hepatitis_a_probable,8,0,val,0.45504154652031603,0,0.0008491358861279359
2023-10-20,2023,Kerala,Kannur,Iritty,hepatitis_a_probable,1,1,test,0.13995133645887056,0,0.0
2024-03-05,2024,Kerala,Kannur,Iritty,hepatitis_a_probable,689,1,test,0.687068299459691,1,0.14968381980433262
2024-10-18,2024,Kerala,Kannur,Iritty,hepatitis_a_probable,13,0,test,0.7125492239926129,1,0.0
2020-09-11,2020,Kerala,Kannur,Kannur,hepatitis_a_probable,4,0,train,0.10186058411384334,0,0.0
2022-10-13,2022,Kerala,Kannur,Kannur,hepatitis_a_probable,1,1,train,0.12470647441441184,0,0.0
2023-10-07,2023,Kerala,Kannur,Kannur,hepatitis_a_probable,15,1,val,0.7000151734299336,1,0.004383762480173587
2023-10-12,2023,Kerala,Kannur,Kannur,hepatitis_a_probable,145,1,val,0.7475019832061097,1,0.014226944400282795
2020-11-22,2020,Kerala,Kannur,Payyanur,hepatitis_a_probable,86,1,train,0.6514921180772812,1,0.0
2022-11-26,2022,Kerala,Kannur,Payyanur,hepatitis_a_probable,66089,1,val,0.32617286313202015,0,0.20453730385416424
2020-04-07,2020,Kerala,Kannur,Taliparamba,hepatitis_a_probable,6544,0,train,0.7185941910427261,1,0.0
2020-11-25,2020,Kerala,Kannur,Taliparamba,hepatitis_a_probable,1,0,train,0.7336325043902666,1,0.0
2021-11-27,2021,Kerala,Kannur,Taliparamba,hepatitis_a_probable,7,0,train,0.674502338566334,1,0.00024187197256917046
2022-11-22,2022,Kerala,Kannur,Taliparamba,hepatitis_a_probable,27,0,train,0.7255102881361358,1,0.00020155997714097536
2022-11-24,2022,Kerala,Kannur,Taliparamba,hepatitis_a_probable,41,0,val,0.7200734317779165,1,4.031199542819508e-05
2022-11-27,2022,Kerala,Kannur,Taliparamba,hepatitis_a_probable,158,0,val,0.651525819680547,1,0.001528584814800256
2023-02-01,2023,Kerala,Kannur,Taliparamba,hepatitis_a_probable,1,0,val,0.7156806630565028,1,0.0
2020-04-08,2020,Kerala,Kannur,Thalassery,hepatitis_a_probable,11,1,train,0.7060062417258769,1,0.0
2020-10-15,2020,Kerala,Kasaragod,Hosdurg,hepatitis_a_probable,114,1,train,0.7137454010469548,1,0.0
2022-10-18,2022,Kerala,Kasaragod,Hosdurg,hepatitis_a_probable,38,0,train,0.6938545085123492,1,0.0
2023-10-16,2023,Kerala,Kasaragod,Hosdurg,hepatitis_a_probable,13,0,val,0.6785418423090168,1,0.0
2022-11-22,2022,Kerala,Kasaragod,Kasaragod,hepatitis_a_probable,14,1,train,0.6911866919338415,1,0.0
2023-12-31,2023,Kerala,Kasaragod,Kasaragod,hepatitis_a_probable,7,1,test,0.669934295301073,1,0.0
2021-12-30,2021,Kerala,Kasaragod,Manjeshwaram,hepatitis_a_probable,136,0,train,0.6953687174712627,1,0.0
2022-10-15,2022,Kerala,Kasaragod,Manjeshwaram,hepatitis_a_probable,5,0,train,0.6159847477925228,1,0.0
2023-09-10,2023,Kerala,Kasaragod,Manjeshwaram,hepatitis_a_probable,11,1,val,0.3813791870823756,0,8.062399085639016e-05
2023-10-12,2023,Kerala,Kasaragod,Manjeshwaram,hepatitis_a_probable,731,0,val,0.7112939343860417,1,0.012315144185077455
2020-04-08,2020,Kerala,Kasaragod,Nileshwaram,hepatitis_a_probable,30229,1,train,0.6312802393204401,1,0.0
2023-11-23,2023,Kerala,Kasaragod,Nileshwaram,hepatitis_a_probable,3611,0,test,0.22212743151971864,0,0.0
2024-10-14,2024,Kerala,Kasaragod,Nileshwaram,hepatitis_a_probable,249,0,test,0.6895758334733486,1,0.0
2021-12-29,2021,Kerala,Kasaragod,Vellarikundu,hepatitis_a_probable,1,1,train,0.6673329892999298,1,0.0
2022-10-15,2022,Kerala,Kasaragod,Vellarikundu,hepatitis_a_probable,74,1,train,0.6705515166248007,1,0.009746198683825086
2022-10-15,2022,Kerala,Kasaragod,Vellarikundu,hepatitis_a_probable,87,0,train,0.6897369058421458,1,0.0007725599658498318
2021-04-09,2021,Kerala,Kollam,Karunagappally,hepatitis_a_probable,7222,0,train,0.04998974805214111,0,0.0
2022-03-06,2022,Kerala,Kollam,Karunagappally,hepatitis_a_probable,3,0,train,0.06341205104458049,0,0.0
2020-10-18,2020,Kerala,Kollam,Kollam,hepatitis_a_probable,206,1,train,0.6827480624045232,1,0.0
2020-11-28,2020,Kerala,Kollam,Kollam,hepatitis_a_probable,10,0,train,0.2997538084713264,0,0.0
2023-09-10,2023,Kerala,Kollam,Kollam,hepatitis_a_probable,29,0,val,0.23053927778476677,0,0.00013925962057012844
2021-10-15,2021,Kerala,Kollam,Kottarakkara,hepatitis_a_probable,235,1,train,0.7312677950126134,1,0.0
2022-02-02,2022,Kerala,Kollam,Kottarakkara,hepatitis_a_probable,3499,0,train,0.6737901160886591,1,0.0037280144453754574
2023-02-02,2023,Kerala,Kollam,Kottarakkara,hepatitis_a_probable,36,0,val,0.5903224325321194,1,0.0
2024-03-05,2024,Kerala,Kollam,Kottarakkara,hepatitis_a_probable,35,0,test,0.7281549935828386,1,0.0
2020-10-17,2020,Kerala,Kollam,Kunnathoor,hepatitis_a_probable,6,0,train,0.6787277623266961,1,0.0
2020-11-20,2020,Kerala,Kollam,Kunnathoor,hepatitis_a_probable,1,0,train,0.6371745257631027,1,0.0
2022-11-27,2022,Kerala,Kollam,Kunnathoor,hepatitis_a_probable,1,0,val,0.5629556658706096,1,0.0
2023-10-15,2023,Kerala,Kollam,Kunnathoor,hepatitis_a_probable,1,1,val,0.7247725072725918,1,0.0
2020-11-25,2020,Kerala,Kollam,Pathanapuram,hepatitis_a_probable,21,1,train,0.6948811195486191,1,0.0
2021-09-09,2021,Kerala,Kollam,Pathanapuram,hepatitis_a_probable,42,0,train,0.6429280186275147,1,0.00024876287555399977
2022-10-17,2022,Kerala,Kollam,Punalur,hepatitis_a_probable,15,0,train,0.7080022323189503,1,0.0
2023-10-17,2023,Kerala,Kottayam,Changanassery,hepatitis_a_probable,4,1,val,0.7067738052677488,1,0.0
2020-02-02,2020,Kerala,Kottayam,Kanjirappally,hepatitis_a_probable,23178,0,train,0.6809679713722028,1,0.0
2020-10-17,2020,Kerala,Kottayam,Kanjirappally,hepatitis_a_probable,3,0,train,0.5509971486286855,1,0.0
2020-11-21,2020,Kerala,Kottayam,Kanjirappally,hepatitis_a_probable,1,0,train,0.731566499279552,1,0.0
2022-09-10,2022,Kerala,Kottayam,Kanjirappally,hepatitis_a_probable,49,0,train,0.7053514624722681,1,0.0019349757805533637
2022-09-10,2022,Kerala,Kottayam,Kanjirappally,hepatitis_a_probable,1,0,train,0.7148061226714337,1,0.0
2023-09-09,2023,Kerala,Kottayam,Kanjirappally,hepatitis_a_probable,6,0,val,0.531511068374442,1,0.00020155997714097536
2020-10-18,2020,Kerala,Kottayam,Kottayam,hepatitis_a_probable,1,1,train,0.4816287684139411,0,0.0
2020-10-19,2020,Kerala,Kottayam,Kottayam,hepatitis_a_probable,28,1,train,0.7619308113449421,1,0.003545215521793739
2020-11-23,2020,Kerala,Kottayam,Kottayam,hepatitis_a_probable,4620,0,train,0.7431390361379127,1,0.19984414526422106
2022-09-09,2022,Kerala,Kottayam,Kottayam,hepatitis_a_probable,1,0,train,0.24891398703550585,0,0.0
2023-11-21,2023,Kerala,Kottayam,Kottayam,hepatitis_a_probable,11,0,test,0.11557335801140774,0,0.00040311995428195073
2024-04-07,2024,Kerala,Kottayam,Kottayam,hepatitis_a_probable,173,0,test,0.7194988225934945,1,0.001088423876561267
2020-10-18,2020,Kerala,Kottayam,Meenachil,hepatitis_a_probable,23,1,train,0.7110532470979882,1,0.0
2020-12-30,2020,Kerala,Kottayam,Meenachil,hepatitis_a_probable,14893,1,train,0.6672373022406778,1,0.16703672642759743
2021-04-08,2021,Kerala,Kottayam,Vaikom,hepatitis_a_probable,2,1,train,0.717345804955265,1,0.0
2020-09-11,2020,Kerala,Kozhikode,Koyilandy,hepatitis_a_probable,1302,0,train,0.6753938544204854,1,0.0
2020-11-22,2020,Kerala,Kozhikode,Koyilandy,hepatitis_a_probable,1,0,train,0.6959611110371934,1,0.0
2022-11-25,2022,Kerala,Kozhikode,Koyilandy,hepatitis_a_probable,11,0,val,0.6750421667981331,1,0.00040311995428195073
2023-03-05,2023,Kerala,Kozhikode,Koyilandy,hepatitis_a_probable,14,0,val,0.10945639896782025,0,2.015599771409754e-05
2020-11-22,2020,Kerala,Kozhikode,Kozhikode,hepatitis_a_probable,1,1,train,0.10395011401970995,0,0.0
2021-10-19,2021,Kerala,Kozhikode,Kozhikode,hepatitis_a_probable,12,1,train,0.6979111686381266,1,0.0013883518132610966
2021-11-21,2021,Kerala,Kozhikode,Kozhikode,hepatitis_a_probable,14,0,train,0.6891108987341736,1,0.0006995720705370662
2022-10-18,2022,Kerala,Kozhikode,Kozhikode,hepatitis_a_probable,3,0,train,0.13790652054495978,0,0.0
2024-09-10,2024,Kerala,Kozhikode,Kozhikode,hepatitis_a_probable,1,1,test,0.7061131066474496,1,0.0
2024-10-16,2024,Kerala,Kozhikode,Kozhikode,hepatitis_a_probable,91,0,test,0.6951460254723435,1,0.012767601712133378
2024-11-24,2024,Kerala,Kozhikode,Kozhikode,hepatitis_a_probable,6,0,test,0.6702503213172768,1,0.0
2020-10-17,2020,Kerala,Kozhikode,Thamarassery,hepatitis_a_probable,8,1,train,0.6718508385766546,1,0.0
2020-12-29,2020,Kerala,Kozhikode,Thamarassery,hepatitis_a_probable,120,0,train,0.7081005629496023,1,0.003334123105194089
2021-10-14,2021,Kerala,Kozhikode,Thamarassery,hepatitis_a_probable,1,0,train,0.6887212994777598,1,0.0
2022-12-31,2022,Kerala,Kozhikode,Thamarassery,hepatitis_a_probable,3,0,val,0.35436922610994304,0,8.062399085639016e-05
2024-02-02,2024,Kerala,Kozhikode,Thamarassery,hepatitis_a_probable,91,0,test,0.07597088099453093,0,0.0026326505086069654
2021-10-19,2021,Kerala,Kozhikode,Vadakara,hepatitis_a_probable,1,0,train,0.08535561985859103,0,0.0
2020-04-09,2020,Kerala,Malappuram,Ernad,hepatitis_a_probable,17793,1,train,0.7186221660992758,1,0.0
2021-09-10,2021,Kerala,Malappuram,Ernad,hepatitis_a_probable,112,0,train,0.10573317056537963,0,0.0
2022-04-07,2022,Kerala,Malappuram,Ernad,hepatitis_a_probable,3226,0,train,0.11823089536499082,0,0.0022217974117415833
2020-10-12,2020,Kerala,Malappuram,Kondotty,hepatitis_a_probable,15,1,train,0.7130262670144047,1,0.0
2021-11-24,2021,Kerala,Malappuram,Kondotty,hepatitis_a_probable,1167,1,train,0.704375383935444,1,0.01939996187849939
2022-09-09,2022,Kerala,Malappuram,Kondotty,hepatitis_a_probable,6406,0,train,0.5507593486587704,1,0.006092421394426147
2023-09-11,2023,Kerala,Malappuram,Kondotty,hepatitis_a_probable,1,0,val,0.2930576987845719,0,0.0
2024-02-03,2024,Kerala,Malappuram,Kondotty,hepatitis_a_probable,22,0,test,0.6997580332663128,1,0.0008465519039920965
2024-03-04,2024,Kerala,Malappuram,Nilambur,hepatitis_a_probable,109,1,test,0.5324324000713253,1,0.0
2020-10-18,2020,Kerala,Malappuram,Perinthalmanna,hepatitis_a_probable,26,0,train,0.48075497100428827,0,0.0
2022-11-27,2022,Kerala,Malappuram,Perinthalmanna,hepatitis_a_probable,1,0,val,0.7327721626844034,1,0.0
2023-09-09,2023,Kerala,Malappuram,Perinthalmanna,hepatitis_a_probable,2,1,val,0.3135533303699914,0,4.031199542819508e-05
2023-09-16,2023,Kerala,Malappuram,Perinthalmanna,hepatitis_a_probable,53,0,val,0.7005221319249259,1,0.0037824462692951995
2020-11-21,2020,Kerala,Malappuram,Tirurangadi,hepatitis_a_probable,42,1,train,0.3792479768252571,0,0.0
2022-10-13,2022,Kerala,Malappuram,Tirurangadi,hepatitis_a_probable,74,0,train,0.6813889622757585,1,0.00019624350840512513
2020-10-16,2020,Kerala,Palakkad,Alathur,hepatitis_a_probable,151,1,train,0.6963511121819856,1,0.0
2022-04-07,2022,Kerala,Palakkad,Alathur,hepatitis_a_probable,26,0,train,0.6607831684654201,1,0.0
2022-10-19,2022,Kerala,Palakkad,Alathur,hepatitis_a_probable,1,0,train,0.1408301958013212,0,0.0
2023-04-07,2023,Kerala,Palakkad,Alathur,hepatitis_a_probable,1,0,val,0.6847299594820743,1,0.0
2023-11-21,2023,Kerala,Palakkad,Alathur,hepatitis_a_probable,1,0,test,0.5606505006902223,1,0.0
2021-09-11,2021,Kerala,Palakkad,Chittur,hepatitis_a_probable,43,1,train,0.6686933826794622,1,0.0
2021-10-16,2021,Kerala,Palakkad,Chittur,hepatitis_a_probable,16,0,train,0.697161096416732,1,0.0
2021-11-20,2021,Kerala,Palakkad,Chittur,hepatitis_a_probable,5,0,train,0.597207365456573,1,0.0
2023-02-03,2023,Kerala,Palakkad,Chittur,hepatitis_a_probable,15,0,val,0.7125168691703382,1,0.00013437331809398358
2020-03-05,2020,Kerala,Palakkad,Mannarkkad,hepatitis_a_probable,158,1,train,0.7204800268080207,1,0.0
2020-10-16,2020,Kerala,Palakkad,Mannarkkad,hepatitis_a_probable,577,0,train,0.6987612842780705,1,0.000709287753218157
2020-12-31,2020,Kerala,Palakkad,Mannarkkad,hepatitis_a_probable,9,0,train,0.7228844038592824,1,0.0
2020-12-31,2020,Kerala,Palakkad,Mannarkkad,hepatitis_a_probable,1,1,train,0.6510016187678275,1,0.0
2021-11-22,2021,Kerala,Palakkad,Mannarkkad,hepatitis_a_probable,3315,1,train,0.5631465724469628,1,0.14303310242588435
2020-10-15,2020,Kerala,Palakkad,Ottapalam,hepatitis_a_probable,2,1,train,0.7032008626084035,1,0.0
2020-10-20,2020,Kerala,Palakkad,Ottapalam,hepatitis_a_probable,11963,1,train,0.6985511193293037,1,0.8214478507110401
2021-02-02,2021,Kerala,Palakkad,Ottapalam,hepatitis_a_probable,76,0,train,0.6797049152013968,1,0.0
2023-11-11,2023,Kerala,Palakkad,Ottapalam,hepatitis_a_probable,15,0,test,0.659384159298465,1,0.0
2023-11-25,2023,Kerala,Palakkad,Ottapalam,hepatitis_a_probable,1,0,test,0.6622112291858092,1,0.0
2020-11-22,2020,Kerala,Palakkad,Palakkad,hepatitis_a_probable,17,1,train,0.5468619368972407,1,0.0
2022-09-10,2022,Kerala,Palakkad,Palakkad,hepatitis_a_probable,10,0,train,0.5879327875323385,1,0.0
2022-11-20,2022,Kerala,Palakkad,Palakkad,hepatitis_a_probable,12,0,train,0.7266096610501596,1,1.465890742843457e-05
2020-10-17,2020,Kerala,Palakkad,Pattambi,hepatitis_a_probable,7,1,train,0.7577182138909013,1,0.0
2021-03-06,2021,Kerala,Palakkad,Pattambi,hepatitis_a_probable,56,0,train,0.7018029373705644,1,0.0016277257802565304
2022-10-14,2022,Kerala,Palakkad,Pattambi,hepatitis_a_probable,1,0,train,0.7131015335357707,1,0.0
2022-10-18,2022,Kerala,Palakkad,Pattambi,hepatitis_a_probable,2,1,train,0.6907072212092742,1,4.031199542819508e-05
2023-10-15,2023,Kerala,Palakkad,Pattambi,hepatitis_a_probable,412,1,val,0.7510414520053067,1,0.023390880245907485
2024-10-18,2024,Kerala,Palakkad,Pattambi,hepatitis_a_probable,135,1,test,0.6954778401940298,1,0.00014577074192238806
2020-04-07,2020,Kerala,Pathanamthitta,Adoor,hepatitis_a_probable,251,1,train,0.6691122231668958,1,0.0
2020-09-09,2020,Kerala,Pathanamthitta,Adoor,hepatitis_a_probable,384,0,train,0.6526748943067134,1,0.00014154315548271814
2020-11-27,2020,Kerala,Pathanamthitta,Adoor,hepatitis_a_probable,1,0,train,0.6939396740344305,1,0.0
2021-10-20,2021,Kerala,Pathanamthitta,Adoor,hepatitis_a_probable,5,0,train,0.6798152262946471,1,0.00016124798171278032
2021-11-25,2021,Kerala,Pathanamthitta,Adoor,hepatitis_a_probable,1,0,train,0.6982620512904428,1,0.0
2020-04-06,2020,Kerala,Pathanamthitta,Konni,hepatitis_a_probable,1,0,train,0.699033168968204,1,0.0
2020-12-29,2020,Kerala,Pathanamthitta,Konni,hepatitis_a_probable,5,0,train,0.6240449502611904,1,0.00044472394077806553
2022-11-21,2022,Kerala,Pathanamthitta,Konni,hepatitis_a_probable,1,0,train,0.7020743092825338,1,0.0
2022-11-22,2022,Kerala,Pathanamthitta,Konni,hepatitis_a_probable,2,1,train,0.13694368957385566,0,4.031199542819508e-05
2020-04-08,2020,Kerala,Pathanamthitta,Kozhenchery,hepatitis_a_probable,3465,1,train,0.3094875624536347,0,0.0
2020-09-09,2020,Kerala,Pathanamthitta,Kozhenchery,hepatitis_a_probable,30229,0,train,0.7051874446013306,1,0.0020818230100759505
2020-11-26,2020,Kerala,Pathanamthitta,Mallappally,hepatitis_a_probable,2,1,train,0.42682943911902593,0,0.0
2023-10-12,2023,Kerala,Pathanamthitta,Mallappally,hepatitis_a_probable,13,0,val,0.13713946130569168,0,0.0009255678755073975
2021-11-20,2021,Kerala,Pathanamthitta,Ranni,hepatitis_a_probable,15406,1,train,0.03698570230334062,0,0.0
2021-11-24,2021,Kerala,Pathanamthitta,Ranni,hepatitis_a_probable,29520,0,train,0.6502089340296567,1,0.00024696941739508045
2022-10-16,2022,Kerala,Pathanamthitta,Ranni,hepatitis_a_probable,2,0,train,0.6898374037695371,1,0.0
2022-10-18,2022,Kerala,Pathanamthitta,Ranni,hepatitis_a_probable,180,0,train,0.6452075432919651,1,0.004783690124145815
2022-11-23,2022,Kerala,Pathanamthitta,Ranni,hepatitis_a_probable,54,0,val,0.11886797819501618,0,0.0
2020-09-10,2020,Kerala,Pathanamthitta,Thiruvalla,hepatitis_a_probable,1,1,train,0.7249407153683406,1,0.0
2020-02-01,2020,Kerala,Thiruvananthapuram,Kattakkada,hepatitis_a_probable,3,1,train,0.6511012935859258,1,0.0
2020-10-13,2020,Kerala,Thiruvananthapuram,Kattakkada,hepatitis_a_probable,37,0,train,0.6499807815398853,1,0.002244421697138385
2020-10-15,2020,Kerala,Thiruvananthapuram,Kattakkada,hepatitis_a_probable,1,0,train,0.7000140615269749,1,0.0
2020-10-17,2020,Kerala,Thiruvananthapuram,Kattakkada,hepatitis_a_probable,9,1,train,0.7013469568688948,1,0.00032249596342556064
2022-11-21,2022,Kerala,Thiruvananthapuram,Kattakkada,hepatitis_a_probable,98,0,train,0.6772286094298895,1,0.0046822085672135905
2023-10-14,2023,Kerala,Thiruvananthapuram,Kattakkada,hepatitis_a_probable,4,0,val,0.2896670334522188,0,0.0
2020-09-10,2020,Kerala,Thiruvananthapuram,Nedumangad,hepatitis_a_probable,18,1,train,0.14823815536747437,0,0.0
2021-11-22,2021,Kerala,Thiruvananthapuram,Neyyattinkara,hepatitis_a_probable,55,0,train,0.6916701374640465,1,0.0
2022-10-14,2022,Kerala,Thiruvananthapuram,Neyyattinkara,hepatitis_a_probable,3,0,train,0.6624621767551327,1,0.0
2020-11-24,2020,Kerala,Thiruvananthapuram,Thiruvananthapuram,hepatitis_a_probable,196,1,train,0.6968299604754539,1,0.0
2020-04-08,2020,Kerala,Thiruvananthapuram,Varkala,hepatitis_a_probable,3465,0,train,0.615451168198939,1,0.0
2021-03-04,2021,Kerala,Thiruvananthapuram,Varkala,hepatitis_a_probable,3,0,train,0.6735708921628455,1,0.0
2023-10-14,2023,Kerala,Thiruvananthapuram,Varkala,hepatitis_a_probable,79,0,val,0.7192693313955912,1,0.0015318558262714128
2024-04-08,2024,Kerala,Thiruvananthapuram,Varkala,hepatitis_a_probable,1,0,test,0.6879928169510083,1,0.0
2021-02-01,2021,Kerala,Thrissur,Chalakudy,hepatitis_a_probable,1,1,train,0.6015767550436829,1,0.0
2021-11-21,2021,Kerala,Thrissur,Chalakudy,hepatitis_a_probable,18,0,train,0.19418662244331336,0,0.002197175703960837
2023-10-13,2023,Kerala,Thrissur,Chalakudy,hepatitis_a_probable,3,1,val,0.689876727684931,1,0.0
2023-11-22,2023,Kerala,Thrissur,Chalakudy,hepatitis_a_probable,541,1,test,0.6303305766660712,1,0.05409948512323435
2024-10-16,2024,Kerala,Thrissur,Chalakudy,hepatitis_a_probable,30464,0,test,0.6736144337852977,1,0.10653624682963903
2024-11-22,2024,Kerala,Thrissur,Chalakudy,hepatitis_a_probable,172,0,test,0.7022588552095769,1,0.0
2022-10-17,2022,Kerala,Thrissur,Chavakkad,hepatitis_a_probable,74,1,train,0.7097510409718728,1,0.0
2023-12-30,2023,Kerala,Thrissur,Chavakkad,hepatitis_a_probable,28,0,test,0.7168107996473719,1,0.0
2024-04-07,2024,Kerala,Thrissur,Chavakkad,hepatitis_a_probable,44,0,test,0.290049637993262,0,4.448220185180146e-05
2020-09-11,2020,Kerala,Thrissur,Kodungallur,hepatitis_a_probable,92,1,train,0.17191063541331378,0,0.0
2022-04-07,2022,Kerala,Thrissur,Kodungallur,hepatitis_a_probable,34,0,train,0.6579671715493305,1,0.0
2022-10-19,2022,Kerala,Thrissur,Kodungallur,hepatitis_a_probable,34,0,train,0.7071090442935382,1,0.0
2020-03-04,2020,Kerala,Thrissur,Kunnamkulam,hepatitis_a_probable,199,1,train,0.6638580445926628,1,0.0
2020-09-10,2020,Kerala,Thrissur,Kunnamkulam,hepatitis_a_probable,12,0,train,0.6916633848439007,1,0.0
2021-11-22,2021,Kerala,Thrissur,Kunnamkulam,hepatitis_a_probable,1,0,train,0.718799249814248,1,0.0
2021-11-23,2021,Kerala,Thrissur,Kunnamkulam,hepatitis_a_probable,42,0,train,0.7261357137486089,1,0.001652791812555998
2023-10-21,2023,Kerala,Thrissur,Kunnamkulam,hepatitis_a_probable,13,0,test,0.674636272620879,1,0.0
2024-10-14,2024,Kerala,Thrissur,Kunnamkulam,hepatitis_a_probable,4,0,test,0.6931902210669517,1,0.0
2020-11-23,2020,Kerala,Thrissur,Talappilly,hepatitis_a_probable,6543,1,train,0.7285855525454733,1,0.0
2021-02-02,2021,Kerala,Thrissur,Talappilly,hepatitis_a_probable,38,0,train,0.7317087344374725,1,0.0
2021-11-20,2021,Kerala,Thrissur,Talappilly,hepatitis_a_probable,8,0,train,0.7249404455301738,1,0.0
2023-09-10,2023,Kerala,Thrissur,Talappilly,hepatitis_a_probable,2,0,val,0.7169728865947974,1,0.0
2023-11-26,2023,Kerala,Thrissur,Talappilly,hepatitis_a_probable,127,0,test,0.7042127764296214,1,0.0033593329523495885
2020-04-08,2020,Kerala,Thrissur,Thrissur,hepatitis_a_probable,6544,1,train,0.716007815928997,1,0.0
2022-04-08,2022,Kerala,Thrissur,Thrissur,hepatitis_a_probable,227,1,train,0.717217945428054,1,0.0
2022-11-27,2022,Kerala,Thrissur,Thrissur,hepatitis_a_probable,12523,0,val,0.658292358199036,1,0.005968268993000522
2020-03-04,2020,Kerala,Wayanad,Mananthavady,hepatitis_a_probable,1,1,train,0.7088935275047895,1,0.0
2020-10-13,2020,Kerala,Wayanad,Mananthavady,hepatitis_a_probable,14894,1,train,0.6074311967614474,1,0.9999999983333334
2021-10-19,2021,Kerala,Wayanad,Sulthan Bathery,hepatitis_a_probable,2,1,train,0.5344282177598383,1,0.0
2023-10-12,2023,Kerala,Wayanad,Sulthan Bathery,hepatitis_a_probable,8,1,val,0.38886016334064344,0,0.00047622126956309714
2020-10-19,2020,Kerala,Wayanad,Vythiri,hepatitis_a_probable,1212,0,train,0.667210445707802,1,0.0
2020-10-20,2020,Kerala,Wayanad,Vythiri,hepatitis_a_probable,1,0,train,0.6477916916207769,1,0.0
2021-03-06,2021,Kerala,Wayanad,Vythiri,hepatitis_a_probable,4,0,train,0.5882736877036178,1,0.00012093598628458523
2021-10-17,2021,Kerala,Wayanad,Vythiri,hepatitis_a_probable,1,0,train,0.6648287719515872,1,0.0
2024-03-04,2024,Kerala,Wayanad,Vythiri,hepatitis_a_probable,2,0,test,0.7095852914773327,1,4.031199542819508e-05
2020-06-08,2020,Kerala,Alappuzha,Ambalappuzha,hepatitis_b,11,1,train,0.7045519542450067,1,0.0
2020-06-10,2020,Kerala,Alappuzha,Ambalappuzha,hepatitis_b,69,1,train,0.680806946497936,1,0.0012873564928459556
2020-10-18,2020,Kerala,Alappuzha,Ambalappuzha,hepatitis_b,22,0,train,0.717284774133812,1,0.0
2020-11-23,2020,Kerala,Alappuzha,Chenganoor,hepatitis_b,1606,1,train,0.7214395146307477,1,0.0
2021-06-11,2021,Kerala,Alappuzha,Chenganoor,hepatitis_b,179,0,train,0.6788539071342659,1,0.0
2022-05-05,2022,Kerala,Alappuzha,Chenganoor,hepatitis_b,2,0,train,0.5793565246589993,1,0.0
2024-06-07,2024,Kerala,Alappuzha,Chenganoor,hepatitis_b,10,0,test,0.6946666863725538,1,0.00021499730895037372
2024-10-15,2024,Kerala,Alappuzha,Chenganoor,hepatitis_b,20,0,test,0.5527314519873792,1,7.329453714217287e-05
2020-06-10,2020,Kerala,Alappuzha,Cherthala,hepatitis_b,448,1,train,0.6689611269547245,1,0.0
2021-11-26,2021,Kerala,Alappuzha,Cherthala,hepatitis_b,11,0,train,0.6610228438999504,1,0.0
2020-11-22,2020,Kerala,Alappuzha,Karthikappally,hepatitis_b,5,1,train,0.6459158489456356,1,0.0
2022-11-26,2022,Kerala,Alappuzha,Karthikappally,hepatitis_b,11720,1,val,0.2957392014153063,0,0.526378051534963
2021-05-04,2021,Kerala,Alappuzha,Kuttanad,hepatitis_b,1,1,train,0.34875286064895916,0,0.0
2021-11-22,2021,Kerala,Alappuzha,Kuttanad,hepatitis_b,108,1,train,0.7046979352718136,1,0.014329534064456952
2021-11-22,2021,Kerala,Alappuzha,Kuttanad,hepatitis_b,268,0,train,0.6597341346837726,1,0.002373602040377661
2022-05-02,2022,Kerala,Alappuzha,Kuttanad,hepatitis_b,1,0,train,0.7122540813277146,1,0.0
2020-05-04,2020,Kerala,Alappuzha,Mavelikkara,hepatitis_b,2,0,train,0.7004084429701812,1,0.0
2021-05-03,2021,Kerala,Alappuzha,Mavelikkara,hepatitis_b,1,0,train,0.7183817341528205,1,0.0
2023-05-06,2023,Kerala,Alappuzha,Mavelikkara,hepatitis_b,1,1,val,0.2481104735627496,0,0.0
2023-11-20,2023,Kerala,Alappuzha,Mavelikkara,hepatitis_b,12,1,test,0.6963336779013842,1,0.011254606987292703
2024-06-11,2024,Kerala,Alappuzha,Mavelikkara,hepatitis_b,512,1,test,0.678830203937862,1,0.07376429070431174
2024-10-15,2024,Kerala,Alappuzha,Mavelikkara,hepatitis_b,19,0,test,0.7251700782514072,1,0.0
2024-11-21,2024,Kerala,Alappuzha,Mavelikkara,hepatitis_b,8,0,test,0.7139336275886827,1,0.0
2020-06-09,2020,Kerala,Ernakulam,Aluva,hepatitis_b,200,1,train,0.655400124534733,1,0.0
2020-11-29,2020,Kerala,Ernakulam,Aluva,hepatitis_b,28,0,train,0.5548989805147625,1,0.0
2021-05-05,2021,Kerala,Ernakulam,Aluva,hepatitis_b,3,0,train,0.720845246863934,1,0.0
2021-06-10,2021,Kerala,Ernakulam,Aluva,hepatitis_b,5,0,train,0.7270193431566441,1,4.031199542819508e-05
2022-10-13,2022,Kerala,Ernakulam,Aluva,hepatitis_b,8,1,train,0.7256123316455807,1,4.031199542819508e-05
2023-11-19,2023,Kerala,Ernakulam,Aluva,hepatitis_b,522,0,test,0.6642086056924618,1,0.015654210445113406
2024-06-09,2024,Kerala,Ernakulam,Aluva,hepatitis_b,23,0,test,0.7202408244078339,1,0.0
2020-05-05,2020,Kerala,Ernakulam,Kanayannur,hepatitis_b,1,0,train,0.750782800040159,1,0.0
2021-05-04,2021,Kerala,Ernakulam,Kanayannur,hepatitis_b,4,1,train,0.7762301159883175,1,0.0003099199589947754
2021-10-13,2021,Kerala,Ernakulam,Kanayannur,hepatitis_b,3782,1,train,0.15796424033785075,0,0.9316078504421249
2022-10-15,2022,Kerala,Ernakulam,Kanayannur,hepatitis_b,45,0,train,0.7214492696603123,1,0.0
2020-05-01,2020,Kerala,Ernakulam,Kochi,hepatitis_b,114,0,train,0.09610009529216834,0,0.0
2020-11-20,2020,Kerala,Ernakulam,Kochi,hepatitis_b,4,0,train,0.148847183995095,0,0.0
2023-11-21,2023,Kerala,Ernakulam,Kochi,hepatitis_b,7,1,test,0.7258962004177802,1,4.8374394513834085e-05
2020-06-11,2020,Kerala,Ernakulam,Kothamangalam,hepatitis_b,2,1,train,0.7262255292155076,1,0.0
2022-10-14,2022,Kerala,Ernakulam,Kothamangalam,hepatitis_b,157,1,train,0.6895471144073447,1,0.013866750126703251
2023-11-21,2023,Kerala,Ernakulam,Kothamangalam,hepatitis_b,542,0,test,0.7569471010345588,1,0.0035703879507229834
2021-11-24,2021,Kerala,Ernakulam,Kunnathunad,hepatitis_b,7,1,train,0.5577479363971909,1,0.0
2022-10-14,2022,Kerala,Ernakulam,Kunnathunad,hepatitis_b,100,1,train,0.7011899257797272,1,0.0031105695798727215
2022-11-28,2022,Kerala,Ernakulam,Kunnathunad,hepatitis_b,37,1,val,0.7119786698045293,1,0.0
2023-05-01,2023,Kerala,Ernakulam,Kunnathunad,hepatitis_b,364,0,val,0.7215930572882536,1,0.005522302932010982
2023-11-28,2023,Kerala,Ernakulam,Kunnathunad,hepatitis_b,9,1,test,0.6727121291591571,1,0.0
2024-06-11,2024,Kerala,Ernakulam,Kunnathunad,hepatitis_b,72087,0,test,0.7099317582730693,1,0.8655368963170544
2022-10-15,2022,Kerala,Ernakulam,Muvattupuzha,hepatitis_b,46022,0,train,0.7016307951438943,1,0.0
2023-05-06,2023,Kerala,Ernakulam,Muvattupuzha,hepatitis_b,1,0,val,0.7277667848252749,1,0.0
2020-05-01,2020,Kerala,Ernakulam,North Paravur,hepatitis_b,54,1,train,0.7305907936721703,1,0.0
2021-11-23,2021,Kerala,Ernakulam,North Paravur,hepatitis_b,23181,0,train,0.5571673433227478,1,0.11336426162602894
2022-10-17,2022,Kerala,Ernakulam,North Paravur,hepatitis_b,14,0,train,0.7304360386282499,1,0.0
2023-05-04,2023,Kerala,Ernakulam,North Paravur,hepatitis_b,347,0,val,0.6705645006911152,1,0.0017898525970118614
2024-06-11,2024,Kerala,Ernakulam,North Paravur,hepatitis_b,1,0,test,0.6956877834698467,1,0.0
2020-10-19,2020,Kerala,Idukki,Devikulam,hepatitis_b,73,1,train,0.7640245363595922,1,0.0
2020-11-21,2020,Kerala,Idukki,Devikulam,hepatitis_b,7,0,train,0.7027063265445936,1,0.0
2021-10-18,2021,Kerala,Idukki,Devikulam,hepatitis_b,9,0,train,0.6954422401209015,1,2.015599771409754e-05
2022-10-14,2022,Kerala,Idukki,Devikulam,hepatitis_b,20,0,train,0.7148201135693651,1,8.868638994202917e-05
2022-10-19,2022,Kerala,Idukki,Devikulam,hepatitis_b,1,1,train,0.7373090597936486,1,0.0
2020-06-09,2020,Kerala,Idukki,Idukki,hepatitis_b,76,1,train,0.6816575191800337,1,0.0
2024-05-05,2024,Kerala,Idukki,Idukki,hepatitis_b,7427,0,test,0.7088795424830998,1,0.025736352677989884
2024-05-11,2024,Kerala,Idukki,Idukki,hepatitis_b,16,0,test,0.3701765392954791,0,0.0
2020-05-03,2020,Kerala,Idukki,Peerumade,hepatitis_b,26,1,train,0.6848571955929154,1,0.0
2020-05-05,2020,Kerala,Idukki,Peerumade,hepatitis_b,6,0,train,0.5798831111854729,1,0.0
2020-11-23,2020,Kerala,Idukki,Peerumade,hepatitis_b,11,0,train,0.7069855412251158,1,5.758856489742153e-05
2023-11-20,2023,Kerala,Idukki,Peerumade,hepatitis_b,1,0,test,0.6403815701789537,1,0.0
2023-11-23,2023,Kerala,Idukki,Peerumade,hepatitis_b,1,0,test,0.16887273814314607,0,0.0
2024-06-12,2024,Kerala,Idukki,Peerumade,hepatitis_b,2,0,test,0.6831194317957875,1,4.031199542819508e-05
2020-11-26,2020,Kerala,Idukki,Thodupuzha,hepatitis_b,262,1,train,0.10411319351906116,0,0.0
2022-06-07,2022,Kerala,Idukki,Thodupuzha,hepatitis_b,12,1,train,0.7218492848126836,1,0.0
2022-11-25,2022,Kerala,Idukki,Thodupuzha,hepatitis_b,555,0,val,0.7199174696740646,1,0.005222135239512641
2023-06-09,2023,Kerala,Idukki,Thodupuzha,hepatitis_b,29,0,val,0.07182189196073455,0,0.0
2023-11-26,2023,Kerala,Idukki,Thodupuzha,hepatitis_b,292,1,test,0.08183276465620207,0,0.0009394793973048671
2020-06-09,2020,Kerala,Idukki,Udumbanchola,hepatitis_b,3465,1,train,0.6641617410126771,1,0.0
2020-11-28,2020,Kerala,Idukki,Udumbanchola,hepatitis_b,194,0,train,0.7105301036643843,1,0.0
2022-10-13,2022,Kerala,Idukki,Udumbanchola,hepatitis_b,1,0,train,0.7263362239836799,1,0.0
2022-05-01,2022,Kerala,Kannur,Iritty,hepatitis_b,1,1,train,0.6671610411750116,1,0.0
2023-05-02,2023,Kerala,Kannur,Iritty,hepatitis_b,12595,1,val,0.05284715955852248,0,0.9999999983333334
2023-10-19,2023,Kerala,Kannur,Iritty,hepatitis_b,24,0,val,0.6992116412973531,1,0.0
2020-06-10,2020,Kerala,Kannur,Kannur,hepatitis_b,52,0,train,0.20194269181349733,0,0.0
2020-06-12,2020,Kerala,Kannur,Kannur,hepatitis_b,4,1,train,0.7245804878732055,1,0.0
2022-06-09,2022,Kerala,Kannur,Kannur,hepatitis_b,17095,0,train,0.09686796911490615,0,0.6597422274029547
2022-06-09,2022,Kerala,Kannur,Kannur,hepatitis_b,22,0,train,0.6537660272433338,1,0.0
2020-05-04,2020,Kerala,Kannur,Payyanur,hepatitis_b,3346,0,train,0.70388928621207,1,0.0
2020-11-28,2020,Kerala,Kannur,Payyanur,hepatitis_b,3,1,train,0.733665750558842,1,0.0
2021-05-05,2021,Kerala,Kannur,Payyanur,hepatitis_b,3528,0,train,0.7040950100809686,1,0.07168444512424772
2024-05-04,2024,Kerala,Kannur,Payyanur,hepatitis_b,6,0,test,0.6855436424576683,1,0.0
2024-10-15,2024,Kerala,Kannur,Payyanur,hepatitis_b,1002,0,test,0.4179041273022064,0,0.011471642127566368
2021-05-05,2021,Kerala,Kannur,Taliparamba,hepatitis_b,25,0,train,0.4054718237613724,0,0.0
2021-10-18,2021,Kerala,Kannur,Taliparamba,hepatitis_b,1,1,train,0.12084312651164925,0,0.0
2022-05-02,2022,Kerala,Kannur,Taliparamba,hepatitis_b,69,0,train,0.7255677054025179,1,0.00527478315971785
2022-10-14,2022,Kerala,Kannur,Taliparamba,hepatitis_b,8,0,train,0.6985612827032671,1,0.0
2023-10-13,2023,Kerala,Kannur,Taliparamba,hepatitis_b,18,0,val,0.718182152580471,1,8.958221206265572e-05
2020-11-23,2020,Kerala,Kannur,Thalassery,hepatitis_b,85,1,train,0.7004594446118301,1,0.0
2021-05-07,2021,Kerala,Kannur,Thalassery,hepatitis_b,14,0,train,0.7106785378248697,1,0.0
2022-05-01,2022,Kerala,Kannur,Thalassery,hepatitis_b,2,0,train,0.10444073538391806,0,0.0
2023-06-12,2023,Kerala,Kannur,Thalassery,hepatitis_b,1,0,val,0.18433289411943501,0,0.0
2020-05-07,2020,Kerala,Kasaragod,Hosdurg,hepatitis_b,252,1,train,0.10341537300566073,0,0.0
2020-10-16,2020,Kerala,Kasaragod,Hosdurg,hepatitis_b,7,0,train,0.15720802284646307,0,0.0
2022-05-06,2022,Kerala,Kasaragod,Hosdurg,hepatitis_b,105,1,train,0.2502778369579912,0,0.0009876438879907793
2022-06-07,2022,Kerala,Kasaragod,Hosdurg,hepatitis_b,6407,0,train,0.17768222286158192,0,0.04216984756480509
2022-06-10,2022,Kerala,Kasaragod,Hosdurg,hepatitis_b,6,0,train,0.206733719471186,0,0.0
2023-06-03,2023,Kerala,Kasaragod,Hosdurg,hepatitis_b,49,0,val,0.155736205406365,0,0.0004952616581178252
2023-06-09,2023,Kerala,Kasaragod,Hosdurg,hepatitis_b,277,0,val,0.1430426675212556,0,0.00036764539830513903
2023-10-18,2023,Kerala,Kasaragod,Hosdurg,hepatitis_b,551,1,val,0.09269833669534334,0,7.946393343399603e-05
2022-10-19,2022,Kerala,Kasaragod,Manjeshwaram,hepatitis_b,2,0,train,0.12431223197539033,0,0.0
2022-11-26,2022,Kerala,Kasaragod,Manjeshwaram,hepatitis_b,1,1,val,0.09644723249337854,0,0.0
2023-10-16,2023,Kerala,Kasaragod,Manjeshwaram,hepatitis_b,36,1,val,0.118506437306828,0,0.030426447933971642
2023-10-16,2023,Kerala,Kasaragod,Manjeshwaram,hepatitis_b,207,1,val,0.1602018235871592,0,0.008262855093349774
2021-10-16,2021,Kerala,Kasaragod,Nileshwaram,hepatitis_b,24,1,train,0.6592965865400524,1,0.0
2023-11-26,2023,Kerala,Kasaragod,Nileshwaram,hepatitis_b,26,0,test,0.654487131608591,1,1.4009278176918821e-05
2024-05-02,2024,Kerala,Kasaragod,Nileshwaram,hepatitis_b,17,1,test,0.19406709324814797,0,0.0
2020-06-08,2020,Kerala,Kasaragod,Vellarikundu,hepatitis_b,9,1,train,0.05522444781048528,0,0.0
2022-10-14,2022,Kerala,Kasaragod,Vellarikundu,hepatitis_b,12523,1,train,0.2944053886220106,0,0.33736850720994754
2023-10-13,2023,Kerala,Kasaragod,Vellarikundu,hepatitis_b,24,0,val,0.7151147115026046,1,0.0
2020-06-10,2020,Kerala,Kollam,Karunagappally,hepatitis_b,200,1,train,0.6142424239908817,1,0.0
2021-06-08,2021,Kerala,Kollam,Karunagappally,hepatitis_b,29520,0,train,0.10335169244092779,0,0.03932694779999713
2021-10-13,2021,Kerala,Kollam,Karunagappally,hepatitis_b,115,0,train,0.0445040262538644,0,0.0
2022-05-06,2022,Kerala,Kollam,Karunagappally,hepatitis_b,70,0,train,0.7345297754729105,1,0.0
2022-11-29,2022,Kerala,Kollam,Karunagappally,hepatitis_b,23,0,val,0.056289473538393635,0,0.0
2021-11-19,2021,Kerala,Kollam,Kollam,hepatitis_b,1,0,train,0.5990194167899728,1,0.0
2022-10-16,2022,Kerala,Kollam,Kollam,hepatitis_b,2,1,train,0.16831345961894875,0,4.031199542819508e-05
2022-11-30,2022,Kerala,Kollam,Kollam,hepatitis_b,99,0,val,0.19417817735234189,0,0.08474528832104694
2023-05-05,2023,Kerala,Kollam,Kollam,hepatitis_b,1,0,val,0.32466141510264257,0,0.0
2023-10-14,2023,Kerala,Kollam,Kollam,hepatitis_b,32,1,val,0.3751849524029099,0,0.001356229218591621
2022-11-20,2022,Kerala,Kollam,Kottarakkara,hepatitis_b,29,1,train,0.2429334652593749,0,0.0
2022-11-28,2022,Kerala,Kollam,Kottarakkara,hepatitis_b,12522,0,val,0.5255082297655133,1,0.11226744349548591
2021-05-06,2021,Kerala,Kollam,Kunnathoor,hepatitis_b,2,1,train,0.3313447992396442,0,0.0
2020-06-07,2020,Kerala,Kollam,Pathanapuram,hepatitis_b,4,1,train,0.5365125107340226,1,0.0
2020-06-08,2020,Kerala,Kollam,Pathanapuram,hepatitis_b,4620,1,train,0.44432029853790006,0,0.24886427517012488
2020-10-16,2020,Kerala,Kollam,Pathanapuram,hepatitis_b,10,0,train,0.1584742708740721,0,0.0
2020-11-30,2020,Kerala,Kollam,Pathanapuram,hepatitis_b,106,0,train,0.14845872988627826,0,0.0007036275565648594
2021-11-23,2021,Kerala,Kollam,Pathanapuram,hepatitis_b,4,0,train,0.36984188238250804,0,0.0
2023-11-21,2023,Kerala,Kollam,Pathanapuram,hepatitis_b,3389,0,test,0.2815616404971863,0,0.055578734536352814
2020-10-14,2020,Kerala,Kollam,Punalur,hepatitis_b,96,1,train,0.09784096279265173,0,0.0
2022-06-12,2022,Kerala,Kollam,Punalur,hepatitis_b,262,0,train,0.19829029397723794,0,0.0004594426595808469
2022-10-18,2022,Kerala,Kollam,Punalur,hepatitis_b,31,0,train,0.18586388177214677,0,0.0
2023-06-11,2023,Kerala,Kollam,Punalur,hepatitis_b,40,0,val,0.17655123794948596,0,2.267549742835973e-05
2023-11-22,2023,Kerala,Kollam,Punalur,hepatitis_b,2,0,test,0.1491864267977062,0,0.0
2024-05-05,2024,Kerala,Kollam,Punalur,hepatitis_b,78,0,test,0.2896930265419514,0,0.00204247443502855
2024-10-17,2024,Kerala,Kollam,Punalur,hepatitis_b,230,0,test,0.5758445751507836,1,0.00193429717597814
2020-05-02,2020,Kerala,Kottayam,Changanassery,hepatitis_b,199,1,train,0.3712446894789005,0,0.0
2020-06-12,2020,Kerala,Kottayam,Changanassery,hepatitis_b,120,0,train,0.10395985835295903,0,0.0
2021-05-02,2021,Kerala,Kottayam,Changanassery,hepatitis_b,3,0,train,0.09576771213216617,0,0.0
2021-06-10,2021,Kerala,Kottayam,Kanjirappally,hepatitis_b,63,1,train,0.10158641301948793,0,0.0
2021-11-20,2021,Kerala,Kottayam,Kanjirappally,hepatitis_b,86,0,train,0.3798940187723122,0,9.393748733314307e-05
2021-11-27,2021,Kerala,Kottayam,Kottayam,hepatitis_b,1,1,train,0.27998522212356736,0,0.0
2022-06-07,2022,Kerala,Kottayam,Kottayam,hepatitis_b,7117,1,train,0.3267268223858631,0,0.7868601586336487
2022-11-30,2022,Kerala,Kottayam,Kottayam,hepatitis_b,1369,0,val,0.35121442394449787,0,0.0
2023-06-09,2023,Kerala,Kottayam,Kottayam,hepatitis_b,3,0,val,0.6356158205108356,1,0.0
2023-11-29,2023,Kerala,Kottayam,Kottayam,hepatitis_b,1,0,test,0.13828969577408354,0,0.0
2021-10-18,2021,Kerala,Kottayam,Meenachil,hepatitis_b,2,1,train,0.0862772590077258,0,0.0
2023-06-12,2023,Kerala,Kottayam,Meenachil,hepatitis_b,536,1,val,0.07466262794247573,0,0.04792722285728123
2023-11-19,2023,Kerala,Kottayam,Meenachil,hepatitis_b,5753,0,test,0.08619739141692326,0,0.012504317275440449
2024-11-22,2024,Kerala,Kottayam,Meenachil,hepatitis_b,569,0,test,0.06210711101923115,0,0.0
2021-06-09,2021,Kerala,Kottayam,Vaikom,hepatitis_b,43,1,train,0.0817426004648953,0,0.0
2021-10-14,2021,Kerala,Kottayam,Vaikom,hepatitis_b,137,0,train,0.06953573924302903,0,0.0005716855591488264
2021-10-18,2021,Kerala,Kottayam,Vaikom,hepatitis_b,1,0,train,0.05485789221411053,0,0.0
2022-10-17,2022,Kerala,Kottayam,Vaikom,hepatitis_b,74,0,train,0.08183088858601256,0,0.0030883313068394433
2020-10-16,2020,Kerala,Kozhikode,Koyilandy,hepatitis_b,5,1,train,0.1422884886484157,0,0.0
2020-10-17,2020,Kerala,Kozhikode,Koyilandy,hepatitis_b,8,1,train,0.1927118386407636,0,0.00010330665299825843
2021-11-22,2021,Kerala,Kozhikode,Koyilandy,hepatitis_b,426,1,train,0.35453620740718206,0,0.12162973035044124
2022-05-04,2022,Kerala,Kozhikode,Koyilandy,hepatitis_b,22,1,train,0.23041861537889577,0,0.0
2022-06-10,2022,Kerala,Kozhikode,Koyilandy,hepatitis_b,48845,0,train,0.049387099426894794,0,0.3779550697737342
2023-06-08,2023,Kerala,Kozhikode,Koyilandy,hepatitis_b,31,0,val,0.06577361343622642,0,0.0
2023-10-18,2023,Kerala,Kozhikode,Koyilandy,hepatitis_b,1027,0,val,0.057776617051114414,0,0.002509421715405143
2020-06-12,2020,Kerala,Kozhikode,Kozhikode,hepatitis_b,4,0,train,0.09050734864069669,0,0.0
2021-10-18,2021,Kerala,Kozhikode,Kozhikode,hepatitis_b,1,1,train,0.3511335057879639,0,0.0
2022-06-08,2022,Kerala,Kozhikode,Kozhikode,hepatitis_b,49,0,train,0.09159967821465786,0,0.016289991029404913
2022-10-16,2022,Kerala,Kozhikode,Kozhikode,hepatitis_b,1,0,train,0.11590877493696658,0,0.0
2022-11-29,2022,Kerala,Kozhikode,Kozhikode,hepatitis_b,2,0,val,0.547430775318444,1,4.031199542819508e-05
2021-05-02,2021,Kerala,Kozhikode,Thamarassery,hepatitis_b,4,1,train,0.7039204211413103,1,0.0
2022-11-23,2022,Kerala,Kozhikode,Thamarassery,hepatitis_b,3226,1,val,0.24270387099749416,0,0.1736975749277623
2021-11-26,2021,Kerala,Kozhikode,Vadakara,hepatitis_b,3,1,train,0.610491378696283,1,0.0
2023-11-20,2023,Kerala,Kozhikode,Vadakara,hepatitis_b,36,1,test,0.7073850582725264,1,0.0021770197062467396
2024-05-04,2024,Kerala,Kozhikode,Vadakara,hepatitis_b,26469,0,test,0.2780561383964915,0,0.9166731096321189
2020-06-11,2020,Kerala,Malappuram,Ernad,hepatitis_b,3,0,train,0.2959887557508216,0,0.0
2020-11-20,2020,Kerala,Malappuram,Ernad,hepatitis_b,1,0,train,0.040505291866239614,0,0.0
2021-05-02,2021,Kerala,Malappuram,Ernad,hepatitis_b,1,0,train,0.07340776748307082,0,0.0
2022-05-03,2022,Kerala,Malappuram,Ernad,hepatitis_b,1,1,train,0.7205930616599039,1,0.0
2022-05-06,2022,Kerala,Malappuram,Ernad,hepatitis_b,20,1,train,0.6696912400172674,1,0.012130513786143712
2023-11-27,2023,Kerala,Malappuram,Ernad,hepatitis_b,7,0,test,0.26464060861434113,0,0.0001244499113423356
2022-06-07,2022,Kerala,Malappuram,Kondotty,hepatitis_b,6503,1,train,0.35430119611746347,0,0.0
2022-05-01,2022,Kerala,Malappuram,Perinthalmanna,hepatitis_b,1,1,train,0.25865306479250977,0,0.0
2023-11-22,2023,Kerala,Malappuram,Perinthalmanna,hepatitis_b,3053,0,test,0.41153342325672687,0,0.41132726041624634
2020-10-16,2020,Kerala,Malappuram,Ponnani,hepatitis_b,9,1,train,0.11168785723956505,0,0.0
2020-11-19,2020,Kerala,Malappuram,Ponnani,hepatitis_b,34,1,train,0.7009977938610497,1,0.0006551215116454317
2021-06-07,2021,Kerala,Malappuram,Ponnani,hepatitis_b,15,0,train,0.6161673907238111,1,0.0
2021-06-08,2021,Kerala,Malappuram,Ponnani,hepatitis_b,29,0,train,0.6856875755520505,1,0.000553130137776633
2021-06-11,2021,Kerala,Malappuram,Ponnani,hepatitis_b,5,0,train,0.7041676014216419,1,0.0
2021-11-26,2021,Kerala,Malappuram,Ponnani,hepatitis_b,11,0,train,0.67192682777916,1,8.062399085639016e-05
2022-06-10,2022,Kerala,Malappuram,Tirurangadi,hepatitis_b,8,1,train,0.6989152073692534,1,0.0
2024-10-19,2024,Kerala,Palakkad,Alathur,hepatitis_b,1,1,test,0.6967435265412039,1,0.0
2020-06-09,2020,Kerala,Palakkad,Chittur,hepatitis_b,4,1,train,0.7001669908971703,1,0.0
2023-05-01,2023,Kerala,Palakkad,Chittur,hepatitis_b,420,1,val,0.7318130832280569,1,0.02239358577419744
2020-05-03,2020,Kerala,Palakkad,Mannarkkad,hepatitis_b,198,1,train,0.7360376781045548,1,0.0
2020-06-10,2020,Kerala,Palakkad,Mannarkkad,hepatitis_b,195,0,train,0.3472586805814909,0,0.0
2020-06-11,2020,Kerala,Palakkad,Mannarkkad,hepatitis_b,54,0,train,0.6619540391952402,1,0.0
2021-11-30,2021,Kerala,Palakkad,Mannarkkad,hepatitis_b,1,0,train,0.723027458858382,1,0.0
2022-06-08,2022,Kerala,Palakkad,Mannarkkad,hepatitis_b,1,0,train,0.6861257123118102,1,0.0
2023-05-07,2023,Kerala,Palakkad,Mannarkkad,hepatitis_b,6,0,val,0.7061599193644057,1,0.00020155997714097536
2023-11-30,2023,Kerala,Palakkad,Mannarkkad,hepatitis_b,2,0,test,0.5833684550190708,1,0.0
2020-05-02,2020,Kerala,Palakkad,Ottapalam,hepatitis_b,1,0,train,0.05718213459722042,0,0.0
2020-11-26,2020,Kerala,Palakkad,Ottapalam,hepatitis_b,1,1,train,0.11882315976913808,0,0.0
2021-11-22,2021,Kerala,Palakkad,Ottapalam,hepatitis_b,10,0,train,0.10545749182382445,0,0.006003894259225871
2020-11-27,2020,Kerala,Palakkad,Palakkad,hepatitis_b,1302,0,train,0.5576301069048281,1,0.0
2022-10-14,2022,Kerala,Palakkad,Palakkad,hepatitis_b,1,0,train,0.7150358126599872,1,0.0
2023-11-23,2023,Kerala,Palakkad,Palakkad,hepatitis_b,158,0,test,0.49926788495585894,0,0.0063289832822266264
2023-11-30,2023,Kerala,Palakkad,Palakkad,hepatitis_b,7,0,test,0.09470944653144187,0,0.0
2020-11-30,2020,Kerala,Palakkad,Pattambi,hepatitis_b,1,1,train,0.12279316971907987,0,0.0
2021-11-22,2021,Kerala,Palakkad,Pattambi,hepatitis_b,29521,1,train,0.1420047171625039,0,0.9999999983333334
2021-11-24,2021,Kerala,Palakkad,Pattambi,hepatitis_b,2226,0,train,0.12296465628830487,0,0.0
2021-11-29,2021,Kerala,Palakkad,Pattambi,hepatitis_b,5,0,train,0.2897596406515832,0,0.0
2022-10-14,2022,Kerala,Palakkad,Pattambi,hepatitis_b,86,0,train,0.12366751550772254,0,0.001088423876561267
2022-10-16,2022,Kerala,Palakkad,Pattambi,hepatitis_b,9,0,train,0.053061343253196884,0,0.0
2020-11-25,2020,Kerala,Pathanamthitta,Adoor,hepatitis_b,18824,1,train,0.12550067755693775,0,0.0
2022-05-02,2022,Kerala,Pathanamthitta,Adoor,hepatitis_b,115,0,train,0.14591519172183806,0,0.0
2022-06-07,2022,Kerala,Pathanamthitta,Adoor,hepatitis_b,1,0,train,0.3975277314849659,0,0.0
2023-10-16,2023,Kerala,Pathanamthitta,Adoor,hepatitis_b,187,0,val,0.7202368990723439,1,0.0074980311496442836
2023-10-17,2023,Kerala,Pathanamthitta,Adoor,hepatitis_b,20,0,val,0.4742478407903443,0,0.0
2021-05-03,2021,Kerala,Pathanamthitta,Konni,hepatitis_b,7,0,train,0.3792834401929143,0,0.0
2023-06-08,2023,Kerala,Pathanamthitta,Konni,hepatitis_b,2,0,val,0.17404828109876558,0,0.0
2023-06-12,2023,Kerala,Pathanamthitta,Konni,hepatitis_b,5,1,val,0.6558880504160427,1,0.00015738672378296482
2023-10-16,2023,Kerala,Pathanamthitta,Konni,hepatitis_b,730,1,val,0.07752171069930731,0,0.1903419370174551
2020-05-06,2020,Kerala,Pathanamthitta,Kozhenchery,hepatitis_b,7,1,train,0.0837214147770337,0,0.0
2022-06-07,2022,Kerala,Pathanamthitta,Mallappally,hepatitis_b,98,1,train,0.09922381757280567,0,0.0
2020-05-02,2020,Kerala,Pathanamthitta,Ranni,hepatitis_b,5,1,train,0.2679300228877112,0,0.0
2020-11-29,2020,Kerala,Thiruvananthapuram,Chirayinkeezhu,hepatitis_b,402,1,train,0.10604502805229506,0,0.0
2023-05-05,2023,Kerala,Thiruvananthapuram,Chirayinkeezhu,hepatitis_b,541,0,val,0.16456296740631732,0,9.252238948646267e-05
2023-11-22,2023,Kerala,Thiruvananthapuram,Chirayinkeezhu,hepatitis_b,5,1,test,0.6698962425235533,1,0.0
2024-06-11,2024,Kerala,Thiruvananthapuram,Chirayinkeezhu,hepatitis_b,13438,0,test,0.13256304400199614,0,0.21393221766301057
2022-05-07,2022,Kerala,Thiruvananthapuram,Kattakkada,hepatitis_b,1,0,train,0.09054680077468923,0,0.0
2021-06-12,2021,Kerala,Thiruvananthapuram,Nedumangad,hepatitis_b,22,1,train,0.40816661450777203,0,0.0
2021-11-28,2021,Kerala,Thiruvananthapuram,Nedumangad,hepatitis_b,137,1,train,0.2956617890149488,0,0.001339823123367241
2022-06-08,2022,Kerala,Thiruvananthapuram,Nedumangad,hepatitis_b,6503,0,train,0.11305989331364343,0,0.06167384670128407
2022-11-26,2022,Kerala,Thiruvananthapuram,Nedumangad,hepatitis_b,186,0,val,0.6941864698268272,1,0.0
2020-05-03,2020,Kerala,Thiruvananthapuram,Neyyattinkara,hepatitis_b,1,1,train,0.3455191959962839,0,0.0
2021-05-03,2021,Kerala,Thiruvananthapuram,Neyyattinkara,hepatitis_b,296,1,train,0.26717284578565625,0,0.0396726826397155
2021-05-05,2021,Kerala,Thiruvananthapuram,Neyyattinkara,hepatitis_b,99,0,train,0.5977473176121574,1,0.0
2021-06-11,2021,Kerala,Thiruvananthapuram,Neyyattinkara,hepatitis_b,112,0,train,0.6819500600009705,1,1.0481118811330718e-05
2022-05-03,2022,Kerala,Thiruvananthapuram,Neyyattinkara,hepatitis_b,1,0,train,0.6677540280669705,1,0.0
2021-11-24,2021,Kerala,Thiruvananthapuram,Thiruvananthapuram,hepatitis_b,17,0,train,0.4067659625698699,0,0.0
2024-05-06,2024,Kerala,Thiruvananthapuram,Thiruvananthapuram,hepatitis_b,1,1,test,0.20259068188123236,0,0.0
2020-10-16,2020,Kerala,Thiruvananthapuram,Varkala,hepatitis_b,8,1,train,0.25374005541732575,0,0.0
2023-06-08,2023,Kerala,Thiruvananthapuram,Varkala,hepatitis_b,30716,1,val,0.379158090349344,0,0.7750890559686158
2023-11-11,2023,Kerala,Thiruvananthapuram,Varkala,hepatitis_b,119,0,test,0.12696051890706628,0,0.0
2024-11-22,2024,Kerala,Thiruvananthapuram,Varkala,hepatitis_b,3,0,test,0.30226105631497735,0,0.0
2024-11-29,2024,Kerala,Thiruvananthapuram,Varkala,hepatitis_b,481,0,test,0.7019009559656405,1,0.009634566907338623
2021-06-07,2021,Kerala,Thrissur,Chalakudy,hepatitis_b,29,1,train,0.27627418904156736,0,0.0
2021-06-08,2021,Kerala,Thrissur,Chalakudy,hepatitis_b,40,0,train,0.10039456285826313,0,9.255678755073974e-05
2021-11-25,2021,Kerala,Thrissur,Chalakudy,hepatitis_b,2,0,train,0.30026239636495833,0,0.0
2024-05-05,2024,Kerala,Thrissur,Chalakudy,hepatitis_b,2,0,test,0.7220365649448024,1,0.0
2024-05-06,2024,Kerala,Thrissur,Chalakudy,hepatitis_b,45,1,test,0.1107432892455758,0,0.0021609685476240976
2020-11-20,2020,Kerala,Thrissur,Chavakkad,hepatitis_b,35,0,train,0.11116258113109226,0,0.0
2021-10-13,2021,Kerala,Thrissur,Chavakkad,hepatitis_b,3,0,train,0.6651817196783137,1,0.0
2023-11-23,2023,Kerala,Thrissur,Chavakkad,hepatitis_b,1,1,test,0.7041789523375555,1,0.0
2024-05-06,2024,Kerala,Thrissur,Chavakkad,hepatitis_b,31238,0,test,0.7032039560267891,1,0.9999999983333334
2020-11-25,2020,Kerala,Thrissur,Kodungallur,hepatitis_b,200,1,train,0.1994107277563742,0,0.0
2021-11-22,2021,Kerala,Thrissur,Kodungallur,hepatitis_b,33,1,train,0.7040797425098204,1,0.0
2022-06-07,2022,Kerala,Thrissur,Kodungallur,hepatitis_b,31659,0,train,0.6960446291911854,1,0.2707124107481421
2022-11-21,2022,Kerala,Thrissur,Kodungallur,hepatitis_b,7,0,train,0.1459234749838814,0,0.0
2022-11-29,2022,Kerala,Thrissur,Kodungallur,hepatitis_b,1,0,val,0.1654973673360292,0,0.0
2020-11-28,2020,Kerala,Thrissur,Kunnamkulam,hepatitis_b,45,1,train,0.15816679664155775,0,0.0
2021-11-29,2021,Kerala,Thrissur,Kunnamkulam,hepatitis_b,21,0,train,0.14186040006856068,0,0.0
2021-11-30,2021,Kerala,Thrissur,Kunnamkulam,hepatitis_b,5,1,train,0.1792286448442584,0,0.0
2022-11-24,2022,Kerala,Thrissur,Kunnamkulam,hepatitis_b,3054,0,val,0.23718666860150442,0,0.14587925127169896
2022-11-24,2022,Kerala,Thrissur,Kunnamkulam,hepatitis_b,53,0,val,0.1826399874547028,0,0.0
2020-10-13,2020,Kerala,Thrissur,Mukundapuram,hepatitis_b,3,1,train,0.17346042869685824,0,0.0
2021-06-08,2021,Kerala,Thrissur,Mukundapuram,hepatitis_b,80,1,train,0.2369857661794506,0,0.005142707305479123
2021-10-14,2021,Kerala,Thrissur,Mukundapuram,hepatitis_b,6,1,train,0.2329582024175692,0,0.0
2021-11-21,2021,Kerala,Thrissur,Mukundapuram,hepatitis_b,7223,1,train,0.12169957664882095,0,0.2169666990940632
2021-11-30,2021,Kerala,Thrissur,Mukundapuram,hepatitis_b,2542,1,train,0.15103866290389434,0,0.00018142044930339495
2024-10-14,2024,Kerala,Thrissur,Mukundapuram,hepatitis_b,27631,0,test,0.19451034029552214,0,0.007173992391725307
2020-11-27,2020,Kerala,Thrissur,Talappilly,hepatitis_b,16,1,train,0.23020080896038045,0,0.0
2021-11-24,2021,Kerala,Thrissur,Talappilly,hepatitis_b,42,1,train,0.2602752474908019,0,0.0004012248870600528
2022-10-13,2022,Kerala,Thrissur,Talappilly,hepatitis_b,47,1,train,0.09421543676011504,0,0.0006479001054031138
2023-10-18,2023,Kerala,Thrissur,Talappilly,hepatitis_b,1719,0,val,0.6545944679029252,1,0.06656430149245648
2020-05-03,2020,Kerala,Thrissur,Thrissur,hepatitis_b,34,1,train,0.4882535902108894,0,0.0
2022-11-20,2022,Kerala,Thrissur,Thrissur,hepatitis_b,38,1,train,0.3106414278064204,0,2.5412796615889434e-05
2022-11-22,2022,Kerala,Thrissur,Thrissur,hepatitis_b,76,1,train,0.38757228738863764,0,0.007954029324283445
2023-05-03,2023,Kerala,Thrissur,Thrissur,hepatitis_b,1478,1,val,0.3654419425455122,0,0.04028209389864098
2020-06-07,2020,Kerala,Wayanad,Mananthavady,hepatitis_b,5,1,train,0.1368476074543965,0,0.0
2021-06-08,2021,Kerala,Wayanad,Mananthavady,hepatitis_b,15,1,train,0.10041351816374826,0,0.0004178492771592689
2022-05-06,2022,Kerala,Wayanad,Mananthavady,hepatitis_b,48,0,train,0.04448424383353505,0,0.0037189441951036004
2022-06-09,2022,Kerala,Wayanad,Mananthavady,hepatitis_b,22,1,train,0.18501692372270986,0,0.0
2022-10-15,2022,Kerala,Wayanad,Mananthavady,hepatitis_b,99,1,train,0.21896379574896851,0,0.003136786700012424
2023-10-15,2023,Kerala,Wayanad,Mananthavady,hepatitis_b,559,1,val,0.14708852333703087,0,0.009927333154200664
2024-11-19,2024,Kerala,Wayanad,Mananthavady,hepatitis_b,430,1,test,0.1524336081934486,0,0.001024359088512016
2021-05-04,2021,Kerala,Wayanad,Sulthan Bathery,hepatitis_b,5,0,train,0.31095465659498095,0,0.0
2021-06-08,2021,Kerala,Wayanad,Vythiri,hepatitis_b,3,1,train,0.3233508031383856,0,0.0
2021-11-22,2021,Kerala,Wayanad,Vythiri,hepatitis_b,14,1,train,0.31922633503058157,0,0.0006941759066305483
2022-06-11,2022,Kerala,Wayanad,Vythiri,hepatitis_b,26965,1,train,0.09148646682280719,0,0.9999999983333334
2023-05-01,2023,Kerala,Wayanad,Vythiri,hepatitis_b,186,0,val,0.1380356117053438,0,0.0
2023-05-05,2023,Kerala,Wayanad,Vythiri,hepatitis_b,4,0,val,0.20557201689643256,0,0.0
2023-11-19,2023,Kerala,Wayanad,Vythiri,hepatitis_b,2,0,test,0.1794696281881622,0,0.0
2023-09-13,2023,Kerala,Alappuzha,Ambalappuzha,hepatitis_c,1,1,val,0.19177016904713517,0,0.0
2024-06-05,2024,Kerala,Alappuzha,Ambalappuzha,hepatitis_c,24,1,test,0.12932122316751052,0,0.0030059995946605782
2020-12-31,2020,Kerala,Alappuzha,Chenganoor,hepatitis_c,10,0,train,0.0598475921987653,0,0.0
2021-10-15,2021,Kerala,Alappuzha,Chenganoor,hepatitis_c,1,1,train,0.10366540379828931,0,0.0
2022-01-02,2022,Kerala,Alappuzha,Chenganoor,hepatitis_c,83,0,train,0.11401606825733454,0,0.012139903835857054
2022-12-31,2022,Kerala,Alappuzha,Chenganoor,hepatitis_c,3,0,val,0.09731301186974355,0,0.0
2024-06-04,2024,Kerala,Alappuzha,Chenganoor,hepatitis_c,120,1,test,0.171566522158095,0,0.004387975640569085
2021-11-24,2021,Kerala,Alappuzha,Cherthala,hepatitis_c,1,1,train,0.11166653337669538,0,0.0
2024-01-13,2024,Kerala,Alappuzha,Cherthala,hepatitis_c,41,1,test,0.0891914131582158,0,0.005297667284976511
2024-09-09,2024,Kerala,Alappuzha,Cherthala,hepatitis_c,374,1,test,0.20092461241681558,0,0.010437287814494637
2024-09-09,2024,Kerala,Alappuzha,Cherthala,hepatitis_c,54528,0,test,0.1531656614373776,0,0.2293992519693063
2022-10-17,2022,Kerala,Alappuzha,Karthikappally,hepatitis_c,25,1,train,0.12091304771523698,0,0.0
2023-03-03,2023,Kerala,Alappuzha,Karthikappally,hepatitis_c,27,0,val,0.09859006008276153,0,1.3470459785498835e-05
2023-10-17,2023,Kerala,Alappuzha,Karthikappally,hepatitis_c,2,1,val,0.10233407716614179,0,0.0
2023-11-25,2023,Kerala,Alappuzha,Karthikappally,hepatitis_c,33,0,test,0.0999251002037655,0,0.001558433955421654
2023-11-25,2023,Kerala,Alappuzha,Mavelikkara,hepatitis_c,14,1,test,0.32024522091659696,0,0.0
2022-11-22,2022,Kerala,Ernakulam,Aluva,hepatitis_c,308,1,train,0.3830910836009683,0,0.0
2023-07-07,2023,Kerala,Ernakulam,Aluva,hepatitis_c,12,0,val,0.31672388089945913,0,0.0
2022-11-23,2022,Kerala,Ernakulam,Kanayannur,hepatitis_c,9,1,val,0.26571813094232544,0,0.0
2023-09-12,2023,Kerala,Ernakulam,Kanayannur,hepatitis_c,28,0,val,0.1023575815628708,0,0.0004933567335054835
2024-10-15,2024,Kerala,Ernakulam,Kanayannur,hepatitis_c,1,0,test,0.11552027206205785,0,0.0
2020-10-15,2020,Kerala,Ernakulam,Kothamangalam,hepatitis_c,1,1,train,0.420787472775533,0,0.0
2020-10-16,2020,Kerala,Ernakulam,Kothamangalam,hepatitis_c,29965,0,train,0.07348937386793666,0,0.9999999983333334
2021-12-31,2021,Kerala,Ernakulam,Kothamangalam,hepatitis_c,1,0,train,0.1040732444774388,0,0.0
2022-10-17,2022,Kerala,Ernakulam,Kothamangalam,hepatitis_c,13,0,train,0.08679306543065202,0,0.00048374394513834093
2023-07-08,2023,Kerala,Ernakulam,Kothamangalam,hepatitis_c,36,0,val,0.1072631077646946,0,0.00013245369926406951
2023-09-11,2023,Kerala,Ernakulam,Kothamangalam,hepatitis_c,4,0,val,0.1132350606578905,0,0.0
2023-10-17,2023,Kerala,Ernakulam,Kothamangalam,hepatitis_c,23446,0,val,0.3289124192145302,0,0.6842077169302899
2023-11-23,2023,Kerala,Ernakulam,Kothamangalam,hepatitis_c,59,0,test,0.0821872122628648,0,0.0
2024-01-01,2024,Kerala,Ernakulam,Kothamangalam,hepatitis_c,299,0,test,0.1691674566653687,0,0.00032249596342556064
2024-10-15,2024,Kerala,Ernakulam,Kothamangalam,hepatitis_c,3,0,test,0.15989127442588336,0,0.0
2021-07-06,2021,Kerala,Ernakulam,Kunnathunad,hepatitis_c,3315,0,train,0.195325257256241,0,0.0
2021-10-21,2021,Kerala,Ernakulam,Kunnathunad,hepatitis_c,4,1,train,0.1760435977973874,0,0.0
2022-09-12,2022,Kerala,Ernakulam,Kunnathunad,hepatitis_c,5347,0,train,0.2964880944900121,0,0.08742927834071317
2022-11-25,2022,Kerala,Ernakulam,Kunnathunad,hepatitis_c,3,0,val,0.17245292526922504,0,0.0
2023-12-30,2023,Kerala,Ernakulam,Kunnathunad,hepatitis_c,13,0,test,0.22145513458738558,0,0.00020155997714097536
2024-09-10,2024,Kerala,Ernakulam,Kunnathunad,hepatitis_c,48,0,test,0.32340401690051285,0,0.00020155997714097536
2020-09-11,2020,Kerala,Ernakulam,Muvattupuzha,hepatitis_c,3420,1,train,0.24131301804919725,0,0.0
2020-10-16,2020,Kerala,Ernakulam,Muvattupuzha,hepatitis_c,1295,0,train,0.07209621339901601,0,0.0
2023-10-20,2023,Kerala,Ernakulam,Muvattupuzha,hepatitis_c,12,0,test,0.09284795589203647,0,0.0
2024-01-01,2024,Kerala,Ernakulam,Muvattupuzha,hepatitis_c,16,0,test,0.6305866316530964,1,2.4807381801966197e-05
2021-01-02,2021,Kerala,Ernakulam,North Paravur,hepatitis_c,1,1,train,0.589022103904028,1,0.0
2022-12-31,2022,Kerala,Ernakulam,North Paravur,hepatitis_c,26,1,val,0.5654917051293887,1,0.0032756075582271588
2023-09-12,2023,Kerala,Ernakulam,North Paravur,hepatitis_c,291,1,val,0.4443013438967755,0,0.012915701753658484
2021-01-02,2021,Kerala,Idukki,Devikulam,hepatitis_c,36,0,train,0.07064806671124747,0,0.0
2021-09-13,2021,Kerala,Idukki,Devikulam,hepatitis_c,4,1,train,0.07162941609211244,0,0.0
2022-07-08,2022,Kerala,Idukki,Devikulam,hepatitis_c,27496,1,train,0.06462480553298908,0,0.9999999983333334
2022-10-18,2022,Kerala,Idukki,Devikulam,hepatitis_c,771,0,train,0.30677447443638567,0,0.0
2020-07-07,2020,Kerala,Idukki,Idukki,hepatitis_c,385,1,train,0.27287245258330384,0,0.0
2020-10-19,2020,Kerala,Idukki,Idukki,hepatitis_c,18,1,train,0.17251497231954244,0,0.0
2024-01-01,2024,Kerala,Idukki,Idukki,hepatitis_c,3492,1,test,0.1695229053221761,0,0.024693900486870535
2020-09-12,2020,Kerala,Idukki,Peerumade,hepatitis_c,2,1,train,0.2053413178051562,0,0.0
2021-06-05,2021,Kerala,Idukki,Peerumade,hepatitis_c,13209,0,train,0.16803987744559667,0,0.8549336815800609
2022-01-02,2022,Kerala,Idukki,Peerumade,hepatitis_c,2,0,train,0.27242587373705884,0,0.0
2022-10-18,2022,Kerala,Idukki,Peerumade,hepatitis_c,68,0,train,0.32226781191297504,0,0.001773727798840583
2020-10-17,2020,Kerala,Idukki,Thodupuzha,hepatitis_c,13,1,train,0.12946254154642886,0,0.0
2021-09-13,2021,Kerala,Idukki,Thodupuzha,hepatitis_c,52,0,train,0.1492375590867507,0,0.0007375519004561742
2022-09-09,2022,Kerala,Idukki,Thodupuzha,hepatitis_c,12,1,train,0.26888515209348457,0,0.0
2022-09-11,2022,Kerala,Idukki,Thodupuzha,hepatitis_c,12881,0,train,0.29323290315558426,0,0.47680783417134354
2024-11-28,2024,Kerala,Idukki,Thodupuzha,hepatitis_c,1,0,test,0.3348027336341019,0,0.0
2024-10-20,2024,Kerala,Idukki,Udumbanchola,hepatitis_c,45,1,test,0.05121608885543476,0,0.0
2020-11-22,2020,Kerala,Kannur,Iritty,hepatitis_c,5721,1,train,0.07725625327243936,0,0.0
2021-10-18,2021,Kerala,Kannur,Iritty,hepatitis_c,7,0,train,0.09014548332292552,0,0.0
2022-07-06,2022,Kerala,Kannur,Iritty,hepatitis_c,3,0,train,0.18741601320017381,0,0.0
2022-09-10,2022,Kerala,Kannur,Iritty,hepatitis_c,37,0,train,0.2219012851503587,0,0.0006853039222793162
2024-10-23,2024,Kerala,Kannur,Iritty,hepatitis_c,2,0,test,0.18058102949030375,0,0.0
2024-11-27,2024,Kerala,Kannur,Iritty,hepatitis_c,278,0,test,0.26948360587395626,0,0.011193520877657542
2021-09-11,2021,Kerala,Kannur,Kannur,hepatitis_c,1,0,train,0.07544292018736977,0,0.0
2022-09-10,2022,Kerala,Kannur,Kannur,hepatitis_c,1,0,train,0.17692675209972805,0,0.0
2023-06-05,2023,Kerala,Kannur,Kannur,hepatitis_c,1,0,val,0.16737247275561018,0,0.0
2023-09-11,2023,Kerala,Kannur,Kannur,hepatitis_c,4,1,val,0.16351107578553734,0,0.0019383034288385603
2020-09-10,2020,Kerala,Kannur,Payyanur,hepatitis_c,1,1,train,0.11987061940493358,0,0.0
2020-10-16,2020,Kerala,Kannur,Payyanur,hepatitis_c,344,1,train,0.22552356622337716,0,0.04614327376531342
2021-09-10,2021,Kerala,Kannur,Payyanur,hepatitis_c,7,0,train,0.2575816295757694,0,0.0
2021-10-21,2021,Kerala,Kannur,Payyanur,hepatitis_c,8,0,train,0.09445354729602334,0,1.007799885704877e-05
2021-03-03,2021,Kerala,Kannur,Taliparamba,hepatitis_c,1,1,train,0.1011077194012154,0,0.0
2023-01-01,2023,Kerala,Kannur,Taliparamba,hepatitis_c,12595,1,val,0.0825934643507179,0,0.9999999983333334
2023-11-24,2023,Kerala,Kannur,Taliparamba,hepatitis_c,29,0,test,0.12611963886667069,0,0.0
2022-01-02,2022,Kerala,Kannur,Thalassery,hepatitis_c,2,1,train,0.24816909642037874,0,0.0
2024-03-03,2024,Kerala,Kannur,Thalassery,hepatitis_c,43,1,test,0.281924568919051,0,0.0036216475111732005
2021-09-10,2021,Kerala,Kasaragod,Hosdurg,hepatitis_c,656,0,train,0.2902782973478285,0,0.0
2022-01-01,2022,Kerala,Kasaragod,Hosdurg,hepatitis_c,1,0,train,0.09828843207689114,0,0.0
2023-01-01,2023,Kerala,Kasaragod,Hosdurg,hepatitis_c,3,0,val,0.12212873639009192,0,8.062399085639016e-05
2020-10-16,2020,Kerala,Kasaragod,Kasaragod,hepatitis_c,96,1,train,0.16733472480481987,0,0.0
2021-10-16,2021,Kerala,Kasaragod,Kasaragod,hepatitis_c,13,0,train,0.1641409828564537,0,0.0
2022-09-10,2022,Kerala,Kasaragod,Kasaragod,hepatitis_c,26,0,train,0.034558808574536595,0,7.4865134366648e-05
2022-10-16,2022,Kerala,Kasaragod,Kasaragod,hepatitis_c,74,0,train,0.055475266038199404,0,0.0006109632085161537
2022-10-20,2022,Kerala,Kasaragod,Kasaragod,hepatitis_c,70,0,train,0.0538265165273506,0,0.0003050444603385014
2023-10-14,2023,Kerala,Kasaragod,Kasaragod,hepatitis_c,10,0,val,0.07815794969820569,0,0.0
2024-01-01,2024,Kerala,Kasaragod,Manjeshwaram,hepatitis_c,335,1,test,0.05061453970763217,0,0.0
2020-11-27,2020,Kerala,Kasaragod,Nileshwaram,hepatitis_c,3,1,train,0.0794184199364773,0,0.0
2021-03-03,2021,Kerala,Kasaragod,Nileshwaram,hepatitis_c,72,1,train,0.10686699204964718,0,0.004603491378345962
2022-11-23,2022,Kerala,Kasaragod,Nileshwaram,hepatitis_c,22,0,val,0.08702832216926806,0,0.0
2024-03-02,2024,Kerala,Kasaragod,Nileshwaram,hepatitis_c,3,0,test,0.06203285331374188,0,0.0
2020-09-11,2020,Kerala,Kasaragod,Vellarikundu,hepatitis_c,16,1,train,0.07842294948102879,0,0.0
2021-07-07,2021,Kerala,Kasaragod,Vellarikundu,hepatitis_c,29521,0,train,0.09149052727801285,0,0.46791729300348484
2021-10-20,2021,Kerala,Kasaragod,Vellarikundu,hepatitis_c,15,0,train,0.08510774010720659,0,0.0
2020-12-30,2020,Kerala,Kollam,Karunagappally,hepatitis_c,16,1,train,0.12244664696948174,0,0.0
2021-10-22,2021,Kerala,Kollam,Karunagappally,hepatitis_c,8,0,train,0.12103360695409654,0,0.0
2022-11-26,2022,Kerala,Kollam,Karunagappally,hepatitis_c,8,1,val,0.25911599924904943,0,0.0
2023-07-08,2023,Kerala,Kollam,Karunagappally,hepatitis_c,3390,0,val,0.10177965949876061,0,0.48215509308127136
2021-10-20,2021,Kerala,Kollam,Kollam,hepatitis_c,5,0,train,0.10153903534327283,0,0.0
2023-11-27,2023,Kerala,Kollam,Kollam,hepatitis_c,1,0,test,0.2124648096023566,0,0.0
2020-01-02,2020,Kerala,Kollam,Kottarakkara,hepatitis_c,35,1,train,0.3200820131080512,0,0.0
2020-01-02,2020,Kerala,Kollam,Kottarakkara,hepatitis_c,29964,0,train,0.2021207921836815,0,0.22413632660031862
2020-10-17,2020,Kerala,Kollam,Kottarakkara,hepatitis_c,7,0,train,0.21815473851877432,0,0.0
2020-10-20,2020,Kerala,Kollam,Kottarakkara,hepatitis_c,253,0,train,0.12440125567436773,0,0.002479187718833997
2021-06-05,2021,Kerala,Kollam,Kottarakkara,hepatitis_c,4,0,train,0.2545485902943078,0,0.0
2021-09-12,2021,Kerala,Kollam,Kottarakkara,hepatitis_c,11,0,train,0.28604283618977444,0,0.00011287358719894621
2023-10-14,2023,Kerala,Kollam,Kunnathoor,hepatitis_c,13492,0,val,0.29829711918033064,0,0.0
2021-09-12,2021,Kerala,Kollam,Pathanapuram,hepatitis_c,15,1,train,0.17375889126253966,0,0.0
2020-09-12,2020,Kerala,Kollam,Punalur,hepatitis_c,259,1,train,0.09664915566163429,0,0.0
2020-10-19,2020,Kerala,Kollam,Punalur,hepatitis_c,22785,0,train,0.07104644044274393,0,0.023357692320492604
2022-11-22,2022,Kerala,Kollam,Punalur,hepatitis_c,24,0,train,0.10607295843518216,0,0.0
2023-09-10,2023,Kerala,Kollam,Punalur,hepatitis_c,1,0,val,0.125846442154828,0,0.0
2021-10-17,2021,Kerala,Kottayam,Changanassery,hepatitis_c,22,0,train,0.23006637460546261,0,0.0
2023-11-26,2023,Kerala,Kottayam,Changanassery,hepatitis_c,1,0,test,0.12241193368294345,0,0.0
2024-07-09,2024,Kerala,Kottayam,Changanassery,hepatitis_c,1,1,test,0.06307418715981469,0,0.0
2020-10-17,2020,Kerala,Kottayam,Kanjirappally,hepatitis_c,2,1,train,0.11635011968237954,0,0.0
2020-12-30,2020,Kerala,Kottayam,Kanjirappally,hepatitis_c,91,0,train,0.10993428133449498,0,0.007935374928238485
2022-09-10,2022,Kerala,Kottayam,Kanjirappally,hepatitis_c,1,0,train,0.18088592241941379,0,0.0
2024-07-06,2024,Kerala,Kottayam,Kanjirappally,hepatitis_c,1,0,test,0.09349641941207193,0,0.0
2024-10-18,2024,Kerala,Kottayam,Kanjirappally,hepatitis_c,19,1,test,0.4513369934702131,0,0.0007256159177075113
2020-07-06,2020,Kerala,Kottayam,Kottayam,hepatitis_c,148,1,train,0.5031340364521006,1,0.0
2021-07-06,2021,Kerala,Kottayam,Kottayam,hepatitis_c,14,0,train,0.4953506151670306,0,0.0
2020-09-11,2020,Kerala,Kottayam,Meenachil,hepatitis_c,4,1,train,0.12213288528593857,0,0.0
2021-11-25,2021,Kerala,Kottayam,Meenachil,hepatitis_c,43,0,train,0.04232324873865724,0,0.002065145321277288
2022-03-04,2022,Kerala,Kottayam,Meenachil,hepatitis_c,1,1,train,0.4969708960988739,0,0.0
2020-07-07,2020,Kerala,Kottayam,Vaikom,hepatitis_c,1,0,train,0.5271172224115864,1,0.0
2022-11-28,2022,Kerala,Kottayam,Vaikom,hepatitis_c,1,1,val,0.3956427391484148,0,0.0
2024-09-12,2024,Kerala,Kottayam,Vaikom,hepatitis_c,23,1,test,0.40710253196103774,0,0.01481267439173171
2024-10-17,2024,Kerala,Kottayam,Vaikom,hepatitis_c,335,1,test,0.06192888884297362,0,0.021602070551761183
2024-10-20,2024,Kerala,Kottayam,Vaikom,hepatitis_c,16411,0,test,0.07266473125175865,0,0.09187944093337128
2020-07-08,2020,Kerala,Kozhikode,Koyilandy,hepatitis_c,1606,1,train,0.06799563608338192,0,0.0
2022-07-07,2022,Kerala,Kozhikode,Koyilandy,hepatitis_c,105,0,train,0.08027466832884306,0,0.0
2022-12-31,2022,Kerala,Kozhikode,Koyilandy,hepatitis_c,74,0,val,0.07326866137426019,0,0.0
2021-07-07,2021,Kerala,Kozhikode,Kozhikode,hepatitis_c,18,1,train,0.3455360890055344,0,0.0
2022-07-06,2022,Kerala,Kozhikode,Thamarassery,hepatitis_c,269,0,train,0.3491153858282284,0,0.0
2021-10-20,2021,Kerala,Kozhikode,Vadakara,hepatitis_c,47,1,train,0.07641762814789221,0,0.0
2021-11-28,2021,Kerala,Kozhikode,Vadakara,hepatitis_c,11126,0,train,0.07413771387975712,0,0.062224950924613186
2022-03-04,2022,Kerala,Kozhikode,Vadakara,hepatitis_c,10,0,train,0.09814693768352686,0,0.0
2022-11-25,2022,Kerala,Kozhikode,Vadakara,hepatitis_c,10,0,val,0.16131451638400335,0,0.0
2023-07-08,2023,Kerala,Kozhikode,Vadakara,hepatitis_c,70,0,val,0.12513135616706722,0,0.0004397672228530371
2023-09-13,2023,Kerala,Kozhikode,Vadakara,hepatitis_c,27,0,val,0.13251282678997517,0,0.0
2023-11-27,2023,Kerala,Kozhikode,Vadakara,hepatitis_c,1,0,test,0.12174304513527512,0,0.0
2023-11-29,2023,Kerala,Kozhikode,Vadakara,hepatitis_c,37,0,test,0.07212951537507169,0,0.001511976683786155
2022-11-28,2022,Kerala,Malappuram,Ernad,hepatitis_c,210,1,val,0.13495667559414595,0,0.0
2021-11-22,2021,Kerala,Malappuram,Kondotty,hepatitis_c,4,0,train,0.08155251038375716,0,0.0
2022-11-27,2022,Kerala,Malappuram,Kondotty,hepatitis_c,5,1,val,0.11684940272123315,0,1.6124798171278027e-05
2023-06-05,2023,Kerala,Malappuram,Kondotty,hepatitis_c,397,1,val,0.0802729548763803,0,0.3200133835908242
2023-09-16,2023,Kerala,Malappuram,Kondotty,hepatitis_c,64,0,val,0.19157275338300725,0,0.0
2020-10-15,2020,Kerala,Malappuram,Nilambur,hepatitis_c,9,0,train,0.2231233029883769,0,0.0
2020-10-22,2020,Kerala,Malappuram,Nilambur,hepatitis_c,1,1,train,0.1259260748914402,0,0.0
2021-09-11,2021,Kerala,Malappuram,Nilambur,hepatitis_c,19,0,train,0.08190689911471097,0,0.0024784290181279803
2021-11-25,2021,Kerala,Malappuram,Perinthalmanna,hepatitis_c,3,0,train,0.13824681104430792,0,0.0
2022-07-07,2022,Kerala,Malappuram,Perinthalmanna,hepatitis_c,1,1,train,0.235433709707,0,0.0
2022-11-25,2022,Kerala,Malappuram,Perinthalmanna,hepatitis_c,136,0,val,0.25776056828398475,0,0.06525143990042981
2020-10-16,2020,Kerala,Malappuram,Tirur,hepatitis_c,13,1,train,0.271934356785652,0,0.0
2021-10-17,2021,Kerala,Malappuram,Tirur,hepatitis_c,39,0,train,0.08330795713159707,0,0.00048720164857292116
2023-10-28,2023,Kerala,Malappuram,Tirur,hepatitis_c,11,0,test,0.11633332385739119,0,0.0
2023-11-26,2023,Kerala,Malappuram,Tirur,hepatitis_c,10,1,test,0.1380038787163323,0,0.0
2021-09-09,2021,Kerala,Malappuram,Tirurangadi,hepatitis_c,43,0,train,0.1386040016253637,0,0.0
2022-06-05,2022,Kerala,Malappuram,Tirurangadi,hepatitis_c,3,0,train,0.16097846143495315,0,0.0
2022-10-16,2022,Kerala,Malappuram,Tirurangadi,hepatitis_c,3,0,train,0.09299256317029245,0,0.0
2021-10-18,2021,Kerala,Palakkad,Alathur,hepatitis_c,2,0,train,0.06692367879058639,0,0.0
2022-09-13,2022,Kerala,Palakkad,Alathur,hepatitis_c,2,0,train,0.16184642974378863,0,0.0
2021-07-08,2021,Kerala,Palakkad,Chittur,hepatitis_c,55,0,train,0.10852727239286632,0,0.0
2022-09-13,2022,Kerala,Palakkad,Chittur,hepatitis_c,5,0,train,0.09365987481434282,0,0.0
2020-09-13,2020,Kerala,Palakkad,Mannarkkad,hepatitis_c,1,1,train,0.48917753327747243,0,0.0
2021-07-07,2021,Kerala,Palakkad,Mannarkkad,hepatitis_c,13779,1,train,0.07809302220628553,0,0.9999999983333334
2022-09-09,2022,Kerala,Palakkad,Mannarkkad,hepatitis_c,15,0,train,0.4355296224273502,0,0.0
2022-11-27,2022,Kerala,Palakkad,Mannarkkad,hepatitis_c,1370,1,val,0.1686926612258623,0,0.006827844225650541
2021-10-15,2021,Kerala,Palakkad,Ottapalam,hepatitis_c,1,0,train,0.36186657640311315,0,0.0
2022-12-31,2022,Kerala,Palakkad,Ottapalam,hepatitis_c,1,1,val,0.10618478983743389,0,0.0
2023-09-16,2023,Kerala,Palakkad,Ottapalam,hepatitis_c,36,1,val,0.13352879996101466,0,0.02362145452423755
2023-11-28,2023,Kerala,Palakkad,Ottapalam,hepatitis_c,11,1,test,0.19066108008774751,0,0.0
2021-10-14,2021,Kerala,Palakkad,Palakkad,hepatitis_c,10,0,train,0.14102193550102568,0,0.0
2021-10-16,2021,Kerala,Palakkad,Palakkad,hepatitis_c,1,1,train,0.11061021047797022,0,0.0
2024-01-02,2024,Kerala,Palakkad,Palakkad,hepatitis_c,126,0,test,0.08977382821108439,0,0.01879107410027149
2021-07-08,2021,Kerala,Palakkad,Pattambi,hepatitis_c,1,1,train,0.07140586314168881,0,0.0
2022-11-23,2022,Kerala,Palakkad,Pattambi,hepatitis_c,12,1,val,0.1694652221975004,0,0.0013883518132610966
2022-11-28,2022,Kerala,Palakkad,Pattambi,hepatitis_c,86,0,val,0.748521670465296,1,0.007984820872547899
2023-09-11,2023,Kerala,Palakkad,Pattambi,hepatitis_c,1,0,val,0.10256487997995144,0,0.0
2023-09-11,2023,Kerala,Palakkad,Pattambi,hepatitis_c,2,0,val,0.07819553166780807,0,4.031199542819508e-05
2023-07-08,2023,Kerala,Pathanamthitta,Adoor,hepatitis_c,65026,1,val,0.12467482847173955,0,0.0
2023-07-15,2023,Kerala,Pathanamthitta,Adoor,hepatitis_c,6,0,val,0.34481333962638105,0,0.0
2024-09-11,2024,Kerala,Pathanamthitta,Adoor,hepatitis_c,8,0,test,0.16477637827238287,0,2.3035425958968614e-05
2021-10-16,2021,Kerala,Pathanamthitta,Konni,hepatitis_c,3,1,train,0.29525083216044967,0,0.0
2022-06-05,2022,Kerala,Pathanamthitta,Konni,hepatitis_c,92,1,train,0.6885932830791911,1,0.0059515311961788634
2022-11-25,2022,Kerala,Pathanamthitta,Konni,hepatitis_c,3225,0,val,0.23967833587714124,0,0.042499571603113885
2023-07-15,2023,Kerala,Pathanamthitta,Konni,hepatitis_c,5,0,val,0.23861587525318106,0,0.0
2023-10-16,2023,Kerala,Pathanamthitta,Konni,hepatitis_c,1,0,val,0.24913328690293504,0,0.0
2023-12-30,2023,Kerala,Pathanamthitta,Konni,hepatitis_c,41,0,test,0.2528822524195132,0,0.001612479817127803
2024-11-26,2024,Kerala,Pathanamthitta,Konni,hepatitis_c,966,0,test,0.2999961315248485,0,0.0019778901753326602
2020-10-20,2020,Kerala,Pathanamthitta,Kozhenchery,hepatitis_c,5,1,train,0.07949659391771229,0,0.0
2020-01-01,2020,Kerala,Pathanamthitta,Mallappally,hepatitis_c,54,1,train,0.6323565747000677,1,0.0
2020-07-07,2020,Kerala,Pathanamthitta,Mallappally,hepatitis_c,30,0,train,0.6879413768583817,1,0.0
2023-01-01,2023,Kerala,Pathanamthitta,Mallappally,hepatitis_c,3,0,val,0.6471737036229367,1,0.0
2021-06-05,2021,Kerala,Pathanamthitta,Ranni,hepatitis_c,8,1,train,0.5971249112940911,1,0.0
2022-03-03,2022,Kerala,Pathanamthitta,Ranni,hepatitis_c,139,1,train,0.5180228877355283,1,0.003903295472723536
2022-07-08,2022,Kerala,Pathanamthitta,Thiruvalla,hepatitis_c,3225,1,train,0.3446988967695367,0,0.0
2022-10-20,2022,Kerala,Pathanamthitta,Thiruvalla,hepatitis_c,221,0,train,0.11435985537738329,0,0.0
2023-06-04,2023,Kerala,Pathanamthitta,Thiruvalla,hepatitis_c,166,0,val,0.13609403336553283,0,0.0
2021-10-19,2021,Kerala,Thiruvananthapuram,Chirayinkeezhu,hepatitis_c,38,1,train,0.09488231943212366,0,0.0
2022-10-23,2022,Kerala,Thiruvananthapuram,Chirayinkeezhu,hepatitis_c,6,0,train,0.20944427301486812,0,0.0
2021-10-18,2021,Kerala,Thiruvananthapuram,Kattakkada,hepatitis_c,30,1,train,0.3551917055160559,0,0.0
2020-11-25,2020,Kerala,Thiruvananthapuram,Nedumangad,hepatitis_c,1,0,train,0.29820365707545576,0,0.0
2021-07-07,2021,Kerala,Thiruvananthapuram,Nedumangad,hepatitis_c,1,1,train,0.6916838724960823,1,0.0
2021-09-09,2021,Kerala,Thiruvananthapuram,Nedumangad,hepatitis_c,14,1,train,0.09993601159553141,0,0.008714288146150747
2020-10-21,2020,Kerala,Thiruvananthapuram,Neyyattinkara,hepatitis_c,8561,1,train,0.1065954258382501,0,0.0
2022-07-08,2022,Kerala,Thiruvananthapuram,Neyyattinkara,hepatitis_c,31659,0,train,0.06678768232725374,0,0.0007273085445559638
2023-09-09,2023,Kerala,Thiruvananthapuram,Neyyattinkara,hepatitis_c,345,0,val,0.1930563624788293,0,0.0
2022-07-06,2022,Kerala,Thiruvananthapuram,Thiruvananthapuram,hepatitis_c,7117,1,train,0.26940665673440917,0,0.0
2023-06-17,2023,Kerala,Thiruvananthapuram,Thiruvananthapuram,hepatitis_c,14,0,val,0.10814488247827823,0,0.0
2021-10-21,2021,Kerala,Thrissur,Chalakudy,hepatitis_c,81,1,train,0.19996166974673887,0,0.0
2020-09-12,2020,Kerala,Thrissur,Chavakkad,hepatitis_c,4,1,train,0.2363891527835779,0,0.0
2022-07-08,2022,Kerala,Thrissur,Chavakkad,hepatitis_c,20,1,train,0.26626648788903806,0,0.0008249486888710191
2023-10-07,2023,Kerala,Thrissur,Chavakkad,hepatitis_c,65,1,val,0.15821079487366488,0,0.0034714671137258115
2022-11-27,2022,Kerala,Thrissur,Kodungallur,hepatitis_c,20,0,val,0.2880986459040794,0,0.0
2020-07-08,2020,Kerala,Thrissur,Kunnamkulam,hepatitis_c,14,1,train,0.23253425979539602,0,0.0
2021-03-04,2021,Kerala,Thrissur,Kunnamkulam,hepatitis_c,8,0,train,0.27680786602632423,0,0.0
2021-10-20,2021,Kerala,Thrissur,Kunnamkulam,hepatitis_c,7,0,train,0.1699999534196965,0,0.0
2022-07-06,2022,Kerala,Thrissur,Kunnamkulam,hepatitis_c,6,0,train,0.1568330689133089,0,0.0
2023-10-07,2023,Kerala,Thrissur,Kunnamkulam,hepatitis_c,9,1,val,0.6669321791504044,1,7.23103765474263e-05
2022-01-01,2022,Kerala,Thrissur,Mukundapuram,hepatitis_c,1,1,train,0.6036190646691942,1,0.0
2022-01-01,2022,Kerala,Thrissur,Mukundapuram,hepatitis_c,36,0,train,0.6772022549321474,1,0.00462364737606006
2020-07-08,2020,Kerala,Thrissur,Thrissur,hepatitis_c,6,1,train,0.6620774354478753,1,0.0
2020-10-22,2020,Kerala,Thrissur,Thrissur,hepatitis_c,4620,1,train,0.5691081395154977,1,0.17768316570335588
2020-11-24,2020,Kerala,Thrissur,Thrissur,hepatitis_c,1741,0,train,0.6638957121186898,1,0.0
2020-11-29,2020,Kerala,Thrissur,Thrissur,hepatitis_c,17,0,train,0.6116157978543653,1,0.0
2021-10-17,2021,Kerala,Thrissur,Thrissur,hepatitis_c,839,0,train,0.4388633588570789,0,0.003681828915775149
2024-06-05,2024,Kerala,Thrissur,Thrissur,hepatitis_c,26,0,test,0.17451313493050072,0,0.0
2021-03-03,2021,Kerala,Wayanad,Sulthan Bathery,hepatitis_c,245,1,train,0.6790156190068128,1,0.0
2021-09-09,2021,Kerala,Wayanad,Sulthan Bathery,hepatitis_c,64,0,train,0.6586148423165724,1,0.0
2022-06-05,2022,Kerala,Wayanad,Sulthan Bathery,hepatitis_c,1,0,train,0.08703637774268108,0,0.0
2020-12-30,2020,Kerala,Wayanad,Vythiri,hepatitis_c,1,1,train,0.10971016156659402,0,0.0
2022-12-30,2022,Kerala,Wayanad,Vythiri,hepatitis_c,85,1,val,0.09309704032804614,0,0.011229042483441275
2024-07-06,2024,Kerala,Wayanad,Vythiri,hepatitis_c,59,0,test,0.1452846950701588,0,0.00021064108371697112
2023-12-05,2023,Kerala,Ernakulam,Aluva,hepatitis_e,542,1,test,0.12162246938091173,0,0.0
2021-12-25,2021,Kerala,Kottayam,Changanassery,hepatitis_e,39,1,train,0.6575314061135826,1,0.0
2022-12-09,2022,Kerala,Kozhikode,Thamarassery,hepatitis_e,41659,1,val,0.6256452257438959,1,0.0
2022-12-19,2022,Kerala,Palakkad,Pattambi,hepatitis_e,1,1,val,0.670714103161414,1,0.0
2021-12-13,2021,Kerala,Pathanamthitta,Mallappally,hepatitis_e,7,1,train,0.6375869544765986,1,0.0
2022-12-03,2022,Kerala,Thrissur,Talappilly,hepatitis_e,4,1,val,0.6470579856937647,1,0.0
2022-12-11,2022,Kerala,Thrissur,Talappilly,hepatitis_e,11,1,val,0.18411857649369312,0,0.0003396543544511744
2024-12-04,2024,Kerala,Thrissur,Talappilly,hepatitis_e,394,0,test,0.6753549208112496,1,0.05352822271929378
2020-12-24,2020,Kerala,Alappuzha,Ambalappuzha,influenza_h1n1_seasonal,200,1,train,0.42176164581178127,0,0.0
2020-11-20,2020,Kerala,Alappuzha,Chenganoor,influenza_h1n1_seasonal,1,0,train,0.0766003290523323,0,0.0
2023-12-28,2023,Kerala,Alappuzha,Chenganoor,influenza_h1n1_seasonal,1,1,test,0.28488639344091093,0,0.0
2023-11-12,2023,Kerala,Alappuzha,Cherthala,influenza_h1n1_seasonal,932,1,test,0.6055660566206921,1,0.0
2023-12-23,2023,Kerala,Alappuzha,Cherthala,influenza_h1n1_seasonal,75,0,test,0.6355461590428992,1,0.0
2023-12-23,2023,Kerala,Alappuzha,Cherthala,influenza_h1n1_seasonal,25,1,test,0.4533913051140456,0,0.0
2022-10-05,2022,Kerala,Alappuzha,Kuttanad,influenza_h1n1_seasonal,33,1,train,0.22929143582316708,0,0.0
2022-11-12,2022,Kerala,Alappuzha,Kuttanad,influenza_h1n1_seasonal,135,1,train,0.236487768266491,0,0.0008032655385612058
2022-11-15,2022,Kerala,Alappuzha,Kuttanad,influenza_h1n1_seasonal,141,1,train,0.4335117887629159,0,0.0005570322420894717
2020-11-11,2020,Kerala,Alappuzha,Mavelikkara,influenza_h1n1_seasonal,3,1,train,0.1438618882725234,0,0.0
2023-11-25,2023,Kerala,Alappuzha,Mavelikkara,influenza_h1n1_seasonal,30,0,test,0.22802988990142936,0,0.0017726077608968694
2024-11-14,2024,Kerala,Alappuzha,Mavelikkara,influenza_h1n1_seasonal,1,0,test,0.6540362846198464,1,0.0
2023-12-09,2023,Kerala,Ernakulam,Aluva,influenza_h1n1_seasonal,2,1,test,0.21150516522564738,0,0.0
2023-12-23,2023,Kerala,Ernakulam,Aluva,influenza_h1n1_seasonal,1012,0,test,0.09943729810710839,0,0.09070501974317861
2024-11-11,2024,Kerala,Ernakulam,Aluva,influenza_h1n1_seasonal,1,0,test,0.2458108721614981,0,0.0
2022-10-03,2022,Kerala,Ernakulam,Kanayannur,influenza_h1n1_seasonal,12,1,train,0.2619464295861306,0,0.0
2023-10-07,2023,Kerala,Ernakulam,Kanayannur,influenza_h1n1_seasonal,408,0,val,0.3624633470425052,0,0.008198136123050431
2020-11-16,2020,Kerala,Ernakulam,Kochi,influenza_h1n1_seasonal,105,0,train,0.6126631306262025,1,0.0
2020-11-20,2020,Kerala,Ernakulam,Kochi,influenza_h1n1_seasonal,3,0,train,0.5643536664815746,1,0.0
2023-12-30,2023,Kerala,Ernakulam,Kochi,influenza_h1n1_seasonal,1,0,test,0.18145160881846167,0,0.0
2023-12-30,2023,Kerala,Ernakulam,Kochi,influenza_h1n1_seasonal,1,0,test,0.4089908225769129,0,0.0
2024-10-02,2024,Kerala,Ernakulam,Kochi,influenza_h1n1_seasonal,1,0,test,0.41092726440753774,0,0.0
2022-12-28,2022,Kerala,Ernakulam,Kothamangalam,influenza_h1n1_seasonal,2,0,val,0.09563844175689633,0,0.0
2023-12-25,2023,Kerala,Ernakulam,Kothamangalam,influenza_h1n1_seasonal,1,0,test,0.08282194827214258,0,0.0
2023-11-18,2023,Kerala,Ernakulam,Muvattupuzha,influenza_h1n1_seasonal,10,1,test,0.21452757709208356,0,0.0
2024-10-01,2024,Kerala,Ernakulam,Muvattupuzha,influenza_h1n1_seasonal,16,1,test,0.15976714439453166,0,0.00012987852806266287
2024-12-23,2024,Kerala,Ernakulam,Muvattupuzha,influenza_h1n1_seasonal,419,0,test,0.23645660540766011,0,0.059321081809117
2022-11-10,2022,Kerala,Ernakulam,North Paravur,influenza_h1n1_seasonal,5348,0,train,0.17058787764479344,0,0.0
2020-11-09,2020,Kerala,Idukki,Devikulam,influenza_h1n1_seasonal,1,1,train,0.05347978650770261,0,0.0
2022-10-02,2022,Kerala,Idukki,Devikulam,influenza_h1n1_seasonal,33,1,train,0.09147545091200764,0,0.00421923543071019
2022-12-27,2022,Kerala,Idukki,Devikulam,influenza_h1n1_seasonal,15,1,val,0.6763363636375337,1,0.0
2024-10-01,2024,Kerala,Idukki,Devikulam,influenza_h1n1_seasonal,173,1,test,0.3875220457797517,0,0.007794459114670785
2024-12-28,2024,Kerala,Idukki,Devikulam,influenza_h1n1_seasonal,30464,0,test,0.0943589852436204,0,0.32356819585550817
2020-11-20,2020,Kerala,Idukki,Idukki,influenza_h1n1_seasonal,5,0,train,0.498867828638123,0,0.0
2023-12-28,2023,Kerala,Idukki,Idukki,influenza_h1n1_seasonal,5,0,test,0.5011178985956272,1,0.0
2022-12-30,2022,Kerala,Idukki,Peerumade,influenza_h1n1_seasonal,2,1,val,0.1492877867375902,0,0.0
2023-10-03,2023,Kerala,Idukki,Peerumade,influenza_h1n1_seasonal,30362,1,val,0.3800214777441604,0,0.9999999983333334
2022-10-01,2022,Kerala,Idukki,Thodupuzha,influenza_h1n1_seasonal,25,0,train,0.28696127972644864,0,0.0
2022-10-05,2022,Kerala,Idukki,Thodupuzha,influenza_h1n1_seasonal,1,0,train,0.09690372438480103,0,0.0
2022-10-06,2022,Kerala,Idukki,Thodupuzha,influenza_h1n1_seasonal,1,1,train,0.3132021468711225,0,0.0
2022-11-21,2022,Kerala,Idukki,Thodupuzha,influenza_h1n1_seasonal,105,0,train,0.45252696963609684,0,0.00974838580391208
2023-10-21,2023,Kerala,Idukki,Thodupuzha,influenza_h1n1_seasonal,28,0,test,0.17684060251535205,0,0.0
2023-12-26,2023,Kerala,Idukki,Thodupuzha,influenza_h1n1_seasonal,26,1,test,0.5861406002904804,1,0.0
2024-11-11,2024,Kerala,Idukki,Thodupuzha,influenza_h1n1_seasonal,6520,0,test,0.6777939821165622,1,0.14114659058073176
2020-11-20,2020,Kerala,Kannur,Kannur,influenza_h1n1_seasonal,148,1,train,0.6907295364783124,1,0.0
2022-10-05,2022,Kerala,Kannur,Kannur,influenza_h1n1_seasonal,99610,1,train,0.6912401581984586,1,0.17997018985427182
2022-12-28,2022,Kerala,Kannur,Kannur,influenza_h1n1_seasonal,5347,0,val,0.6342368423305326,1,0.0
2023-10-01,2023,Kerala,Kannur,Kannur,influenza_h1n1_seasonal,7,0,val,0.6621294044767088,1,0.0
2023-11-21,2023,Kerala,Kannur,Kannur,influenza_h1n1_seasonal,2,0,test,0.670858469125681,1,0.0
2022-10-04,2022,Kerala,Kannur,Payyanur,influenza_h1n1_seasonal,1,1,train,0.23862556476034308,0,0.0
2020-11-15,2020,Kerala,Kasaragod,Manjeshwaram,influenza_h1n1_seasonal,13,1,train,0.7177232325325476,1,0.0
2020-11-17,2020,Kerala,Kasaragod,Manjeshwaram,influenza_h1n1_seasonal,34,0,train,0.725925492574472,1,0.0003909130901562854
2022-10-01,2022,Kerala,Kasaragod,Manjeshwaram,influenza_h1n1_seasonal,4,0,train,0.7022680661420211,1,0.0
2022-12-24,2022,Kerala,Kasaragod,Manjeshwaram,influenza_h1n1_seasonal,24,0,val,0.5673626288504285,1,0.0006322986577245402
2024-11-11,2024,Kerala,Kasaragod,Manjeshwaram,influenza_h1n1_seasonal,4,1,test,0.72829270746359,1,0.0
2024-11-19,2024,Kerala,Kasaragod,Manjeshwaram,influenza_h1n1_seasonal,91,1,test,0.2849797469002937,0,0.005316207934229369
2024-11-08,2024,Kerala,Kasaragod,Nileshwaram,influenza_h1n1_seasonal,205,1,test,0.7325071038438612,1,0.0
2022-11-15,2022,Kerala,Kasaragod,Vellarikundu,influenza_h1n1_seasonal,10653,1,train,0.7192588861105601,1,0.0
2022-12-23,2022,Kerala,Kasaragod,Vellarikundu,influenza_h1n1_seasonal,7117,0,val,0.6801175114285651,1,0.0
2020-12-24,2020,Kerala,Kollam,Karunagappally,influenza_h1n1_seasonal,4,1,train,0.6739754390617724,1,0.0
2020-11-13,2020,Kerala,Kollam,Kunnathoor,influenza_h1n1_seasonal,11,1,train,0.26810656360615787,0,0.0
2023-10-05,2023,Kerala,Kollam,Kunnathoor,influenza_h1n1_seasonal,14,1,val,0.7224917981409001,1,5.165332649912924e-05
2023-11-17,2023,Kerala,Kollam,Kunnathoor,influenza_h1n1_seasonal,27,1,test,0.737246789059599,1,0.003969056856236838
2022-10-07,2022,Kerala,Kollam,Pathanapuram,influenza_h1n1_seasonal,20,1,train,0.3138251295057236,0,0.0
2023-10-03,2023,Kerala,Kollam,Pathanapuram,influenza_h1n1_seasonal,11,1,val,0.7199765150883617,1,0.0
2022-11-09,2022,Kerala,Kottayam,Changanassery,influenza_h1n1_seasonal,9,1,train,0.08906806985704417,0,0.0
2022-11-11,2022,Kerala,Kottayam,Changanassery,influenza_h1n1_seasonal,11,0,train,0.10063467493066051,0,3.502319544229706e-05
2022-12-24,2022,Kerala,Kottayam,Changanassery,influenza_h1n1_seasonal,2,1,val,0.2451144580939223,0,0.0
2023-10-04,2023,Kerala,Kottayam,Changanassery,influenza_h1n1_seasonal,2052,1,val,0.19474013164530318,0,0.3362844115290449
2023-11-04,2023,Kerala,Kottayam,Changanassery,influenza_h1n1_seasonal,64,1,test,0.2944897418079664,0,0.0
2023-11-10,2023,Kerala,Kottayam,Changanassery,influenza_h1n1_seasonal,5726,0,test,0.7351872341024098,1,0.012029207978606167
2022-11-09,2022,Kerala,Kottayam,Kanjirappally,influenza_h1n1_seasonal,228,1,train,0.2178929025016928,0,0.0
2023-11-04,2023,Kerala,Kottayam,Kanjirappally,influenza_h1n1_seasonal,8,0,test,0.1059985805845354,0,0.0
2023-11-08,2023,Kerala,Kottayam,Kanjirappally,influenza_h1n1_seasonal,2,0,test,0.11721947648319413,0,0.0
2023-12-23,2023,Kerala,Kottayam,Kanjirappally,influenza_h1n1_seasonal,6,0,test,0.7154763953779146,1,0.00010749865447518686
2023-12-27,2023,Kerala,Kottayam,Kanjirappally,influenza_h1n1_seasonal,52,1,test,0.19579674463833957,0,0.0005298147970562781
2024-11-09,2024,Kerala,Kottayam,Kanjirappally,influenza_h1n1_seasonal,72087,0,test,0.7126140806855763,1,0.9999999983333334
2022-11-07,2022,Kerala,Kottayam,Meenachil,influenza_h1n1_seasonal,16,1,train,0.650295565741287,1,0.0
2023-11-09,2023,Kerala,Kottayam,Meenachil,influenza_h1n1_seasonal,498,0,test,0.6751780849830199,1,0.0076330620274342054
2020-10-04,2020,Kerala,Kottayam,Vaikom,influenza_h1n1_seasonal,5,1,train,0.6957128132708835,1,0.0
2022-10-03,2022,Kerala,Kottayam,Vaikom,influenza_h1n1_seasonal,15,1,train,0.07974658244101838,0,0.0004178492771592689
2023-12-22,2023,Kerala,Kottayam,Vaikom,influenza_h1n1_seasonal,32,1,test,0.042507740693911486,0,0.0021352306989344664
2020-11-14,2020,Kerala,Kozhikode,Koyilandy,influenza_h1n1_seasonal,24,1,train,0.09577637336412201,0,0.0
2020-11-09,2020,Kerala,Kozhikode,Kozhikode,influenza_h1n1_seasonal,18824,0,train,0.15462918305716616,0,0.0
2020-12-27,2020,Kerala,Kozhikode,Kozhikode,influenza_h1n1_seasonal,4,0,train,0.16761847778746872,0,0.0
2024-10-01,2024,Kerala,Kozhikode,Kozhikode,influenza_h1n1_seasonal,249,0,test,0.22727715595691794,0,0.003950575551963117
2023-11-20,2023,Kerala,Kozhikode,Vadakara,influenza_h1n1_seasonal,14,0,test,0.09477154906708658,0,0.0
2023-12-26,2023,Kerala,Kozhikode,Vadakara,influenza_h1n1_seasonal,1,1,test,0.11981932662503185,0,0.0
2024-10-01,2024,Kerala,Kozhikode,Vadakara,influenza_h1n1_seasonal,25,1,test,0.2422191753496309,0,0.002367683613123882
2020-11-19,2020,Kerala,Malappuram,Ernad,influenza_h1n1_seasonal,3,1,train,0.6815681517740785,1,0.0
2020-11-11,2020,Kerala,Malappuram,Kondotty,influenza_h1n1_seasonal,1,1,train,0.09039567393266709,0,0.0
2024-12-26,2024,Kerala,Malappuram,Kondotty,influenza_h1n1_seasonal,23,0,test,0.13479805028617173,0,0.002871195612877288
2022-12-30,2022,Kerala,Malappuram,Nilambur,influenza_h1n1_seasonal,29,1,val,0.559048861452914,1,0.0
2023-11-13,2023,Kerala,Malappuram,Nilambur,influenza_h1n1_seasonal,6664,1,test,0.5654230321832907,1,0.05962199514305166
2024-11-10,2024,Kerala,Malappuram,Nilambur,influenza_h1n1_seasonal,27632,1,test,0.1759910622606866,0,0.00443430767066323
2020-10-04,2020,Kerala,Malappuram,Perinthalmanna,influenza_h1n1_seasonal,1,1,train,0.3329501369287712,0,0.0
2020-12-30,2020,Kerala,Malappuram,Perinthalmanna,influenza_h1n1_seasonal,182,1,train,0.15867211905375955,0,0.02430502871642042
2023-11-09,2023,Kerala,Malappuram,Perinthalmanna,influenza_h1n1_seasonal,9,0,test,0.6583694211299362,1,0.0
2024-11-16,2024,Kerala,Malappuram,Ponnani,influenza_h1n1_seasonal,0,0,test,0.21603225593386097,0,0.0
2023-11-10,2023,Kerala,Malappuram,Tirurangadi,influenza_h1n1_seasonal,1,0,test,0.14348286854141082,0,0.0
2023-12-23,2023,Kerala,Malappuram,Tirurangadi,influenza_h1n1_seasonal,5,1,test,0.15414803500814808,0,0.00044472394077806553
2022-11-09,2022,Kerala,Palakkad,Chittur,influenza_h1n1_seasonal,113,0,train,0.14739353116484766,0,0.0
2023-11-11,2023,Kerala,Palakkad,Chittur,influenza_h1n1_seasonal,3,0,test,0.038037840225405,0,0.0
2023-10-07,2023,Kerala,Palakkad,Mannarkkad,influenza_h1n1_seasonal,2,1,val,0.04924537000205031,0,0.0
2020-11-12,2020,Kerala,Palakkad,Ottapalam,influenza_h1n1_seasonal,16,0,train,0.6994788050891013,1,0.0
2020-11-15,2020,Kerala,Palakkad,Ottapalam,influenza_h1n1_seasonal,1,1,train,0.15506144510383493,0,0.0
2023-11-10,2023,Kerala,Palakkad,Ottapalam,influenza_h1n1_seasonal,28,1,test,0.19070167957913634,0,0.0024543608251476347
2023-10-04,2023,Kerala,Palakkad,Palakkad,influenza_h1n1_seasonal,12595,1,val,0.11713476326839109,0,0.0
2023-11-21,2023,Kerala,Palakkad,Palakkad,influenza_h1n1_seasonal,18,0,test,0.07263220715176201,0,0.0
2024-10-05,2024,Kerala,Palakkad,Palakkad,influenza_h1n1_seasonal,19,0,test,0.4828587500205666,0,4.2433679398100055e-06
2024-11-10,2024,Kerala,Palakkad,Palakkad,influenza_h1n1_seasonal,4,0,test,0.6388467055384728,1,0.0
2022-11-20,2022,Kerala,Palakkad,Pattambi,influenza_h1n1_seasonal,98,1,train,0.046402330149020114,0,0.0
2023-12-28,2023,Kerala,Palakkad,Pattambi,influenza_h1n1_seasonal,13,0,test,0.07551816073282165,0,0.0
2022-11-16,2022,Kerala,Pathanamthitta,Adoor,influenza_h1n1_seasonal,19,1,train,0.07260722882205785,0,0.0
2023-11-21,2023,Kerala,Pathanamthitta,Adoor,influenza_h1n1_seasonal,24,0,test,0.7056818738412859,1,5.795279225613556e-05
2023-11-12,2023,Kerala,Pathanamthitta,Konni,influenza_h1n1_seasonal,12,1,test,0.3327375664455334,0,0.0
2024-10-01,2024,Kerala,Pathanamthitta,Kozhenchery,influenza_h1n1_seasonal,27,1,test,0.08025057771259307,0,0.0
2022-11-13,2022,Kerala,Pathanamthitta,Mallappally,influenza_h1n1_seasonal,4,1,train,0.28305549770190497,0,0.0
2023-11-18,2023,Kerala,Pathanamthitta,Mallappally,influenza_h1n1_seasonal,50334,1,test,0.6499300545555718,1,0.9999999983333334
2022-11-08,2022,Kerala,Pathanamthitta,Ranni,influenza_h1n1_seasonal,1,0,train,0.18333131503238095,0,0.0
2023-11-19,2023,Kerala,Pathanamthitta,Thiruvalla,influenza_h1n1_seasonal,15,1,test,0.2282978775145126,0,0.0
2020-11-12,2020,Kerala,Thiruvananthapuram,Kattakkada,influenza_h1n1_seasonal,23,1,train,0.18760918981231334,0,0.0
2024-10-02,2024,Kerala,Thiruvananthapuram,Kattakkada,influenza_h1n1_seasonal,12,0,test,0.10170030619718107,0,0.0
2022-10-06,2022,Kerala,Thiruvananthapuram,Nedumangad,influenza_h1n1_seasonal,1,1,train,0.12727453243369868,0,0.0
2023-11-12,2023,Kerala,Thiruvananthapuram,Nedumangad,influenza_h1n1_seasonal,412,1,test,0.243224402150065,0,0.05530994452657715
2022-12-29,2022,Kerala,Thiruvananthapuram,Neyyattinkara,influenza_h1n1_seasonal,4,1,val,0.5220173245687825,1,0.0
2023-12-02,2023,Kerala,Thiruvananthapuram,Neyyattinkara,influenza_h1n1_seasonal,18,1,test,0.04583431228932083,0,0.0007171055034443867
2024-10-06,2024,Kerala,Thiruvananthapuram,Neyyattinkara,influenza_h1n1_seasonal,120,0,test,0.0494072671020306,0,0.008110206347821362
2024-12-24,2024,Kerala,Thiruvananthapuram,Neyyattinkara,influenza_h1n1_seasonal,7,0,test,0.7098003020107891,1,0.0
2024-12-25,2024,Kerala,Thiruvananthapuram,Neyyattinkara,influenza_h1n1_seasonal,8,1,test,0.6777873768758159,1,1.007799885704877e-05
2022-11-08,2022,Kerala,Thiruvananthapuram,Thiruvananthapuram,influenza_h1n1_seasonal,1,1,train,0.17266105121176117,0,0.0
2024-11-09,2024,Kerala,Thiruvananthapuram,Thiruvananthapuram,influenza_h1n1_seasonal,40,0,test,0.05674972168183296,0,0.005162863303193221
2020-11-08,2020,Kerala,Thiruvananthapuram,Varkala,influenza_h1n1_seasonal,16,1,train,0.0437593935876232,0,0.0
2023-10-07,2023,Kerala,Thiruvananthapuram,Varkala,influenza_h1n1_seasonal,59,1,val,0.0358830322832431,0,0.000670832850626633
2023-11-13,2023,Kerala,Thiruvananthapuram,Varkala,influenza_h1n1_seasonal,127,1,test,0.23145837510841694,0,0.0021235275125806082
2023-11-18,2023,Kerala,Thiruvananthapuram,Varkala,influenza_h1n1_seasonal,174,0,test,0.19912688088945846,0,0.0013563370954083162
2022-12-27,2022,Kerala,Thrissur,Chalakudy,influenza_h1n1_seasonal,74,1,val,0.18686050043200075,0,0.0
2022-10-05,2022,Kerala,Thrissur,Kodungallur,influenza_h1n1_seasonal,2,1,train,0.27686235627017086,0,0.0
2023-10-02,2023,Kerala,Thrissur,Kodungallur,influenza_h1n1_seasonal,8,0,val,0.16210510245957185,0,0.00047622126956309714
2023-12-28,2023,Kerala,Thrissur,Kodungallur,influenza_h1n1_seasonal,4,1,test,0.16728341488144546,0,0.0
2024-10-02,2024,Kerala,Thrissur,Kodungallur,influenza_h1n1_seasonal,7515,1,test,0.2590240858739332,0,0.9999999983333334
2020-11-13,2020,Kerala,Thrissur,Mukundapuram,influenza_h1n1_seasonal,182,1,train,0.38328689880869,0,0.0
2020-12-24,2020,Kerala,Thrissur,Mukundapuram,influenza_h1n1_seasonal,27,0,train,0.4512767755723887,0,0.0
2023-10-05,2023,Kerala,Thrissur,Mukundapuram,influenza_h1n1_seasonal,26,1,val,0.29080521542502774,0,0.0
2023-12-28,2023,Kerala,Thrissur,Mukundapuram,influenza_h1n1_seasonal,278,0,test,0.6728006771911725,1,0.00243290361970347
2023-12-31,2023,Kerala,Thrissur,Mukundapuram,influenza_h1n1_seasonal,1,0,test,0.5692932408712036,1,0.0
2020-11-08,2020,Kerala,Thrissur,Talappilly,influenza_h1n1_seasonal,18825,1,train,0.48725616068300964,0,0.0
2022-10-03,2022,Kerala,Thrissur,Talappilly,influenza_h1n1_seasonal,260,0,train,0.1954373514598911,0,0.0
2022-11-13,2022,Kerala,Thrissur,Talappilly,influenza_h1n1_seasonal,3,0,train,0.09566813283856498,0,0.0
2022-12-24,2022,Kerala,Thrissur,Talappilly,influenza_h1n1_seasonal,1,0,val,0.17410434833920083,0,0.0
2022-12-26,2022,Kerala,Thrissur,Talappilly,influenza_h1n1_seasonal,186,0,val,0.09678146316255923,0,0.007457719154216088
2023-11-09,2023,Kerala,Thrissur,Talappilly,influenza_h1n1_seasonal,1,0,test,0.17787289326904968,0,0.0
2020-11-20,2020,Kerala,Thrissur,Thrissur,influenza_h1n1_seasonal,1,1,train,0.17806720517965452,0,0.0
2022-10-03,2022,Kerala,Thrissur,Thrissur,influenza_h1n1_seasonal,7,0,train,0.2262222818130759,0,0.0007143319043446458
2022-11-09,2022,Kerala,Wayanad,Mananthavady,influenza_h1n1_seasonal,1,1,train,0.17308299717269712,0,0.0
2022-11-13,2022,Kerala,Wayanad,Mananthavady,influenza_h1n1_seasonal,11,1,train,0.09107000752614045,0,0.0012535478314778066
2022-11-20,2022,Kerala,Wayanad,Mananthavady,influenza_h1n1_seasonal,46,0,train,0.6212347510759524,1,0.004358573328827089
2023-11-08,2023,Kerala,Wayanad,Mananthavady,influenza_h1n1_seasonal,8,0,test,0.6830247019365295,1,0.0
2024-10-05,2024,Kerala,Wayanad,Mananthavady,influenza_h1n1_seasonal,59,0,test,0.7003843109691368,1,0.002052272083664417
2024-11-12,2024,Kerala,Wayanad,Mananthavady,influenza_h1n1_seasonal,1,0,test,0.14790744434318626,0,0.0
2020-11-16,2020,Kerala,Wayanad,Sulthan Bathery,influenza_h1n1_seasonal,10448,1,train,0.1758646778760899,0,0.0
2020-12-31,2020,Kerala,Wayanad,Sulthan Bathery,influenza_h1n1_seasonal,8,0,train,0.12612403897250485,0,0.0
2022-10-08,2022,Kerala,Wayanad,Sulthan Bathery,influenza_h1n1_seasonal,268,1,train,0.24049188912123878,0,0.002329137513629049
2023-11-09,2023,Kerala,Wayanad,Sulthan Bathery,influenza_h1n1_seasonal,30716,0,test,0.17845028179869502,0,0.013034611170425545
2023-11-12,2023,Kerala,Wayanad,Sulthan Bathery,influenza_h1n1_seasonal,28,0,test,0.539381770411742,1,0.0
2024-10-02,2024,Kerala,Wayanad,Sulthan Bathery,influenza_h1n1_seasonal,327,0,test,0.4495964437120745,0,0.0008312611471055398
2024-11-08,2024,Kerala,Wayanad,Sulthan Bathery,influenza_h1n1_seasonal,11,0,test,0.4236672985124008,0,0.0
2024-12-24,2024,Kerala,Wayanad,Sulthan Bathery,influenza_h1n1_seasonal,289,0,test,0.09889859477335071,0,0.0018677891215063717
2022-10-23,2022,Kerala,Alappuzha,Karthikappally,japanese_encephalitis,92,1,train,0.41218006100999566,0,0.0
2022-09-06,2022,Kerala,Alappuzha,Kuttanad,kala_azar,60,1,train,0.41297437806318754,0,0.0
2022-10-23,2022,Kerala,Alappuzha,Ambalappuzha,leptospirosis_confirmed,1,0,train,0.6740587276391588,1,0.0
2022-10-26,2022,Kerala,Alappuzha,Ambalappuzha,leptospirosis_confirmed,1,0,train,0.07503895244758982,0,0.0
2024-09-12,2024,Kerala,Alappuzha,Ambalappuzha,leptospirosis_confirmed,1,1,test,0.3123269927656357,0,0.0
2024-09-14,2024,Kerala,Alappuzha,Ambalappuzha,leptospirosis_confirmed,13,0,test,0.10503620336166249,0,0.008036689674419527
2020-04-05,2020,Kerala,Alappuzha,Chenganoor,leptospirosis_confirmed,3,1,train,0.43954625602305314,0,0.0
2020-10-17,2020,Kerala,Alappuzha,Chenganoor,leptospirosis_confirmed,577,1,train,0.1423441185715917,0,0.03864149677862672
2021-09-15,2021,Kerala,Alappuzha,Chenganoor,leptospirosis_confirmed,6818,0,train,0.08833499155816424,0,0.013839459108381472
2022-05-06,2022,Kerala,Alappuzha,Chenganoor,leptospirosis_confirmed,26,0,train,0.6879770792840771,1,0.0
2022-11-28,2022,Kerala,Alappuzha,Chenganoor,leptospirosis_confirmed,2,1,val,0.6537061852878375,1,0.0
2023-04-04,2023,Kerala,Alappuzha,Chenganoor,leptospirosis_confirmed,39554,0,val,0.7028134566534965,1,0.5107449625398128
2020-12-30,2020,Kerala,Alappuzha,Cherthala,leptospirosis_confirmed,1,1,train,0.2153422481603986,0,0.0
2021-10-27,2021,Kerala,Alappuzha,Cherthala,leptospirosis_confirmed,53,0,train,0.1541877268769327,0,0.0069153150663759915
2021-11-28,2021,Kerala,Alappuzha,Cherthala,leptospirosis_confirmed,2,0,train,0.06584313876367803,0,0.0
2023-10-23,2023,Kerala,Alappuzha,Cherthala,leptospirosis_confirmed,1,1,test,0.06252317323556988,0,0.0
2020-09-09,2020,Kerala,Alappuzha,Karthikappally,leptospirosis_confirmed,5,1,train,0.17642952811829576,0,0.0
2022-10-25,2022,Kerala,Alappuzha,Karthikappally,leptospirosis_confirmed,11,1,train,0.243624816479927,0,0.00023811063478154857
2023-04-04,2023,Kerala,Alappuzha,Karthikappally,leptospirosis_confirmed,10481,1,val,0.6615887080628429,1,0.9569044489352944
2023-10-17,2023,Kerala,Alappuzha,Karthikappally,leptospirosis_confirmed,209,0,val,0.08488195230088519,0,0.0
2024-10-23,2024,Kerala,Alappuzha,Karthikappally,leptospirosis_confirmed,172,0,test,0.37761296246815773,0,0.0
2021-10-24,2021,Kerala,Alappuzha,Kuttanad,leptospirosis_confirmed,195,1,train,0.3093174178407551,0,0.0
2023-09-10,2023,Kerala,Alappuzha,Kuttanad,leptospirosis_confirmed,3052,0,val,0.08378316403716501,0,0.003928984530290866
2020-09-10,2020,Kerala,Alappuzha,Mavelikkara,leptospirosis_confirmed,1,1,train,0.08562086629249409,0,0.0
2020-09-12,2020,Kerala,Alappuzha,Mavelikkara,leptospirosis_confirmed,15,0,train,0.1178341534506449,0,0.0017927637586109672
2021-09-10,2021,Kerala,Alappuzha,Mavelikkara,leptospirosis_confirmed,5,0,train,0.6937929175179286,1,0.0
2022-10-21,2022,Kerala,Alappuzha,Mavelikkara,leptospirosis_confirmed,2,1,train,0.6842938096079065,1,0.0
2022-10-22,2022,Kerala,Alappuzha,Mavelikkara,leptospirosis_confirmed,260,0,train,0.4014052052050077,0,0.03559883658085829
2023-01-02,2023,Kerala,Alappuzha,Mavelikkara,leptospirosis_confirmed,16,1,val,0.06551236939250278,0,0.0
2020-04-05,2020,Kerala,Ernakulam,Aluva,leptospirosis_confirmed,1,1,train,0.046621233453976875,0,0.0
2020-10-17,2020,Kerala,Ernakulam,Aluva,leptospirosis_confirmed,198,1,train,0.7146988575770047,1,0.026461892424953063
2020-10-20,2020,Kerala,Ernakulam,Aluva,leptospirosis_confirmed,10292,0,train,0.29785994232369445,0,0.06296996667626242
2023-10-22,2023,Kerala,Ernakulam,Aluva,leptospirosis_confirmed,6,0,test,0.3416203035445847,0,0.0
2020-09-12,2020,Kerala,Ernakulam,Kanayannur,leptospirosis_confirmed,291,1,train,0.5976186343409441,1,0.0
2022-09-09,2022,Kerala,Ernakulam,Kanayannur,leptospirosis_confirmed,12,1,train,0.10752668165116484,0,0.0
2020-09-12,2020,Kerala,Ernakulam,Kochi,leptospirosis_confirmed,78,1,train,0.08279087404168745,0,0.0
2020-09-14,2020,Kerala,Ernakulam,Kochi,leptospirosis_confirmed,55,0,train,0.06397880900534267,0,0.0
2021-04-04,2021,Kerala,Ernakulam,Kochi,leptospirosis_confirmed,39,0,train,0.6367647997583001,1,0.0
2023-01-02,2023,Kerala,Ernakulam,Kochi,leptospirosis_confirmed,1,1,val,0.02731801791092103,0,0.0
2021-01-02,2021,Kerala,Ernakulam,Kothamangalam,leptospirosis_confirmed,3,1,train,0.08141428116155927,0,0.0
2021-10-19,2021,Kerala,Ernakulam,Kothamangalam,leptospirosis_confirmed,6,1,train,0.3973823932072436,0,0.0001549599794973877
2022-04-04,2022,Kerala,Ernakulam,Kothamangalam,leptospirosis_confirmed,10,1,train,0.7540608944476708,1,0.00160801087263772
2022-07-08,2022,Kerala,Ernakulam,Kothamangalam,leptospirosis_confirmed,48846,1,train,0.6398204771077798,1,0.9999999983333334
2022-10-19,2022,Kerala,Ernakulam,Kothamangalam,leptospirosis_confirmed,38,0,train,0.11801047387618785,0,0.0
2024-10-24,2024,Kerala,Ernakulam,Kothamangalam,leptospirosis_confirmed,6,0,test,0.06224558870757928,0,0.0
2020-10-28,2020,Kerala,Ernakulam,Kunnathunad,leptospirosis_confirmed,292,1,train,0.042462498223103336,0,0.0
2020-10-18,2020,Kerala,Ernakulam,Muvattupuzha,leptospirosis_confirmed,89,1,train,0.6335836609127543,1,0.0
2021-07-09,2021,Kerala,Ernakulam,Muvattupuzha,leptospirosis_confirmed,2226,1,train,0.6443160915531614,1,0.0063995914907674645
2024-09-12,2024,Kerala,Ernakulam,Muvattupuzha,leptospirosis_confirmed,27632,0,test,0.6752168869988379,1,0.014748195848928215
2021-07-07,2021,Kerala,Ernakulam,North Paravur,leptospirosis_confirmed,1,0,train,0.1572128121738226,0,0.0
2022-10-18,2022,Kerala,Ernakulam,North Paravur,leptospirosis_confirmed,1,0,train,0.10351185246390347,0,0.0
2024-05-06,2024,Kerala,Ernakulam,North Paravur,leptospirosis_confirmed,1,1,test,0.5297045828485717,1,0.0
2024-09-15,2024,Kerala,Ernakulam,North Paravur,leptospirosis_confirmed,126,1,test,0.05479804874096521,0,0.08460531698004722
2020-10-17,2020,Kerala,Idukki,Devikulam,leptospirosis_confirmed,8,1,train,0.4344842627957498,0,0.0
2023-04-04,2023,Kerala,Idukki,Devikulam,leptospirosis_confirmed,14,1,val,0.136379336772107,0,0.00015874042318769906
2024-09-13,2024,Kerala,Idukki,Devikulam,leptospirosis_confirmed,20,0,test,0.36098902625269225,0,0.0013096799053813031
2024-09-15,2024,Kerala,Idukki,Devikulam,leptospirosis_confirmed,4,1,test,0.23413501502704148,0,0.0
2024-10-16,2024,Kerala,Idukki,Devikulam,leptospirosis_confirmed,136,1,test,0.2754591389904477,0,0.013649622723059246
2020-10-21,2020,Kerala,Idukki,Idukki,leptospirosis_confirmed,1,1,train,0.046010565024689504,0,0.0
2021-10-18,2021,Kerala,Idukki,Idukki,leptospirosis_confirmed,245,1,train,0.05894119833358934,0,0.0327976795687677
2023-09-09,2023,Kerala,Idukki,Idukki,leptospirosis_confirmed,53,0,val,0.700003612227188,1,0.0
2023-09-12,2023,Kerala,Idukki,Idukki,leptospirosis_confirmed,26,0,val,0.25278777269738617,0,0.0
2022-09-15,2022,Kerala,Idukki,Peerumade,leptospirosis_confirmed,1,1,train,0.5687760216019303,1,0.0
2020-09-14,2020,Kerala,Idukki,Thodupuzha,leptospirosis_confirmed,1,1,train,0.36599222742091214,0,0.0
2021-09-11,2021,Kerala,Idukki,Thodupuzha,leptospirosis_confirmed,53,1,train,0.3031800618445776,0,0.0069153150663759915
2021-09-15,2021,Kerala,Idukki,Thodupuzha,leptospirosis_confirmed,43,0,train,0.716138281862789,1,0.00033743443834134815
2022-04-04,2022,Kerala,Idukki,Thodupuzha,leptospirosis_confirmed,1,0,train,0.6766301310779468,1,0.0
2023-10-16,2023,Kerala,Idukki,Thodupuzha,leptospirosis_confirmed,1,1,val,0.0658374496799119,0,0.0
2023-10-23,2023,Kerala,Idukki,Thodupuzha,leptospirosis_confirmed,7724,0,test,0.07047144162750724,0,0.5293177858464277
2024-10-18,2024,Kerala,Idukki,Thodupuzha,leptospirosis_confirmed,1,0,test,0.16951711290927554,0,0.0
2020-10-25,2020,Kerala,Idukki,Udumbanchola,leptospirosis_confirmed,21,1,train,0.10665955061375917,0,0.0
2021-10-22,2021,Kerala,Idukki,Udumbanchola,leptospirosis_confirmed,38,0,train,0.6865483457568747,1,0.00019974324581462156
2022-11-28,2022,Kerala,Idukki,Udumbanchola,leptospirosis_confirmed,10,0,val,0.5067245258290093,1,0.0
2020-01-01,2020,Kerala,Kannur,Iritty,leptospirosis_confirmed,54,1,train,0.6457527252017478,1,0.0
2021-09-10,2021,Kerala,Kannur,Iritty,leptospirosis_confirmed,12253,0,train,0.639142474391533,1,0.05979561024683642
2022-09-13,2022,Kerala,Kannur,Iritty,leptospirosis_confirmed,7,0,train,0.7050049544428654,1,0.0
2023-01-02,2023,Kerala,Kannur,Iritty,leptospirosis_confirmed,1027,0,val,0.17358565695226566,0,0.010279558834189744
2023-09-09,2023,Kerala,Kannur,Iritty,leptospirosis_confirmed,35,0,val,0.1356447091689326,0,0.0
2020-10-19,2020,Kerala,Kannur,Kannur,leptospirosis_confirmed,2,1,train,0.24564405699267725,0,0.0
2023-04-05,2023,Kerala,Kannur,Kannur,leptospirosis_confirmed,15,1,val,0.532707223727529,1,0.0011053065178851177
2023-07-08,2023,Kerala,Kannur,Kannur,leptospirosis_confirmed,8,0,val,0.6031863653332102,1,0.0
2023-10-21,2023,Kerala,Kannur,Kannur,leptospirosis_confirmed,4,1,test,0.6802147972768294,1,0.0
2020-04-03,2020,Kerala,Kannur,Payyanur,leptospirosis_confirmed,89,1,train,0.08288059541233718,0,0.0
2022-04-03,2022,Kerala,Kannur,Payyanur,leptospirosis_confirmed,7,0,train,0.6412073049086583,1,0.0
2023-10-19,2023,Kerala,Kannur,Payyanur,leptospirosis_confirmed,57,1,val,0.1101716934283626,0,0.0006190062490505666
2020-01-01,2020,Kerala,Kannur,Taliparamba,leptospirosis_confirmed,13,0,train,0.07514835581519792,0,0.0
2020-05-06,2020,Kerala,Kannur,Taliparamba,leptospirosis_confirmed,2,1,train,0.08500145734026095,0,0.0
2021-05-06,2021,Kerala,Kannur,Taliparamba,leptospirosis_confirmed,33,1,train,0.12207248158943272,0,0.0031573327996024516
2021-09-15,2021,Kerala,Kannur,Taliparamba,leptospirosis_confirmed,108,1,train,0.7357000448671481,1,0.004366888270973069
2021-10-20,2021,Kerala,Kannur,Taliparamba,leptospirosis_confirmed,269,0,train,0.7650857999702931,1,0.0038151812219865237
2022-09-11,2022,Kerala,Kannur,Taliparamba,leptospirosis_confirmed,36,0,train,0.7317716897722248,1,0.0
2023-12-31,2023,Kerala,Kannur,Taliparamba,leptospirosis_confirmed,4,0,test,0.1950346310302049,0,0.0
2022-10-25,2022,Kerala,Kannur,Thalassery,leptospirosis_confirmed,1,1,train,0.6745706723258854,1,0.0
2023-09-10,2023,Kerala,Kannur,Thalassery,leptospirosis_confirmed,10,0,val,0.10508584138009117,0,0.001118743849694516
2023-09-13,2023,Kerala,Kannur,Thalassery,leptospirosis_confirmed,2,0,val,0.6849323149573948,1,0.0
2024-09-13,2024,Kerala,Kannur,Thalassery,leptospirosis_confirmed,2,1,test,0.7014561329712014,1,0.0
2021-10-22,2021,Kerala,Kasaragod,Hosdurg,leptospirosis_confirmed,1,0,train,0.6637169500114477,1,0.0
2021-11-28,2021,Kerala,Kasaragod,Hosdurg,leptospirosis_confirmed,3,1,train,0.5598548419439459,1,0.00017511597721148523
2022-07-09,2022,Kerala,Kasaragod,Hosdurg,leptospirosis_confirmed,29,1,train,0.3655469518672117,0,0.012524885982475765
2022-10-27,2022,Kerala,Kasaragod,Hosdurg,leptospirosis_confirmed,21,0,train,0.36257956271446906,0,0.0004892265442211448
2020-01-02,2020,Kerala,Kasaragod,Kasaragod,leptospirosis_confirmed,1294,1,train,0.6607855160843205,1,0.0
2021-10-16,2021,Kerala,Kasaragod,Kasaragod,leptospirosis_confirmed,39,0,train,0.06759515680331905,0,0.0
2023-05-07,2023,Kerala,Kasaragod,Kasaragod,leptospirosis_confirmed,7,0,val,0.1887100996813066,0,0.0
2023-10-19,2023,Kerala,Kasaragod,Kasaragod,leptospirosis_confirmed,2,0,val,0.10618703975392424,0,0.0
2023-10-26,2023,Kerala,Kasaragod,Kasaragod,leptospirosis_confirmed,11,1,test,0.12160277386482138,0,0.00024187197256917046
2024-04-03,2024,Kerala,Kasaragod,Kasaragod,leptospirosis_confirmed,1638,0,test,0.21909322569527176,0,0.031693570393806866
2020-10-18,2020,Kerala,Kasaragod,Manjeshwaram,leptospirosis_confirmed,199,1,train,0.08261898494390187,0,0.0
2021-04-02,2021,Kerala,Kasaragod,Manjeshwaram,leptospirosis_confirmed,37,0,train,0.0639864138518044,0,0.0
2020-10-26,2020,Kerala,Kasaragod,Nileshwaram,leptospirosis_confirmed,200,1,train,0.1293811916015132,0,0.0
2020-10-27,2020,Kerala,Kasaragod,Nileshwaram,leptospirosis_confirmed,69,0,train,0.484754024633594,0,0.0
2020-10-28,2020,Kerala,Kasaragod,Nileshwaram,leptospirosis_confirmed,182,0,train,0.7183341027304684,1,0.0004733425888673101
2020-11-28,2020,Kerala,Kasaragod,Nileshwaram,leptospirosis_confirmed,78,0,train,0.5248042398141962,1,0.0
2022-11-28,2022,Kerala,Kasaragod,Nileshwaram,leptospirosis_confirmed,19,0,val,0.7010340234118295,1,0.0
2023-10-07,2023,Kerala,Kasaragod,Nileshwaram,leptospirosis_confirmed,44,0,val,0.6939025862931842,1,0.00010077998857048768
2020-07-09,2020,Kerala,Kasaragod,Vellarikundu,leptospirosis_confirmed,4,0,train,0.7412072582264444,1,0.0
2021-10-24,2021,Kerala,Kasaragod,Vellarikundu,leptospirosis_confirmed,3,1,train,0.7269526984232342,1,0.0
2021-10-20,2021,Kerala,Kollam,Karunagappally,leptospirosis_confirmed,1219,0,train,0.702290187349502,1,0.0
2020-09-14,2020,Kerala,Kollam,Kollam,leptospirosis_confirmed,2,1,train,0.6772734764116309,1,0.0
2020-10-28,2020,Kerala,Kollam,Kollam,leptospirosis_confirmed,17,1,train,0.7271872951616126,1,0.0012850451602628382
2020-12-31,2020,Kerala,Kollam,Kollam,leptospirosis_confirmed,10449,1,train,0.2651265463181795,0,0.7688461819875151
2023-01-01,2023,Kerala,Kollam,Kollam,leptospirosis_confirmed,558,0,val,0.7218051996241472,1,0.0
2022-10-21,2022,Kerala,Kollam,Kottarakkara,leptospirosis_confirmed,70,0,train,0.6823021613634278,1,0.0
2023-01-01,2023,Kerala,Kollam,Kottarakkara,leptospirosis_confirmed,2,0,val,0.06463622950150821,0,0.0
2023-09-30,2023,Kerala,Kollam,Kottarakkara,leptospirosis_confirmed,12,0,val,0.05934067695353534,0,0.0002687466361879671
2024-10-21,2024,Kerala,Kollam,Kottarakkara,leptospirosis_confirmed,1,0,test,0.4576953370883826,0,0.0
2020-09-14,2020,Kerala,Kollam,Kunnathoor,leptospirosis_confirmed,202,1,train,0.12490216710119978,0,0.0
2022-10-16,2022,Kerala,Kollam,Kunnathoor,leptospirosis_confirmed,342,0,train,0.6834392583118976,1,0.0001850055710670495
2024-04-13,2024,Kerala,Kollam,Kunnathoor,leptospirosis_confirmed,12,0,test,0.6147203905648633,1,0.0
2024-05-07,2024,Kerala,Kollam,Kunnathoor,leptospirosis_confirmed,16,0,test,0.5690546537483608,1,2.4807381801966197e-05
2021-09-15,2021,Kerala,Kollam,Pathanapuram,leptospirosis_confirmed,136,1,train,0.569590861597603,1,0.0
2021-10-19,2021,Kerala,Kollam,Pathanapuram,leptospirosis_confirmed,71,0,train,0.7393547531987779,1,0.0
2020-10-28,2020,Kerala,Kollam,Punalur,leptospirosis_confirmed,12,1,train,0.7165297581814997,1,0.0
2022-09-15,2022,Kerala,Kollam,Punalur,leptospirosis_confirmed,133,1,train,0.6911618654750576,1,0.0024948907399112326
2022-10-17,2022,Kerala,Kollam,Punalur,leptospirosis_confirmed,180,0,train,0.7288217237483994,1,0.0009840954414171302
2020-07-08,2020,Kerala,Kottayam,Changanassery,leptospirosis_confirmed,17,0,train,0.6428027382972159,1,0.0
2020-09-12,2020,Kerala,Kottayam,Changanassery,leptospirosis_confirmed,2,0,train,0.7376717658347028,1,0.0
2021-09-09,2021,Kerala,Kottayam,Changanassery,leptospirosis_confirmed,11,0,train,0.6876311298051655,1,0.0003276339422914685
2021-04-04,2021,Kerala,Kottayam,Kanjirappally,leptospirosis_confirmed,47,1,train,0.18981454995684185,0,0.0
2021-09-14,2021,Kerala,Kottayam,Kanjirappally,leptospirosis_confirmed,383,1,train,0.05567806975946171,0,0.0018833185788679333
2022-05-06,2022,Kerala,Kottayam,Kottayam,leptospirosis_confirmed,1,0,train,0.05779500636225793,0,0.0
2022-07-08,2022,Kerala,Kottayam,Kottayam,leptospirosis_confirmed,1,1,train,0.1338122169379309,0,0.0
2022-10-25,2022,Kerala,Kottayam,Kottayam,leptospirosis_confirmed,11721,1,train,0.10576383378561138,0,0.9999999983333334
2022-11-29,2022,Kerala,Kottayam,Kottayam,leptospirosis_confirmed,189,0,val,0.5564304633063935,1,0.0
2024-01-02,2024,Kerala,Kottayam,Kottayam,leptospirosis_confirmed,1,0,test,0.07373324391727049,0,0.0
2020-10-23,2020,Kerala,Kottayam,Meenachil,leptospirosis_confirmed,77,1,train,0.24383612903979304,0,0.0
2020-10-23,2020,Kerala,Kottayam,Meenachil,leptospirosis_confirmed,14,0,train,0.16041875754262894,0,0.0
2022-10-18,2022,Kerala,Kottayam,Meenachil,leptospirosis_confirmed,30,1,train,0.11985468577389886,0,8.599892358014952e-05
2023-09-09,2023,Kerala,Kottayam,Meenachil,leptospirosis_confirmed,65027,0,val,0.5903631048232338,1,0.9999999983333334
2020-12-31,2020,Kerala,Kottayam,Vaikom,leptospirosis_confirmed,2,0,train,0.12721055317022,0,0.0
2022-09-10,2022,Kerala,Kottayam,Vaikom,leptospirosis_confirmed,1,1,train,0.16523535003213852,0,0.0
2022-10-26,2022,Kerala,Kottayam,Vaikom,leptospirosis_confirmed,22,1,train,0.2573630059061172,0,0.018056987141079388
2020-11-28,2020,Kerala,Kozhikode,Koyilandy,leptospirosis_confirmed,2,1,train,0.30348728542560416,0,0.0
2022-10-25,2022,Kerala,Kozhikode,Koyilandy,leptospirosis_confirmed,41744,1,train,0.13643420992487926,0,0.9999999983333334
2023-09-11,2023,Kerala,Kozhikode,Koyilandy,leptospirosis_confirmed,6,0,val,0.13112296506258123,0,0.0
2021-07-08,2021,Kerala,Kozhikode,Kozhikode,leptospirosis_confirmed,33,0,train,0.6353850519617186,1,0.0
2022-01-02,2022,Kerala,Kozhikode,Kozhikode,leptospirosis_confirmed,1,1,train,0.5735151586386137,1,0.0
2020-10-23,2020,Kerala,Kozhikode,Thamarassery,leptospirosis_confirmed,5,1,train,0.2386432735152184,0,0.0
2020-11-28,2020,Kerala,Kozhikode,Thamarassery,leptospirosis_confirmed,37,0,train,0.6609358786276844,1,0.00140641181023673
2021-04-04,2021,Kerala,Kozhikode,Thamarassery,leptospirosis_confirmed,3,0,train,0.5310306619618366,1,0.0
2021-10-21,2021,Kerala,Kozhikode,Thamarassery,leptospirosis_confirmed,8,1,train,0.09620125825615132,0,0.00010077998857048768
2021-10-24,2021,Kerala,Kozhikode,Thamarassery,leptospirosis_confirmed,2227,1,train,0.1513256240485611,0,0.12448397375220432
2020-04-05,2020,Kerala,Malappuram,Ernad,leptospirosis_confirmed,3,1,train,0.11163885003442087,0,0.0
2020-09-13,2020,Kerala,Malappuram,Ernad,leptospirosis_confirmed,3389,0,train,0.1274563135158504,0,0.22817589516593265
2021-09-09,2021,Kerala,Malappuram,Ernad,leptospirosis_confirmed,1,0,train,0.06065963212913722,0,0.0
2021-10-27,2021,Kerala,Malappuram,Ernad,leptospirosis_confirmed,4,1,train,0.17204696267197128,0,0.00012093598628458523
2022-09-13,2022,Kerala,Malappuram,Ernad,leptospirosis_confirmed,62383,0,train,0.32269247339022883,0,0.5334032565190063
2024-05-06,2024,Kerala,Malappuram,Ernad,leptospirosis_confirmed,109,0,test,0.05759532076840145,0,0.0
2020-01-01,2020,Kerala,Malappuram,Kondotty,leptospirosis_confirmed,4,1,train,0.32754656250588793,0,0.0
2020-05-06,2020,Kerala,Malappuram,Kondotty,leptospirosis_confirmed,34,1,train,0.0825523297935801,0,0.001579850986857444
2021-10-24,2021,Kerala,Malappuram,Kondotty,leptospirosis_confirmed,15,0,train,0.4117331558580186,0,0.0
2022-09-11,2022,Kerala,Malappuram,Kondotty,leptospirosis_confirmed,1,0,train,0.1297509888363865,0,0.0
2022-10-23,2022,Kerala,Malappuram,Kondotty,leptospirosis_confirmed,1,0,train,0.17528107928180214,0,0.0
2023-04-03,2023,Kerala,Malappuram,Kondotty,leptospirosis_confirmed,5,1,val,0.031648227668326395,0,0.00016124798171278032
2020-04-03,2020,Kerala,Malappuram,Nilambur,leptospirosis_confirmed,22,0,train,0.0806019588916655,0,0.0
2020-09-15,2020,Kerala,Malappuram,Nilambur,leptospirosis_confirmed,4,0,train,0.448634928422028,0,0.0
2021-07-08,2021,Kerala,Malappuram,Nilambur,leptospirosis_confirmed,18,0,train,0.46441583688042287,0,0.0004929724088571622
2021-10-21,2021,Kerala,Malappuram,Nilambur,leptospirosis_confirmed,7,1,train,0.33555844594303474,0,0.0
2020-12-30,2020,Kerala,Malappuram,Perinthalmanna,leptospirosis_confirmed,61,1,train,0.17944289828804344,0,0.0
2022-10-20,2022,Kerala,Malappuram,Perinthalmanna,leptospirosis_confirmed,18,0,train,0.06644537792291291,0,0.0
2024-01-13,2024,Kerala,Malappuram,Perinthalmanna,leptospirosis_confirmed,31,0,test,0.16172159595961072,0,5.5163783217530104e-05
2020-09-13,2020,Kerala,Malappuram,Ponnani,leptospirosis_confirmed,327,1,train,0.10898132040226599,0,0.0
2020-10-25,2020,Kerala,Malappuram,Ponnani,leptospirosis_confirmed,13,0,train,0.5624207274297977,1,0.0
2022-09-12,2022,Kerala,Malappuram,Ponnani,leptospirosis_confirmed,16,0,train,0.5608169663044444,1,1.7276569469226453e-05
2023-10-18,2023,Kerala,Malappuram,Ponnani,leptospirosis_confirmed,209,0,val,0.3912991994684458,0,0.0013281553341502631
2022-10-23,2022,Kerala,Malappuram,Tirur,leptospirosis_confirmed,105,1,train,0.6925756813638589,1,0.0
2020-04-05,2020,Kerala,Malappuram,Tirurangadi,leptospirosis_confirmed,158,0,train,0.7914697832520029,1,0.0
2021-11-27,2021,Kerala,Malappuram,Tirurangadi,leptospirosis_confirmed,3,0,train,0.10957540140244719,0,0.0
2022-10-21,2022,Kerala,Malappuram,Tirurangadi,leptospirosis_confirmed,1,0,train,0.1140652939267215,0,0.0
2023-01-01,2023,Kerala,Malappuram,Tirurangadi,leptospirosis_confirmed,1,1,val,0.14869351532024136,0,0.0
2023-10-24,2023,Kerala,Malappuram,Tirurangadi,leptospirosis_confirmed,30687,0,test,0.12283462047930602,0,0.851511733659102
2020-11-29,2020,Kerala,Palakkad,Alathur,leptospirosis_confirmed,1,1,train,0.32025987809165474,0,0.0
2021-10-28,2021,Kerala,Palakkad,Alathur,leptospirosis_confirmed,20690,1,train,0.10517841727795206,0,0.9999999983333334
2021-12-31,2021,Kerala,Palakkad,Alathur,leptospirosis_confirmed,136,0,train,0.6354391759505565,1,0.0
2023-05-07,2023,Kerala,Palakkad,Alathur,leptospirosis_confirmed,17,0,val,0.6293530660763218,1,0.0
2023-09-11,2023,Kerala,Palakkad,Alathur,leptospirosis_confirmed,6665,0,val,0.6619072221119313,1,0.02990629094557064
2024-09-15,2024,Kerala,Palakkad,Alathur,leptospirosis_confirmed,1,0,test,0.26177645811722217,0,0.0
2024-10-19,2024,Kerala,Palakkad,Alathur,leptospirosis_confirmed,299,0,test,0.24294287380855448,0,0.01201297463760213
2020-10-23,2020,Kerala,Palakkad,Chittur,leptospirosis_confirmed,2,0,train,0.2381839726637535,0,0.0
2020-10-25,2020,Kerala,Palakkad,Chittur,leptospirosis_confirmed,4,0,train,0.3950857707398759,0,0.0001167439848076568
2021-09-14,2021,Kerala,Palakkad,Chittur,leptospirosis_confirmed,1,1,train,0.11991503840349266,0,0.0
2021-11-27,2021,Kerala,Palakkad,Chittur,leptospirosis_confirmed,7862,1,train,0.1473969418173998,0,0.9999999983333334
2021-12-31,2021,Kerala,Palakkad,Chittur,leptospirosis_confirmed,3782,0,train,0.327028357418686,0,0.00042480544949586246
2022-10-20,2022,Kerala,Palakkad,Chittur,leptospirosis_confirmed,2,0,train,0.4512995359169219,0,0.0
2023-10-26,2023,Kerala,Palakkad,Chittur,leptospirosis_confirmed,536,0,test,0.7552037405799742,1,0.014351070372437444
2020-07-09,2020,Kerala,Palakkad,Mannarkkad,leptospirosis_confirmed,1,1,train,0.5862329988063784,1,0.0
2020-12-31,2020,Kerala,Palakkad,Mannarkkad,leptospirosis_confirmed,8,1,train,0.2870893123036795,0,0.0008491358861279359
2021-10-17,2021,Kerala,Palakkad,Mannarkkad,leptospirosis_confirmed,76,1,train,0.27175128046096186,0,0.010872354828162
2021-10-19,2021,Kerala,Palakkad,Mannarkkad,leptospirosis_confirmed,3529,1,train,0.1331480939901334,0,0.07202801088652273
2021-10-26,2021,Kerala,Palakkad,Mannarkkad,leptospirosis_confirmed,180,0,train,0.15727418155507752,0,0.0
2020-10-26,2020,Kerala,Palakkad,Ottapalam,leptospirosis_confirmed,20,0,train,0.2746867412920795,0,0.0
2021-01-02,2021,Kerala,Palakkad,Ottapalam,leptospirosis_confirmed,4,1,train,0.21818776525836406,0,0.0
2021-10-18,2021,Kerala,Palakkad,Ottapalam,leptospirosis_confirmed,30,0,train,0.15894422189750607,0,0.0015299583852674424
2021-10-23,2021,Kerala,Palakkad,Ottapalam,leptospirosis_confirmed,25,0,train,0.2215966537379952,0,0.00034939299223206265
2023-07-15,2023,Kerala,Palakkad,Ottapalam,leptospirosis_confirmed,23,0,val,0.6929162128655253,1,0.00017708059334474042
2024-01-02,2024,Kerala,Palakkad,Ottapalam,leptospirosis_confirmed,3,1,test,0.626972941136358,1,0.0
2020-04-03,2020,Kerala,Palakkad,Palakkad,leptospirosis_confirmed,89,0,train,0.5464629489529036,1,0.0
2022-09-11,2022,Kerala,Palakkad,Palakkad,leptospirosis_confirmed,1,0,train,0.06516598609471325,0,0.0
2022-05-06,2022,Kerala,Palakkad,Pattambi,leptospirosis_confirmed,9,1,train,0.634453842464589,1,0.0
2022-10-21,2022,Kerala,Palakkad,Pattambi,leptospirosis_confirmed,27,1,train,0.13750658203153784,0,0.0004663959371488255
2022-10-25,2022,Kerala,Palakkad,Pattambi,leptospirosis_confirmed,10,1,train,0.12563073862311885,0,0.0
2021-09-14,2021,Kerala,Pathanamthitta,Adoor,leptospirosis_confirmed,2,1,train,0.14822446022377572,0,0.0
2022-10-27,2022,Kerala,Pathanamthitta,Adoor,leptospirosis_confirmed,262,1,train,0.05887749627033106,0,0.023303028851533562
2020-12-31,2020,Kerala,Pathanamthitta,Konni,leptospirosis_confirmed,28,1,train,0.6074055384064212,1,0.0
2021-01-01,2021,Kerala,Pathanamthitta,Konni,leptospirosis_confirmed,13,0,train,0.3310786897732602,0,0.0
2022-10-21,2022,Kerala,Pathanamthitta,Kozhenchery,leptospirosis_confirmed,4,0,train,0.33703180186651843,0,0.0
2020-10-26,2020,Kerala,Pathanamthitta,Mallappally,leptospirosis_confirmed,13,0,train,0.18695863065379445,0,0.0
2022-09-11,2022,Kerala,Pathanamthitta,Mallappally,leptospirosis_confirmed,3,1,train,0.15877881665660357,0,0.0
2023-09-15,2023,Kerala,Pathanamthitta,Mallappally,leptospirosis_confirmed,46060,1,val,0.14876429772655142,0,0.9999999983333334
2020-10-17,2020,Kerala,Pathanamthitta,Ranni,leptospirosis_confirmed,1213,0,train,0.09523546099241105,0,0.0
2020-10-19,2020,Kerala,Pathanamthitta,Ranni,leptospirosis_confirmed,1,0,train,0.25244047663137636,0,0.0
2020-10-26,2020,Kerala,Pathanamthitta,Ranni,leptospirosis_confirmed,4,0,train,0.4648942528547439,0,0.00012093598628458523
2021-01-01,2021,Kerala,Pathanamthitta,Ranni,leptospirosis_confirmed,1,1,train,0.38531359039437535,0,0.0
2021-10-20,2021,Kerala,Pathanamthitta,Ranni,leptospirosis_confirmed,3528,1,train,0.7154209333782673,1,0.14706152224351077
2024-04-04,2024,Kerala,Pathanamthitta,Ranni,leptospirosis_confirmed,3492,1,test,0.19678955548312693,0,0.0014568635417752526
2020-07-08,2020,Kerala,Pathanamthitta,Thiruvalla,leptospirosis_confirmed,4,1,train,0.5930586998611185,1,0.0
2020-10-18,2020,Kerala,Pathanamthitta,Thiruvalla,leptospirosis_confirmed,6,1,train,0.5076576103413345,1,7.004639088459407e-05
2020-12-30,2020,Kerala,Pathanamthitta,Thiruvalla,leptospirosis_confirmed,45,0,train,0.09895857209375501,0,0.01703013321413106
2021-10-17,2021,Kerala,Pathanamthitta,Thiruvalla,leptospirosis_confirmed,2,0,train,0.6602295540777209,1,0.0
2022-09-10,2022,Kerala,Pathanamthitta,Thiruvalla,leptospirosis_confirmed,11,0,train,0.16258924435182853,0,0.00024187197256917046
2022-10-21,2022,Kerala,Pathanamthitta,Thiruvalla,leptospirosis_confirmed,1,1,train,0.7263169210584804,1,0.0
2023-07-09,2023,Kerala,Pathanamthitta,Thiruvalla,leptospirosis_confirmed,344,1,val,0.7019789947856562,1,0.028514964522053255
2023-09-16,2023,Kerala,Pathanamthitta,Thiruvalla,leptospirosis_confirmed,65,0,val,0.09532022887494845,0,2.5723969267965993e-05
2024-05-11,2024,Kerala,Pathanamthitta,Thiruvalla,leptospirosis_confirmed,17,0,test,0.7048348163864842,1,0.0
2024-09-11,2024,Kerala,Pathanamthitta,Thiruvalla,leptospirosis_confirmed,24,0,test,0.2709910207676409,0,3.13537742219295e-05
2024-10-18,2024,Kerala,Pathanamthitta,Thiruvalla,leptospirosis_confirmed,2,0,test,0.04168906929030923,0,0.0
2021-10-20,2021,Kerala,Thiruvananthapuram,Kattakkada,leptospirosis_confirmed,3,0,train,0.06884391279304601,0,0.0
2021-10-20,2021,Kerala,Thiruvananthapuram,Kattakkada,leptospirosis_confirmed,1,1,train,0.06544111657681918,0,0.0
2022-04-02,2022,Kerala,Thiruvananthapuram,Kattakkada,leptospirosis_confirmed,22,0,train,0.1335234550766183,0,0.009719723690480768
2022-04-03,2022,Kerala,Thiruvananthapuram,Kattakkada,leptospirosis_confirmed,1,1,train,0.11186491146188503,0,0.0
2022-04-04,2022,Kerala,Thiruvananthapuram,Kattakkada,leptospirosis_confirmed,38,1,train,0.06625981883658369,0,0.003890488483427075
2023-11-11,2023,Kerala,Thiruvananthapuram,Kattakkada,leptospirosis_confirmed,33,1,test,0.2312140590762146,0,0.0008454114634174608
2020-01-01,2020,Kerala,Thiruvananthapuram,Nedumangad,leptospirosis_confirmed,29964,0,train,0.08166570913070491,0,0.0
2022-09-09,2022,Kerala,Thiruvananthapuram,Nedumangad,leptospirosis_confirmed,1,0,train,0.12446582567846479,0,0.0
2022-10-20,2022,Kerala,Thiruvananthapuram,Nedumangad,leptospirosis_confirmed,12,0,train,0.12147914051599534,0,0.00044343194971014575
2023-09-14,2023,Kerala,Thiruvananthapuram,Nedumangad,leptospirosis_confirmed,3,0,val,0.48248730762082254,0,0.0
2020-09-13,2020,Kerala,Thiruvananthapuram,Thiruvananthapuram,leptospirosis_confirmed,403,1,train,0.07239882231034678,0,0.0
2020-10-18,2020,Kerala,Thiruvananthapuram,Thiruvananthapuram,leptospirosis_confirmed,198,0,train,0.20574165407160855,0,0.0
2021-07-09,2021,Kerala,Thiruvananthapuram,Thiruvananthapuram,leptospirosis_confirmed,195,1,train,0.11029207121701388,0,0.0
2021-09-09,2021,Kerala,Thiruvananthapuram,Thiruvananthapuram,leptospirosis_confirmed,1578,0,train,0.35901454258483434,0,0.007475421553455911
2021-09-12,2021,Kerala,Thiruvananthapuram,Thiruvananthapuram,leptospirosis_confirmed,4,0,train,0.18093535495887195,0,0.0
2022-10-22,2022,Kerala,Thiruvananthapuram,Thiruvananthapuram,leptospirosis_confirmed,1,0,train,0.08593194538849304,0,0.0
2023-09-10,2023,Kerala,Thiruvananthapuram,Thiruvananthapuram,leptospirosis_confirmed,177,0,val,0.14235685076413387,0,0.007094911195362332
2020-10-18,2020,Kerala,Thiruvananthapuram,Varkala,leptospirosis_confirmed,22785,0,train,0.10127082153828719,0,0.0
2021-10-18,2021,Kerala,Thiruvananthapuram,Varkala,leptospirosis_confirmed,4,0,train,0.13381761815216864,0,0.0
2021-11-28,2021,Kerala,Thiruvananthapuram,Varkala,leptospirosis_confirmed,20689,0,train,0.26673523851828895,0,0.33400876135634694
2022-07-09,2022,Kerala,Thiruvananthapuram,Varkala,leptospirosis_confirmed,24,1,train,0.21373580913763984,0,0.0
2022-10-18,2022,Kerala,Thiruvananthapuram,Varkala,leptospirosis_confirmed,36657,0,train,0.21733025615660867,0,0.1197011007025743
2022-10-26,2022,Kerala,Thiruvananthapuram,Varkala,leptospirosis_confirmed,3,0,train,0.6741403149922727,1,0.0
2023-09-09,2023,Kerala,Thiruvananthapuram,Varkala,leptospirosis_confirmed,12,0,val,0.15233794607648982,0,0.00018140397942687783
2024-09-14,2024,Kerala,Thiruvananthapuram,Varkala,leptospirosis_confirmed,24511,0,test,0.38045943099451,0,0.15272348699588062
2020-09-12,2020,Kerala,Thrissur,Chalakudy,leptospirosis_confirmed,6,1,train,0.7296039973967368,1,0.0
2021-10-22,2021,Kerala,Thrissur,Chalakudy,leptospirosis_confirmed,8,0,train,0.30479688002196675,0,5.0033136346138624e-05
2022-12-31,2022,Kerala,Thrissur,Chalakudy,leptospirosis_confirmed,1,0,val,0.6764008308715258,1,0.0
2023-05-06,2023,Kerala,Thrissur,Chalakudy,leptospirosis_confirmed,6,0,val,0.12952344188464265,0,0.0003521040821830199
2022-10-19,2022,Kerala,Thrissur,Chavakkad,leptospirosis_confirmed,4,1,train,0.5801351945723946,1,0.0
2022-10-28,2022,Kerala,Thrissur,Chavakkad,leptospirosis_confirmed,11,1,train,0.40058347424160057,0,0.0003396543544511744
2021-10-18,2021,Kerala,Thrissur,Kodungallur,leptospirosis_confirmed,296,1,train,0.6985293666623912,1,0.0
2022-09-14,2022,Kerala,Thrissur,Kodungallur,leptospirosis_confirmed,10,0,train,0.26837722211730786,0,0.0
2022-10-27,2022,Kerala,Thrissur,Kodungallur,leptospirosis_confirmed,49,0,train,0.09462107440289895,0,0.00028584869485447415
2020-09-14,2020,Kerala,Thrissur,Kunnamkulam,leptospirosis_confirmed,14893,1,train,0.08636500725333858,0,0.0
2021-12-31,2021,Kerala,Thrissur,Kunnamkulam,leptospirosis_confirmed,21,0,train,0.07069870238344907,0,0.0
2023-11-29,2023,Kerala,Thrissur,Kunnamkulam,leptospirosis_confirmed,412,0,test,0.6003647071836771,1,0.0014329082011294795
2020-09-10,2020,Kerala,Thrissur,Mukundapuram,leptospirosis_confirmed,14,1,train,0.20812028600386445,0,0.0
2021-07-09,2021,Kerala,Thrissur,Mukundapuram,leptospirosis_confirmed,17,1,train,0.6454910512209754,1,4.132266119930337e-05
2021-10-24,2021,Kerala,Thrissur,Mukundapuram,leptospirosis_confirmed,12254,1,train,0.6300893202347974,1,0.8616406550991196
2020-01-01,2020,Kerala,Thrissur,Talappilly,leptospirosis_confirmed,8,1,train,0.08414863639688125,0,0.0
2021-10-22,2021,Kerala,Thrissur,Talappilly,leptospirosis_confirmed,33,1,train,0.09063547227900083,0,0.0007279127907171463
2023-09-14,2023,Kerala,Thrissur,Talappilly,leptospirosis_confirmed,13,0,val,0.3927174507879233,0,0.0
2023-12-30,2023,Kerala,Thrissur,Talappilly,leptospirosis_confirmed,1,0,test,0.18749190800237414,0,0.0
2024-09-13,2024,Kerala,Thrissur,Talappilly,leptospirosis_confirmed,7,0,test,0.14327775656685965,0,0.00024187197256917046
2024-10-18,2024,Kerala,Thrissur,Talappilly,leptospirosis_confirmed,1,0,test,0.14728656659344316,0,0.0
2021-10-22,2021,Kerala,Thrissur,Thrissur,leptospirosis_confirmed,3,0,train,0.10339941093902782,0,0.0
2021-11-27,2021,Kerala,Thrissur,Thrissur,leptospirosis_confirmed,1,0,train,0.04700812798622311,0,0.0
2022-11-28,2022,Kerala,Thrissur,Thrissur,leptospirosis_confirmed,1,1,val,0.04612794259230715,0,0.0
2022-12-30,2022,Kerala,Thrissur,Thrissur,leptospirosis_confirmed,62383,1,val,0.5007179876965405,1,0.9999999983333334
2024-01-01,2024,Kerala,Thrissur,Thrissur,leptospirosis_confirmed,46173,0,test,0.10917432437284832,0,0.0009025417394246399
2024-09-10,2024,Kerala,Thrissur,Thrissur,leptospirosis_confirmed,59,0,test,0.04279926267444505,0,0.0
2021-07-08,2021,Kerala,Wayanad,Mananthavady,leptospirosis_confirmed,1,1,train,0.08740148342309746,0,0.0
2021-10-17,2021,Kerala,Wayanad,Mananthavady,leptospirosis_confirmed,76,0,train,0.45260175306378914,0,0.010015806647391667
2021-10-24,2021,Kerala,Wayanad,Mananthavady,leptospirosis_confirmed,2,0,train,0.20456757720181376,0,0.0
2022-10-22,2022,Kerala,Wayanad,Mananthavady,leptospirosis_confirmed,1,0,train,0.11850078081795169,0,0.0
2021-10-20,2021,Kerala,Wayanad,Sulthan Bathery,leptospirosis_confirmed,81,1,train,0.690928932802148,1,0.0
2023-10-21,2023,Kerala,Wayanad,Sulthan Bathery,leptospirosis_confirmed,276,1,test,0.7174071085640302,1,0.0006388362063752799
2023-10-24,2023,Kerala,Wayanad,Sulthan Bathery,leptospirosis_confirmed,833,1,test,0.6557601006886762,1,0.003426621407703041
2023-11-27,2023,Kerala,Wayanad,Sulthan Bathery,leptospirosis_confirmed,533,0,test,0.06895684200977832,0,0.0002539385094526861
2021-10-28,2021,Kerala,Wayanad,Vythiri,leptospirosis_confirmed,12253,0,train,0.07655829488741542,0,0.0
2022-04-03,2022,Kerala,Wayanad,Vythiri,leptospirosis_confirmed,1,0,train,0.7156380267790496,1,0.0
2023-04-04,2023,Kerala,Wayanad,Vythiri,leptospirosis_confirmed,28,0,val,0.7227432372287598,1,0.001088423876561267
2023-12-31,2023,Kerala,Wayanad,Vythiri,leptospirosis_confirmed,57,0,test,0.6850999359488423,1,8.062399085639016e-05
2024-04-05,2024,Kerala,Wayanad,Vythiri,leptospirosis_confirmed,398,0,test,0.6830733402984446,1,0.00047401346348325933
2024-09-11,2024,Kerala,Wayanad,Vythiri,leptospirosis_confirmed,5,0,test,0.6962297162039033,1,0.0
2024-10-21,2024,Kerala,Wayanad,Vythiri,leptospirosis_confirmed,3,0,test,0.49887476270380715,0,0.0
2021-09-09,2021,Kerala,Alappuzha,Ambalappuzha,leptospirosis_probable,7222,0,train,0.077854484931478,0,0.0
2021-10-20,2021,Kerala,Alappuzha,Ambalappuzha,leptospirosis_probable,1,0,train,0.05334635403590087,0,0.0
2023-10-14,2023,Kerala,Alappuzha,Ambalappuzha,leptospirosis_probable,20,1,val,0.6864274022794611,1,0.0007659279131357064
2023-10-24,2023,Kerala,Alappuzha,Ambalappuzha,leptospirosis_probable,65026,0,test,0.3874021425655769,0,0.26263488295655324
2024-07-07,2024,Kerala,Alappuzha,Ambalappuzha,leptospirosis_probable,3,0,test,0.6886420604149996,1,0.0
2020-04-02,2020,Kerala,Alappuzha,Cherthala,leptospirosis_probable,9,1,train,0.7126730383559152,1,0.0
2021-09-15,2021,Kerala,Alappuzha,Cherthala,leptospirosis_probable,63,1,train,0.6542039573742973,1,0.0014369846059885147
2021-10-25,2021,Kerala,Alappuzha,Cherthala,leptospirosis_probable,63,1,train,0.20041594568508497,0,0.0005166132130238177
2020-09-14,2020,Kerala,Alappuzha,Karthikappally,leptospirosis_probable,327,0,train,0.26534382062370004,0,0.0
2022-11-27,2022,Kerala,Alappuzha,Karthikappally,leptospirosis_probable,1,0,val,0.6737919135855693,1,0.0
2022-11-28,2022,Kerala,Alappuzha,Karthikappally,leptospirosis_probable,2,0,val,0.6646183448535186,1,4.031199542819508e-05
2020-09-12,2020,Kerala,Alappuzha,Kuttanad,leptospirosis_probable,96,0,train,0.3991743853568687,0,0.0
2020-10-17,2020,Kerala,Alappuzha,Kuttanad,leptospirosis_probable,3,0,train,0.27271175644273593,0,0.0
2020-11-29,2020,Kerala,Alappuzha,Kuttanad,leptospirosis_probable,9,0,train,0.5908927079063183,1,0.00012093598628458523
2021-07-07,2021,Kerala,Alappuzha,Kuttanad,leptospirosis_probable,9,0,train,0.5879041385974447,1,0.0
2021-10-24,2021,Kerala,Alappuzha,Kuttanad,leptospirosis_probable,15,0,train,0.12417977826899726,0,4.8374394513834085e-05
2021-11-30,2021,Kerala,Alappuzha,Kuttanad,leptospirosis_probable,1,0,train,0.22200729907449884,0,0.0
2022-11-30,2022,Kerala,Alappuzha,Kuttanad,leptospirosis_probable,2,0,val,0.17086301030995127,0,4.031199542819508e-05
2020-09-10,2020,Kerala,Alappuzha,Mavelikkara,leptospirosis_probable,1,0,train,0.6702560621450199,1,0.0
2020-10-22,2020,Kerala,Alappuzha,Mavelikkara,leptospirosis_probable,5,1,train,0.6972185499754612,1,0.00044472394077806553
2020-10-26,2020,Kerala,Alappuzha,Mavelikkara,leptospirosis_probable,3465,1,train,0.6833207651843581,1,0.8743930039275141
2021-04-02,2021,Kerala,Alappuzha,Mavelikkara,leptospirosis_probable,2662,0,train,0.5700446120374568,1,0.0006541512878311367
2022-10-21,2022,Kerala,Alappuzha,Mavelikkara,leptospirosis_probable,34,0,train,0.2524377442637423,0,0.0
2022-11-30,2022,Kerala,Alappuzha,Mavelikkara,leptospirosis_probable,2215,0,val,0.5821441612680546,1,0.0054208262271884635
2024-09-11,2024,Kerala,Alappuzha,Mavelikkara,leptospirosis_probable,3,0,test,0.16457856174787844,0,0.0
2020-10-18,2020,Kerala,Ernakulam,Aluva,leptospirosis_probable,105,0,train,0.32193358431185176,0,0.0
2020-11-29,2020,Kerala,Ernakulam,Aluva,leptospirosis_probable,5,1,train,0.6909185861754247,1,0.0
2021-10-17,2021,Kerala,Ernakulam,Aluva,leptospirosis_probable,246,1,train,0.736731899152176,1,0.005345760786657868
2021-10-24,2021,Kerala,Ernakulam,Aluva,leptospirosis_probable,7222,0,train,0.25192388838873747,0,0.04533729932299645
2022-10-24,2022,Kerala,Ernakulam,Aluva,leptospirosis_probable,2,0,train,0.3861408893779877,0,0.0
2024-09-15,2024,Kerala,Ernakulam,Aluva,leptospirosis_probable,4,0,test,0.03824055389771728,0,5.374932723759343e-05
2021-10-21,2021,Kerala,Ernakulam,Kanayannur,leptospirosis_probable,2,0,train,0.2189147284694334,0,0.0
2023-04-02,2023,Kerala,Ernakulam,Kanayannur,leptospirosis_probable,1,1,val,0.21360304476038536,0,0.0
2023-09-23,2023,Kerala,Ernakulam,Kanayannur,leptospirosis_probable,18,1,val,0.7257151606667273,1,0.014522855485967318
2024-07-08,2024,Kerala,Ernakulam,Kanayannur,leptospirosis_probable,8,1,test,0.6546085331678972,1,5.6900323326862084e-05
2021-09-14,2021,Kerala,Ernakulam,Kochi,leptospirosis_probable,4,1,train,0.6508971334937081,1,0.0
2023-10-16,2023,Kerala,Ernakulam,Kochi,leptospirosis_probable,209,0,val,0.157246267147271,0,0.011016129711687752
2021-10-26,2021,Kerala,Ernakulam,Kothamangalam,leptospirosis_probable,14,0,train,0.0799969705052226,0,0.0
2021-10-26,2021,Kerala,Ernakulam,Kothamangalam,leptospirosis_probable,1,0,train,0.19811352485859485,0,0.0
2022-04-02,2022,Kerala,Ernakulam,Kothamangalam,leptospirosis_probable,5,1,train,0.13463241720217867,0,0.00016124798171278032
2022-10-20,2022,Kerala,Ernakulam,Kothamangalam,leptospirosis_probable,146,1,train,0.1815181750550851,0,0.01666320397829873
2022-11-29,2022,Kerala,Ernakulam,Kothamangalam,leptospirosis_probable,134,0,val,0.11921720711917262,0,0.0011253830046327855
2023-09-11,2023,Kerala,Ernakulam,Kothamangalam,leptospirosis_probable,3,0,val,0.07768863859277761,0,0.0
2023-10-14,2023,Kerala,Ernakulam,Kothamangalam,leptospirosis_probable,25,0,val,0.05625545928099092,0,0.00044343194971014575
2021-07-07,2021,Kerala,Ernakulam,Kunnathunad,leptospirosis_probable,1168,1,train,0.05680857118516618,0,0.0
2022-10-18,2022,Kerala,Ernakulam,Kunnathunad,leptospirosis_probable,319,0,train,0.7227419834904574,1,0.0
2020-09-10,2020,Kerala,Ernakulam,Muvattupuzha,leptospirosis_probable,1,1,train,0.08671817698754987,0,0.0
2021-10-21,2021,Kerala,Ernakulam,Muvattupuzha,leptospirosis_probable,25,1,train,0.10534488147146664,0,0.003140803576443868
2022-04-01,2022,Kerala,Ernakulam,Muvattupuzha,leptospirosis_probable,20,1,train,0.7195941058547198,1,0.0003048844355306862
2023-06-03,2023,Kerala,Ernakulam,Muvattupuzha,leptospirosis_probable,550,1,val,0.6231712060622057,1,0.031129136625486966
2024-09-11,2024,Kerala,Ernakulam,Muvattupuzha,leptospirosis_probable,365,0,test,0.6615326347047431,1,0.0007091165453381515
2020-09-12,2020,Kerala,Ernakulam,North Paravur,leptospirosis_probable,195,0,train,0.6968279084737893,1,0.0
2020-10-24,2020,Kerala,Ernakulam,North Paravur,leptospirosis_probable,3,0,train,0.6933520436173903,1,0.0
2020-10-28,2020,Kerala,Ernakulam,North Paravur,leptospirosis_probable,2,0,train,0.6220780279033545,1,0.0
2021-04-01,2021,Kerala,Ernakulam,North Paravur,leptospirosis_probable,38,0,train,0.4888651348526896,0,0.0009674878902766819
2021-09-14,2021,Kerala,Ernakulam,North Paravur,leptospirosis_probable,115,0,train,0.7396647196270223,1,0.000657327894770255
2022-09-14,2022,Kerala,Ernakulam,North Paravur,leptospirosis_probable,1,1,train,0.2487477103012104,0,0.0
2020-07-07,2020,Kerala,Idukki,Devikulam,leptospirosis_probable,1,1,train,0.6735226536037061,1,0.0
2020-10-16,2020,Kerala,Idukki,Devikulam,leptospirosis_probable,8,1,train,0.7248152964839037,1,0.0008491358861279359
2021-07-08,2021,Kerala,Idukki,Devikulam,leptospirosis_probable,7,1,train,0.16102982957905693,0,0.00032569370106132515
2023-10-25,2023,Kerala,Idukki,Devikulam,leptospirosis_probable,164,1,test,0.6193147968353014,1,0.029035177758217155
2020-09-08,2020,Kerala,Idukki,Idukki,leptospirosis_probable,10,1,train,0.6787745870360117,1,0.0
2020-10-24,2020,Kerala,Idukki,Idukki,leptospirosis_probable,11,0,train,0.7231272198182832,1,7.329453714217285e-06
2021-09-14,2021,Kerala,Idukki,Idukki,leptospirosis_probable,3,1,train,0.1276953003884953,0,0.0
2022-04-01,2022,Kerala,Idukki,Idukki,leptospirosis_probable,141,0,train,0.5110985827661603,1,0.022115196919184312
2021-11-29,2021,Kerala,Idukki,Peerumade,leptospirosis_probable,2542,1,train,0.6917596026317913,1,0.0
2020-06-04,2020,Kerala,Idukki,Thodupuzha,leptospirosis_probable,25,1,train,0.6191509533187397,1,0.0
2020-10-19,2020,Kerala,Idukki,Thodupuzha,leptospirosis_probable,22,1,train,0.2824243495186146,0,0.0
2021-10-19,2021,Kerala,Idukki,Thodupuzha,leptospirosis_probable,52,1,train,0.09028283347241617,0,0.007609746222556347
2022-09-08,2022,Kerala,Idukki,Thodupuzha,leptospirosis_probable,54,1,train,0.7293944051343104,1,0.0008040892143045498
2024-10-18,2024,Kerala,Idukki,Thodupuzha,leptospirosis_probable,335,0,test,0.7570155539762149,1,0.011258041343770646
2020-06-04,2020,Kerala,Idukki,Udumbanchola,leptospirosis_probable,22,1,train,0.6961952062025386,1,0.0
2020-07-08,2020,Kerala,Idukki,Udumbanchola,leptospirosis_probable,4620,1,train,0.6686668592514696,1,0.053889931848105484
2021-11-30,2021,Kerala,Idukki,Udumbanchola,leptospirosis_probable,5330,0,train,0.7186185432717626,1,0.000759550842988378
2022-10-19,2022,Kerala,Idukki,Udumbanchola,leptospirosis_probable,62,0,train,0.7168768377349369,1,0.0
2023-07-22,2023,Kerala,Idukki,Udumbanchola,leptospirosis_probable,26,0,val,0.5328129125562335,1,0.0
2023-09-15,2023,Kerala,Idukki,Udumbanchola,leptospirosis_probable,75,1,val,0.6825273111174858,1,0.000146317613035671
2023-11-29,2023,Kerala,Idukki,Udumbanchola,leptospirosis_probable,46059,0,test,0.5880592255785949,1,0.06435222492364279
2024-09-15,2024,Kerala,Idukki,Udumbanchola,leptospirosis_probable,4,0,test,0.057834902122999604,0,0.0
2020-09-09,2020,Kerala,Kannur,Iritty,leptospirosis_probable,36,1,train,0.7080035773359612,1,0.0
2021-10-20,2021,Kerala,Kannur,Iritty,leptospirosis_probable,13,0,train,0.08919410535192203,0,0.0
2023-04-02,2023,Kerala,Kannur,Iritty,leptospirosis_probable,6,0,val,0.7086897408299163,1,0.0
2023-10-07,2023,Kerala,Kannur,Iritty,leptospirosis_probable,13,1,val,0.5680840229120994,1,8.062399085639016e-05
2024-06-04,2024,Kerala,Kannur,Iritty,leptospirosis_probable,136,1,test,0.0650005804039314,0,0.006881942283140459
2021-09-10,2021,Kerala,Kannur,Kannur,leptospirosis_probable,12254,0,train,0.6566916881346475,1,0.0
2022-07-07,2022,Kerala,Kannur,Kannur,leptospirosis_probable,1,0,train,0.7043583864574805,1,0.0
2022-07-07,2022,Kerala,Kannur,Kannur,leptospirosis_probable,3054,0,train,0.7060103305674451,1,0.12307252204227957
2020-04-02,2020,Kerala,Kannur,Payyanur,leptospirosis_probable,10448,0,train,0.7357342202310874,1,0.0
2020-09-11,2020,Kerala,Kannur,Payyanur,leptospirosis_probable,4,1,train,0.7199005180453885,1,0.0
2020-10-21,2020,Kerala,Kannur,Payyanur,leptospirosis_probable,18489,1,train,0.13331747145098602,0,0.2995212083706012
2021-09-11,2021,Kerala,Kannur,Payyanur,leptospirosis_probable,33611,0,train,0.240223217607962,0,0.001938735784866652
2021-09-12,2021,Kerala,Kannur,Payyanur,leptospirosis_probable,1,0,train,0.12739241888467942,0,0.0
2022-09-14,2022,Kerala,Kannur,Payyanur,leptospirosis_probable,25,0,train,0.6641143896669875,1,0.0009674878902766819
2022-11-27,2022,Kerala,Kannur,Taliparamba,leptospirosis_probable,74,1,val,0.11050121186551605,0,0.0
2024-10-18,2024,Kerala,Kannur,Taliparamba,leptospirosis_probable,1638,0,test,0.24972776195160598,0,0.005619704947272285
2024-10-27,2024,Kerala,Kannur,Taliparamba,leptospirosis_probable,1,0,test,0.24030448706855714,0,0.0
2022-06-05,2022,Kerala,Kannur,Thalassery,leptospirosis_probable,2,0,train,0.21753556563900184,0,0.0
2022-07-08,2022,Kerala,Kannur,Thalassery,leptospirosis_probable,2,1,train,0.30967239222633836,0,0.0
2022-10-21,2022,Kerala,Kannur,Thalassery,leptospirosis_probable,10,1,train,0.0775267534098015,0,0.004998315831524244
2022-11-30,2022,Kerala,Kannur,Thalassery,leptospirosis_probable,133,1,val,0.13275975832795872,0,0.020229638813332167
2021-06-06,2021,Kerala,Kasaragod,Hosdurg,leptospirosis_probable,4,1,train,0.08993321134709951,0,0.0
2021-09-10,2021,Kerala,Kasaragod,Hosdurg,leptospirosis_probable,14,1,train,0.6718900381779725,1,0.0005014191325911226
2021-10-19,2021,Kerala,Kasaragod,Hosdurg,leptospirosis_probable,23,1,train,0.18511436356399777,0,0.0013687318200091268
2022-09-13,2022,Kerala,Kasaragod,Hosdurg,leptospirosis_probable,45,0,train,0.4761438548749996,0,0.00225420212641312
2023-09-14,2023,Kerala,Kasaragod,Hosdurg,leptospirosis_probable,1,1,val,0.08517957864015742,0,0.0
2021-10-22,2021,Kerala,Kasaragod,Kasaragod,leptospirosis_probable,85,0,train,0.1001436093646792,0,0.0
2022-06-06,2022,Kerala,Kasaragod,Kasaragod,leptospirosis_probable,1,0,train,0.3762347977504361,0,0.0
2023-09-14,2023,Kerala,Kasaragod,Kasaragod,leptospirosis_probable,18,0,val,0.051649221011828506,0,0.0006853039222793162
2020-06-03,2020,Kerala,Kasaragod,Manjeshwaram,leptospirosis_probable,199,0,train,0.48037948074130726,0,0.0
2022-06-04,2022,Kerala,Kasaragod,Manjeshwaram,leptospirosis_probable,1,0,train,0.45843863589308215,0,0.0
2022-11-27,2022,Kerala,Kasaragod,Manjeshwaram,leptospirosis_probable,8,1,val,0.03516169095318662,0,0.0002821839679973655
2023-09-10,2023,Kerala,Kasaragod,Manjeshwaram,leptospirosis_probable,453,0,val,0.06457439835754833,0,0.006868240157986239
2023-11-25,2023,Kerala,Kasaragod,Manjeshwaram,leptospirosis_probable,76,0,test,0.0764314032094479,0,0.0
2022-09-15,2022,Kerala,Kasaragod,Nileshwaram,leptospirosis_probable,37,1,train,0.1407600331162649,0,0.0
2023-10-21,2023,Kerala,Kasaragod,Nileshwaram,leptospirosis_probable,6,1,test,0.10987769913123667,0,0.0
2023-10-26,2023,Kerala,Kasaragod,Nileshwaram,leptospirosis_probable,42,0,test,0.40122049300000767,0,0.0010860483011354645
2024-10-27,2024,Kerala,Kasaragod,Nileshwaram,leptospirosis_probable,7,0,test,0.564247587766385,1,0.0
2023-10-24,2023,Kerala,Kasaragod,Vellarikundu,leptospirosis_probable,1,1,test,0.4500751786302746,0,0.0
2021-04-02,2021,Kerala,Kollam,Karunagappally,leptospirosis_probable,43,0,train,0.13959407196807253,0,0.0
2021-10-17,2021,Kerala,Kollam,Karunagappally,leptospirosis_probable,4,1,train,0.04695385748521586,0,0.0
2022-06-05,2022,Kerala,Kollam,Karunagappally,leptospirosis_probable,260,0,train,0.43145514703204263,0,0.010599479415002376
2023-10-26,2023,Kerala,Kollam,Karunagappally,leptospirosis_probable,4,0,test,0.27487891459030367,0,0.0
2020-09-08,2020,Kerala,Kollam,Kollam,leptospirosis_probable,3,1,train,0.26598806672679903,0,0.0
2020-10-22,2020,Kerala,Kollam,Kollam,leptospirosis_probable,40,1,train,0.45725170025514594,0,0.00244662766981332
2021-07-08,2021,Kerala,Kollam,Kollam,leptospirosis_probable,25,0,train,0.43981073876734217,0,9.361161520164582e-05
2023-09-14,2023,Kerala,Kollam,Kollam,leptospirosis_probable,3,1,val,0.5034726035295,1,0.0
2023-10-20,2023,Kerala,Kollam,Kollam,leptospirosis_probable,364,1,test,0.11574106347816192,0,0.021140131310292347
2024-10-17,2024,Kerala,Kollam,Kollam,leptospirosis_probable,1783,0,test,0.419613468091256,0,0.00913065496806459
2020-07-07,2020,Kerala,Kollam,Kottarakkara,leptospirosis_probable,40,0,train,0.15571142849432212,0,0.0
2020-09-10,2020,Kerala,Kollam,Kottarakkara,leptospirosis_probable,3,1,train,0.18546920151484073,0,0.0
2020-09-15,2020,Kerala,Kollam,Kottarakkara,leptospirosis_probable,54,0,train,0.2946871990503738,0,0.001966800693892613
2021-10-17,2021,Kerala,Kollam,Kottarakkara,leptospirosis_probable,2,1,train,0.3194205483382524,0,0.0
2022-10-18,2022,Kerala,Kollam,Kottarakkara,leptospirosis_probable,115,0,train,0.04977357399871888,0,0.005552840956560636
2023-06-24,2023,Kerala,Kollam,Kottarakkara,leptospirosis_probable,13,0,val,0.20285997580368711,0,0.0
2022-09-14,2022,Kerala,Kollam,Kunnathoor,leptospirosis_probable,72,1,train,0.15658447618740856,0,0.0
2022-10-21,2022,Kerala,Kollam,Kunnathoor,leptospirosis_probable,60,0,train,0.16976856769039195,0,0.0
2023-06-06,2023,Kerala,Kollam,Kunnathoor,leptospirosis_probable,4,1,val,0.2100415349703471,0,0.0
2023-10-19,2023,Kerala,Kollam,Kunnathoor,leptospirosis_probable,39554,1,val,0.15021356756500395,0,0.9999999983333334
2020-11-30,2020,Kerala,Kollam,Pathanapuram,leptospirosis_probable,54,1,train,0.11925373341080821,0,0.0
2022-09-08,2022,Kerala,Kollam,Pathanapuram,leptospirosis_probable,268,1,train,0.11684112124224527,0,0.0010455840041916
2024-04-02,2024,Kerala,Kollam,Pathanapuram,leptospirosis_probable,134,0,test,0.44030710890014985,0,0.0
2020-11-28,2020,Kerala,Kollam,Punalur,leptospirosis_probable,1,1,train,0.3803260802265446,0,0.0
2022-09-10,2022,Kerala,Kollam,Punalur,leptospirosis_probable,12881,1,train,0.2984123802767986,0,0.9999999983333334
2024-09-14,2024,Kerala,Kollam,Punalur,leptospirosis_probable,328,0,test,0.14224976275143741,0,0.0
2023-09-23,2023,Kerala,Kottayam,Changanassery,leptospirosis_probable,37,1,val,0.03368938007073184,0,0.0
2022-04-01,2022,Kerala,Kottayam,Kanjirappally,leptospirosis_probable,2,0,train,0.06411187461249497,0,0.0
2023-04-02,2023,Kerala,Kottayam,Kanjirappally,leptospirosis_probable,1,0,val,0.05528437081617434,0,0.0
2023-10-27,2023,Kerala,Kottayam,Kanjirappally,leptospirosis_probable,3,1,test,0.17693969826061717,0,0.0012698617792970483
2020-04-01,2020,Kerala,Kottayam,Kottayam,leptospirosis_probable,6,1,train,0.18489255453284006,0,0.0
2021-10-23,2021,Kerala,Kottayam,Kottayam,leptospirosis_probable,12,0,train,0.1580513834300299,0,0.00020409482981275593
2022-09-15,2022,Kerala,Kottayam,Kottayam,leptospirosis_probable,2,1,train,0.18754995716218034,0,0.0
2023-09-14,2023,Kerala,Kottayam,Kottayam,leptospirosis_probable,28,1,val,0.07878694857499373,0,0.003500595985046474
2024-07-07,2024,Kerala,Kottayam,Kottayam,leptospirosis_probable,160,1,test,0.08506444664517328,0,0.009531675467764804
2020-04-02,2020,Kerala,Kottayam,Meenachil,leptospirosis_probable,344,1,train,0.17936719184953553,0,0.0
2020-07-07,2020,Kerala,Kottayam,Meenachil,leptospirosis_probable,6,1,train,0.05621566804500357,0,0.0
2021-10-25,2021,Kerala,Kottayam,Meenachil,leptospirosis_probable,23180,0,train,0.09818858456036789,0,0.3438588960501522
2022-10-22,2022,Kerala,Kottayam,Meenachil,leptospirosis_probable,76,0,train,0.06579803719019446,0,0.0
2023-10-18,2023,Kerala,Kottayam,Meenachil,leptospirosis_probable,16,0,val,0.09092663636189002,0,0.0
2023-10-21,2023,Kerala,Kottayam,Meenachil,leptospirosis_probable,300,0,test,0.11189269647765655,0,0.0013468949060714591
2024-04-01,2024,Kerala,Kottayam,Meenachil,leptospirosis_probable,19,0,test,0.11541624098487518,0,0.0
2022-10-21,2022,Kerala,Kottayam,Vaikom,leptospirosis_probable,3,1,train,0.21215220192899223,0,0.0
2023-06-06,2023,Kerala,Kottayam,Vaikom,leptospirosis_probable,301,1,val,0.2530524576746443,0,0.020038547292532682
2023-10-14,2023,Kerala,Kottayam,Vaikom,leptospirosis_probable,10,0,val,0.3648018330145939,0,0.0
2021-09-09,2021,Kerala,Kozhikode,Koyilandy,leptospirosis_probable,3,1,train,0.04006861249268676,0,0.0
2020-10-19,2020,Kerala,Kozhikode,Kozhikode,leptospirosis_probable,18,0,train,0.7214338063614563,1,0.0
2020-11-27,2020,Kerala,Kozhikode,Kozhikode,leptospirosis_probable,1,1,train,0.6883828200382243,1,0.0
2021-09-13,2021,Kerala,Kozhikode,Kozhikode,leptospirosis_probable,11126,0,train,0.10505365100795791,0,0.9999999983333334
2022-09-10,2022,Kerala,Kozhikode,Kozhikode,leptospirosis_probable,4,0,train,0.13725583673453198,0,0.0
2022-09-13,2022,Kerala,Kozhikode,Kozhikode,leptospirosis_probable,1,0,train,0.17554245840014215,0,0.0
2022-10-23,2022,Kerala,Kozhikode,Kozhikode,leptospirosis_probable,5,0,train,0.15738862629654993,0,0.00016124798171278032
2023-06-05,2023,Kerala,Kozhikode,Kozhikode,leptospirosis_probable,36,0,val,0.16571540847909386,0,0.0004165572860913491
2023-10-23,2023,Kerala,Kozhikode,Kozhikode,leptospirosis_probable,3,0,test,0.12121821037442121,0,0.0
2022-09-12,2022,Kerala,Kozhikode,Thamarassery,leptospirosis_probable,1,1,train,0.2445875546863513,0,0.0
2022-09-13,2022,Kerala,Kozhikode,Thamarassery,leptospirosis_probable,6,1,train,0.224890487858138,0,0.0005795279225613556
2022-10-28,2022,Kerala,Kozhikode,Thamarassery,leptospirosis_probable,11,1,train,0.6879430788157329,1,0.0014820064082663163
2024-10-26,2024,Kerala,Kozhikode,Thamarassery,leptospirosis_probable,41,1,test,0.7045374521877096,1,0.0049190435599402536
2020-09-12,2020,Kerala,Kozhikode,Vadakara,leptospirosis_probable,3,1,train,0.6911287744189294,1,0.0
2022-06-05,2022,Kerala,Kozhikode,Vadakara,leptospirosis_probable,159,1,train,0.05638879664458278,0,0.010467464585919083
2022-10-18,2022,Kerala,Kozhikode,Vadakara,leptospirosis_probable,180,1,train,0.028170805778067708,0,0.0007235889058177812
2022-11-27,2022,Kerala,Kozhikode,Vadakara,leptospirosis_probable,62384,1,val,0.06779227994644005,0,0.47956764860856566
2023-06-03,2023,Kerala,Kozhikode,Vadakara,leptospirosis_probable,7743,0,val,0.12595471588232893,0,0.0
2024-09-10,2024,Kerala,Kozhikode,Vadakara,leptospirosis_probable,3,0,test,0.12729564357612067,0,0.0
2020-10-19,2020,Kerala,Malappuram,Ernad,leptospirosis_probable,8561,0,train,0.6927481609146976,1,0.0
2020-11-28,2020,Kerala,Malappuram,Ernad,leptospirosis_probable,2,0,train,0.4026473153899446,0,0.0
2021-09-13,2021,Kerala,Malappuram,Ernad,leptospirosis_probable,16,0,train,0.13047793185411136,0,0.000376245290663154
2023-10-20,2023,Kerala,Malappuram,Ernad,leptospirosis_probable,6,0,test,0.6194216824564438,1,0.0
2020-06-06,2020,Kerala,Malappuram,Kondotty,leptospirosis_probable,17,0,train,0.2799398794630922,0,0.0
2020-10-16,2020,Kerala,Malappuram,Kondotty,leptospirosis_probable,1,0,train,0.20002961333481242,0,0.0
2022-10-21,2022,Kerala,Malappuram,Kondotty,leptospirosis_probable,7,0,train,0.2192194995426622,0,0.00024187197256917046
2022-10-18,2022,Kerala,Malappuram,Nilambur,leptospirosis_probable,8,0,train,0.09955123410753024,0,0.0
2022-10-22,2022,Kerala,Malappuram,Nilambur,leptospirosis_probable,1,1,train,0.15593138532901016,0,0.0
2022-11-27,2022,Kerala,Malappuram,Nilambur,leptospirosis_probable,86,0,val,0.14805911904562222,0,0.0151299330910216
2021-10-18,2021,Kerala,Malappuram,Perinthalmanna,leptospirosis_probable,60,0,train,0.6353981414229365,1,0.0
2021-11-30,2021,Kerala,Malappuram,Perinthalmanna,leptospirosis_probable,1,0,train,0.7414362257996718,1,0.0
2023-09-09,2023,Kerala,Malappuram,Perinthalmanna,leptospirosis_probable,26,0,val,0.7245989795991266,1,0.0010077998857048768
2020-04-01,2020,Kerala,Malappuram,Ponnani,leptospirosis_probable,3,0,train,0.7059951790341336,1,0.0
2021-09-13,2021,Kerala,Malappuram,Ponnani,leptospirosis_probable,1,0,train,0.3324068909763797,0,0.0
2020-09-13,2020,Kerala,Malappuram,Tirur,leptospirosis_probable,2,1,train,0.09515517479176258,0,0.0
2021-10-20,2021,Kerala,Malappuram,Tirur,leptospirosis_probable,8,1,train,0.5961030672201472,1,0.00047622126956309714
2021-10-27,2021,Kerala,Malappuram,Tirur,leptospirosis_probable,62,0,train,0.643210967078364,1,0.00954005398512471
2021-11-29,2021,Kerala,Malappuram,Tirur,leptospirosis_probable,1,0,train,0.7110013438764327,1,0.0
2022-09-15,2022,Kerala,Malappuram,Tirur,leptospirosis_probable,25,1,train,0.5974319010780693,1,0.00114885617766889
2020-06-03,2020,Kerala,Malappuram,Tirurangadi,leptospirosis_probable,28,1,train,0.6171909158231178,1,0.0
2020-10-27,2020,Kerala,Malappuram,Tirurangadi,leptospirosis_probable,92,1,train,0.7228454956055994,1,0.0005884801963983086
2021-09-10,2021,Kerala,Malappuram,Tirurangadi,leptospirosis_probable,54,0,train,0.7295141696652808,1,0.0
2022-06-04,2022,Kerala,Malappuram,Tirurangadi,leptospirosis_probable,3,0,train,0.5767004312833679,1,0.0
2022-06-04,2022,Kerala,Malappuram,Tirurangadi,leptospirosis_probable,1,1,train,0.10058774554634367,0,0.0
2022-09-13,2022,Kerala,Malappuram,Tirurangadi,leptospirosis_probable,530,1,train,0.24643754419731484,0,0.03076258268743831
2023-10-25,2023,Kerala,Malappuram,Tirurangadi,leptospirosis_probable,3612,0,test,0.12098921289200007,0,0.014155662156124859
2024-10-17,2024,Kerala,Malappuram,Tirurangadi,leptospirosis_probable,26,0,test,0.11592612147958438,0,0.0
2021-06-05,2021,Kerala,Palakkad,Alathur,leptospirosis_probable,4,1,train,0.18538498961632754,0,0.0
2021-10-18,2021,Kerala,Palakkad,Alathur,leptospirosis_probable,62,0,train,0.7176612395880168,1,0.0030896555828302933
2021-10-23,2021,Kerala,Palakkad,Alathur,leptospirosis_probable,3,0,train,0.6874474507843459,1,0.0
2022-09-11,2022,Kerala,Palakkad,Alathur,leptospirosis_probable,1,1,train,0.15564615991979763,0,0.0
2023-09-12,2023,Kerala,Palakkad,Alathur,leptospirosis_probable,157,0,val,0.5789156399458317,1,0.01025359851237246
2023-10-16,2023,Kerala,Palakkad,Alathur,leptospirosis_probable,20,1,val,0.5359957814253761,1,0.0
2020-07-06,2020,Kerala,Palakkad,Chittur,leptospirosis_probable,3,1,train,0.4568392028245377,0,0.0
2021-10-19,2021,Kerala,Palakkad,Chittur,leptospirosis_probable,296,1,train,0.07741148981845859,0,0.01970153733807446
2022-10-20,2022,Kerala,Palakkad,Chittur,leptospirosis_probable,82,0,train,0.12778027819644408,0,0.0
2020-04-02,2020,Kerala,Palakkad,Mannarkkad,leptospirosis_probable,34,0,train,0.7265315042348999,1,0.0
2020-10-24,2020,Kerala,Palakkad,Mannarkkad,leptospirosis_probable,5,0,train,0.7087037348602019,1,0.0
2020-10-26,2020,Kerala,Palakkad,Mannarkkad,leptospirosis_probable,17,1,train,0.08661994282984535,0,0.00016124798171278032
2020-11-29,2020,Kerala,Palakkad,Mannarkkad,leptospirosis_probable,14893,0,train,0.10340836284862248,0,0.7636233815197062
2021-11-29,2021,Kerala,Palakkad,Mannarkkad,leptospirosis_probable,1,0,train,0.6750176677000614,1,0.0
2022-09-15,2022,Kerala,Palakkad,Mannarkkad,leptospirosis_probable,85,0,train,0.5764697078664915,1,0.003386207615968386
2021-09-08,2021,Kerala,Palakkad,Ottapalam,leptospirosis_probable,23180,0,train,0.6404119482098375,1,0.0
2021-09-14,2021,Kerala,Palakkad,Ottapalam,leptospirosis_probable,1,0,train,0.21755588221711442,0,0.0
2021-10-17,2021,Kerala,Palakkad,Ottapalam,leptospirosis_probable,3,0,train,0.4951713093374774,0,8.062399085639016e-05
2021-11-29,2021,Kerala,Palakkad,Ottapalam,leptospirosis_probable,24,0,train,0.15015773847724215,0,0.00042327595199604827
2022-10-25,2022,Kerala,Palakkad,Ottapalam,leptospirosis_probable,1,0,train,0.09967119732242467,0,0.0
2023-04-02,2023,Kerala,Palakkad,Ottapalam,leptospirosis_probable,36,0,val,0.12169882926238586,0,0.002046593202739285
2023-09-13,2023,Kerala,Palakkad,Ottapalam,leptospirosis_probable,413,1,val,0.14305092498403163,0,0.005223707989742941
2024-09-08,2024,Kerala,Palakkad,Ottapalam,leptospirosis_probable,72087,0,test,0.1592872387273607,0,0.1320422606170343
2024-09-10,2024,Kerala,Palakkad,Ottapalam,leptospirosis_probable,15,0,test,0.4262479536519425,0,0.0
2021-09-13,2021,Kerala,Palakkad,Palakkad,leptospirosis_probable,21,1,train,0.14769550791940658,0,0.0
2020-10-18,2020,Kerala,Palakkad,Pattambi,leptospirosis_probable,1,0,train,0.09569946543303676,0,0.0
2021-09-15,2021,Kerala,Palakkad,Pattambi,leptospirosis_probable,1,1,train,0.162096016733362,0,0.0
2021-10-21,2021,Kerala,Palakkad,Pattambi,leptospirosis_probable,99,1,train,0.1925327565149126,0,0.06631015824330432
2022-10-17,2022,Kerala,Palakkad,Pattambi,leptospirosis_probable,19,1,train,0.06644671806045349,0,0.0
2021-10-17,2021,Kerala,Pathanamthitta,Adoor,leptospirosis_probable,70,0,train,0.08997709285262542,0,0.0
2020-10-19,2020,Kerala,Pathanamthitta,Konni,leptospirosis_probable,11964,1,train,0.1426071675721727,0,0.0
2021-11-28,2021,Kerala,Pathanamthitta,Konni,leptospirosis_probable,2543,0,train,0.12754483705207312,0,0.0
2022-10-19,2022,Kerala,Pathanamthitta,Konni,leptospirosis_probable,1,0,train,0.09245310689501522,0,0.0
2022-10-22,2022,Kerala,Pathanamthitta,Konni,leptospirosis_probable,3,0,train,0.08482741449894604,0,8.062399085639016e-05
2023-09-11,2023,Kerala,Pathanamthitta,Konni,leptospirosis_probable,1,0,val,0.0979926388914125,0,0.0
2020-06-05,2020,Kerala,Pathanamthitta,Kozhenchery,leptospirosis_probable,1,1,train,0.15549876806942517,0,0.0
2024-09-10,2024,Kerala,Pathanamthitta,Kozhenchery,leptospirosis_probable,41,1,test,0.11190520213599008,0,0.005297667284976511
2024-09-13,2024,Kerala,Pathanamthitta,Kozhenchery,leptospirosis_probable,15,0,test,0.4151376552526236,0,0.0
2020-09-14,2020,Kerala,Pathanamthitta,Mallappally,leptospirosis_probable,1,1,train,0.05564758690002835,0,0.0
2020-10-17,2020,Kerala,Pathanamthitta,Mallappally,leptospirosis_probable,105,0,train,0.10116778531613851,0,0.013925122119107082
2023-09-09,2023,Kerala,Pathanamthitta,Mallappally,leptospirosis_probable,1,0,val,0.11236646946164784,0,0.0
2020-11-29,2020,Kerala,Pathanamthitta,Ranni,leptospirosis_probable,36,0,train,0.05360724158626615,0,0.0
2021-04-01,2021,Kerala,Pathanamthitta,Ranni,leptospirosis_probable,2,0,train,0.4134030623180984,0,0.0
2021-06-05,2021,Kerala,Pathanamthitta,Ranni,leptospirosis_probable,2,0,train,0.19762885991222157,0,0.0
2021-09-14,2021,Kerala,Pathanamthitta,Ranni,leptospirosis_probable,3,0,train,0.6966274283126157,1,2.6874663618796715e-05
2021-10-24,2021,Kerala,Pathanamthitta,Ranni,leptospirosis_probable,2,0,train,0.06485446818734608,0,0.0
2022-10-24,2022,Kerala,Pathanamthitta,Ranni,leptospirosis_probable,1,0,train,0.08622595206437694,0,0.0
2023-10-17,2023,Kerala,Pathanamthitta,Ranni,leptospirosis_probable,11,1,val,0.15022188699968184,0,0.0010372920682669476
2023-10-19,2023,Kerala,Pathanamthitta,Ranni,leptospirosis_probable,344,1,val,0.1777377798048759,0,0.02873322831784963
2020-07-08,2020,Kerala,Pathanamthitta,Thiruvalla,leptospirosis_probable,77,0,train,0.09200477992609307,0,0.0
2022-09-10,2022,Kerala,Pathanamthitta,Thiruvalla,leptospirosis_probable,2,0,train,0.07981394287338717,0,0.0
2022-10-26,2022,Kerala,Pathanamthitta,Thiruvalla,leptospirosis_probable,1,0,train,0.09569186677675219,0,0.0
2023-10-26,2023,Kerala,Pathanamthitta,Thiruvalla,leptospirosis_probable,11,1,test,0.099157987616092,0,0.00040311995428195073
2023-09-11,2023,Kerala,Thiruvananthapuram,Chirayinkeezhu,leptospirosis_probable,498,0,val,0.13176862455585725,0,0.0
2023-09-15,2023,Kerala,Thiruvananthapuram,Chirayinkeezhu,leptospirosis_probable,3,0,val,0.07884601606500977,0,0.0
2020-04-01,2020,Kerala,Thiruvananthapuram,Kattakkada,leptospirosis_probable,8,0,train,0.6966899829726446,1,0.0
2021-10-27,2021,Kerala,Thiruvananthapuram,Kattakkada,leptospirosis_probable,1,1,train,0.7102294137357239,1,0.0
2023-06-03,2023,Kerala,Thiruvananthapuram,Kattakkada,leptospirosis_probable,70,0,val,0.6768567978492829,1,0.01218059285458796
2020-06-06,2020,Kerala,Thiruvananthapuram,Nedumangad,leptospirosis_probable,10291,1,train,0.17419227446276586,0,0.0
2020-10-16,2020,Kerala,Thiruvananthapuram,Nedumangad,leptospirosis_probable,8328,0,train,0.22560309786436453,0,0.0
2021-09-12,2021,Kerala,Thiruvananthapuram,Neyyattinkara,leptospirosis_probable,6,1,train,0.11569584886705203,0,0.0
2021-10-24,2021,Kerala,Thiruvananthapuram,Neyyattinkara,leptospirosis_probable,29521,1,train,0.08263441647376274,0,0.8399452977560921
2022-06-04,2022,Kerala,Thiruvananthapuram,Neyyattinkara,leptospirosis_probable,8,0,train,0.11218980422096003,0,0.0
2020-06-03,2020,Kerala,Thiruvananthapuram,Thiruvananthapuram,leptospirosis_probable,2,1,train,0.21354039024169036,0,0.0
2020-10-27,2020,Kerala,Thiruvananthapuram,Thiruvananthapuram,leptospirosis_probable,12,1,train,0.11206909044309254,0,0.0008356985543185375
2023-09-16,2023,Kerala,Thiruvananthapuram,Thiruvananthapuram,leptospirosis_probable,6,0,val,0.06940456433783723,0,0.0
2020-06-05,2020,Kerala,Thiruvananthapuram,Varkala,leptospirosis_probable,252,0,train,0.11776359777850147,0,0.0
2021-04-01,2021,Kerala,Thiruvananthapuram,Varkala,leptospirosis_probable,1,0,train,0.10325471049648165,0,0.0
2020-06-03,2020,Kerala,Thrissur,Chalakudy,leptospirosis_probable,4,0,train,0.0724428325858457,0,0.0
2020-11-27,2020,Kerala,Thrissur,Chalakudy,leptospirosis_probable,3,1,train,0.0748155669279397,0,0.0
2020-09-13,2020,Kerala,Thrissur,Chavakkad,leptospirosis_probable,4,0,train,0.09102519685908167,0,0.0
2020-10-25,2020,Kerala,Thrissur,Chavakkad,leptospirosis_probable,1,0,train,0.14885227798343764,0,0.0
2022-07-07,2022,Kerala,Thrissur,Chavakkad,leptospirosis_probable,2,1,train,0.1454719364314965,0,4.031199542819508e-05
2022-07-07,2022,Kerala,Thrissur,Chavakkad,leptospirosis_probable,3054,1,train,0.3696038514098378,0,0.9216462707441262
2023-04-01,2023,Kerala,Thrissur,Chavakkad,leptospirosis_probable,23446,0,val,0.05951406167949519,0,0.014200145287372665
2024-10-18,2024,Kerala,Thrissur,Chavakkad,leptospirosis_probable,61,0,test,0.0593019997072874,0,0.0
2021-09-11,2021,Kerala,Thrissur,Kodungallur,leptospirosis_probable,15,1,train,0.11758769154066435,0,0.0
2024-09-13,2024,Kerala,Thrissur,Kodungallur,leptospirosis_probable,48,1,test,0.05154038216607825,0,0.0005442549265616849
2024-09-15,2024,Kerala,Thrissur,Kodungallur,leptospirosis_probable,967,0,test,0.05301570403130426,0,0.028707198965273826
2023-06-04,2023,Kerala,Thrissur,Kunnamkulam,leptospirosis_probable,347,1,val,0.054331910534446484,0,0.0
2023-10-16,2023,Kerala,Thrissur,Kunnamkulam,leptospirosis_probable,5316,0,val,0.034957075638152604,0,0.003849117778705826
2023-10-25,2023,Kerala,Thrissur,Kunnamkulam,leptospirosis_probable,8,0,test,0.17111417948456495,0,0.0
2024-10-21,2024,Kerala,Thrissur,Kunnamkulam,leptospirosis_probable,6,0,test,0.11968949285727067,0,0.0
2022-06-04,2022,Kerala,Thrissur,Mukundapuram,leptospirosis_probable,10,0,train,0.1436889458020139,0,0.0
2020-10-22,2020,Kerala,Thrissur,Talappilly,leptospirosis_probable,346,0,train,0.17624017560615324,0,0.0
2020-10-23,2020,Kerala,Thrissur,Talappilly,leptospirosis_probable,5,0,train,0.20922036292610408,0,0.0
2021-10-19,2021,Kerala,Thrissur,Talappilly,leptospirosis_probable,1,0,train,0.18239203472904283,0,0.0
2020-06-05,2020,Kerala,Thrissur,Thrissur,leptospirosis_probable,148,0,train,0.3538615563537857,0,0.0
2020-10-18,2020,Kerala,Thrissur,Thrissur,leptospirosis_probable,4,0,train,0.3446098123258785,0,0.0
2021-04-02,2021,Kerala,Thrissur,Thrissur,leptospirosis_probable,5,0,train,0.3564105657507064,0,1.6124798171278027e-05
2020-06-04,2020,Kerala,Wayanad,Mananthavady,leptospirosis_probable,4,0,train,0.33400314228676414,0,0.0
2020-07-07,2020,Kerala,Wayanad,Mananthavady,leptospirosis_probable,5,1,train,0.2831837417094947,0,1.6124798171278027e-05
2021-10-21,2021,Kerala,Wayanad,Mananthavady,leptospirosis_probable,99,0,train,0.11239885707163959,0,0.07701661934176976
2021-11-30,2021,Kerala,Wayanad,Mananthavady,leptospirosis_probable,1,0,train,0.09886379831645999,0,0.0
2022-06-05,2022,Kerala,Wayanad,Mananthavady,leptospirosis_probable,2,0,train,0.14084352452831314,0,4.031199542819508e-05
2022-06-05,2022,Kerala,Wayanad,Mananthavady,leptospirosis_probable,5,1,train,0.10188509774789833,0,8.062399085639016e-05
2022-09-09,2022,Kerala,Wayanad,Mananthavady,leptospirosis_probable,12881,0,train,0.07137660077114752,0,0.4392732217329705
2020-10-27,2020,Kerala,Wayanad,Sulthan Bathery,leptospirosis_probable,1,0,train,0.1032619373255247,0,0.0
2021-10-18,2021,Kerala,Wayanad,Sulthan Bathery,leptospirosis_probable,2,0,train,0.12275624154640197,0,4.031199542819508e-05
2023-07-07,2023,Kerala,Wayanad,Sulthan Bathery,leptospirosis_probable,2,1,val,0.1307574061722088,0,0.00038381366463287336
2020-10-23,2020,Kerala,Wayanad,Vythiri,leptospirosis_probable,24,1,train,0.09482694753862701,0,0.0
2021-09-11,2021,Kerala,Wayanad,Vythiri,leptospirosis_probable,53,1,train,0.12955114989152847,0,0.00030518587882882555
2021-10-22,2021,Kerala,Alappuzha,Ambalappuzha,malaria,13779,0,train,0.11155585123566843,0,0.0
2023-11-24,2023,Kerala,Alappuzha,Ambalappuzha,malaria,2,0,test,0.31027502150752306,0,0.0
2022-01-02,2022,Kerala,Alappuzha,Chenganoor,malaria,5,0,train,0.18227481781932708,0,0.0
2023-10-16,2023,Kerala,Alappuzha,Chenganoor,malaria,4,1,val,0.18106316250667778,0,0.0
2024-01-01,2024,Kerala,Alappuzha,Chenganoor,malaria,91,1,test,0.18914017520195298,0,0.07074046317997398
2021-03-03,2021,Kerala,Alappuzha,Cherthala,malaria,4,0,train,0.32615821446216275,0,0.0
2021-10-21,2021,Kerala,Alappuzha,Cherthala,malaria,5,1,train,0.3556622121630536,0,1.6124798171278027e-05
2020-10-17,2020,Kerala,Alappuzha,Karthikappally,malaria,4,0,train,0.40753519314021475,0,0.0
2020-10-22,2020,Kerala,Alappuzha,Karthikappally,malaria,1,1,train,0.17359915766865922,0,0.0
2023-12-16,2023,Kerala,Alappuzha,Karthikappally,malaria,50,1,test,0.09122452632488309,0,0.016640174222029364
2022-10-19,2022,Kerala,Alappuzha,Kuttanad,malaria,3500,1,train,0.47537383410691036,0,0.0
2022-11-26,2022,Kerala,Alappuzha,Kuttanad,malaria,531,0,val,0.5067165500662454,1,0.0
2023-10-21,2023,Kerala,Alappuzha,Kuttanad,malaria,4,0,test,0.3879147087324602,0,0.0
2023-12-09,2023,Kerala,Alappuzha,Kuttanad,malaria,58,0,test,0.44542836286220217,0,0.0008707391012490136
2024-08-12,2024,Kerala,Alappuzha,Kuttanad,malaria,440,0,test,0.3850767113041323,0,0.0005220061780871362
2024-10-17,2024,Kerala,Alappuzha,Kuttanad,malaria,19,0,test,0.09966921073194195,0,0.0
2024-10-21,2024,Kerala,Alappuzha,Kuttanad,malaria,1,0,test,0.12606753980266505,0,0.0
2023-06-10,2023,Kerala,Ernakulam,Aluva,malaria,7,1,val,0.12082770941346645,0,0.0
2023-11-25,2023,Kerala,Ernakulam,Aluva,malaria,24,0,test,0.10518047581556654,0,0.0005492939259902093
2020-10-21,2020,Kerala,Ernakulam,Kanayannur,malaria,3,1,train,0.08365160184147333,0,0.0
2020-11-24,2020,Kerala,Ernakulam,Kanayannur,malaria,11,1,train,0.19251541833745736,0,0.0004919699339556131
2021-06-09,2021,Kerala,Ernakulam,Kanayannur,malaria,42,0,train,0.18018639116373017,0,0.004369830092601625
2021-12-31,2021,Kerala,Ernakulam,Kanayannur,malaria,1,0,train,0.3784498212921499,0,0.0
2022-01-01,2022,Kerala,Ernakulam,Kanayannur,malaria,1,0,train,0.03574094791435214,0,0.0
2022-06-08,2022,Kerala,Ernakulam,Kanayannur,malaria,1,0,train,0.17253493541335896,0,0.0
2024-09-13,2024,Kerala,Ernakulam,Kanayannur,malaria,3,1,test,0.048793530525350605,0,8.062399085639016e-05
2021-10-20,2021,Kerala,Ernakulam,Kochi,malaria,15406,1,train,0.1373417239136738,0,0.0
2022-03-03,2022,Kerala,Ernakulam,Kochi,malaria,4168,0,train,0.21909581928355684,0,0.0
2020-04-05,2020,Kerala,Ernakulam,Kothamangalam,malaria,66,1,train,0.14152805114069797,0,0.0
2021-11-25,2021,Kerala,Ernakulam,Kothamangalam,malaria,14,1,train,0.20899714932869756,0,0.0
2023-06-09,2023,Kerala,Ernakulam,Kothamangalam,malaria,3053,0,val,0.11676343752618001,0,0.07469592739926184
2020-12-28,2020,Kerala,Ernakulam,Kunnathunad,malaria,3,1,train,0.28760830500248696,0,0.0
2021-06-08,2021,Kerala,Ernakulam,Kunnathunad,malaria,1167,1,train,0.28414080813371284,0,0.07840867140469732
2023-10-20,2023,Kerala,Ernakulam,Kunnathunad,malaria,10481,1,test,0.2864937859877313,0,0.010360192504756026
2020-03-03,2020,Kerala,Ernakulam,Muvattupuzha,malaria,22785,1,train,0.11436582647045414,0,0.0
2020-11-24,2020,Kerala,Ernakulam,Muvattupuzha,malaria,16,0,train,0.13508216349088548,0,0.0
2020-11-25,2020,Kerala,Ernakulam,Muvattupuzha,malaria,3,0,train,0.04366811184376009,0,0.0
2023-06-08,2023,Kerala,Ernakulam,Muvattupuzha,malaria,62,0,val,0.13367161173016265,0,0.0011892038651317549
2023-10-18,2023,Kerala,Ernakulam,Muvattupuzha,malaria,1478,0,val,0.09332874640405146,0,0.0018121201754388641
2023-10-20,2023,Kerala,Ernakulam,Muvattupuzha,malaria,6,0,test,0.06425532283676816,0,0.0
2021-04-04,2021,Kerala,Ernakulam,North Paravur,malaria,15406,0,train,0.5359612691935709,1,0.0
2022-01-01,2022,Kerala,Ernakulam,North Paravur,malaria,5,0,train,0.5884097910138467,1,0.0
2022-09-14,2022,Kerala,Ernakulam,North Paravur,malaria,2,0,train,0.4272691534293442,0,0.0
2022-11-25,2022,Kerala,Ernakulam,North Paravur,malaria,2,0,val,0.1780718957910642,0,0.0
2024-09-12,2024,Kerala,Ernakulam,North Paravur,malaria,187,0,test,0.10909525338103979,0,0.0049718127694773915
2024-10-22,2024,Kerala,Ernakulam,North Paravur,malaria,7427,0,test,0.058105258619101915,0,0.031327921668006777
2020-12-31,2020,Kerala,Idukki,Devikulam,malaria,201,1,train,0.16294316272878828,0,0.0
2021-04-04,2021,Kerala,Idukki,Devikulam,malaria,7,0,train,0.14241068587207942,0,0.0
2021-09-12,2021,Kerala,Idukki,Devikulam,malaria,1,0,train,0.1944571110904818,0,0.0
2023-04-05,2023,Kerala,Idukki,Devikulam,malaria,11,0,val,0.17297565163083356,0,0.00040311995428195073
2020-03-02,2020,Kerala,Idukki,Idukki,malaria,6,0,train,0.0877965083512546,0,0.0
2020-09-13,2020,Kerala,Idukki,Idukki,malaria,1,1,train,0.11500514239502767,0,0.0
2020-10-21,2020,Kerala,Idukki,Peerumade,malaria,11963,1,train,0.08471689478081573,0,0.0
2020-11-24,2020,Kerala,Idukki,Peerumade,malaria,3862,1,train,0.08217682630742912,0,0.0
2021-06-08,2021,Kerala,Idukki,Peerumade,malaria,19818,0,train,0.15480663377180906,0,0.001745439494421117
2022-09-13,2022,Kerala,Idukki,Peerumade,malaria,2,1,train,0.1516959324655495,0,0.0
2022-11-25,2022,Kerala,Idukki,Peerumade,malaria,41743,0,val,0.11796082514765618,0,0.5027177110032105
2023-04-05,2023,Kerala,Idukki,Peerumade,malaria,18,0,val,0.2829013606453794,0,0.0
2023-12-30,2023,Kerala,Idukki,Peerumade,malaria,6,0,test,0.22626734950367852,0,0.0
2021-04-04,2021,Kerala,Idukki,Thodupuzha,malaria,8,1,train,0.25192215182481675,0,0.0
2020-11-25,2020,Kerala,Idukki,Udumbanchola,malaria,4,0,train,0.08364792056425344,0,0.0
2021-11-25,2021,Kerala,Idukki,Udumbanchola,malaria,3,1,train,0.048706284296902866,0,0.0
2023-12-31,2023,Kerala,Idukki,Udumbanchola,malaria,19,1,test,0.0673266417581991,0,0.012829667923555247
2024-11-25,2024,Kerala,Idukki,Udumbanchola,malaria,40072,1,test,0.18760332913793698,0,0.9999999983333334
2021-09-13,2021,Kerala,Kannur,Iritty,malaria,3,1,train,0.12666233057485202,0,0.0
2021-12-31,2021,Kerala,Kannur,Iritty,malaria,1553,0,train,0.22863577890716513,0,0.10442583988887229
2022-09-13,2022,Kerala,Kannur,Iritty,malaria,4,1,train,0.27187338962151464,0,0.0
2022-11-25,2022,Kerala,Kannur,Iritty,malaria,26965,0,val,0.21078133277475605,0,0.46037810413421415
2023-10-14,2023,Kerala,Kannur,Iritty,malaria,11,0,val,0.2675255524845507,0,0.0
2023-10-21,2023,Kerala,Kannur,Iritty,malaria,29,0,test,0.17069155868193722,0,0.00012093598628458523
2020-04-04,2020,Kerala,Kannur,Kannur,malaria,6842,1,train,0.13284675014445738,0,0.0
2020-09-14,2020,Kerala,Kannur,Kannur,malaria,77,0,train,0.1982673813994585,0,0.0
2020-10-19,2020,Kerala,Kannur,Kannur,malaria,3346,0,train,0.04470470998125135,0,0.0033789721296094795
2020-08-12,2020,Kerala,Kannur,Payyanur,malaria,37,1,train,0.27686685790076604,0,0.0
2020-10-19,2020,Kerala,Kannur,Payyanur,malaria,453,0,train,0.26317904678276277,0,0.002946524443973348
2021-05-07,2021,Kerala,Kannur,Payyanur,malaria,33,1,train,0.0728522041402789,0,0.0
2021-11-24,2021,Kerala,Kannur,Payyanur,malaria,12253,0,train,0.13179453329233742,0,0.06916107363321698
2022-06-10,2022,Kerala,Kannur,Payyanur,malaria,2,0,train,0.10250103480806892,0,0.0
2022-08-11,2022,Kerala,Kannur,Payyanur,malaria,5347,0,train,0.06674080660150458,0,0.14405256839801395
2022-10-17,2022,Kerala,Kannur,Payyanur,malaria,487,0,train,0.05546819612719837,0,0.0
2021-10-21,2021,Kerala,Kannur,Taliparamba,malaria,14,1,train,0.07252330840685013,0,0.0
2022-08-11,2022,Kerala,Kannur,Taliparamba,malaria,1370,1,train,0.16113540438531979,0,0.02435996097490484
2023-10-18,2023,Kerala,Kannur,Taliparamba,malaria,5753,0,val,0.061142973555806064,0,0.004502648918263665
2020-06-08,2020,Kerala,Kannur,Thalassery,malaria,2,0,train,0.09611611952384251,0,0.0
2021-04-04,2021,Kerala,Kannur,Thalassery,malaria,1,1,train,0.09847301103741017,0,0.0
2021-04-05,2021,Kerala,Kannur,Thalassery,malaria,1218,1,train,0.1440941535425279,0,0.8076103715230004
2021-10-22,2021,Kerala,Kannur,Thalassery,malaria,1218,0,train,0.07465973674648908,0,0.001001953700300906
2022-10-18,2022,Kerala,Kannur,Thalassery,malaria,1,0,train,0.04590454246978212,0,0.0
2023-04-06,2023,Kerala,Kannur,Thalassery,malaria,2,0,val,0.08244704827462745,0,4.031199542819508e-05
2020-01-02,2020,Kerala,Kasaragod,Hosdurg,malaria,198,1,train,0.1042337092620056,0,0.0
2020-05-08,2020,Kerala,Kasaragod,Hosdurg,malaria,3863,0,train,0.06114675415030089,0,0.004964443228637219
2022-09-12,2022,Kerala,Kasaragod,Hosdurg,malaria,1,0,train,0.1316615034374078,0,0.0
2024-06-10,2024,Kerala,Kasaragod,Hosdurg,malaria,206,0,test,0.06756852753967024,0,0.00826395906277999
2020-10-23,2020,Kerala,Kasaragod,Kasaragod,malaria,252,1,train,0.27442585806228864,0,0.0
2020-08-12,2020,Kerala,Kasaragod,Manjeshwaram,malaria,447,1,train,0.17597025854768922,0,0.0
2020-09-13,2020,Kerala,Kasaragod,Manjeshwaram,malaria,195,1,train,0.2713393360694925,0,0.0
2020-10-21,2020,Kerala,Kasaragod,Manjeshwaram,malaria,10292,0,train,0.10213521556631033,0,0.040377893732146286
2021-03-03,2021,Kerala,Kasaragod,Nileshwaram,malaria,24,0,train,0.12742338678703163,0,0.0
2021-09-12,2021,Kerala,Kasaragod,Nileshwaram,malaria,1,0,train,0.1654114458470817,0,0.0
2021-10-24,2021,Kerala,Kasaragod,Nileshwaram,malaria,1,1,train,0.19255866414841782,0,0.0
2022-12-31,2022,Kerala,Kasaragod,Nileshwaram,malaria,10653,0,val,0.2000962371601677,0,0.9999999983333334
2023-10-20,2023,Kerala,Kasaragod,Nileshwaram,malaria,1,0,test,0.20087768600552558,0,0.0
2023-12-30,2023,Kerala,Kasaragod,Nileshwaram,malaria,1,0,test,0.15508826421109553,0,0.0
2021-10-21,2021,Kerala,Kasaragod,Vellarikundu,malaria,15,1,train,0.2738880435863738,0,0.0
2023-11-26,2023,Kerala,Kasaragod,Vellarikundu,malaria,25,0,test,0.3211802811421439,0,0.00015669347893472582
2024-04-20,2024,Kerala,Kasaragod,Vellarikundu,malaria,13,1,test,0.11964977752563657,0,0.0
2020-04-05,2020,Kerala,Kollam,Karunagappally,malaria,3,1,train,0.1634096947506538,0,0.0
2020-10-22,2020,Kerala,Kollam,Karunagappally,malaria,10291,1,train,0.1051095873325292,0,0.693384436300067
2021-11-25,2021,Kerala,Kollam,Karunagappally,malaria,43,1,train,0.3098120773081998,0,0.0
2022-04-04,2022,Kerala,Kollam,Karunagappally,malaria,99610,0,train,0.377510126445451,0,0.19652050117378672
2022-11-25,2022,Kerala,Kollam,Karunagappally,malaria,9,0,val,0.03304173941058966,0,0.0
2023-10-20,2023,Kerala,Kollam,Karunagappally,malaria,1,0,test,0.053749315956436616,0,0.0
2024-05-07,2024,Kerala,Kollam,Karunagappally,malaria,634,0,test,0.058876245637187886,0,0.025517493106047482
2024-11-24,2024,Kerala,Kollam,Karunagappally,malaria,8,0,test,0.09372610166318678,0,0.0
2020-12-31,2020,Kerala,Kollam,Kollam,malaria,100,1,train,0.4196732835835786,0,0.0
2021-05-07,2021,Kerala,Kollam,Kollam,malaria,8,0,train,0.4031724176848509,0,0.0
2022-09-12,2022,Kerala,Kollam,Kollam,malaria,18,1,train,0.09407026787675839,0,8.958221206265572e-05
2023-03-02,2023,Kerala,Kollam,Kollam,malaria,421,0,val,0.10003730487739222,0,0.007446822235644638
2023-04-04,2023,Kerala,Kollam,Kollam,malaria,14,0,val,0.16625584419805478,0,0.0
2024-10-21,2024,Kerala,Kollam,Kollam,malaria,420,0,test,0.13253183799205867,0,0.0036215732331014625
2020-09-14,2020,Kerala,Kollam,Kottarakkara,malaria,2,1,train,0.30265340415789427,0,0.0
2020-04-06,2020,Kerala,Kollam,Pathanapuram,malaria,30,0,train,0.36967271546564484,0,0.0
2020-04-06,2020,Kerala,Kollam,Pathanapuram,malaria,1,1,train,0.28503451953738584,0,0.0
2022-12-28,2022,Kerala,Kollam,Pathanapuram,malaria,158,1,val,0.0473467740056108,0,0.011721625894457249
2023-06-03,2023,Kerala,Kollam,Pathanapuram,malaria,66,1,val,0.13434711784573103,0,2.5397914458045536e-05
2020-10-20,2020,Kerala,Kollam,Punalur,malaria,3,1,train,0.134964657078267,0,0.0
2020-10-21,2020,Kerala,Kollam,Punalur,malaria,42,1,train,0.09824774880474087,0,0.0025814316515966104
2020-11-25,2020,Kerala,Kollam,Punalur,malaria,53,0,train,0.10825855425545779,0,0.0008581838786219949
2021-10-15,2021,Kerala,Kollam,Punalur,malaria,1,0,train,0.2725929008445897,0,0.0
2020-04-03,2020,Kerala,Kottayam,Changanassery,malaria,453,0,train,0.2878709836718659,0,0.0
2021-10-19,2021,Kerala,Kottayam,Changanassery,malaria,1,1,train,0.6195389937422743,1,0.0
2022-04-04,2022,Kerala,Kottayam,Changanassery,malaria,6504,0,train,0.662532067447456,1,0.2780111085731179
2022-09-14,2022,Kerala,Kottayam,Changanassery,malaria,26,0,train,0.5810408771494059,1,0.0
2024-04-04,2024,Kerala,Kottayam,Changanassery,malaria,1,0,test,0.5334943410466864,1,0.0
2020-12-29,2020,Kerala,Kottayam,Kanjirappally,malaria,16,0,train,0.4185166456197673,0,0.0
2021-01-01,2021,Kerala,Kottayam,Kanjirappally,malaria,5,1,train,0.47970946087130445,0,0.0
2021-09-15,2021,Kerala,Kottayam,Kanjirappally,malaria,2542,1,train,0.07579551980574903,0,0.2523341636762637
2020-10-20,2020,Kerala,Kottayam,Meenachil,malaria,224,1,train,0.06557447165712314,0,0.0
2020-12-28,2020,Kerala,Kottayam,Meenachil,malaria,44,0,train,0.06592382921622099,0,0.0
2021-11-26,2021,Kerala,Kottayam,Meenachil,malaria,1,1,train,0.0419271112121222,0,0.0
2022-10-24,2022,Kerala,Kottayam,Meenachil,malaria,556,0,train,0.11013846510896394,0,0.025482651298491893
2020-04-05,2020,Kerala,Kottayam,Vaikom,malaria,11963,0,train,0.11445207837563393,0,0.0
2022-06-08,2022,Kerala,Kottayam,Vaikom,malaria,3,0,train,0.10075152278112429,0,0.0
2022-09-12,2022,Kerala,Kottayam,Vaikom,malaria,1,0,train,0.0818135677253084,0,0.0
2023-03-03,2023,Kerala,Kottayam,Vaikom,malaria,5,0,val,0.12362547043569633,0,0.00016124798171278032
2020-03-02,2020,Kerala,Kozhikode,Kozhikode,malaria,453,1,train,0.10962209694399098,0,0.0
2020-11-25,2020,Kerala,Kozhikode,Kozhikode,malaria,16,0,train,0.15268034584942622,0,0.0
2021-09-13,2021,Kerala,Kozhikode,Kozhikode,malaria,7,0,train,0.1667800263892558,0,0.0
2021-09-14,2021,Kerala,Kozhikode,Kozhikode,malaria,3,0,train,0.1815964943933713,0,0.0
2021-10-19,2021,Kerala,Kozhikode,Kozhikode,malaria,1,0,train,0.18772243664568644,0,0.0
2022-01-01,2022,Kerala,Kozhikode,Kozhikode,malaria,1,0,train,0.265857541534569,0,0.0
2023-10-21,2023,Kerala,Kozhikode,Kozhikode,malaria,10,0,test,0.27311393641423776,0,0.0006462839179190409
2020-10-21,2020,Kerala,Kozhikode,Thamarassery,malaria,6842,1,train,0.15941240064023718,0,0.0
2022-06-08,2022,Kerala,Kozhikode,Thamarassery,malaria,6406,0,train,0.19228835464830699,0,0.0
2023-10-15,2023,Kerala,Kozhikode,Thamarassery,malaria,11,0,val,0.11127183937470786,0,0.0
2020-05-07,2020,Kerala,Kozhikode,Vadakara,malaria,346,1,train,0.0900957608270164,0,0.0
2020-08-11,2020,Kerala,Kozhikode,Vadakara,malaria,200,0,train,0.13393394538902714,0,0.0
2020-10-20,2020,Kerala,Kozhikode,Vadakara,malaria,1,0,train,0.10488463373585263,0,0.0
2021-03-03,2021,Kerala,Kozhikode,Vadakara,malaria,1,0,train,0.1558785890169123,0,0.0
2023-05-07,2023,Kerala,Kozhikode,Vadakara,malaria,3,0,val,0.07759023004187622,0,8.062399085639016e-05
2023-06-10,2023,Kerala,Kozhikode,Vadakara,malaria,2,0,val,0.1872462278310008,0,0.0
2023-09-14,2023,Kerala,Kozhikode,Vadakara,malaria,75,0,val,0.2110404375794006,0,0.00692697481810352
2023-10-16,2023,Kerala,Kozhikode,Vadakara,malaria,67,0,val,0.16193747150329726,0,0.0004068713765407623
2020-09-13,2020,Kerala,Malappuram,Ernad,malaria,78,0,train,0.1937284498415865,0,0.0
2020-10-17,2020,Kerala,Malappuram,Ernad,malaria,1,0,train,0.5753527546410067,1,0.0
2023-10-07,2023,Kerala,Malappuram,Ernad,malaria,11,1,val,0.505877338408668,1,0.00040311995428195073
2021-11-25,2021,Kerala,Malappuram,Kondotty,malaria,3,0,train,0.129675641519291,0,0.0
2022-10-16,2022,Kerala,Malappuram,Kondotty,malaria,2,1,train,0.1386681276654845,0,0.0
2021-04-05,2021,Kerala,Malappuram,Nilambur,malaria,5,0,train,0.18101773475843277,0,0.0
2022-10-23,2022,Kerala,Malappuram,Nilambur,malaria,1,1,train,0.10628019684155939,0,0.0
2022-12-29,2022,Kerala,Malappuram,Nilambur,malaria,190,1,val,0.09729243544111353,0,0.05229329951012638
2023-01-02,2023,Kerala,Malappuram,Nilambur,malaria,551,1,val,0.2352018836833256,0,0.003974484794607807
2020-01-01,2020,Kerala,Malappuram,Perinthalmanna,malaria,13,1,train,0.07353358456420796,0,0.0
2020-04-05,2020,Kerala,Malappuram,Perinthalmanna,malaria,50,1,train,0.06968754725613853,0,0.0006990364770895202
2020-10-22,2020,Kerala,Malappuram,Perinthalmanna,malaria,17,0,train,0.10462642248120181,0,0.0
2022-10-17,2022,Kerala,Malappuram,Perinthalmanna,malaria,1,0,train,0.08656595713149853,0,0.0
2023-10-18,2023,Kerala,Malappuram,Perinthalmanna,malaria,1,0,val,0.6007608230645771,1,0.0
2024-03-03,2024,Kerala,Malappuram,Perinthalmanna,malaria,3,0,test,0.35131317203250695,0,8.062399085639016e-05
2020-08-11,2020,Kerala,Malappuram,Ponnani,malaria,183,1,train,0.25303355214529044,0,0.0
2020-09-14,2020,Kerala,Malappuram,Ponnani,malaria,37,0,train,0.07566149328547549,0,0.0
2020-10-23,2020,Kerala,Malappuram,Ponnani,malaria,2,0,train,0.7319871399935505,1,0.0
2021-06-09,2021,Kerala,Malappuram,Ponnani,malaria,39,0,train,0.14900941231193657,0,0.0009943625538954787
2021-12-30,2021,Kerala,Malappuram,Ponnani,malaria,8,0,train,0.21903663268083448,0,0.0
2022-06-09,2022,Kerala,Malappuram,Ponnani,malaria,1,0,train,0.24929447177429026,0,0.0
2022-06-10,2022,Kerala,Malappuram,Ponnani,malaria,13,0,train,0.19757962339970503,0,0.00048374394513834093
2023-12-31,2023,Kerala,Malappuram,Ponnani,malaria,1,0,test,0.12838938358963478,0,0.0
2022-11-25,2022,Kerala,Malappuram,Tirur,malaria,54,0,val,0.0713722624753001,0,0.0
2023-06-09,2023,Kerala,Malappuram,Tirur,malaria,1,1,val,0.16351849817648037,0,0.0
2023-12-31,2023,Kerala,Malappuram,Tirur,malaria,46060,0,test,0.07207123783338547,0,0.9999999983333334
2024-10-18,2024,Kerala,Malappuram,Tirur,malaria,1,0,test,0.10967097236542138,0,0.0
2024-10-21,2024,Kerala,Malappuram,Tirur,malaria,2,0,test,0.07282009172366573,0,4.031199542819508e-05
2023-04-05,2023,Kerala,Malappuram,Tirurangadi,malaria,6,1,val,0.07929425210627464,0,0.0
2020-10-23,2020,Kerala,Palakkad,Alathur,malaria,384,1,train,0.10196084705125039,0,0.0
2021-05-08,2021,Kerala,Palakkad,Chittur,malaria,195,1,train,0.08040092505709351,0,0.0
2023-06-24,2023,Kerala,Palakkad,Chittur,malaria,23,1,val,0.08397663318143522,0,0.0
2023-10-20,2023,Kerala,Palakkad,Chittur,malaria,7743,0,test,0.1942660460540358,0,0.07311797722266113
2020-05-07,2020,Kerala,Palakkad,Mannarkkad,malaria,2,1,train,0.15187154875876818,0,0.0
2022-01-01,2022,Kerala,Palakkad,Mannarkkad,malaria,31,0,train,0.14115878345411245,0,0.0025432156569068793
2022-03-02,2022,Kerala,Palakkad,Mannarkkad,malaria,1,0,train,0.1325753021048199,0,0.0
2020-10-23,2020,Kerala,Palakkad,Ottapalam,malaria,6,0,train,0.23537557059401976,0,0.0
2021-10-18,2021,Kerala,Palakkad,Ottapalam,malaria,1,1,train,0.24332619249631743,0,0.0
2022-01-02,2022,Kerala,Palakkad,Ottapalam,malaria,14,1,train,0.26099910335469073,0,0.002535039496635006
2023-01-02,2023,Kerala,Palakkad,Ottapalam,malaria,35,0,val,0.3813836617157998,0,0.003068405238737122
2023-08-26,2023,Kerala,Palakkad,Ottapalam,malaria,14,1,val,0.09784218463029265,0,0.0
2022-10-17,2022,Kerala,Palakkad,Palakkad,malaria,1,1,train,0.11897193274352555,0,0.0
2022-11-26,2022,Kerala,Palakkad,Palakkad,malaria,135,0,val,0.18944475622906598,0,0.017969241572605783
2023-09-15,2023,Kerala,Palakkad,Palakkad,malaria,1,0,val,0.49668123604877173,0,0.0
2023-10-21,2023,Kerala,Palakkad,Palakkad,malaria,50,0,test,0.1679010071256563,0,0.0020191894153805093
2023-11-25,2023,Kerala,Palakkad,Palakkad,malaria,118,0,test,0.0776779395474489,0,0.0009974129186244626
2024-04-06,2024,Kerala,Palakkad,Palakkad,malaria,12,0,test,0.09000315412628808,0,0.0
2024-06-10,2024,Kerala,Palakkad,Palakkad,malaria,2,0,test,0.10668591429310012,0,0.0
2020-12-29,2020,Kerala,Palakkad,Pattambi,malaria,22,1,train,0.6119772398641868,1,0.0
2021-09-13,2021,Kerala,Palakkad,Pattambi,malaria,6,1,train,0.2864212878502684,0,0.0
2022-04-03,2022,Kerala,Palakkad,Pattambi,malaria,115,1,train,0.2799589985464356,0,0.0073609713821550845
2022-10-16,2022,Kerala,Palakkad,Pattambi,malaria,320,0,train,0.37346882188682834,0,0.003707593175019808
2022-12-31,2022,Kerala,Palakkad,Pattambi,malaria,141,0,val,0.07830488937429196,0,0.00013416849578106818
2023-12-02,2023,Kerala,Palakkad,Pattambi,malaria,18,0,test,0.08204563999705111,0,0.0
2024-01-27,2024,Kerala,Palakkad,Pattambi,malaria,102,1,test,0.6291704290184899,1,0.0003564429069440407
2024-06-10,2024,Kerala,Palakkad,Pattambi,malaria,634,1,test,0.16168178707832592,0,0.003678030062137829
2021-04-05,2021,Kerala,Pathanamthitta,Adoor,malaria,25,1,train,0.6504152523415953,1,0.0
2021-08-12,2021,Kerala,Pathanamthitta,Adoor,malaria,23700,1,train,0.15294438611313396,0,0.24549152128715687
2021-12-27,2021,Kerala,Pathanamthitta,Adoor,malaria,33611,0,train,0.6138189425544138,1,0.0010853125260804274
2021-12-29,2021,Kerala,Pathanamthitta,Adoor,malaria,4,0,train,0.1826432962346894,0,0.0
2022-09-13,2022,Kerala,Pathanamthitta,Adoor,malaria,24,0,train,0.15579398245624634,0,0.00032249596342556064
2022-12-30,2022,Kerala,Pathanamthitta,Adoor,malaria,46021,0,val,0.10003144670150356,0,0.14992293500792114
2023-11-11,2023,Kerala,Pathanamthitta,Adoor,malaria,26,0,test,0.12177959892386447,0,0.0
2024-10-18,2024,Kerala,Pathanamthitta,Adoor,malaria,25,0,test,0.15648646708538116,0,0.0
2021-10-21,2021,Kerala,Pathanamthitta,Konni,malaria,19,1,train,0.05533798699063314,0,0.0
2022-01-01,2022,Kerala,Pathanamthitta,Konni,malaria,6,1,train,0.2876510097095128,0,0.0
2022-04-05,2022,Kerala,Pathanamthitta,Konni,malaria,31660,1,train,0.2607878270134403,0,0.9999999983333334
2022-06-10,2022,Kerala,Pathanamthitta,Konni,malaria,554,0,train,0.6339893506970165,1,0.0
2023-06-09,2023,Kerala,Pathanamthitta,Konni,malaria,1,0,val,0.109221205299787,0,0.0
2023-10-20,2023,Kerala,Pathanamthitta,Konni,malaria,1719,0,test,0.147841318986519,0,0.06925600814563912
2023-10-21,2023,Kerala,Pathanamthitta,Konni,malaria,37,0,test,0.2733956609570097,0,0.0
2023-12-28,2023,Kerala,Pathanamthitta,Konni,malaria,9,0,test,0.23344723703313405,0,0.0
2020-06-09,2020,Kerala,Pathanamthitta,Kozhenchery,malaria,10,0,train,0.6224538643484773,1,0.0
2022-11-24,2022,Kerala,Pathanamthitta,Kozhenchery,malaria,1,1,val,0.5364470098463812,1,0.0
2021-04-04,2021,Kerala,Pathanamthitta,Mallappally,malaria,7,1,train,0.04593672697981055,0,0.0
2021-08-11,2021,Kerala,Pathanamthitta,Mallappally,malaria,62,1,train,0.06827552948735766,0,0.0018299317529314656
2021-08-12,2021,Kerala,Pathanamthitta,Mallappally,malaria,112,0,train,0.6545743152249106,1,0.0015528911380285535
2021-10-17,2021,Kerala,Pathanamthitta,Mallappally,malaria,5,0,train,0.16828763487881254,0,0.0
2021-12-27,2021,Kerala,Pathanamthitta,Mallappally,malaria,12,0,train,0.1826783185983439,0,9.40613226657885e-05
2020-10-22,2020,Kerala,Pathanamthitta,Ranni,malaria,3,0,train,0.5512336341184639,1,0.0
2020-11-25,2020,Kerala,Pathanamthitta,Ranni,malaria,1,1,train,0.07784999016239663,0,0.0
2021-11-24,2021,Kerala,Pathanamthitta,Ranni,malaria,656,1,train,0.1710735311246928,0,0.31855400506861836
2023-09-02,2023,Kerala,Pathanamthitta,Ranni,malaria,20,0,val,0.18927443556565507,0,0.0
2023-03-03,2023,Kerala,Pathanamthitta,Thiruvalla,malaria,15,1,val,0.09739561550931432,0,0.0
2023-10-19,2023,Kerala,Pathanamthitta,Thiruvalla,malaria,152,1,val,0.1239967395032207,0,0.002296706689744457
2024-09-13,2024,Kerala,Pathanamthitta,Thiruvalla,malaria,23,0,test,0.11642398246429839,0,0.0
2020-10-22,2020,Kerala,Thiruvananthapuram,Chirayinkeezhu,malaria,34,0,train,0.13232747800084485,0,0.0
2021-09-14,2021,Kerala,Thiruvananthapuram,Chirayinkeezhu,malaria,2,1,train,0.18245653665472625,0,0.0
2022-09-13,2022,Kerala,Thiruvananthapuram,Chirayinkeezhu,malaria,66088,0,train,0.16332138359930273,0,0.9999999983333334
2023-04-05,2023,Kerala,Thiruvananthapuram,Chirayinkeezhu,malaria,7,0,val,0.1532421793951806,0,0.0
2023-10-18,2023,Kerala,Thiruvananthapuram,Chirayinkeezhu,malaria,5315,0,val,0.06365943509535917,0,0.053494017933214864
2020-12-30,2020,Kerala,Thiruvananthapuram,Kattakkada,malaria,11,1,train,0.06279722850389832,0,0.0
2022-09-12,2022,Kerala,Thiruvananthapuram,Kattakkada,malaria,39,1,train,0.10466366554478176,0,0.0006133365839295048
2023-09-12,2023,Kerala,Thiruvananthapuram,Kattakkada,malaria,384,0,val,0.10798134161329492,0,0.013139624824726238
2023-11-26,2023,Kerala,Thiruvananthapuram,Kattakkada,malaria,28,0,test,0.2182660424402307,0,0.0
2024-09-14,2024,Kerala,Thiruvananthapuram,Kattakkada,malaria,4,0,test,0.12813151444005005,0,0.0
2024-12-27,2024,Kerala,Thiruvananthapuram,Kattakkada,malaria,1,0,test,0.3255290331387647,0,0.0
2021-05-08,2021,Kerala,Thiruvananthapuram,Nedumangad,malaria,426,1,train,0.0774914054756894,0,0.0
2022-10-20,2022,Kerala,Thiruvananthapuram,Nedumangad,malaria,7,0,train,0.35833252123290427,0,0.0
2022-11-26,2022,Kerala,Thiruvananthapuram,Nedumangad,malaria,7,0,val,0.3640114799256326,0,0.0
2023-03-03,2023,Kerala,Thiruvananthapuram,Nedumangad,malaria,4,1,val,0.42975326981845896,0,0.0
2023-06-10,2023,Kerala,Thiruvananthapuram,Nedumangad,malaria,943,1,val,0.10035071505953726,0,0.018693830378008636
2023-10-22,2023,Kerala,Thiruvananthapuram,Nedumangad,malaria,7723,0,test,0.15925593478749484,0,0.01619825461334147
2022-04-06,2022,Kerala,Thiruvananthapuram,Neyyattinkara,malaria,6503,1,train,0.6712349353971827,1,0.0
2022-10-17,2022,Kerala,Thiruvananthapuram,Neyyattinkara,malaria,772,1,train,0.6361963319879811,1,0.0
2022-11-26,2022,Kerala,Thiruvananthapuram,Neyyattinkara,malaria,54917,0,val,0.6460397506278964,1,0.015179269173469685
2023-08-12,2023,Kerala,Thiruvananthapuram,Neyyattinkara,malaria,127,0,val,0.6776658982032144,1,0.0
2023-10-18,2023,Kerala,Thiruvananthapuram,Neyyattinkara,malaria,522,0,val,0.691088358896594,1,0.00024880059678339145
2024-01-01,2024,Kerala,Thiruvananthapuram,Neyyattinkara,malaria,74,0,test,0.6891296718828163,1,0.0
2020-05-07,2020,Kerala,Thiruvananthapuram,Thiruvananthapuram,malaria,7,1,train,0.3296541926868333,0,0.0
2021-04-05,2021,Kerala,Thiruvananthapuram,Thiruvananthapuram,malaria,268,0,train,0.10667017283171694,0,0.008772336814770909
2020-10-15,2020,Kerala,Thiruvananthapuram,Varkala,malaria,5,1,train,0.10534622325885373,0,0.0
2021-06-08,2021,Kerala,Thiruvananthapuram,Varkala,malaria,18,0,train,0.03477417941309415,0,0.0005526532589425589
2022-10-19,2022,Kerala,Thiruvananthapuram,Varkala,malaria,1,0,train,0.3144216314877828,0,0.0
2023-01-01,2023,Kerala,Thiruvananthapuram,Varkala,malaria,6,0,val,0.5828356726279603,1,0.00020155997714097536
2020-06-08,2020,Kerala,Thrissur,Chalakudy,malaria,5720,1,train,0.2942860522197896,0,0.0
2020-12-28,2020,Kerala,Thrissur,Chalakudy,malaria,14,0,train,0.25587360622170097,0,0.0
2021-01-02,2021,Kerala,Thrissur,Chalakudy,malaria,3,0,train,0.2591319666815119,0,0.0
2021-09-14,2021,Kerala,Thrissur,Chalakudy,malaria,6,0,train,0.5831414734166418,1,6.0467993142292616e-05
2022-04-05,2022,Kerala,Thrissur,Chalakudy,malaria,576,0,train,0.5771914968964376,1,0.006565096398306054
2023-09-13,2023,Kerala,Thrissur,Chalakudy,malaria,932,0,val,0.6977907996043854,1,0.0010291382965651845
2020-10-17,2020,Kerala,Thrissur,Chavakkad,malaria,53,1,train,0.19501361143164753,0,0.0
2020-12-28,2020,Kerala,Thrissur,Chavakkad,malaria,11,1,train,0.08496196959996687,0,0.0
2021-09-14,2021,Kerala,Thrissur,Chavakkad,malaria,20689,0,train,0.06564495105566291,0,0.6347657950303816
2022-11-23,2022,Kerala,Thrissur,Chavakkad,malaria,1,1,val,0.11266994268642652,0,0.0
2023-06-10,2023,Kerala,Thrissur,Chavakkad,malaria,82730,0,val,0.6432557580890158,1,0.5068967584829708
2020-12-29,2020,Kerala,Thrissur,Kodungallur,malaria,2,1,train,0.6458066479963422,1,0.0
2021-11-24,2021,Kerala,Thrissur,Kodungallur,malaria,7,1,train,0.19261187707869176,0,0.00038635194837423705
2022-04-04,2022,Kerala,Thrissur,Kodungallur,malaria,29,1,train,0.7197547160517808,1,0.0047905668625644075
2022-12-27,2022,Kerala,Thrissur,Kodungallur,malaria,554,0,val,0.5423398439024811,1,0.02933845533559121
2022-12-31,2022,Kerala,Thrissur,Kodungallur,malaria,41,0,val,0.44007026971276436,0,0.0
2024-10-17,2024,Kerala,Thrissur,Kodungallur,malaria,435,0,test,0.3213055586514155,0,0.0017842725231911928
2020-10-21,2020,Kerala,Thrissur,Kunnamkulam,malaria,210,0,train,0.662760661791047,1,0.0
2022-05-07,2022,Kerala,Thrissur,Kunnamkulam,malaria,3,1,train,0.1511752164146646,0,0.0
2022-08-12,2022,Kerala,Thrissur,Kunnamkulam,malaria,1370,0,train,0.1683399972528892,0,0.0344582051946784
2020-08-11,2020,Kerala,Thrissur,Mukundapuram,malaria,4,1,train,0.7275846723855729,1,0.0
2020-10-19,2020,Kerala,Thrissur,Mukundapuram,malaria,199,1,train,0.6881701095634802,1,0.010476913784554592
2020-12-28,2020,Kerala,Thrissur,Mukundapuram,malaria,37,0,train,0.5324011363073702,1,0.0
2021-09-13,2021,Kerala,Thrissur,Mukundapuram,malaria,21,0,train,0.4933115616385092,0,0.0
2022-05-07,2022,Kerala,Thrissur,Mukundapuram,malaria,1,0,train,0.27591586331209694,0,0.0
2021-04-04,2021,Kerala,Thrissur,Talappilly,malaria,11,1,train,0.3723898523942802,0,0.0
2021-12-29,2021,Kerala,Thrissur,Talappilly,malaria,7,1,train,0.216219930426596,0,0.0
2024-08-11,2024,Kerala,Thrissur,Talappilly,malaria,59,1,test,0.3156810971394995,0,0.011045419022668304
2020-06-10,2020,Kerala,Thrissur,Thrissur,malaria,30229,0,train,0.12540861853658306,0,0.0
2021-08-12,2021,Kerala,Thrissur,Thrissur,malaria,1,0,train,0.22898048991284553,0,0.0
2021-11-24,2021,Kerala,Thrissur,Thrissur,malaria,44,1,train,0.41991555267102965,0,0.0017334158034123881
2021-10-18,2021,Kerala,Wayanad,Mananthavady,malaria,38,1,train,0.1179331162456387,0,0.0
2021-12-30,2021,Kerala,Wayanad,Mananthavady,malaria,840,1,train,0.15743779816517942,0,0.00553940007199198
2021-12-30,2021,Kerala,Wayanad,Mananthavady,malaria,114,0,train,0.0827231313752273,0,0.0
2023-04-05,2023,Kerala,Wayanad,Mananthavady,malaria,12,0,val,0.08946702986304059,0,0.0
2021-04-05,2021,Kerala,Wayanad,Sulthan Bathery,malaria,1,0,train,0.07575554799128315,0,0.0
2022-12-29,2022,Kerala,Wayanad,Sulthan Bathery,malaria,1,0,val,0.24895207775280248,0,0.0
2024-04-03,2024,Kerala,Wayanad,Sulthan Bathery,malaria,4,0,test,0.06374208960757485,0,0.0019383034288385603
2024-05-07,2024,Kerala,Wayanad,Sulthan Bathery,malaria,1,1,test,0.07696792672810399,0,0.0
2020-10-19,2020,Kerala,Wayanad,Vythiri,malaria,3346,1,train,0.3990819385038772,0,0.0
2021-10-15,2021,Kerala,Wayanad,Vythiri,malaria,16,0,train,0.5316726889691885,1,0.0
2022-09-14,2022,Kerala,Wayanad,Vythiri,malaria,3,0,train,0.5789242227085976,1,0.0
2023-11-26,2023,Kerala,Wayanad,Vythiri,malaria,6,0,test,0.6604929558685706,1,6.0467993142292616e-05
2023-12-27,2023,Kerala,Wayanad,Vythiri,malaria,12,0,test,0.5295229329380435,1,6.910627787690584e-05
2020-06-06,2020,Kerala,Ernakulam,Kanayannur,measles,157,1,train,0.6676916035287137,1,0.0
2020-12-31,2020,Kerala,Kasaragod,Hosdurg,measles,1,0,train,0.6646483781954327,1,0.0
2020-04-04,2020,Kerala,Kollam,Kollam,measles,51,0,train,0.40962239941280026,0,0.0
2020-09-11,2020,Kerala,Kollam,Kollam,measles,1,0,train,0.057234944092921146,0,0.0
2020-10-19,2020,Kerala,Palakkad,Pattambi,measles,3,1,train,0.11950704984844362,0,0.0
2020-11-23,2020,Kerala,Thrissur,Chalakudy,measles,77,0,train,0.10411080015369294,0,0.0
2022-12-30,2022,Kerala,Idukki,Thodupuzha,monkeypox,5,0,val,0.1776719929105589,0,0.0
2023-03-03,2023,Kerala,Malappuram,Tirurangadi,monkeypox,2,0,val,0.09854684480360083,0,0.0
2022-05-05,2022,Kerala,Alappuzha,Mavelikkara,rabies_confirmed,4,1,train,0.13568029743194904,0,0.0
2022-10-21,2022,Kerala,Kannur,Iritty,rabies_confirmed,1,1,train,0.5641744122514116,1,0.0
2022-10-20,2022,Kerala,Kasaragod,Manjeshwaram,rabies_confirmed,260,1,train,0.5581709006819029,1,0.0
2023-11-25,2023,Kerala,Kasaragod,Nileshwaram,rabies_confirmed,6665,1,test,0.2666723241843054,0,0.0
2022-10-21,2022,Kerala,Kollam,Kottarakkara,rabies_confirmed,31660,0,train,0.2512715176406812,0,0.0
2023-05-02,2023,Kerala,Kollam,Kottarakkara,rabies_confirmed,3,0,val,0.04285147080951093,0,0.0
2023-08-26,2023,Kerala,Kollam,Kottarakkara,rabies_confirmed,14,0,val,0.05815466266892564,0,0.00022171597485507287
2022-08-13,2022,Kerala,Kollam,Pathanapuram,rabies_confirmed,5,1,train,0.19005965716155676,0,0.0
2022-11-26,2022,Kerala,Kollam,Punalur,rabies_confirmed,49,0,val,0.20853781624740686,0,0.0
2024-05-05,2024,Kerala,Kottayam,Kottayam,rabies_confirmed,419,0,test,0.09911530509673058,0,0.0
2023-10-22,2023,Kerala,Kottayam,Vaikom,rabies_confirmed,1,1,test,0.10099851694151032,0,0.0
2024-08-16,2024,Kerala,Kozhikode,Kozhikode,rabies_confirmed,17626,1,test,0.27184198069599286,0,0.0
2022-05-08,2022,Kerala,Palakkad,Mannarkkad,rabies_confirmed,309,1,train,0.1901361158083623,0,0.0
2024-05-03,2024,Kerala,Palakkad,Mannarkkad,rabies_confirmed,109,0,test,0.16372553032674733,0,0.0
2024-05-05,2024,Kerala,Thiruvananthapuram,Neyyattinkara,rabies_confirmed,6,0,test,0.06123896985655082,0,0.0
2022-11-28,2022,Kerala,Thrissur,Chalakudy,rabies_confirmed,1370,1,val,0.08727613729049168,0,0.0
2023-05-09,2023,Kerala,Ernakulam,Kothamangalam,rabies_probable,1,1,val,0.6406422300595707,1,0.0
2022-05-12,2022,Kerala,Kasaragod,Hosdurg,rabies_probable,12523,1,train,0.694162114594906,1,0.0
2022-05-03,2022,Kerala,Kasaragod,Vellarikundu,rabies_probable,11,1,train,0.20790421174769824,0,0.0
2024-11-23,2024,Kerala,Kasaragod,Vellarikundu,rabies_probable,557,1,test,0.6851668318249774,1,0.012251413677886885
2023-05-08,2023,Kerala,Kottayam,Changanassery,rabies_probable,68,1,val,0.09989292908736253,0,0.0
2022-05-10,2022,Kerala,Thiruvananthapuram,Thiruvananthapuram,rabies_probable,2,0,train,0.08951556280267693,0,0.0
2022-11-28,2022,Kerala,Thiruvananthapuram,Thiruvananthapuram,rabies_probable,1,1,val,0.07902079058098564,0,0.0
2021-07-08,2021,Kerala,Ernakulam,North Paravur,rabies_unsplit,3,1,train,0.12857572147320995,0,0.0
2021-01-01,2021,Kerala,Idukki,Udumbanchola,rabies_unsplit,6817,0,train,0.09647780317910559,0,0.0
2020-09-09,2020,Kerala,Alappuzha,Chenganoor,scrub_typhus,11,0,train,0.48850780127346316,0,0.0
2022-05-04,2022,Kerala,Alappuzha,Chenganoor,scrub_typhus,2,1,train,0.4760882243432031,0,0.0
2022-09-10,2022,Kerala,Alappuzha,Chenganoor,scrub_typhus,16,0,train,0.2567696362141514,0,0.0014007004184041023
2023-09-09,2023,Kerala,Alappuzha,Chenganoor,scrub_typhus,5,1,val,0.2699403508691069,0,0.0
2024-07-05,2024,Kerala,Alappuzha,Chenganoor,scrub_typhus,689,1,test,0.14035438244933635,0,0.08185526271686856
2020-10-17,2020,Kerala,Alappuzha,Karthikappally,scrub_typhus,9,1,train,0.684620860972121,1,0.0
2021-09-10,2021,Kerala,Alappuzha,Karthikappally,scrub_typhus,12253,0,train,0.22270613381384585,0,0.3300890921936499
2022-11-20,2022,Kerala,Alappuzha,Karthikappally,scrub_typhus,1,1,train,0.06244277400611767,0,0.0
2022-08-07,2022,Kerala,Alappuzha,Kuttanad,scrub_typhus,5,1,train,0.1243751499654459,0,0.0
2022-09-11,2022,Kerala,Alappuzha,Kuttanad,scrub_typhus,75,1,train,0.1733232783984346,0,0.0031139289128250714
2023-12-23,2023,Kerala,Alappuzha,Kuttanad,scrub_typhus,37,1,test,0.12564954688658772,0,0.0
2020-07-06,2020,Kerala,Alappuzha,Mavelikkara,scrub_typhus,6,0,train,0.5602337349487707,1,0.0
2020-11-19,2020,Kerala,Ernakulam,Aluva,scrub_typhus,23178,0,train,0.1844346281873214,0,0.0
2020-11-24,2020,Kerala,Ernakulam,Aluva,scrub_typhus,3,0,train,0.046630782140603434,0,0.0
2021-11-20,2021,Kerala,Ernakulam,Aluva,scrub_typhus,12,0,train,0.18352110968524132,0,0.00018140397942687783
2022-12-25,2022,Kerala,Ernakulam,Aluva,scrub_typhus,49,0,val,0.16500046170643032,0,0.00022946828166818734
2023-10-19,2023,Kerala,Ernakulam,Aluva,scrub_typhus,1,0,val,0.15235336703714597,0,0.0
2023-08-08,2023,Kerala,Ernakulam,Kanayannur,scrub_typhus,35,0,val,0.24095163326598848,0,0.0
2024-05-03,2024,Kerala,Ernakulam,Kanayannur,scrub_typhus,3,1,test,0.09845328325226035,0,0.0
2024-11-21,2024,Kerala,Ernakulam,Kanayannur,scrub_typhus,206,1,test,0.15714954234109305,0,0.010335040687563276
2024-11-21,2024,Kerala,Ernakulam,Kanayannur,scrub_typhus,319,0,test,0.08640934234034313,0,0.0017692122362971657
2020-07-06,2020,Kerala,Ernakulam,Kochi,scrub_typhus,42,1,train,0.1086905338446781,0,0.0
2020-10-14,2020,Kerala,Ernakulam,Kochi,scrub_typhus,10,0,train,0.7304290967338816,1,0.0
2021-03-01,2021,Kerala,Ernakulam,Kochi,scrub_typhus,1,0,train,0.6218118870460329,1,0.0
2021-11-21,2021,Kerala,Ernakulam,Kothamangalam,scrub_typhus,268,1,train,0.14998824140587882,0,0.0
2024-05-03,2024,Kerala,Ernakulam,Kothamangalam,scrub_typhus,217,0,test,0.13311510137932622,0,0.0
2024-09-09,2024,Kerala,Ernakulam,Kothamangalam,scrub_typhus,40,0,test,0.2911482668922075,0,0.0
2022-03-01,2022,Kerala,Ernakulam,Kunnathunad,scrub_typhus,33,1,train,0.17020666020889927,0,0.0
2022-08-08,2022,Kerala,Ernakulam,Kunnathunad,scrub_typhus,8,1,train,0.13699335133972465,0,0.0
2023-10-17,2023,Kerala,Ernakulam,Kunnathunad,scrub_typhus,5316,0,val,0.1354107074333354,0,0.2566874610718399
2024-10-15,2024,Kerala,Ernakulam,Kunnathunad,scrub_typhus,23,0,test,0.13450727680054494,0,0.0
2020-10-18,2020,Kerala,Ernakulam,Muvattupuzha,scrub_typhus,8,1,train,0.1187609147224081,0,0.0
2023-10-18,2023,Kerala,Ernakulam,Muvattupuzha,scrub_typhus,15,0,val,0.0685717976102682,0,0.00018869686358398576
2022-11-23,2022,Kerala,Ernakulam,North Paravur,scrub_typhus,10,1,val,0.22409850124621136,0,0.0
2023-07-05,2023,Kerala,Ernakulam,North Paravur,scrub_typhus,98,1,val,0.061175529857613264,0,0.0021396833473771703
2023-09-02,2023,Kerala,Ernakulam,North Paravur,scrub_typhus,22,0,val,0.4234694210231048,0,0.0
2023-10-13,2023,Kerala,Ernakulam,North Paravur,scrub_typhus,3,0,val,0.4662948533687543,0,0.0
2020-07-06,2020,Kerala,Idukki,Devikulam,scrub_typhus,3,0,train,0.5952773014619057,1,0.0
2020-11-23,2020,Kerala,Idukki,Devikulam,scrub_typhus,2,0,train,0.21754243269141416,0,0.0
2022-03-02,2022,Kerala,Idukki,Devikulam,scrub_typhus,1,0,train,0.12739109748227287,0,0.0
2021-09-09,2021,Kerala,Idukki,Idukki,scrub_typhus,5,1,train,0.1560264159139262,0,0.0
2022-12-30,2022,Kerala,Idukki,Idukki,scrub_typhus,10654,0,val,0.5996691565483985,1,0.4784777033413006
2020-11-20,2020,Kerala,Idukki,Peerumade,scrub_typhus,1,0,train,0.44283505653875804,0,0.0
2021-07-06,2021,Kerala,Idukki,Peerumade,scrub_typhus,4,0,train,0.10731393586263938,0,0.0003099199589947754
2022-10-18,2022,Kerala,Idukki,Peerumade,scrub_typhus,1,1,train,0.12279746176966777,0,0.0
2022-12-28,2022,Kerala,Idukki,Peerumade,scrub_typhus,27,1,val,0.09524475059680379,0,0.010394547284966645
2023-09-09,2023,Kerala,Idukki,Peerumade,scrub_typhus,8,1,val,0.23333118153628407,0,0.0
2021-12-30,2021,Kerala,Idukki,Thodupuzha,scrub_typhus,3782,0,train,0.13631662620342766,0,0.0
2024-10-17,2024,Kerala,Idukki,Thodupuzha,scrub_typhus,1,0,test,0.17763495173068197,0,0.0
2021-07-06,2021,Kerala,Idukki,Udumbanchola,scrub_typhus,14,1,train,0.08617880773206978,0,0.0
2021-11-21,2021,Kerala,Idukki,Udumbanchola,scrub_typhus,26,0,train,0.7627684519523248,1,0.00020308743933925155
2022-10-16,2022,Kerala,Kannur,Iritty,scrub_typhus,5,1,train,0.3219558741017816,0,0.0
2022-10-18,2022,Kerala,Kannur,Iritty,scrub_typhus,89,0,train,0.5023100467750526,1,0.003743014161147093
2023-08-08,2023,Kerala,Kannur,Iritty,scrub_typhus,1,1,val,0.733312994826955,1,0.0
2021-10-18,2021,Kerala,Kannur,Payyanur,scrub_typhus,13,0,train,0.7118114447418782,1,0.0
2022-03-02,2022,Kerala,Kannur,Payyanur,scrub_typhus,2,0,train,0.1921944232914291,0,0.0
2022-09-10,2022,Kerala,Kannur,Payyanur,scrub_typhus,1,0,train,0.1697861175963673,0,0.0
2023-09-11,2023,Kerala,Kannur,Payyanur,scrub_typhus,2,0,val,0.16400007046194354,0,4.031199542819508e-05
2023-10-17,2023,Kerala,Kannur,Payyanur,scrub_typhus,4,0,val,0.1478576638485735,0,5.374932723759343e-05
2023-11-23,2023,Kerala,Kannur,Payyanur,scrub_typhus,13,0,test,0.22157310791709958,0,0.0016590331615284899
2020-12-25,2020,Kerala,Kannur,Thalassery,scrub_typhus,2,1,train,0.4750565871822479,0,0.0
2021-11-19,2021,Kerala,Kasaragod,Hosdurg,scrub_typhus,53,1,train,0.059069241977939495,0,0.0
2022-09-11,2022,Kerala,Kasaragod,Hosdurg,scrub_typhus,158,0,train,0.036403539478422065,0,0.0005207380037366804
2022-10-15,2022,Kerala,Kasaragod,Hosdurg,scrub_typhus,17,0,train,0.05741832674581394,0,0.0
2022-12-27,2022,Kerala,Kasaragod,Hosdurg,scrub_typhus,8,1,val,0.23213333808673992,0,0.0
2023-09-09,2023,Kerala,Kasaragod,Hosdurg,scrub_typhus,281,0,val,0.4026941024669429,0,0.004893040724212326
2023-10-13,2023,Kerala,Kasaragod,Hosdurg,scrub_typhus,177,0,val,0.3776441442559742,0,0.00044193351541720467
2023-10-21,2023,Kerala,Kasaragod,Hosdurg,scrub_typhus,64,1,test,0.5013971517760676,1,0.0
2024-10-13,2024,Kerala,Kasaragod,Hosdurg,scrub_typhus,406,0,test,0.1267614761956476,0,0.0024201580932692326
2024-11-20,2024,Kerala,Kasaragod,Hosdurg,scrub_typhus,22,0,test,0.13857547538342138,0,0.0
2022-10-15,2022,Kerala,Kasaragod,Kasaragod,scrub_typhus,2,1,train,0.08495288980818655,0,0.0
2020-10-17,2020,Kerala,Kasaragod,Manjeshwaram,scrub_typhus,1,0,train,0.6277616760353907,1,0.0
2020-12-29,2020,Kerala,Kasaragod,Manjeshwaram,scrub_typhus,1,0,train,0.33217631892752203,0,0.0
2021-05-04,2021,Kerala,Kasaragod,Manjeshwaram,scrub_typhus,1,1,train,0.6069789203407313,1,0.0
2022-05-04,2022,Kerala,Kasaragod,Nileshwaram,scrub_typhus,2,0,train,0.28978005346683827,0,0.0
2023-03-01,2023,Kerala,Kasaragod,Nileshwaram,scrub_typhus,1,1,val,0.16586138043581514,0,0.0
2023-10-16,2023,Kerala,Kasaragod,Nileshwaram,scrub_typhus,21,0,val,0.34192728485588203,0,0.01717345422730137
2020-03-01,2020,Kerala,Kasaragod,Vellarikundu,scrub_typhus,9,1,train,0.7150471492422095,1,0.0
2021-10-16,2021,Kerala,Kasaragod,Vellarikundu,scrub_typhus,1553,0,train,0.3398626073860327,0,0.04160857117740898
2021-11-20,2021,Kerala,Kasaragod,Vellarikundu,scrub_typhus,5,0,train,0.053613692541649945,0,0.0
2022-03-02,2022,Kerala,Kasaragod,Vellarikundu,scrub_typhus,74,0,train,0.06510435812664053,0,0.0009271758948484867
2023-11-23,2023,Kerala,Kasaragod,Vellarikundu,scrub_typhus,29,0,test,0.055642789189518274,0,0.0
2020-09-09,2020,Kerala,Kollam,Karunagappally,scrub_typhus,5,1,train,0.08661097168880152,0,0.0
2020-12-27,2020,Kerala,Kollam,Karunagappally,scrub_typhus,92,1,train,0.09598935293292549,0,0.0038778181429303827
2021-12-26,2021,Kerala,Kollam,Karunagappally,scrub_typhus,39,0,train,0.09376136711149091,0,0.0
2023-11-24,2023,Kerala,Kollam,Karunagappally,scrub_typhus,1,0,test,0.08370066630158077,0,0.0
2024-10-15,2024,Kerala,Kollam,Karunagappally,scrub_typhus,39,0,test,0.12951107675589682,0,0.0016131934113340874
2024-10-19,2024,Kerala,Kollam,Karunagappally,scrub_typhus,16,0,test,0.09854651031853322,0,0.0
2021-09-12,2021,Kerala,Kollam,Kollam,scrub_typhus,61,1,train,0.727108502343284,1,0.0
2021-11-22,2021,Kerala,Kollam,Kottarakkara,scrub_typhus,55,0,train,0.11603985651149458,0,0.0
2023-11-19,2023,Kerala,Kollam,Kottarakkara,scrub_typhus,1,1,test,0.1801735203638833,0,0.0
2023-12-30,2023,Kerala,Kollam,Kottarakkara,scrub_typhus,13492,0,test,0.09681310394414808,0,0.7791292600888409
2024-05-04,2024,Kerala,Kollam,Kottarakkara,scrub_typhus,1,0,test,0.6753623343849933,1,0.0
2024-05-04,2024,Kerala,Kollam,Kottarakkara,scrub_typhus,91,0,test,0.7462292137137638,1,0.0036280795885375566
2021-05-04,2021,Kerala,Kollam,Kunnathoor,scrub_typhus,9,0,train,0.25244382441868063,0,0.0
2022-12-28,2022,Kerala,Kollam,Kunnathoor,scrub_typhus,1,0,val,0.7120116396645919,1,0.0
2023-11-21,2023,Kerala,Kollam,Kunnathoor,scrub_typhus,6,1,test,0.5732608079594603,1,0.0002975133932991937
2023-12-09,2023,Kerala,Kollam,Kunnathoor,scrub_typhus,42,1,test,0.436897826054919,0,0.00640349867757605
2023-12-26,2023,Kerala,Kollam,Kunnathoor,scrub_typhus,345,1,test,0.2858898761712419,0,0.014215903272313224
2020-05-04,2020,Kerala,Kollam,Pathanapuram,scrub_typhus,4,1,train,0.32409676003005183,0,0.0
2022-10-19,2022,Kerala,Kollam,Pathanapuram,scrub_typhus,12,0,train,0.6285475210862882,1,0.00039357594716449046
2023-05-04,2023,Kerala,Kollam,Pathanapuram,scrub_typhus,4,0,val,0.40783178634685924,0,0.0
2023-11-23,2023,Kerala,Kollam,Pathanapuram,scrub_typhus,12,1,test,0.16781196949866825,0,0.0008625805031959739
2021-07-06,2021,Kerala,Kollam,Punalur,scrub_typhus,81,1,train,0.16801896848066586,0,0.0
2021-10-17,2021,Kerala,Kollam,Punalur,scrub_typhus,1553,1,train,0.1508792685136495,0,0.00483748705362556
2022-03-02,2022,Kerala,Kollam,Punalur,scrub_typhus,487,0,train,0.303263639606703,0,0.0
2022-11-22,2022,Kerala,Kollam,Punalur,scrub_typhus,26,0,train,0.4284060632837122,0,0.0
2020-11-22,2020,Kerala,Kottayam,Changanassery,scrub_typhus,148,1,train,0.3157514759076251,0,0.0
2021-10-16,2021,Kerala,Kottayam,Changanassery,scrub_typhus,37,0,train,0.6121563875029057,1,0.0
2022-10-19,2022,Kerala,Kottayam,Changanassery,scrub_typhus,2,0,train,0.0765360323164948,0,0.0
2020-09-10,2020,Kerala,Kottayam,Kottayam,scrub_typhus,5,0,train,0.09983500736361708,0,0.0
2020-10-14,2020,Kerala,Kottayam,Kottayam,scrub_typhus,1,1,train,0.12168036931030837,0,0.0
2022-10-17,2022,Kerala,Kottayam,Kottayam,scrub_typhus,209,0,train,0.09691778856672503,0,0.05760313110764778
2022-11-21,2022,Kerala,Kottayam,Kottayam,scrub_typhus,6,1,train,0.2649096521222412,0,0.0
2022-12-28,2022,Kerala,Kottayam,Kottayam,scrub_typhus,530,1,val,0.731578534736786,1,0.01014045366374146
2024-10-16,2024,Kerala,Kottayam,Kottayam,scrub_typhus,430,0,test,0.6568176028668645,1,0.0009043620518078257
2024-10-18,2024,Kerala,Kottayam,Kottayam,scrub_typhus,28,0,test,0.6697655585173748,1,0.0
2021-08-07,2021,Kerala,Kottayam,Meenachil,scrub_typhus,18,0,train,0.7244929519640683,1,0.0
2021-12-26,2021,Kerala,Kottayam,Meenachil,scrub_typhus,4,0,train,0.11256314528069813,0,0.0
2022-05-04,2022,Kerala,Kottayam,Meenachil,scrub_typhus,3,0,train,0.13889561494074767,0,0.0
2022-11-23,2022,Kerala,Kottayam,Meenachil,scrub_typhus,5,0,val,0.6926744175143247,1,4.031199542819508e-05
2023-12-31,2023,Kerala,Kottayam,Meenachil,scrub_typhus,11,1,test,0.29327675140224746,0,0.0004057771455511181
2024-09-11,2024,Kerala,Kottayam,Meenachil,scrub_typhus,309,0,test,0.7317500649918997,1,0.03637746350075062
2020-09-11,2020,Kerala,Kozhikode,Koyilandy,scrub_typhus,259,0,train,0.6475944309834512,1,0.0
2021-08-08,2021,Kerala,Kozhikode,Koyilandy,scrub_typhus,5,1,train,0.21662862838406208,0,0.0
2022-12-26,2022,Kerala,Kozhikode,Koyilandy,scrub_typhus,262,1,val,0.15837859031163928,0,0.004029574648374766
2021-03-01,2021,Kerala,Kozhikode,Kozhikode,scrub_typhus,39,0,train,0.3513967796631695,0,0.0
2022-07-05,2022,Kerala,Kozhikode,Kozhikode,scrub_typhus,3,0,train,0.3240803726139154,0,0.0
2023-07-06,2023,Kerala,Kozhikode,Kozhikode,scrub_typhus,1,0,val,0.6571405724188708,1,0.0
2022-03-01,2022,Kerala,Kozhikode,Thamarassery,scrub_typhus,2,1,train,0.7233367203953648,1,0.0
2023-10-18,2023,Kerala,Kozhikode,Thamarassery,scrub_typhus,36,1,val,0.7087280448790877,1,0.00299256226285118
2021-07-05,2021,Kerala,Kozhikode,Vadakara,scrub_typhus,14,1,train,0.5681808669513988,1,0.0
2021-10-15,2021,Kerala,Kozhikode,Vadakara,scrub_typhus,840,1,train,0.36353083533125596,0,0.014833812928885675
2021-11-19,2021,Kerala,Kozhikode,Vadakara,scrub_typhus,152,0,train,0.22686641601160626,0,0.0
2021-07-06,2021,Kerala,Malappuram,Ernad,scrub_typhus,7,0,train,0.6987495831662908,1,0.0
2022-11-20,2022,Kerala,Malappuram,Ernad,scrub_typhus,1,0,train,0.2403709426910762,0,0.0
2022-11-22,2022,Kerala,Malappuram,Ernad,scrub_typhus,1,1,train,0.27117897446091893,0,0.0
2022-12-26,2022,Kerala,Malappuram,Ernad,scrub_typhus,554,0,val,0.2666361193535133,0,0.13461472083555862
2022-12-27,2022,Kerala,Malappuram,Ernad,scrub_typhus,1,0,val,0.07841953779179596,0,0.0
2020-05-05,2020,Kerala,Malappuram,Kondotty,scrub_typhus,21,1,train,0.32747062731071336,0,0.0
2021-09-12,2021,Kerala,Malappuram,Kondotty,scrub_typhus,63,0,train,0.44872814246064735,0,0.0005061159316857356
2022-09-12,2022,Kerala,Malappuram,Nilambur,scrub_typhus,2,0,train,0.7432699703665393,1,0.0
2021-09-11,2021,Kerala,Malappuram,Perinthalmanna,scrub_typhus,5,1,train,0.607846832273475,1,0.0
2020-08-08,2020,Kerala,Malappuram,Ponnani,scrub_typhus,251,0,train,0.1145420623913585,0,0.0
2021-10-19,2021,Kerala,Malappuram,Tirur,scrub_typhus,2,1,train,0.145310179014663,0,0.0
2022-03-01,2022,Kerala,Malappuram,Tirur,scrub_typhus,23,1,train,0.14052565590912092,0,0.0018242610873959986
2022-03-01,2022,Kerala,Malappuram,Tirur,scrub_typhus,40,1,train,0.15034254572909847,0,0.0014333034637283178
2022-12-29,2022,Kerala,Malappuram,Tirur,scrub_typhus,46022,0,val,0.16675004656504133,0,0.9999999983333334
2023-05-03,2023,Kerala,Malappuram,Tirur,scrub_typhus,15,0,val,0.20882822877693105,0,0.0
2021-09-09,2021,Kerala,Malappuram,Tirurangadi,scrub_typhus,44,1,train,0.2596073243033936,0,0.0
2023-10-15,2023,Kerala,Malappuram,Tirurangadi,scrub_typhus,12,0,val,0.6357266526287928,1,0.0
2024-07-05,2024,Kerala,Malappuram,Tirurangadi,scrub_typhus,35,0,test,0.5255926539545474,1,0.0003496610559230547
2024-10-14,2024,Kerala,Malappuram,Tirurangadi,scrub_typhus,19,0,test,0.09606335285485,0,0.0
2024-12-27,2024,Kerala,Malappuram,Tirurangadi,scrub_typhus,1,1,test,0.7605695002119109,1,0.0
2020-08-07,2020,Kerala,Palakkad,Alathur,scrub_typhus,5,0,train,0.5858510879788547,1,0.0
2020-11-22,2020,Kerala,Palakkad,Alathur,scrub_typhus,4,1,train,0.4988285893912447,0,0.0
2021-11-19,2021,Kerala,Palakkad,Alathur,scrub_typhus,100,1,train,0.7387218842412965,1,0.07810347882770569
2024-07-06,2024,Kerala,Palakkad,Alathur,scrub_typhus,217,1,test,0.5624217607064438,1,0.002781377349654976
2022-03-02,2022,Kerala,Palakkad,Chittur,scrub_typhus,15,0,train,0.10826179761996971,0,0.0
2022-08-08,2022,Kerala,Palakkad,Chittur,scrub_typhus,1,0,train,0.11934404020636917,0,0.0
2022-10-15,2022,Kerala,Palakkad,Chittur,scrub_typhus,1,1,train,0.7256378348577047,1,0.0
2020-11-21,2020,Kerala,Palakkad,Mannarkkad,scrub_typhus,3,1,train,0.7219691449845301,1,0.0
2022-07-06,2022,Kerala,Palakkad,Mannarkkad,scrub_typhus,556,1,train,0.7380133532651207,1,0.037226054969902174
2022-08-08,2022,Kerala,Palakkad,Ottapalam,scrub_typhus,29,1,train,0.19075510266350273,0,0.0
2020-09-09,2020,Kerala,Palakkad,Palakkad,scrub_typhus,2,0,train,0.4385183502331653,0,0.0
2022-10-14,2022,Kerala,Palakkad,Palakkad,scrub_typhus,1,1,train,0.07070590556391482,0,0.0
2022-11-22,2022,Kerala,Palakkad,Palakkad,scrub_typhus,556,1,train,0.08029446837977318,0,0.489863563098541
2023-08-08,2023,Kerala,Palakkad,Palakkad,scrub_typhus,166,0,val,0.08099409335142486,0,0.0
2023-12-26,2023,Kerala,Palakkad,Palakkad,scrub_typhus,2,0,test,0.12962775972328436,0,0.0
2023-12-29,2023,Kerala,Palakkad,Palakkad,scrub_typhus,6,0,test,0.6536799519824928,1,0.00010749865447518686
2023-12-30,2023,Kerala,Palakkad,Palakkad,scrub_typhus,27,0,test,0.7100609013943299,1,0.00024187197256917046
2024-05-25,2024,Kerala,Palakkad,Palakkad,scrub_typhus,16,0,test,0.6941169852910608,1,0.0
2020-08-07,2020,Kerala,Palakkad,Pattambi,scrub_typhus,1,1,train,0.6913921393602025,1,0.0
2020-12-30,2020,Kerala,Palakkad,Pattambi,scrub_typhus,9,1,train,0.7221449628241351,1,0.0009839398679112263
2021-08-08,2021,Kerala,Palakkad,Pattambi,scrub_typhus,426,1,train,0.5424442823737755,1,0.05698728671103471
2020-11-20,2020,Kerala,Pathanamthitta,Adoor,scrub_typhus,3,0,train,0.6480556966635693,1,0.0
2021-11-20,2021,Kerala,Pathanamthitta,Adoor,scrub_typhus,1,0,train,0.6425873310616023,1,0.0
2021-12-29,2021,Kerala,Pathanamthitta,Adoor,scrub_typhus,1,1,train,0.43192439952084105,0,0.0
2023-11-19,2023,Kerala,Pathanamthitta,Adoor,scrub_typhus,277,1,test,0.3063539935717948,0,0.15999482796869452
2022-12-30,2022,Kerala,Pathanamthitta,Konni,scrub_typhus,5,1,val,0.2852522225726404,0,0.0
2023-11-04,2023,Kerala,Pathanamthitta,Konni,scrub_typhus,9,1,test,0.6610544609608441,1,0.00014824131359268848
2024-05-03,2024,Kerala,Pathanamthitta,Konni,scrub_typhus,60,1,test,0.32535330228683923,0,0.01181064028875497
2020-10-15,2020,Kerala,Pathanamthitta,Kozhenchery,scrub_typhus,1,0,train,0.2670207970047368,0,0.0
2022-08-08,2022,Kerala,Pathanamthitta,Kozhenchery,scrub_typhus,1,0,train,0.5902769392517779,1,0.0
2023-03-01,2023,Kerala,Pathanamthitta,Kozhenchery,scrub_typhus,1,1,val,0.6742323583861524,1,0.0
2023-09-12,2023,Kerala,Pathanamthitta,Kozhenchery,scrub_typhus,300,1,val,0.14548064496066507,0,0.20250745106127926
2020-11-20,2020,Kerala,Pathanamthitta,Mallappally,scrub_typhus,346,0,train,0.14356907980671277,0,0.0
2020-12-30,2020,Kerala,Pathanamthitta,Mallappally,scrub_typhus,2,0,train,0.09828554628500435,0,0.0
2021-10-14,2021,Kerala,Pathanamthitta,Mallappally,scrub_typhus,11,1,train,0.30892271910057817,0,0.00024187197256917046
2023-05-04,2023,Kerala,Pathanamthitta,Mallappally,scrub_typhus,1478,1,val,0.4308579965031059,0,0.015742614261839094
2023-11-20,2023,Kerala,Pathanamthitta,Mallappally,scrub_typhus,541,0,test,0.2671622245622319,0,9.674937949140096e-05
2023-12-31,2023,Kerala,Pathanamthitta,Mallappally,scrub_typhus,2,0,test,0.1233703557152581,0,0.0
2021-11-20,2021,Kerala,Pathanamthitta,Ranni,scrub_typhus,56,1,train,0.029129489904985973,0,0.0
2022-11-19,2022,Kerala,Pathanamthitta,Ranni,scrub_typhus,159,1,train,0.09072811106221348,0,0.00048387081183592234
2022-11-20,2022,Kerala,Pathanamthitta,Ranni,scrub_typhus,99610,0,train,0.05540505526277082,0,0.890090514261423
2022-11-21,2022,Kerala,Pathanamthitta,Ranni,scrub_typhus,54,0,train,0.07167307864194189,0,0.0
2023-03-02,2023,Kerala,Pathanamthitta,Ranni,scrub_typhus,1,0,val,0.6471844528047106,1,0.0
2023-11-11,2023,Kerala,Pathanamthitta,Ranni,scrub_typhus,156,0,test,0.663193191352132,1,0.006248359291370236
2020-05-03,2020,Kerala,Pathanamthitta,Thiruvalla,scrub_typhus,11964,0,train,0.4143799218867582,0,0.0
2023-11-24,2023,Kerala,Pathanamthitta,Thiruvalla,scrub_typhus,1,0,test,0.07017572073072065,0,0.0
2024-05-03,2024,Kerala,Pathanamthitta,Thiruvalla,scrub_typhus,12,0,test,0.08483950112845924,0,0.00044343194971014575
2024-10-19,2024,Kerala,Pathanamthitta,Thiruvalla,scrub_typhus,83,0,test,0.04662828911121011,0,0.00044033102698490007
2021-07-07,2021,Kerala,Thiruvananthapuram,Chirayinkeezhu,scrub_typhus,12,1,train,0.16853891535796156,0,0.0
2020-03-01,2020,Kerala,Thiruvananthapuram,Kattakkada,scrub_typhus,8327,0,train,0.6501449111233565,1,0.0
2020-05-04,2020,Kerala,Thiruvananthapuram,Kattakkada,scrub_typhus,5,0,train,0.6217466297674735,1,0.0
2020-09-09,2020,Kerala,Thiruvananthapuram,Nedumangad,scrub_typhus,9,1,train,0.5900825139332163,1,0.0
2020-03-02,2020,Kerala,Thiruvananthapuram,Neyyattinkara,scrub_typhus,8,1,train,0.44516446592594283,0,0.0
2020-10-14,2020,Kerala,Thiruvananthapuram,Neyyattinkara,scrub_typhus,202,0,train,0.4453307855048761,0,0.005790551217689599
2023-10-16,2023,Kerala,Thiruvananthapuram,Neyyattinkara,scrub_typhus,1,0,val,0.3874558587822935,0,0.0
2024-05-04,2024,Kerala,Thiruvananthapuram,Neyyattinkara,scrub_typhus,177,0,test,0.13566590829291805,0,0.007882374778375986
2024-08-07,2024,Kerala,Thiruvananthapuram,Neyyattinkara,scrub_typhus,8,0,test,0.5567365413117679,1,0.0
2020-11-20,2020,Kerala,Thiruvananthapuram,Thiruvananthapuram,scrub_typhus,3346,1,train,0.09838807420225608,0,0.0
2022-12-30,2022,Kerala,Thiruvananthapuram,Thiruvananthapuram,scrub_typhus,72,0,val,0.5430354770626775,1,0.0
2024-09-12,2024,Kerala,Thiruvananthapuram,Thiruvananthapuram,scrub_typhus,17,0,test,0.13608960011573157,0,0.0
2022-11-21,2022,Kerala,Thiruvananthapuram,Varkala,scrub_typhus,3054,0,train,0.17874890650187733,0,0.0
2023-09-12,2023,Kerala,Thiruvananthapuram,Varkala,scrub_typhus,4,0,val,0.3427906961756093,0,0.0
2023-10-21,2023,Kerala,Thiruvananthapuram,Varkala,scrub_typhus,18,0,test,0.16826676096940799,0,0.00022574717439789241
2023-11-22,2023,Kerala,Thiruvananthapuram,Varkala,scrub_typhus,12,0,test,0.08486510321929015,0,0.0
2023-12-27,2023,Kerala,Thiruvananthapuram,Varkala,scrub_typhus,25,0,test,0.080321001458732,0,8.062399085639016e-05
2023-12-02,2023,Kerala,Thrissur,Chalakudy,scrub_typhus,16,0,test,0.06352268683437358,0,0.0
2023-12-31,2023,Kerala,Thrissur,Chalakudy,scrub_typhus,2,0,test,0.290441044535206,0,0.0
2020-07-07,2020,Kerala,Thrissur,Chavakkad,scrub_typhus,86,0,train,0.3670183787813496,0,0.0
2021-09-10,2021,Kerala,Thrissur,Chavakkad,scrub_typhus,4,1,train,0.09111680160862629,0,0.0
2022-11-20,2022,Kerala,Thrissur,Chavakkad,scrub_typhus,139,0,train,0.10653149089157728,0,0.0034388870817633078
2022-12-30,2022,Kerala,Thrissur,Chavakkad,scrub_typhus,17,1,val,0.17716065001806822,0,0.0
2024-09-09,2024,Kerala,Thrissur,Chavakkad,scrub_typhus,72087,1,test,0.3398954614941473,0,0.9999999983333334
2022-03-01,2022,Kerala,Thrissur,Kodungallur,scrub_typhus,1,1,train,0.10228533737368281,0,0.0
2022-08-07,2022,Kerala,Thrissur,Kodungallur,scrub_typhus,309,0,train,0.14236542580151076,0,0.04142513440289827
2020-09-10,2020,Kerala,Thrissur,Kunnamkulam,scrub_typhus,1,0,train,0.19087087016697243,0,0.0
2022-09-10,2022,Kerala,Thrissur,Kunnamkulam,scrub_typhus,2,0,train,0.12963424308498037,0,4.031199542819508e-05
2022-10-17,2022,Kerala,Thrissur,Kunnamkulam,scrub_typhus,2,1,train,0.41428106551220756,0,0.00038381366463287336
2020-11-20,2020,Kerala,Thrissur,Mukundapuram,scrub_typhus,3,0,train,0.12332154053105922,0,0.0
2021-11-22,2021,Kerala,Thrissur,Mukundapuram,scrub_typhus,4,1,train,0.10027739223794191,0,2.015599771409754e-05
2021-11-23,2021,Kerala,Thrissur,Mukundapuram,scrub_typhus,1578,0,train,0.33179649907068864,0,0.7581284936677807
2022-05-04,2022,Kerala,Thrissur,Mukundapuram,scrub_typhus,1,0,train,0.4077284583936484,0,0.0
2022-08-07,2022,Kerala,Thrissur,Talappilly,scrub_typhus,7,0,train,0.4232676887602596,0,0.0
2022-11-22,2022,Kerala,Thrissur,Talappilly,scrub_typhus,3,1,train,0.0461848542150511,0,0.0
2020-05-04,2020,Kerala,Thrissur,Thrissur,scrub_typhus,2,1,train,0.08229808333373764,0,0.0
2021-07-06,2021,Kerala,Thrissur,Thrissur,scrub_typhus,15406,1,train,0.2556614008712041,0,0.9139773175505572
2022-12-28,2022,Kerala,Thrissur,Thrissur,scrub_typhus,135,0,val,0.12819004107015108,0,0.0
2023-05-03,2023,Kerala,Thrissur,Thrissur,scrub_typhus,208,0,val,0.1516671538064193,0,4.327611273909177e-05
2020-11-24,2020,Kerala,Wayanad,Mananthavady,scrub_typhus,17793,0,train,0.09425346599231826,0,0.0
2023-10-14,2023,Kerala,Wayanad,Mananthavady,scrub_typhus,2,1,val,0.05872196607004221,0,0.0
2020-10-16,2020,Kerala,Wayanad,Vythiri,scrub_typhus,54,1,train,0.10883206707450657,0,0.0
2020-11-21,2020,Kerala,Wayanad,Vythiri,scrub_typhus,252,0,train,0.11253503964555309,0,0.0009671525966085947
2020-11-24,2020,Kerala,Wayanad,Vythiri,scrub_typhus,1,0,train,0.11500442456008701,0,0.0
2024-03-02,2024,Kerala,Alappuzha,Cherthala,shigella,86,0,test,0.06886544902158032,0,0.0
2021-02-04,2021,Kerala,Alappuzha,Kuttanad,shigella,1,0,train,0.1576315581142131,0,0.0
2022-10-30,2022,Kerala,Alappuzha,Kuttanad,shigella,3,1,train,0.13614223860612762,0,0.00017511597721148523
2023-03-07,2023,Kerala,Alappuzha,Kuttanad,shigella,6,1,val,0.5439689192833818,1,0.0017847066243839764
2021-02-01,2021,Kerala,Alappuzha,Mavelikkara,shigella,2663,1,train,0.15135619797233418,0,0.0
2022-04-08,2022,Kerala,Ernakulam,Aluva,shigella,27495,1,train,0.4970944767736458,0,0.0
2021-10-22,2021,Kerala,Ernakulam,Kanayannur,shigella,8,0,train,0.3202193634929145,0,0.0
2021-10-28,2021,Kerala,Ernakulam,Kochi,shigella,22,1,train,0.10850162500371414,0,0.0
2022-10-28,2022,Kerala,Ernakulam,Kochi,shigella,26965,1,train,0.07869993146808865,0,0.3158199294957244
2020-03-06,2020,Kerala,Ernakulam,Kothamangalam,shigella,346,1,train,0.4213668953349729,0,0.0
2024-02-02,2024,Kerala,Ernakulam,Kothamangalam,shigella,46172,0,test,0.28145457005155217,0,0.03560479986867262
2024-02-02,2024,Kerala,Ernakulam,Muvattupuzha,shigella,1,0,test,0.17789740357646283,0,0.0
2024-03-06,2024,Kerala,Ernakulam,Muvattupuzha,shigella,1,1,test,0.15812066138071337,0,0.0
2020-10-30,2020,Kerala,Ernakulam,North Paravur,shigella,120,1,train,0.3876510997413639,0,0.0
2023-02-01,2023,Kerala,Ernakulam,North Paravur,shigella,7,0,val,0.3738740595467426,0,0.0
2023-10-26,2023,Kerala,Ernakulam,North Paravur,shigella,1,0,test,0.2926397982687401,0,0.0
2020-10-31,2020,Kerala,Idukki,Idukki,shigella,23,1,train,0.7120572237139657,1,0.0
2022-10-23,2022,Kerala,Idukki,Peerumade,shigella,2,1,train,0.10373282215438938,0,0.0
2024-03-07,2024,Kerala,Idukki,Peerumade,shigella,8,1,test,0.34560206624178774,0,0.00047622126956309714
2022-10-30,2022,Kerala,Idukki,Thodupuzha,shigella,100,0,train,0.12503399887104344,0,0.0
2023-03-04,2023,Kerala,Idukki,Thodupuzha,shigella,3,0,val,0.07743016784174549,0,0.0
2023-10-26,2023,Kerala,Idukki,Udumbanchola,shigella,30687,1,test,0.07871392801645777,0,0.0
2021-05-16,2021,Kerala,Kannur,Iritty,shigella,2,1,train,0.709697126235163,1,0.0
2023-10-23,2023,Kerala,Kannur,Payyanur,shigella,12,1,test,0.4625619429140273,0,0.0
2023-08-19,2023,Kerala,Kannur,Taliparamba,shigella,5,1,val,0.08675892019439857,0,0.0
2022-10-30,2022,Kerala,Kasaragod,Manjeshwaram,shigella,3,1,train,0.06669664055119658,0,0.0
2023-10-28,2023,Kerala,Kasaragod,Manjeshwaram,shigella,16,1,test,0.13823941857363095,0,0.0008289798884138385
2024-04-13,2024,Kerala,Kasaragod,Manjeshwaram,shigella,278,0,test,0.49627373852325785,0,0.021911606424582425
2020-10-26,2020,Kerala,Kasaragod,Nileshwaram,shigella,2,0,train,0.08189160150939871,0,0.0
2023-04-14,2023,Kerala,Kasaragod,Nileshwaram,shigella,3,1,val,0.10500144482568423,0,2.6874663618796715e-05
2023-08-21,2023,Kerala,Kasaragod,Nileshwaram,shigella,168,1,val,0.13420164016540415,0,0.1392503093336861
2022-02-01,2022,Kerala,Kollam,Karunagappally,shigella,14,1,train,0.10794583592301488,0,0.0
2024-04-10,2024,Kerala,Kollam,Karunagappally,shigella,569,0,test,0.09782252117744206,0,0.009962895720449456
2023-08-19,2023,Kerala,Kollam,Kunnathoor,shigella,2052,1,val,0.062329394252788585,0,0.0
2020-10-31,2020,Kerala,Kollam,Pathanapuram,shigella,1,1,train,0.6076863382817899,1,0.0
2021-03-07,2021,Kerala,Kollam,Pathanapuram,shigella,8,1,train,0.2558108657587466,0,0.0008491358861279359
2022-03-04,2022,Kerala,Kollam,Pathanapuram,shigella,14,0,train,0.23354429883832054,0,0.001387595413741271
2022-03-06,2022,Kerala,Kollam,Pathanapuram,shigella,1,0,train,0.04473284501973494,0,0.0
2021-04-13,2021,Kerala,Kollam,Punalur,shigella,4,1,train,0.6278931192113139,1,0.0
2022-03-06,2022,Kerala,Kottayam,Changanassery,shigella,34,0,train,0.2573239430819022,0,0.0
2022-08-21,2022,Kerala,Kottayam,Changanassery,shigella,3,1,train,0.06958900955232925,0,0.0
2021-02-01,2021,Kerala,Kottayam,Kottayam,shigella,12,1,train,0.09771911549019173,0,0.0
2022-08-20,2022,Kerala,Kottayam,Meenachil,shigella,14,1,train,0.06348253719195292,0,0.0
2023-10-25,2023,Kerala,Kottayam,Meenachil,shigella,36,1,test,0.6367897487245255,1,0.00038282608171697174
2021-05-15,2021,Kerala,Kozhikode,Kozhikode,shigella,40,1,train,0.6657038248415141,1,0.0
2023-02-02,2023,Kerala,Malappuram,Ernad,shigella,3,0,val,0.10447596865786965,0,0.0
2023-04-10,2023,Kerala,Malappuram,Ernad,shigella,5,1,val,0.116778269626115,0,8.755798860574261e-05
2022-04-12,2022,Kerala,Malappuram,Kondotty,shigella,1,0,train,0.11823078753519116,0,0.0
2021-10-24,2021,Kerala,Malappuram,Nilambur,shigella,5,1,train,0.11925000662437704,0,0.0
2024-04-09,2024,Kerala,Malappuram,Ponnani,shigella,1,1,test,0.17266044494164537,0,0.0
2024-08-20,2024,Kerala,Malappuram,Ponnani,shigella,570,0,test,0.7220807417895118,1,0.076608973648337
2021-10-28,2021,Kerala,Malappuram,Tirur,shigella,1,1,train,0.48616539372978756,0,0.0
2023-10-23,2023,Kerala,Malappuram,Tirur,shigella,97,0,test,0.16020177825309667,0,0.01284669026484076
2021-04-08,2021,Kerala,Palakkad,Chittur,shigella,15,0,train,0.05965567044966577,0,0.0
2021-05-16,2021,Kerala,Palakkad,Chittur,shigella,5,0,train,0.07232953710092138,0,0.0
2023-04-11,2023,Kerala,Palakkad,Chittur,shigella,3,0,val,0.11906219152393145,0,0.0
2020-04-13,2020,Kerala,Palakkad,Mannarkkad,shigella,16,1,train,0.05548162473311089,0,0.0
2022-04-14,2022,Kerala,Palakkad,Mannarkkad,shigella,2215,0,train,0.687521151353437,1,0.034863466347658814
2022-10-24,2022,Kerala,Palakkad,Ottapalam,shigella,48845,1,train,0.629892853978959,1,0.0
2023-10-07,2023,Kerala,Palakkad,Pattambi,shigella,10,0,val,0.10813034170803885,0,0.0
2022-04-08,2022,Kerala,Pathanamthitta,Adoor,shigella,46,0,train,0.09454892885324853,0,0.0
2020-03-06,2020,Kerala,Pathanamthitta,Konni,shigella,40,0,train,0.10847433135818772,0,0.0
2021-02-02,2021,Kerala,Pathanamthitta,Konni,shigella,4,0,train,0.12810614416729865,0,0.0
2021-08-20,2021,Kerala,Pathanamthitta,Konni,shigella,4,0,train,0.5802470308272103,1,0.0
2021-10-28,2021,Kerala,Pathanamthitta,Ranni,shigella,62,0,train,0.4411339359680742,0,0.0
2023-10-28,2023,Kerala,Pathanamthitta,Ranni,shigella,3,0,test,0.06634199637001716,0,0.0
2020-04-09,2020,Kerala,Thiruvananthapuram,Nedumangad,shigella,1,1,train,0.052995200832781385,0,0.0
2022-10-31,2022,Kerala,Thiruvananthapuram,Thiruvananthapuram,shigella,343,0,train,0.052138540648527215,0,0.0
2023-08-19,2023,Kerala,Thiruvananthapuram,Thiruvananthapuram,shigella,3,0,val,0.175397526195847,0,0.0
2021-05-17,2021,Kerala,Thrissur,Chalakudy,shigella,1,1,train,0.10070632682055675,0,0.0
2021-10-30,2021,Kerala,Thrissur,Kodungallur,shigella,235,0,train,0.24681494909049895,0,0.0
2022-08-18,2022,Kerala,Thrissur,Kodungallur,shigella,1,0,train,0.46435448972985943,0,0.0
2020-04-12,2020,Kerala,Thrissur,Mukundapuram,shigella,13,0,train,0.22709061468396505,0,0.0
2024-08-21,2024,Kerala,Thrissur,Mukundapuram,shigella,1,1,test,0.3237389793837769,0,0.0
2021-05-17,2021,Kerala,Thrissur,Talappilly,shigella,1,0,train,0.05281752689073242,0,0.0
2023-08-21,2023,Kerala,Thrissur,Talappilly,shigella,1,1,val,0.06352509564474779,0,0.0
2023-09-07,2023,Kerala,Alappuzha,Cherthala,typhoid,300,1,val,0.13191532648728777,0,0.0
2023-10-14,2023,Kerala,Alappuzha,Cherthala,typhoid,7,0,val,0.3004442444272173,0,0.0
2023-11-20,2023,Kerala,Alappuzha,Karthikappally,typhoid,1,1,test,0.18234680137381556,0,0.0
2020-09-09,2020,Kerala,Ernakulam,Kothamangalam,typhoid,13,1,train,0.1992791383753671,0,0.0
2020-09-10,2020,Kerala,Ernakulam,Muvattupuzha,typhoid,2,0,train,0.25714189017005873,0,0.0
2021-10-16,2021,Kerala,Ernakulam,Muvattupuzha,typhoid,4,0,train,0.11892994835145024,0,0.0001167439848076568
2022-10-15,2022,Kerala,Ernakulam,Muvattupuzha,typhoid,3,0,train,0.09017791321512875,0,0.0
2022-12-31,2022,Kerala,Ernakulam,Muvattupuzha,typhoid,2,0,val,0.14752774617095063,0,0.0
2023-11-19,2023,Kerala,Ernakulam,Muvattupuzha,typhoid,5,1,test,0.06572741419810581,0,0.001419211946849807
2021-09-12,2021,Kerala,Ernakulam,North Paravur,typhoid,6,1,train,0.04661569042082274,0,0.0
2021-10-16,2021,Kerala,Idukki,Devikulam,typhoid,57,1,train,0.08317381321552336,0,0.0
2024-06-04,2024,Kerala,Idukki,Idukki,typhoid,121,0,test,0.04861020874560576,0,0.0
2024-06-06,2024,Kerala,Idukki,Idukki,typhoid,4,0,test,0.05315870753202428,0,0.0
2024-11-23,2024,Kerala,Idukki,Idukki,typhoid,16,0,test,0.2132637150126483,0,0.00019349757805533634
2022-09-11,2022,Kerala,Idukki,Peerumade,typhoid,136,1,train,0.13284337552429218,0,0.0
2022-06-04,2022,Kerala,Idukki,Udumbanchola,typhoid,8,0,train,0.1771858639635191,0,0.0
2023-06-05,2023,Kerala,Kannur,Iritty,typhoid,9,1,val,0.11130750292936092,0,0.0
2020-09-09,2020,Kerala,Kannur,Kannur,typhoid,85,0,train,0.1944044050111054,0,0.0
2023-09-10,2023,Kerala,Kannur,Payyanur,typhoid,282,0,val,0.05706458084694741,0,0.0
2021-11-21,2021,Kerala,Kannur,Taliparamba,typhoid,1,1,train,0.22532086299493367,0,0.0
2021-12-25,2021,Kerala,Kannur,Taliparamba,typhoid,115,1,train,0.6176804300834052,1,0.01527316193693998
2022-06-05,2022,Kerala,Kannur,Taliparamba,typhoid,22,0,train,0.7345505839912957,1,0.0
2021-09-07,2021,Kerala,Kannur,Thalassery,typhoid,5529,1,train,0.7161947869768016,1,0.0
2021-12-30,2021,Kerala,Kannur,Thalassery,typhoid,5330,0,train,0.10628429928423706,0,0.0
2022-09-11,2022,Kerala,Kannur,Thalassery,typhoid,1,0,train,0.11730528400207367,0,0.0
2022-10-18,2022,Kerala,Kasaragod,Hosdurg,typhoid,32,1,train,0.7476334101478005,1,0.0
2024-10-14,2024,Kerala,Kasaragod,Hosdurg,typhoid,15,1,test,0.7036169306499744,1,0.0
2020-02-02,2020,Kerala,Kasaragod,Kasaragod,typhoid,3,1,train,0.7241248234606588,1,0.0
2020-06-04,2020,Kerala,Kasaragod,Manjeshwaram,typhoid,1212,1,train,0.7063195520507779,1,0.0
2023-06-06,2023,Kerala,Kasaragod,Manjeshwaram,typhoid,7723,0,val,0.17662760150592058,0,0.001447014399677901
2023-12-27,2023,Kerala,Kasaragod,Manjeshwaram,typhoid,1,0,test,0.666215727934143,1,0.0
2021-12-30,2021,Kerala,Kasaragod,Nileshwaram,typhoid,16,1,train,0.6528019651733642,1,0.0
2022-09-07,2022,Kerala,Kasaragod,Nileshwaram,typhoid,6,0,train,0.4657707941990356,0,0.0
2023-06-05,2023,Kerala,Kasaragod,Nileshwaram,typhoid,1,1,val,0.22522280533657058,0,0.0
2023-06-06,2023,Kerala,Kasaragod,Vellarikundu,typhoid,6,1,val,0.3975423884594445,0,0.0
2020-09-12,2020,Kerala,Kollam,Karunagappally,typhoid,11,0,train,0.3115322966575317,0,0.0
2022-10-13,2022,Kerala,Kollam,Karunagappally,typhoid,5,1,train,0.1378103548942307,0,0.0
2024-06-04,2024,Kerala,Kollam,Kollam,typhoid,1117,0,test,0.1583793510628976,0,0.0
2021-09-09,2021,Kerala,Kollam,Kottarakkara,typhoid,3,0,train,0.26553901166229804,0,0.0
2022-09-11,2022,Kerala,Kollam,Kottarakkara,typhoid,2,1,train,0.12247292410175588,0,0.0
2022-10-13,2022,Kerala,Kollam,Kunnathoor,typhoid,8,1,train,0.1762707815172008,0,0.0
2022-11-23,2022,Kerala,Kollam,Kunnathoor,typhoid,6,1,val,0.6490227806311121,1,0.0
2021-12-31,2021,Kerala,Kollam,Pathanapuram,typhoid,6818,0,train,0.15794854476564996,0,0.0
2021-12-27,2021,Kerala,Kollam,Punalur,typhoid,63,1,train,0.19483130488273695,0,0.0
2023-06-06,2023,Kerala,Kollam,Punalur,typhoid,28298,0,val,0.16615839098652022,0,0.11894049792702631
2023-09-09,2023,Kerala,Kollam,Punalur,typhoid,10,0,val,0.1470538453323969,0,0.0
2020-11-24,2020,Kerala,Kottayam,Changanassery,typhoid,1,1,train,0.24565362567383078,0,0.0
2022-06-04,2022,Kerala,Kottayam,Changanassery,typhoid,4168,0,train,0.3118938971440363,0,0.5616337001046149
2020-12-28,2020,Kerala,Kottayam,Kottayam,typhoid,2,1,train,0.19026897756573735,0,0.0
2022-12-30,2022,Kerala,Kottayam,Vaikom,typhoid,1,1,val,0.3351863631725998,0,0.0
2023-11-20,2023,Kerala,Kottayam,Vaikom,typhoid,14,1,test,0.3460194374077713,0,0.001657959776827677
2022-12-31,2022,Kerala,Kozhikode,Koyilandy,typhoid,15,0,val,0.08029676224221216,0,0.0
2022-06-05,2022,Kerala,Kozhikode,Kozhikode,typhoid,9,0,train,0.08468021225804896,0,0.0
2023-10-16,2023,Kerala,Kozhikode,Kozhikode,typhoid,2,1,val,0.5336135961693507,1,0.0
2022-02-02,2022,Kerala,Kozhikode,Thamarassery,typhoid,320,1,train,0.5999524008431077,1,0.0
2023-11-22,2023,Kerala,Kozhikode,Thamarassery,typhoid,65027,1,test,0.40616001765438464,0,0.05434683337859812
2020-12-26,2020,Kerala,Kozhikode,Vadakara,typhoid,19,1,train,0.5581304646515093,1,0.0
2023-10-18,2023,Kerala,Malappuram,Ernad,typhoid,30362,1,val,0.20803867995480538,0,0.0
2023-11-22,2023,Kerala,Malappuram,Ernad,typhoid,6,0,test,0.21314832896635635,0,0.0
2024-10-13,2024,Kerala,Malappuram,Kondotty,typhoid,6,1,test,0.5937718424041062,1,0.0
2021-02-02,2021,Kerala,Malappuram,Nilambur,typhoid,13,1,train,0.5902337861589504,1,0.0
2023-12-09,2023,Kerala,Malappuram,Nilambur,typhoid,13,1,test,0.24771527489775544,0,0.0
2024-02-02,2024,Kerala,Malappuram,Perinthalmanna,typhoid,28,1,test,0.30209258630918057,0,0.0
2022-02-02,2022,Kerala,Malappuram,Tirur,typhoid,89,1,train,0.25305731468154885,0,0.0
2020-12-31,2020,Kerala,Malappuram,Tirurangadi,typhoid,8328,0,train,0.32161439310225104,0,0.0
2024-10-19,2024,Kerala,Palakkad,Alathur,typhoid,6,0,test,0.13495534586093424,0,0.0
2023-09-30,2023,Kerala,Palakkad,Chittur,typhoid,15,0,val,0.16005784764828446,0,0.0
2023-09-09,2023,Kerala,Palakkad,Palakkad,typhoid,31,0,val,0.18719002552617173,0,0.0
2023-10-18,2023,Kerala,Palakkad,Palakkad,typhoid,1,1,val,0.20859547006500762,0,0.0
2020-12-31,2020,Kerala,Palakkad,Pattambi,typhoid,8,1,train,0.7084740606985019,1,0.0
2022-09-06,2022,Kerala,Pathanamthitta,Adoor,typhoid,27496,1,train,0.6440144772292596,1,0.0
2021-11-21,2021,Kerala,Pathanamthitta,Konni,typhoid,55,1,train,0.5241888007083106,1,0.0
2021-11-24,2021,Kerala,Pathanamthitta,Konni,typhoid,43,1,train,0.15200527389861881,0,0.0
2024-11-24,2024,Kerala,Pathanamthitta,Konni,typhoid,93,0,test,0.13313017834888746,0,0.003068777928599552
2021-11-24,2021,Kerala,Pathanamthitta,Kozhenchery,typhoid,2,0,train,0.05610827337280097,0,0.0
2022-10-14,2022,Kerala,Pathanamthitta,Kozhenchery,typhoid,1,0,train,0.10410585185624656,0,0.0
2023-02-01,2023,Kerala,Pathanamthitta,Kozhenchery,typhoid,1,1,val,0.1407307641811104,0,0.0
2023-12-26,2023,Kerala,Pathanamthitta,Kozhenchery,typhoid,385,1,test,0.09845693427479985,0,0.4071764869327785
2022-11-20,2022,Kerala,Pathanamthitta,Mallappally,typhoid,2,1,train,0.17258554058066214,0,0.0
2023-02-03,2023,Kerala,Pathanamthitta,Mallappally,typhoid,23446,0,val,0.19540341219570526,0,0.9999999983333334
2020-02-01,2020,Kerala,Pathanamthitta,Ranni,typhoid,96,0,train,0.11976944448316758,0,0.0
2022-06-04,2022,Kerala,Pathanamthitta,Ranni,typhoid,4,0,train,0.12758906651448967,0,0.0
2021-11-21,2021,Kerala,Thiruvananthapuram,Chirayinkeezhu,typhoid,13779,0,train,0.10516429957930701,0,0.0
2022-10-21,2022,Kerala,Thiruvananthapuram,Chirayinkeezhu,typhoid,5,0,train,0.10643400655096674,0,0.0
2020-10-18,2020,Kerala,Thiruvananthapuram,Kattakkada,typhoid,5,1,train,0.7232689232049998,1,0.0
2021-09-10,2021,Kerala,Thiruvananthapuram,Kattakkada,typhoid,33612,1,train,0.5463134542707947,1,0.9515884092850632
2022-09-11,2022,Kerala,Thiruvananthapuram,Kattakkada,typhoid,26,0,train,0.21914152249168878,0,0.0
2022-11-22,2022,Kerala,Thiruvananthapuram,Kattakkada,typhoid,1,0,train,0.6873569960654905,1,0.0
2022-12-26,2022,Kerala,Thiruvananthapuram,Kattakkada,typhoid,1,0,val,0.11354557439898981,0,0.0
2022-11-19,2022,Kerala,Thiruvananthapuram,Neyyattinkara,typhoid,99610,1,train,0.6808969150849827,1,0.0
2024-10-17,2024,Kerala,Thiruvananthapuram,Neyyattinkara,typhoid,24510,0,test,0.6311691907787569,1,0.0
2023-10-13,2023,Kerala,Thiruvananthapuram,Thiruvananthapuram,typhoid,1,1,val,0.1579605547791983,0,0.0
2020-10-18,2020,Kerala,Thiruvananthapuram,Varkala,typhoid,199,0,train,0.6207677647201458,1,0.0
2022-09-08,2022,Kerala,Thrissur,Chalakudy,typhoid,7,1,train,0.6802733953166902,1,0.0
2022-09-11,2022,Kerala,Thrissur,Chalakudy,typhoid,66089,1,train,0.7241087084550922,1,0.9999999983333334
2022-10-17,2022,Kerala,Thrissur,Chalakudy,typhoid,33,0,train,0.7146078075524998,1,0.0
2022-11-23,2022,Kerala,Thrissur,Chalakudy,typhoid,1,0,val,0.5117991272197028,1,0.0
2023-10-13,2023,Kerala,Thrissur,Chavakkad,typhoid,1,1,val,0.5455884757706865,1,0.0
2022-02-03,2022,Kerala,Thrissur,Kodungallur,typhoid,772,1,train,0.6441238571374619,1,0.0
2022-10-14,2022,Kerala,Thrissur,Kodungallur,typhoid,47,0,train,0.6834983814880243,1,0.0
2020-11-23,2020,Kerala,Thrissur,Kunnamkulam,typhoid,3863,1,train,0.6991174711097782,1,0.0
2021-12-26,2021,Kerala,Thrissur,Kunnamkulam,typhoid,656,0,train,0.6947488795326915,1,0.0
2023-11-11,2023,Kerala,Thrissur,Kunnamkulam,typhoid,16,0,test,0.3267202568944224,0,0.0
2022-06-04,2022,Kerala,Thrissur,Talappilly,typhoid,1,0,train,0.5876688992991841,1,0.0
2023-12-25,2023,Kerala,Thrissur,Talappilly,typhoid,1,0,test,0.7005525057587875,1,0.0
2021-02-03,2021,Kerala,Thrissur,Thrissur,typhoid,296,1,train,0.6229727966056562,1,0.0
2024-02-01,2024,Kerala,Thrissur,Thrissur,typhoid,357,1,test,0.6943129270859327,1,5.473771651465052e-05
2024-09-08,2024,Kerala,Thrissur,Thrissur,typhoid,570,0,test,0.11403677882625335,0,0.0032521210096169866
2021-11-19,2021,Kerala,Wayanad,Mananthavady,typhoid,11,0,train,0.14785322396231743,0,0.0
2021-12-29,2021,Kerala,Wayanad,Mananthavady,typhoid,1,1,train,0.4948054474446003,0,0.0
2022-12-29,2022,Kerala,Wayanad,Mananthavady,typhoid,47,1,val,0.13129844744035155,0,0.006081532255173337
2024-02-03,2024,Kerala,Wayanad,Mananthavady,typhoid,122,1,test,0.6795910264194521,1,0.0033484952650038257
2024-09-12,2024,Kerala,Wayanad,Mananthavady,typhoid,444,0,test,0.6537725783871311,1,0.005782527246394315
2021-02-03,2021,Kerala,Wayanad,Sulthan Bathery,typhoid,47,0,train,0.18566379676017253,0,0.0
2021-11-19,2021,Kerala,Wayanad,Sulthan Bathery,typhoid,4,1,train,0.05089137037631697,0,0.0
2022-02-01,2022,Kerala,Wayanad,Sulthan Bathery,typhoid,180,1,train,0.7237429980605415,1,0.006690748071580557
2022-06-04,2022,Kerala,Wayanad,Sulthan Bathery,typhoid,141,0,train,0.596437117144883,1,0.0005312448588116461
2023-02-03,2023,Kerala,Wayanad,Sulthan Bathery,typhoid,4,1,val,0.6996296268929494,1,0.0
2022-11-20,2022,Kerala,Wayanad,Vythiri,typhoid,1,1,train,0.7154175144427981,1,0.0
2023-06-04,2023,Kerala,Wayanad,Vythiri,typhoid,523,1,val,0.2774723301163556,0,0.07027318650452236
2022-10-22,2022,Kerala,Kasaragod,Manjeshwaram,west_nile_confirmed,27496,1,train,0.6981888156371486,1,0.0
2023-10-30,2023,Kerala,Kollam,Pathanapuram,west_nile_confirmed,4,0,test,0.1257393860005421,0,0.0
2024-08-13,2024,Kerala,Kollam,Pathanapuram,west_nile_confirmed,1,1,test,0.11773728800172589,0,0.0
2022-10-21,2022,Kerala,Malappuram,Ponnani,west_nile_confirmed,10,1,train,0.6454181638280799,1,0.0
2023-08-15,2023,Kerala,Palakkad,Mannarkkad,west_nile_confirmed,318,1,val,0.10583422851907912,0,0.0
2023-10-14,2023,Kerala,Pathanamthitta,Mallappally,west_nile_confirmed,42,0,val,0.27448988196665086,0,0.0
2024-04-04,2024,Kerala,Kasaragod,Manjeshwaram,west_nile_probable,430,1,test,0.36935084984873895,0,0.0
2024-10-18,2024,Kerala,Kollam,Karunagappally,west_nile_probable,177,0,test,0.23679094880885682,0,0.0
2024-09-13,2024,Kerala,Palakkad,Chittur,west_nile_probable,13,1,test,0.7119273491397177,1,0.0
2024-10-16,2024,Kerala,Thrissur,Chalakudy,west_nile_probable,122,1,test,0.6885747987820355,1,0.0
2024-11-24,2024,Kerala,Thrissur,Chavakkad,west_nile_probable,1,1,test,0.6963176248140488,1,0.0
2023-10-13,2023,Kerala,Kannur,Kannur,zika,1,1,val,0.7118005128074644,1,0.0
2021-09-10,2021,Kerala,Kasaragod,Hosdurg,zika,1,1,train,0.7258593409035217,1,0.0
2021-09-03,2021,Kerala,Malappuram,Ernad,zika,2,1,train,0.7284932308133699,1,0.0
2023-10-21,2023,Kerala,Pathanamthitta,Thiruvalla,zika,8,1,test,0.7010537121883104,1,0.0
2022-11-28,2022,Kerala,Thiruvananthapuram,Neyyattinkara,zika,157,1,val,0.6949093772984425,1,0.0
