date,disease,state,affected_district_count,affected_taluk_count,aggregate_intensity,maximum_intensity
2020-01-01,acute_diarrheal_disease,Kerala,2,2,0.0,0.0
2020-01-01,acute_encephalitis_syndrome,Kerala,1,1,0.0,0.0
2020-01-01,chicken_pox,Kerala,4,4,0.0,0.0
2020-01-01,hepatitis_c,Kerala,1,1,0.0,0.0
2020-01-01,leptospirosis_confirmed,Kerala,4,5,0.0,0.0
2020-01-01,malaria,Kerala,1,1,0.0,0.0
2020-01-02,acute_diarrheal_disease,Kerala,2,2,0.0,0.0
2020-01-02,chicken_pox,Kerala,2,2,0.0,0.0
2020-01-02,hepatitis_c,Kerala,1,1,0.2241363266003186,0.2241363266003186
2020-01-02,leptospirosis_confirmed,Kerala,1,1,0.0,0.0
2020-01-02,malaria,Kerala,1,1,0.0,0.0
2020-01-03,acute_diarrheal_disease,Kerala,2,2,0.0002964826271853,0.0002964826271853
2020-01-03,chicken_pox,Kerala,2,2,0.0,0.0
2020-01-04,acute_diarrheal_disease,Kerala,2,3,0.0,0.0
2020-02-01,dengue,Kerala,4,5,0.0,0.0
2020-02-01,hepatitis_a_probable,Kerala,2,2,0.0,0.0
2020-02-01,typhoid,Kerala,1,1,0.0,0.0
2020-02-02,hepatitis_a_probable,Kerala,1,1,0.0,0.0
2020-02-02,typhoid,Kerala,1,1,0.0,0.0
2020-02-04,chicken_pox,Kerala,3,3,0.0139049661213929,0.0139049661213929
2020-02-05,chicken_pox,Kerala,3,3,0.0,0.0
2020-02-06,chicken_pox,Kerala,2,2,0.0,0.0
2020-03-01,dengue,Kerala,1,1,0.0,0.0
2020-03-01,fever_ip,Kerala,1,1,0.0,0.0
2020-03-01,hepatitis_a_confirmed,Kerala,1,1,0.0,0.0
2020-03-01,scrub_typhus,Kerala,2,2,0.0,0.0
2020-03-02,fever_ip,Kerala,3,3,0.0133601871946466,0.0133601871946466
2020-03-02,hepatitis_a_confirmed,Kerala,3,3,0.0,0.0
2020-03-02,malaria,Kerala,2,2,0.0,0.0
2020-03-02,scrub_typhus,Kerala,1,1,0.0,0.0
2020-03-03,fever_ip,Kerala,1,1,0.0,0.0
2020-03-03,hepatitis_a_confirmed,Kerala,3,3,0.0,0.0
2020-03-03,malaria,Kerala,1,1,0.0,0.0
2020-03-04,fever_ip,Kerala,1,1,0.0,0.0
2020-03-04,hepatitis_a_confirmed,Kerala,2,2,0.0,0.0
2020-03-04,hepatitis_a_probable,Kerala,2,2,0.0,0.0
2020-03-05,hepatitis_a_confirmed,Kerala,5,5,0.0,0.0
2020-03-05,hepatitis_a_probable,Kerala,1,1,0.0,0.0
2020-03-06,hepatitis_a_confirmed,Kerala,3,3,0.0,0.0
2020-03-06,hepatitis_a_probable,Kerala,1,1,0.0,0.0
2020-03-06,shigella,Kerala,2,2,0.0,0.0
2020-04-01,fever_op,Kerala,3,4,0.0,0.0
2020-04-01,leptospirosis_probable,Kerala,3,3,0.0,0.0
2020-04-02,fever_op,Kerala,1,2,0.0,0.0
2020-04-02,leptospirosis_probable,Kerala,4,4,0.0,0.0
2020-04-03,fever_op,Kerala,2,2,0.0,0.0
2020-04-03,leptospirosis_confirmed,Kerala,3,3,0.0,0.0
2020-04-03,malaria,Kerala,1,1,0.0,0.0
2020-04-04,fever_op,Kerala,3,3,0.0,0.0
2020-04-04,malaria,Kerala,1,1,0.0,0.0
2020-04-04,measles,Kerala,1,1,0.0,0.0
2020-04-05,fever_op,Kerala,3,3,0.0,0.0
2020-04-05,leptospirosis_confirmed,Kerala,3,4,0.0,0.0
2020-04-05,malaria,Kerala,4,4,0.0006990364770895,0.0006990364770895
2020-04-06,hepatitis_a_probable,Kerala,1,1,0.0,0.0
2020-04-06,malaria,Kerala,1,1,0.0,0.0
2020-04-07,hepatitis_a_probable,Kerala,4,4,0.0,0.0
2020-04-08,hepatitis_a_probable,Kerala,5,5,0.0,0.0
2020-04-09,hepatitis_a_probable,Kerala,1,1,0.0,0.0
2020-04-09,shigella,Kerala,1,1,0.0,0.0
2020-04-12,shigella,Kerala,1,1,0.0,0.0
2020-04-13,shigella,Kerala,1,1,0.0,0.0
2020-05-01,hepatitis_b,Kerala,1,2,0.0,0.0
2020-05-02,chikungunya,Kerala,1,1,0.0,0.0
2020-05-02,dengue,Kerala,2,2,0.0,0.0
2020-05-02,hepatitis_b,Kerala,3,3,0.0,0.0
2020-05-03,dengue,Kerala,6,8,0.0,0.0
2020-05-03,hepatitis_b,Kerala,4,4,0.0,0.0
2020-05-03,scrub_typhus,Kerala,1,1,0.0,0.0
2020-05-04,chikungunya,Kerala,1,1,0.0,0.0
2020-05-04,hepatitis_b,Kerala,2,2,0.0,0.0
2020-05-04,scrub_typhus,Kerala,3,3,0.0,0.0
2020-05-05,fever_ip,Kerala,3,3,0.0,0.0
2020-05-05,hepatitis_b,Kerala,2,2,0.0,0.0
2020-05-05,scrub_typhus,Kerala,1,1,0.0,0.0
2020-05-06,fever_op,Kerala,2,2,0.0,0.0
2020-05-06,hepatitis_b,Kerala,1,1,0.0,0.0
2020-05-06,leptospirosis_confirmed,Kerala,2,2,0.0015798509868574,0.0015798509868574
2020-05-07,chikungunya,Kerala,2,2,0.0,0.0
2020-05-07,fever_ip,Kerala,2,2,0.0,0.0
2020-05-07,fever_op,Kerala,3,3,0.0,0.0
2020-05-07,hepatitis_a_confirmed,Kerala,1,1,0.0,0.0
2020-05-07,hepatitis_b,Kerala,1,1,0.0,0.0
2020-05-07,malaria,Kerala,3,3,0.0,0.0
2020-05-08,fever_op,Kerala,2,2,0.051535433036645,0.051535433036645
2020-05-08,hepatitis_a_confirmed,Kerala,1,1,0.0,0.0
2020-05-08,malaria,Kerala,1,1,0.0049644432286372,0.0049644432286372
2020-05-09,fever_op,Kerala,2,2,0.0,0.0
2020-05-12,chikungunya,Kerala,1,1,0.0,0.0
2020-05-13,chikungunya,Kerala,1,1,0.0,0.0
2020-05-16,chikungunya,Kerala,1,1,0.0,0.0
2020-06-03,leptospirosis_probable,Kerala,4,4,0.0,0.0
2020-06-04,dengue,Kerala,5,8,0.0,0.0
2020-06-04,leptospirosis_probable,Kerala,2,3,0.0,0.0
2020-06-04,typhoid,Kerala,1,1,0.0,0.0
2020-06-05,dengue,Kerala,6,6,0.4609149697147831,0.4609149697147831
2020-06-05,leptospirosis_probable,Kerala,3,3,0.0,0.0
2020-06-06,dengue,Kerala,2,3,0.0,0.0
2020-06-06,leptospirosis_probable,Kerala,2,2,0.0,0.0
2020-06-06,measles,Kerala,1,1,0.0,0.0
2020-06-07,hepatitis_b,Kerala,2,2,0.0,0.0
2020-06-08,hepatitis_b,Kerala,3,3,0.2488642751701248,0.2488642751701248
2020-06-08,malaria,Kerala,2,2,0.0,0.0
2020-06-09,hepatitis_b,Kerala,3,4,0.0,0.0
2020-06-09,malaria,Kerala,1,1,0.0,0.0
2020-06-10,hepatitis_b,Kerala,4,5,0.0012873564928459,0.0012873564928459
2020-06-10,malaria,Kerala,1,1,0.0,0.0
2020-06-11,hepatitis_b,Kerala,3,3,0.0,0.0
2020-06-12,hepatitis_b,Kerala,3,3,0.0,0.0
2020-07-06,acute_diarrheal_disease,Kerala,1,1,0.0,0.0
2020-07-06,dengue,Kerala,2,2,0.0,0.0
2020-07-06,hepatitis_c,Kerala,1,1,0.0,0.0
2020-07-06,leptospirosis_probable,Kerala,1,1,0.0,0.0
2020-07-06,scrub_typhus,Kerala,3,3,0.0,0.0
2020-07-07,acute_diarrheal_disease,Kerala,1,1,0.0,0.0
2020-07-07,hepatitis_c,Kerala,3,3,0.0,0.0
2020-07-07,leptospirosis_probable,Kerala,4,4,1.6124798171278027e-05,1.6124798171278027e-05
2020-07-07,scrub_typhus,Kerala,1,1,0.0,0.0
2020-07-08,dengue,Kerala,3,3,0.0,0.0
2020-07-08,fever_ip,Kerala,3,3,0.0,0.0
2020-07-08,hepatitis_a_confirmed,Kerala,4,4,0.0002381106347815,0.0002381106347815
2020-07-08,hepatitis_c,Kerala,2,3,0.0,0.0
2020-07-08,leptospirosis_confirmed,Kerala,2,2,0.0,0.0
2020-07-08,leptospirosis_probable,Kerala,2,2,0.0538899318481054,0.0538899318481054
2020-07-09,fever_ip,Kerala,2,2,0.0,0.0
2020-07-09,fever_op,Kerala,1,1,0.0,0.0
2020-07-09,hepatitis_a_confirmed,Kerala,2,2,0.0,0.0
2020-07-09,leptospirosis_confirmed,Kerala,2,2,0.0,0.0
2020-07-10,fever_ip,Kerala,2,2,0.0,0.0
2020-07-10,fever_op,Kerala,4,4,0.5072484850532498,0.5072484850532498
2020-07-10,hepatitis_a_confirmed,Kerala,4,4,0.0,0.0
2020-07-11,fever_ip,Kerala,1,1,0.0004474975398778,0.0004474975398778
2020-07-11,fever_op,Kerala,2,4,0.0,0.0
2020-07-11,hepatitis_a_confirmed,Kerala,2,2,0.0,0.0
2020-07-12,hepatitis_a_confirmed,Kerala,1,1,0.0,0.0
2020-07-13,hepatitis_a_confirmed,Kerala,2,2,0.0,0.0
2020-08-07,chicken_pox,Kerala,4,4,0.0002227128419499,0.0002227128419499
2020-08-07,scrub_typhus,Kerala,1,2,0.0,0.0
2020-08-08,acute_diarrheal_disease,Kerala,2,2,0.0,0.0
2020-08-08,chicken_pox,Kerala,2,2,0.0,0.0
2020-08-08,dengue,Kerala,3,3,0.0,0.0
2020-08-08,scrub_typhus,Kerala,1,1,0.0,0.0
2020-08-09,acute_diarrheal_disease,Kerala,1,1,0.036919912725183,0.036919912725183
2020-08-09,chicken_pox,Kerala,1,2,0.0,0.0
2020-08-09,dengue,Kerala,4,4,0.0,0.0
2020-08-10,dengue,Kerala,4,5,0.0002699678920971,0.0002699678920971
2020-08-11,dengue,Kerala,2,2,0.0267315003885196,0.0267315003885196
2020-08-11,fever_ip,Kerala,2,2,0.0,0.0
2020-08-11,malaria,Kerala,3,3,0.0,0.0
2020-08-12,acute_encephalitis_syndrome,Kerala,1,1,0.0,0.0
2020-08-12,fever_ip,Kerala,1,1,0.0,0.0
2020-08-12,fever_op,Kerala,1,1,0.0,0.0
2020-08-12,malaria,Kerala,2,2,0.0,0.0
2020-08-13,acute_encephalitis_syndrome,Kerala,2,2,0.0,0.0
2020-08-13,fever_ip,Kerala,1,1,0.0,0.0
2020-08-13,fever_op,Kerala,2,2,0.0,0.0
2020-08-14,acute_encephalitis_syndrome,Kerala,1,1,0.0,0.0
2020-08-14,fever_ip,Kerala,2,2,0.0,0.0
2020-08-14,fever_op,Kerala,3,3,0.0,0.0
2020-08-14,hepatitis_a_confirmed,Kerala,2,2,0.007962249591857196,0.007921937596429
2020-08-15,fever_op,Kerala,1,1,0.0,0.0
2020-08-15,hepatitis_a_confirmed,Kerala,4,4,0.0777845236652979,0.0777845236652979
2020-09-08,leptospirosis_probable,Kerala,2,2,0.0,0.0
2020-09-09,acute_diarrheal_disease,Kerala,2,2,0.0,0.0
2020-09-09,hepatitis_a_probable,Kerala,1,2,0.0022233661655586003,0.0020818230100759
2020-09-09,leptospirosis_confirmed,Kerala,1,1,0.0,0.0
2020-09-09,leptospirosis_probable,Kerala,1,1,0.0,0.0
2020-09-09,scrub_typhus,Kerala,4,4,0.0,0.0
2020-09-09,typhoid,Kerala,2,2,0.0,0.0
2020-09-10,acute_diarrheal_disease,Kerala,1,1,0.0,0.0
2020-09-10,chicken_pox,Kerala,3,3,0.0,0.0
2020-09-10,hepatitis_a_probable,Kerala,3,3,0.0,0.0
2020-09-10,hepatitis_c,Kerala,1,1,0.0,0.0
2020-09-10,leptospirosis_confirmed,Kerala,2,2,0.0,0.0
2020-09-10,leptospirosis_probable,Kerala,3,3,0.0,0.0
2020-09-10,scrub_typhus,Kerala,2,2,0.0,0.0
2020-09-10,typhoid,Kerala,1,1,0.0,0.0
2020-09-11,acute_diarrheal_disease,Kerala,3,4,0.0194319293745078,0.0194319293745078
2020-09-11,chicken_pox,Kerala,4,4,0.0,0.0
2020-09-11,dengue,Kerala,6,7,0.0272196037882527,0.0191470511858459
2020-09-11,hepatitis_a_probable,Kerala,4,4,0.0,0.0
2020-09-11,hepatitis_c,Kerala,3,3,0.0,0.0
2020-09-11,leptospirosis_probable,Kerala,1,1,0.0,0.0
2020-09-11,measles,Kerala,1,1,0.0,0.0
2020-09-11,scrub_typhus,Kerala,1,1,0.0,0.0
2020-09-12,acute_diarrheal_disease,Kerala,2,2,0.0,0.0
2020-09-12,chicken_pox,Kerala,2,2,0.0009255678755073,0.0009255678755073
2020-09-12,dengue,Kerala,3,3,0.0,0.0
2020-09-12,hepatitis_c,Kerala,3,3,0.0,0.0
2020-09-12,leptospirosis_confirmed,Kerala,4,5,0.0017927637586109,0.0017927637586109
2020-09-12,leptospirosis_probable,Kerala,3,3,0.0,0.0
2020-09-12,typhoid,Kerala,1,1,0.0,0.0
2020-09-13,chicken_pox,Kerala,2,2,0.0128198156012219,0.0128198156012219
2020-09-13,dengue,Kerala,5,6,0.8011485516636186,0.8001228051295249
2020-09-13,hepatitis_c,Kerala,1,1,0.0,0.0
2020-09-13,leptospirosis_confirmed,Kerala,2,3,0.2281758951659326,0.2281758951659326
2020-09-13,leptospirosis_probable,Kerala,2,2,0.0,0.0
2020-09-13,malaria,Kerala,3,3,0.0,0.0
2020-09-14,chicken_pox,Kerala,2,2,0.009198920357606201,0.0079425989270287
2020-09-14,dengue,Kerala,4,4,0.0058841292052872,0.0058841292052872
2020-09-14,fever_ip,Kerala,3,3,0.0001612479817127,0.0001612479817127
2020-09-14,leptospirosis_confirmed,Kerala,4,5,0.0,0.0
2020-09-14,leptospirosis_probable,Kerala,2,2,0.0,0.0
2020-09-14,malaria,Kerala,3,3,0.0,0.0
2020-09-15,chicken_pox,Kerala,3,3,0.0,0.0
2020-09-15,dengue,Kerala,1,1,0.0,0.0
2020-09-15,fever_ip,Kerala,2,2,0.0,0.0
2020-09-15,fever_op,Kerala,1,1,0.0005781305887357,0.0005781305887357
2020-09-15,hepatitis_a_confirmed,Kerala,1,1,0.0,0.0
2020-09-15,leptospirosis_confirmed,Kerala,1,1,0.0,0.0
2020-09-15,leptospirosis_probable,Kerala,1,1,0.0019668006938926,0.0019668006938926
2020-09-16,chicken_pox,Kerala,1,1,0.0,0.0
2020-09-16,fever_ip,Kerala,3,3,0.0003833630701882,0.0003833630701882
2020-09-16,fever_op,Kerala,1,1,0.0,0.0
2020-09-17,chicken_pox,Kerala,3,3,0.0,0.0
2020-09-17,fever_ip,Kerala,2,2,0.0,0.0
2020-09-17,hepatitis_a_confirmed,Kerala,2,2,0.0,0.0
2020-09-18,chicken_pox,Kerala,6,7,0.0006148009185609706,0.0005795279225613
2020-09-18,fever_ip,Kerala,2,3,0.0031880495696214,0.0031880495696214
2020-09-18,hepatitis_a_confirmed,Kerala,1,1,0.0,0.0
2020-09-19,fever_ip,Kerala,4,4,0.0,0.0
2020-09-19,hepatitis_a_confirmed,Kerala,2,2,4.031199542819508e-05,4.031199542819508e-05
2020-09-20,fever_ip,Kerala,4,4,0.0327045977519241,0.0327045977519241
2020-09-21,fever_ip,Kerala,4,4,0.0,0.0
2020-09-22,fever_ip,Kerala,2,2,0.0,0.0
2020-09-23,fever_ip,Kerala,1,1,0.0,0.0
2020-09-26,chikungunya,Kerala,1,1,0.0,0.0
2020-09-29,chikungunya,Kerala,1,1,0.0,0.0
2020-09-30,chikungunya,Kerala,1,1,0.0011783301938107,0.0011783301938107
2020-10-04,influenza_h1n1_seasonal,Kerala,2,2,0.0,0.0
2020-10-12,hepatitis_a_probable,Kerala,1,1,0.0,0.0
2020-10-13,hepatitis_a_probable,Kerala,2,2,1.0022444200304716,0.9999999983333334
2020-10-13,hepatitis_b,Kerala,1,1,0.0,0.0
2020-10-14,acute_diarrheal_disease,Kerala,4,5,0.014884892745407101,0.0136887841502626
2020-10-14,hepatitis_b,Kerala,1,1,0.0,0.0
2020-10-14,scrub_typhus,Kerala,3,3,0.0057905512176895,0.0057905512176895
2020-10-15,acute_diarrheal_disease,Kerala,5,5,0.0,0.0
2020-10-15,dengue,Kerala,3,3,0.0,0.0
2020-10-15,hepatitis_a_probable,Kerala,4,4,0.0,0.0
2020-10-15,hepatitis_c,Kerala,2,2,0.0,0.0
2020-10-15,malaria,Kerala,1,1,0.0,0.0
2020-10-15,scrub_typhus,Kerala,1,1,0.0,0.0
2020-10-16,acute_diarrheal_disease,Kerala,2,2,0.0274458322928642,0.026461892424953
2020-10-16,dengue,Kerala,7,8,0.0167729058961353,0.0105776178556282
2020-10-16,hepatitis_a_probable,Kerala,1,2,0.0007092877532181,0.0007092877532181
2020-10-16,hepatitis_b,Kerala,5,5,0.0,0.0
2020-10-16,hepatitis_c,Kerala,4,5,1.0461432720986468,0.9999999983333334
2020-10-16,leptospirosis_probable,Kerala,3,3,0.0008491358861279,0.0008491358861279
2020-10-16,scrub_typhus,Kerala,1,1,0.0,0.0
2020-10-17,acute_diarrheal_disease,Kerala,2,3,0.0011943374387785,0.0011943374387785
2020-10-17,dengue,Kerala,4,5,0.0002821839679973,0.0002821839679973
2020-10-17,hepatitis_a_probable,Kerala,5,5,0.0003224959634255,0.0003224959634255
2020-10-17,hepatitis_b,Kerala,1,1,0.0001033066529982,0.0001033066529982
2020-10-17,hepatitis_c,Kerala,3,3,0.0,0.0
2020-10-17,leptospirosis_confirmed,Kerala,4,4,0.0651033892035797,0.0386414967786267
2020-10-17,leptospirosis_probable,Kerala,2,2,0.013925122119107,0.013925122119107
2020-10-17,malaria,Kerala,3,3,0.0,0.0
2020-10-17,scrub_typhus,Kerala,2,2,0.0,0.0
2020-10-18,dengue,Kerala,1,1,0.0,0.0
2020-10-18,fever_op,Kerala,4,4,0.8408737220146316,0.8408737220146316
2020-10-18,hepatitis_a_probable,Kerala,4,5,0.0,0.0
2020-10-18,hepatitis_b,Kerala,1,1,0.0,0.0
2020-10-18,leptospirosis_confirmed,Kerala,4,5,7.004639088459407e-05,7.004639088459407e-05
2020-10-18,leptospirosis_probable,Kerala,3,3,0.0,0.0
2020-10-18,scrub_typhus,Kerala,1,1,0.0,0.0
2020-10-18,typhoid,Kerala,1,2,0.0,0.0
2020-10-19,chicken_pox,Kerala,1,1,0.030216247917171,0.030216247917171
2020-10-19,dengue,Kerala,4,4,0.0,0.0
2020-10-19,fever_op,Kerala,2,4,0.0009674878902766,0.0009674878902766
2020-10-19,hepatitis_a_probable,Kerala,2,2,0.0035452155217937,0.0035452155217937
2020-10-19,hepatitis_b,Kerala,1,1,0.0,0.0
2020-10-19,hepatitis_c,Kerala,2,2,0.0233576923204926,0.0233576923204926
2020-10-19,leptospirosis_confirmed,Kerala,2,2,0.0,0.0
2020-10-19,leptospirosis_probable,Kerala,4,4,0.0,0.0
2020-10-19,malaria,Kerala,3,4,0.0168024103581372,0.0104769137845545
2020-10-19,measles,Kerala,1,1,0.0,0.0
2020-10-20,chicken_pox,Kerala,3,3,0.0,0.0
2020-10-20,dengue,Kerala,2,2,0.0045306489513437,0.0027363916310939
2020-10-20,fever_op,Kerala,2,3,0.0197216933357885,0.0197216933357885
2020-10-20,hepatitis_a_confirmed,Kerala,2,2,0.2130799258825372,0.2130799258825372
2020-10-20,hepatitis_a_probable,Kerala,2,2,0.8214478507110401,0.8214478507110401
2020-10-20,hepatitis_c,Kerala,2,2,0.0024791877188339,0.0024791877188339
2020-10-20,leptospirosis_confirmed,Kerala,1,1,0.0629699666762624,0.0629699666762624
2020-10-20,malaria,Kerala,3,3,0.0,0.0
2020-10-21,dengue,Kerala,4,6,0.004690102964867927,0.0046443383198488
2020-10-21,fever_op,Kerala,3,3,0.0,0.0
2020-10-21,hepatitis_a_confirmed,Kerala,1,1,0.0,0.0
2020-10-21,hepatitis_c,Kerala,1,1,0.0,0.0
2020-10-21,leptospirosis_confirmed,Kerala,1,1,0.0,0.0
2020-10-21,leptospirosis_probable,Kerala,1,1,0.2995212083706012,0.2995212083706012
2020-10-21,malaria,Kerala,6,6,0.0429593253837428,0.0403778937321462
2020-10-22,chicken_pox,Kerala,2,2,0.0,0.0
2020-10-22,dengue,Kerala,7,8,0.7321740941426012,0.7305846130158884
2020-10-22,fever_op,Kerala,1,1,0.0,0.0
2020-10-22,hepatitis_c,Kerala,2,2,0.1776831657033558,0.1776831657033558
2020-10-22,leptospirosis_probable,Kerala,3,3,0.0028913516105913,0.0024466276698133
2020-10-22,malaria,Kerala,5,5,0.693384436300067,0.693384436300067
2020-10-23,chicken_pox,Kerala,3,3,0.3600435455905637,0.3600032335951355
2020-10-23,dengue,Kerala,1,1,0.0,0.0
2020-10-23,fever_op,Kerala,2,2,7.085546782069631e-05,7.085546782069631e-05
2020-10-23,hepatitis_a_confirmed,Kerala,1,1,0.0,0.0
2020-10-23,leptospirosis_confirmed,Kerala,3,3,0.0,0.0
2020-10-23,leptospirosis_probable,Kerala,2,2,0.0,0.0
2020-10-23,malaria,Kerala,3,4,0.0,0.0
2020-10-24,chicken_pox,Kerala,2,3,0.716596844260849,0.716596844260849
2020-10-24,fever_op,Kerala,4,4,0.0010406350597242,0.0010406350597242
2020-10-24,hepatitis_a_confirmed,Kerala,4,4,0.004047478786451,0.004047478786451
2020-10-24,leptospirosis_probable,Kerala,3,3,7.329453714217285e-06,7.329453714217285e-06
2020-10-25,chicken_pox,Kerala,3,3,0.0020938690509625,0.0020938690509625
2020-10-25,fever_ip,Kerala,3,5,0.009919142098885093,0.0087307614871288
2020-10-25,fever_op,Kerala,3,3,0.0,0.0
2020-10-25,hepatitis_a_confirmed,Kerala,3,3,0.0,0.0
2020-10-25,leptospirosis_confirmed,Kerala,3,3,0.0001167439848076,0.0001167439848076
2020-10-25,leptospirosis_probable,Kerala,1,1,0.0,0.0
2020-10-26,fever_ip,Kerala,2,2,0.0121726703559243,0.0121726703559243
2020-10-26,fever_op,Kerala,1,1,0.0,0.0
2020-10-26,hepatitis_a_confirmed,Kerala,2,2,0.0004825945633811,0.0004825945633811
2020-10-26,leptospirosis_confirmed,Kerala,3,4,0.0001209359862845,0.0001209359862845
2020-10-26,leptospirosis_probable,Kerala,2,2,0.8745542519092268,0.8743930039275141
2020-10-26,shigella,Kerala,1,1,0.0,0.0
2020-10-27,fever_ip,Kerala,3,3,0.0010714978565168,0.0007615778975221
2020-10-27,hepatitis_a_confirmed,Kerala,1,2,0.0,0.0
2020-10-27,leptospirosis_confirmed,Kerala,1,1,0.0,0.0
2020-10-27,leptospirosis_probable,Kerala,3,3,0.0014241787507168,0.0008356985543185
2020-10-28,leptospirosis_confirmed,Kerala,3,4,0.0017583877491301001,0.0012850451602628
2020-10-28,leptospirosis_probable,Kerala,1,1,0.0,0.0
2020-10-30,shigella,Kerala,1,1,0.0,0.0
2020-10-31,shigella,Kerala,2,2,0.0,0.0
2020-11-08,influenza_h1n1_seasonal,Kerala,2,2,0.0,0.0
2020-11-09,influenza_h1n1_seasonal,Kerala,2,2,0.0,0.0
2020-11-11,influenza_h1n1_seasonal,Kerala,2,2,0.0,0.0
2020-11-12,influenza_h1n1_seasonal,Kerala,2,2,0.0,0.0
2020-11-13,influenza_h1n1_seasonal,Kerala,2,2,0.0,0.0
2020-11-14,influenza_h1n1_seasonal,Kerala,1,1,0.0,0.0
2020-11-15,influenza_h1n1_seasonal,Kerala,2,2,0.0,0.0
2020-11-16,influenza_h1n1_seasonal,Kerala,2,2,0.0,0.0
2020-11-17,influenza_h1n1_seasonal,Kerala,1,1,0.0003909130901562,0.0003909130901562
2020-11-19,acute_diarrheal_disease,Kerala,5,6,0.0,0.0
2020-11-19,acute_encephalitis_syndrome,Kerala,1,1,0.0,0.0
2020-11-19,hepatitis_b,Kerala,1,1,0.0006551215116454,0.0006551215116454
2020-11-19,influenza_h1n1_seasonal,Kerala,1,1,0.0,0.0
2020-11-19,scrub_typhus,Kerala,1,1,0.0,0.0
2020-11-20,acute_diarrheal_disease,Kerala,1,1,0.0,0.0
2020-11-20,cholera,Kerala,1,1,0.0,0.0
2020-11-20,hepatitis_a_probable,Kerala,1,1,0.0,0.0
2020-11-20,hepatitis_b,Kerala,3,3,0.0,0.0
2020-11-20,influenza_h1n1_seasonal,Kerala,5,5,0.0,0.0
2020-11-20,scrub_typhus,Kerala,4,5,0.0,0.0
2020-11-21,acute_diarrheal_disease,Kerala,3,3,0.2632644364240618,0.2632644364240618
2020-11-21,hepatitis_a_probable,Kerala,2,2,0.0,0.0
2020-11-21,hepatitis_b,Kerala,1,1,0.0,0.0
2020-11-21,scrub_typhus,Kerala,2,2,0.0009671525966085,0.0009671525966085
2020-11-22,acute_diarrheal_disease,Kerala,3,3,0.002453346335718,0.002453346335718
2020-11-22,acute_encephalitis_syndrome,Kerala,1,1,0.0,0.0
2020-11-22,dengue,Kerala,1,1,0.0,0.0
2020-11-22,hepatitis_a_probable,Kerala,4,5,0.0,0.0
2020-11-22,hepatitis_b,Kerala,1,1,0.0,0.0
2020-11-22,hepatitis_c,Kerala,1,1,0.0,0.0
2020-11-22,scrub_typhus,Kerala,2,2,0.0,0.0
2020-11-23,acute_diarrheal_disease,Kerala,3,3,0.0,0.0
2020-11-23,dengue,Kerala,5,5,1.0021770180395801,0.9999999983333334
2020-11-23,hepatitis_a_probable,Kerala,2,2,0.199844145264221,0.199844145264221
2020-11-23,hepatitis_b,Kerala,3,3,5.758856489742153e-05,5.758856489742153e-05
2020-11-23,measles,Kerala,1,1,0.0,0.0
2020-11-23,scrub_typhus,Kerala,1,1,0.0,0.0
2020-11-23,typhoid,Kerala,1,1,0.0,0.0
2020-11-24,acute_diarrheal_disease,Kerala,3,3,0.0,0.0
2020-11-24,acute_encephalitis_syndrome,Kerala,1,1,0.0,0.0
2020-11-24,dengue,Kerala,5,7,0.6990324184291988,0.6468194685681464
2020-11-24,hepatitis_a_probable,Kerala,1,1,0.0,0.0
2020-11-24,hepatitis_c,Kerala,1,1,0.0,0.0
2020-11-24,malaria,Kerala,2,3,0.0004919699339556,0.0004919699339556
2020-11-24,scrub_typhus,Kerala,2,3,0.0,0.0
2020-11-24,typhoid,Kerala,1,1,0.0,0.0
2020-11-25,dengue,Kerala,3,3,0.0016336831943828999,0.001200252763223
2020-11-25,fever_op,Kerala,3,3,0.0037953542708512,0.0037953542708512
2020-11-25,hepatitis_a_probable,Kerala,3,3,0.0,0.0
2020-11-25,hepatitis_b,Kerala,2,2,0.0,0.0
2020-11-25,hepatitis_c,Kerala,1,1,0.0,0.0
2020-11-25,malaria,Kerala,5,5,0.0008581838786219,0.0008581838786219
2020-11-26,chicken_pox,Kerala,4,5,1.000210013352579,0.9999999983333334
2020-11-26,dengue,Kerala,8,10,1.024159650374638,0.719259581060612
2020-11-26,fever_op,Kerala,1,1,0.0,0.0
2020-11-26,hepatitis_a_probable,Kerala,1,1,0.0,0.0
2020-11-26,hepatitis_b,Kerala,2,2,0.0,0.0
2020-11-27,dengue,Kerala,4,4,0.0001719978471602,0.0001719978471602
2020-11-27,hepatitis_a_confirmed,Kerala,4,5,0.0083847215341827,0.0083847215341827
2020-11-27,hepatitis_a_probable,Kerala,2,3,0.0045203407230618,0.0045203407230618
2020-11-27,hepatitis_b,Kerala,2,2,0.0,0.0
2020-11-27,hepatitis_c,Kerala,1,1,0.0,0.0
2020-11-27,leptospirosis_probable,Kerala,2,2,0.0,0.0
2020-11-28,chicken_pox,Kerala,4,4,0.0,0.0
2020-11-28,dengue,Kerala,2,2,1.000013435665143,0.9999999983333334
2020-11-28,fever_op,Kerala,1,1,0.0,0.0
2020-11-28,hepatitis_a_confirmed,Kerala,3,4,0.0003099199589947,0.0003099199589947
2020-11-28,hepatitis_a_probable,Kerala,1,1,0.0,0.0
2020-11-28,hepatitis_b,Kerala,3,3,0.0,0.0
2020-11-28,leptospirosis_confirmed,Kerala,2,3,0.0014064118102367,0.0014064118102367
2020-11-28,leptospirosis_probable,Kerala,2,2,0.0,0.0
2020-11-29,dengue,Kerala,1,1,0.0,0.0
2020-11-29,hepatitis_a_confirmed,Kerala,2,2,0.0,0.0
2020-11-29,hepatitis_b,Kerala,2,2,0.0,0.0
2020-11-29,hepatitis_c,Kerala,1,1,0.0,0.0
2020-11-29,leptospirosis_confirmed,Kerala,1,1,0.0,0.0
2020-11-29,leptospirosis_probable,Kerala,4,4,0.7637443175059907,0.7636233815197062
2020-11-30,chicken_pox,Kerala,1,1,0.0,0.0
2020-11-30,hepatitis_a_confirmed,Kerala,2,2,0.0013658132758754,0.0013658132758754
2020-11-30,hepatitis_b,Kerala,2,2,0.0007036275565648,0.0007036275565648
2020-11-30,leptospirosis_probable,Kerala,1,1,0.0,0.0
2020-12-24,influenza_h1n1_seasonal,Kerala,3,3,0.0,0.0
2020-12-25,acute_diarrheal_disease,Kerala,1,1,0.0,0.0
2020-12-25,scrub_typhus,Kerala,1,1,0.0,0.0
2020-12-26,acute_diarrheal_disease,Kerala,2,2,0.0014121890215348,0.0014121890215348
2020-12-26,typhoid,Kerala,1,1,0.0,0.0
2020-12-27,acute_diarrheal_disease,Kerala,2,2,0.06020319986620369,0.0601628878707755
2020-12-27,influenza_h1n1_seasonal,Kerala,1,1,0.0,0.0
2020-12-27,scrub_typhus,Kerala,1,1,0.0038778181429303,0.0038778181429303
2020-12-28,acute_diarrheal_disease,Kerala,4,4,0.0159851225560946,0.0138739741254935
2020-12-28,acute_encephalitis_syndrome,Kerala,1,1,0.0001893060614127,0.0001893060614127
2020-12-28,fever_ip,Kerala,2,2,0.0,0.0
2020-12-28,malaria,Kerala,3,5,0.0,0.0
2020-12-28,typhoid,Kerala,1,1,0.0,0.0
2020-12-29,acute_diarrheal_disease,Kerala,2,2,0.0372381762852252,0.0267910643544572
2020-12-29,acute_encephalitis_syndrome,Kerala,1,1,0.003711516832362,0.003711516832362
2020-12-29,fever_ip,Kerala,4,4,0.0,0.0
2020-12-29,fever_op,Kerala,1,1,0.0002418719725691,0.0002418719725691
2020-12-29,hepatitis_a_probable,Kerala,2,2,0.0037788470459719998,0.003334123105194
2020-12-29,malaria,Kerala,3,3,0.0,0.0
2020-12-29,scrub_typhus,Kerala,1,1,0.0,0.0
2020-12-30,acute_diarrheal_disease,Kerala,3,3,0.0062751038188276,0.0062751038188276
2020-12-30,acute_encephalitis_syndrome,Kerala,2,2,0.0,0.0
2020-12-30,dengue,Kerala,4,4,0.0033696925052212998,0.0029000392436449
2020-12-30,fever_ip,Kerala,3,3,0.0,0.0
2020-12-30,fever_op,Kerala,4,4,0.0005892490634792,0.0005892490634792
2020-12-30,hepatitis_a_probable,Kerala,1,1,0.1670367264275974,0.1670367264275974
2020-12-30,hepatitis_c,Kerala,3,3,0.0079353749282384,0.0079353749282384
2020-12-30,influenza_h1n1_seasonal,Kerala,1,1,0.0243050287164204,0.0243050287164204
2020-12-30,leptospirosis_confirmed,Kerala,3,3,0.017030133214131,0.017030133214131
2020-12-30,malaria,Kerala,1,1,0.0,0.0
2020-12-30,scrub_typhus,Kerala,2,2,0.0009839398679112,0.0009839398679112
2020-12-31,acute_diarrheal_disease,Kerala,3,3,0.0,0.0
2020-12-31,dengue,Kerala,5,6,0.0001209359862845,0.0001209359862845
2020-12-31,fever_ip,Kerala,4,4,0.0014360472423879,0.0009563001061677
2020-12-31,fever_op,Kerala,1,1,0.1400663760722669,0.1400663760722669
2020-12-31,hepatitis_a_probable,Kerala,1,1,0.0,0.0
2020-12-31,hepatitis_c,Kerala,1,1,0.0,0.0
2020-12-31,influenza_h1n1_seasonal,Kerala,1,1,0.0,0.0
2020-12-31,leptospirosis_confirmed,Kerala,4,4,0.769695317873643,0.7688461819875151
2020-12-31,malaria,Kerala,2,2,0.0,0.0
2020-12-31,measles,Kerala,1,1,0.0,0.0
2020-12-31,typhoid,Kerala,2,2,0.0,0.0
2021-01-01,acute_diarrheal_disease,Kerala,2,2,0.0051216899803863,0.0048932553396266
2021-01-01,chicken_pox,Kerala,5,5,0.29790017466938323,0.2187751246056305
2021-01-01,leptospirosis_confirmed,Kerala,1,2,0.0,0.0
2021-01-01,malaria,Kerala,1,1,0.0,0.0
2021-01-01,rabies_unsplit,Kerala,1,1,0.0,0.0
2021-01-02,acute_diarrheal_disease,Kerala,5,5,0.0421674550441551,0.0392062193740555
2021-01-02,chicken_pox,Kerala,2,2,0.0,0.0
2021-01-02,hepatitis_c,Kerala,2,2,0.0,0.0
2021-01-02,leptospirosis_confirmed,Kerala,2,2,0.0,0.0
2021-01-02,malaria,Kerala,1,1,0.0,0.0
2021-01-03,acute_diarrheal_disease,Kerala,1,1,0.0,0.0
2021-01-03,chicken_pox,Kerala,6,8,0.0314478811843222,0.0314478811843222
2021-01-04,acute_diarrheal_disease,Kerala,1,1,0.0,0.0
2021-02-01,dengue,Kerala,7,8,0.0449387837804805,0.0239940212671428
2021-02-01,hepatitis_a_probable,Kerala,2,2,0.0,0.0
2021-02-01,shigella,Kerala,2,2,0.0,0.0
2021-02-02,hepatitis_a_probable,Kerala,2,2,0.0,0.0
2021-02-02,shigella,Kerala,1,1,0.0,0.0
2021-02-02,typhoid,Kerala,1,1,0.0,0.0
2021-02-03,typhoid,Kerala,2,2,0.0,0.0
2021-02-04,acute_diarrheal_disease,Kerala,3,3,0.0153486489050318,0.0148895703023964
2021-02-04,chicken_pox,Kerala,1,1,0.0001167439848076,0.0001167439848076
2021-02-04,shigella,Kerala,1,1,0.0,0.0
2021-02-05,acute_diarrheal_disease,Kerala,3,3,0.0202609092629217,0.0202609092629217
2021-02-05,chicken_pox,Kerala,2,2,0.0,0.0
2021-02-06,chicken_pox,Kerala,3,4,0.0,0.0
2021-03-01,hepatitis_a_confirmed,Kerala,3,3,0.0,0.0
2021-03-01,scrub_typhus,Kerala,2,2,0.0,0.0
2021-03-02,fever_ip,Kerala,4,4,0.0685270500896044,0.052044414967207
2021-03-02,hepatitis_a_confirmed,Kerala,4,4,0.008637692801223396,0.0086064566149405
2021-03-03,fever_ip,Kerala,1,2,0.0018063446449834,0.0018063446449834
2021-03-03,hepatitis_a_confirmed,Kerala,2,2,0.0001218524636035,0.0001218524636035
2021-03-03,hepatitis_c,Kerala,3,3,0.0046034913783459,0.0046034913783459
2021-03-03,malaria,Kerala,3,3,0.0,0.0
2021-03-04,fever_ip,Kerala,1,1,0.0039967673240629,0.0039967673240629
2021-03-04,hepatitis_a_confirmed,Kerala,3,3,0.1554194136493986,0.1554194136493986
2021-03-04,hepatitis_a_probable,Kerala,1,1,0.0,0.0
2021-03-04,hepatitis_c,Kerala,1,1,0.0,0.0
2021-03-05,hepatitis_a_confirmed,Kerala,2,2,0.0,0.0
2021-03-06,hepatitis_a_probable,Kerala,3,3,0.0061324355744908,0.0043837738079498
2021-03-07,shigella,Kerala,1,1,0.0008491358861279,0.0008491358861279
2021-04-01,fever_op,Kerala,1,2,0.0,0.0
2021-04-01,leptospirosis_probable,Kerala,3,3,0.0009674878902766,0.0009674878902766
2021-04-02,fever_op,Kerala,5,5,0.005661810962725299,0.0053527523311092
2021-04-02,leptospirosis_confirmed,Kerala,1,1,0.0,0.0
2021-04-02,leptospirosis_probable,Kerala,3,3,0.0006702760860023781,0.0006541512878311
2021-04-03,fever_op,Kerala,4,5,0.0015231557950443,0.0015231557950443
2021-04-04,fever_op,Kerala,6,7,0.506715781950838,0.5018225266112114
2021-04-04,leptospirosis_confirmed,Kerala,3,3,0.0,0.0
2021-04-04,malaria,Kerala,5,6,0.0,0.0
2021-04-05,fever_op,Kerala,1,1,0.0761324017572688,0.0761324017572688
2021-04-05,malaria,Kerala,5,5,0.8163827083377713,0.8076103715230004
2021-04-07,hepatitis_a_probable,Kerala,1,1,0.0,0.0
2021-04-08,hepatitis_a_probable,Kerala,1,1,0.0,0.0
2021-04-08,shigella,Kerala,1,1,0.0,0.0
2021-04-09,hepatitis_a_probable,Kerala,2,2,0.0,0.0
2021-04-13,shigella,Kerala,1,1,0.0,0.0
2021-05-01,chikungunya,Kerala,2,2,0.0,0.0
2021-05-02,chikungunya,Kerala,2,2,0.0,0.0
2021-05-02,dengue,Kerala,1,1,0.0,0.0
2021-05-02,hepatitis_b,Kerala,3,3,0.0,0.0
2021-05-03,dengue,Kerala,5,6,0.009410165450378998,0.0093967281185696
2021-05-03,hepatitis_b,Kerala,3,3,0.0396726826397155,0.0396726826397155
2021-05-04,fever_ip,Kerala,1,1,0.0,0.0
2021-05-04,hepatitis_b,Kerala,3,3,0.0003099199589947,0.0003099199589947
2021-05-04,scrub_typhus,Kerala,2,2,0.0,0.0
2021-05-05,fever_ip,Kerala,2,2,0.0,0.0
2021-05-05,hepatitis_b,Kerala,3,4,0.0716844451242477,0.0716844451242477
2021-05-06,acute_encephalitis_syndrome,Kerala,1,1,0.0,0.0
2021-05-06,chikungunya,Kerala,1,1,0.0,0.0
2021-05-06,fever_ip,Kerala,1,1,0.0,0.0
2021-05-06,fever_op,Kerala,1,1,7.076132384399465e-05,7.076132384399465e-05
2021-05-06,hepatitis_b,Kerala,1,1,0.0,0.0
2021-05-06,leptospirosis_confirmed,Kerala,1,1,0.0031573327996024,0.0031573327996024
2021-05-07,acute_encephalitis_syndrome,Kerala,1,1,0.0,0.0
2021-05-07,chikungunya,Kerala,1,1,0.0007171055034443,0.0007171055034443
2021-05-07,fever_ip,Kerala,4,4,0.0204967675923151,0.0197534568353692
2021-05-07,fever_op,Kerala,3,3,1.7643839799604617,0.9999999983333334
2021-05-07,hepatitis_a_confirmed,Kerala,3,3,0.0005601759345177,0.0004434319497101
2021-05-07,hepatitis_b,Kerala,1,1,0.0,0.0
2021-05-07,malaria,Kerala,2,2,0.0,0.0
2021-05-08,malaria,Kerala,2,2,0.0,0.0
2021-05-10,chikungunya,Kerala,1,1,0.0,0.0
2021-05-15,shigella,Kerala,1,1,0.0,0.0
2021-05-16,shigella,Kerala,2,2,0.0,0.0
2021-05-17,shigella,Kerala,1,2,0.0,0.0
2021-06-04,dengue,Kerala,2,3,0.0113638464652245,0.0113638464652245
2021-06-05,dengue,Kerala,5,5,0.0193921596500553,0.0139709858441144
2021-06-05,hepatitis_c,Kerala,3,3,0.8549336815800609,0.8549336815800609
2021-06-05,leptospirosis_probable,Kerala,2,2,0.0,0.0
2021-06-06,dengue,Kerala,2,2,0.237706019881584,0.2375447718998713
2021-06-06,leptospirosis_probable,Kerala,1,1,0.0,0.0
2021-06-07,hepatitis_b,Kerala,2,2,0.0,0.0
2021-06-08,hepatitis_b,Kerala,4,6,0.04553319130796274,0.0393269477999971
2021-06-08,malaria,Kerala,3,3,0.0807067641580609,0.0784086714046973
2021-06-09,hepatitis_b,Kerala,1,1,0.0,0.0
2021-06-09,malaria,Kerala,2,2,0.005364192646497,0.0043698300926016
2021-06-10,hepatitis_b,Kerala,2,2,4.031199542819508e-05,4.031199542819508e-05
2021-06-11,hepatitis_b,Kerala,3,3,1.0481118811330718e-05,1.0481118811330718e-05
2021-06-12,hepatitis_b,Kerala,1,1,0.0,0.0
2021-07-05,scrub_typhus,Kerala,1,1,0.0,0.0
2021-07-06,acute_diarrheal_disease,Kerala,2,2,0.0013749144814516,0.0013749144814516
2021-07-06,dengue,Kerala,1,1,0.0,0.0
2021-07-06,hepatitis_c,Kerala,2,2,0.0,0.0
2021-07-06,scrub_typhus,Kerala,4,5,0.9142872375095519,0.9139773175505572
2021-07-07,acute_diarrheal_disease,Kerala,2,2,0.0,0.0
2021-07-07,dengue,Kerala,4,4,0.0002821839679973,0.0002821839679973
2021-07-07,hepatitis_c,Kerala,4,4,1.4679172913368181,0.9999999983333334
2021-07-07,leptospirosis_confirmed,Kerala,1,1,0.0,0.0
2021-07-07,leptospirosis_probable,Kerala,2,2,0.0,0.0
2021-07-07,scrub_typhus,Kerala,1,1,0.0,0.0
2021-07-08,acute_encephalitis_syndrome,Kerala,1,1,0.0,0.0
2021-07-08,dengue,Kerala,1,1,0.0212547511388788,0.0212547511388788
2021-07-08,fever_ip,Kerala,3,3,0.1656608274549243,0.1656608274549243
2021-07-08,hepatitis_c,Kerala,1,2,0.0,0.0
2021-07-08,leptospirosis_confirmed,Kerala,3,3,0.0004929724088571,0.0004929724088571
2021-07-08,leptospirosis_probable,Kerala,2,2,0.0004193053162629458,0.0003256937010613
2021-07-08,rabies_unsplit,Kerala,1,1,0.0,0.0
2021-07-09,fever_ip,Kerala,2,2,0.0012454490378379,0.0012454490378379
2021-07-09,fever_op,Kerala,3,3,0.0057129809694495,0.0046486973157634
2021-07-09,hepatitis_a_confirmed,Kerala,1,1,0.0,0.0
2021-07-09,leptospirosis_confirmed,Kerala,3,3,0.006440914151966704,0.0063995914907674
2021-07-10,fever_ip,Kerala,2,2,0.0,0.0
2021-07-10,fever_op,Kerala,3,3,0.0,0.0
2021-07-10,hepatitis_a_confirmed,Kerala,1,1,0.0002055653056272,0.0002055653056272
2021-07-11,fever_ip,Kerala,1,1,0.0,0.0
2021-07-11,fever_op,Kerala,1,1,0.8169329072230823,0.8169329072230823
2021-07-11,hepatitis_a_confirmed,Kerala,1,2,0.8445425017065857,0.8445425017065857
2021-07-12,fever_op,Kerala,1,1,0.0,0.0
2021-07-12,hepatitis_a_confirmed,Kerala,2,2,0.0,0.0
2021-07-13,hepatitis_a_confirmed,Kerala,3,3,0.9999999983333334,0.9999999983333334
2021-08-07,chicken_pox,Kerala,1,1,0.0312286645800956,0.0312286645800956
2021-08-07,scrub_typhus,Kerala,1,1,0.0,0.0
2021-08-08,acute_diarrheal_disease,Kerala,2,3,0.0,0.0
2021-08-08,chicken_pox,Kerala,4,4,0.7938295176273851,0.7911332301490374
2021-08-08,dengue,Kerala,1,1,0.0005875425343847,0.0005875425343847
2021-08-08,scrub_typhus,Kerala,2,2,0.0569872867110347,0.0569872867110347
2021-08-09,chicken_pox,Kerala,1,1,0.0,0.0
2021-08-09,dengue,Kerala,2,2,0.0035987574413632,0.0035987574413632
2021-08-10,dengue,Kerala,4,5,0.01141236463402341,0.0112999396750501
2021-08-11,dengue,Kerala,3,3,0.0003341510677233,0.0002174070829157
2021-08-11,fever_ip,Kerala,2,2,0.0,0.0
2021-08-11,malaria,Kerala,1,1,0.0018299317529314,0.0018299317529314
2021-08-12,fever_ip,Kerala,6,6,0.0018299317529314,0.0018299317529314
2021-08-12,malaria,Kerala,2,3,0.2470444124251853,0.2454915212871568
2021-08-13,acute_encephalitis_syndrome,Kerala,1,1,0.0,0.0
2021-08-13,fever_ip,Kerala,5,6,0.0001167439848076,0.0001167439848076
2021-08-13,fever_op,Kerala,2,2,0.0,0.0
2021-08-14,fever_op,Kerala,2,2,0.0008062399085639,0.0008062399085639
2021-08-14,hepatitis_a_confirmed,Kerala,3,3,0.0155157721901193,0.0145318323222081
2021-08-15,hepatitis_a_confirmed,Kerala,1,1,0.0035452155217937,0.0035452155217937
2021-08-20,shigella,Kerala,1,1,0.0,0.0
2021-09-03,zika,Kerala,1,1,0.0,0.0
2021-09-07,typhoid,Kerala,1,1,0.0,0.0
2021-09-08,acute_diarrheal_disease,Kerala,1,1,0.0,0.0
2021-09-08,leptospirosis_probable,Kerala,1,1,0.0,0.0
2021-09-09,acute_diarrheal_disease,Kerala,3,3,0.053373505219053,0.053373505219053
2021-09-09,hepatitis_a_probable,Kerala,2,2,0.0002487628755539,0.0002487628755539
2021-09-09,hepatitis_c,Kerala,3,3,0.0087142881461507,0.0087142881461507
2021-09-09,leptospirosis_confirmed,Kerala,3,3,0.0078030554957473006,0.0074754215534559
2021-09-09,leptospirosis_probable,Kerala,2,2,0.0,0.0
2021-09-09,scrub_typhus,Kerala,2,2,0.0,0.0
2021-09-09,typhoid,Kerala,1,1,0.0,0.0
2021-09-10,acute_diarrheal_disease,Kerala,2,2,0.0,0.0
2021-09-10,chicken_pox,Kerala,2,2,0.0,0.0
2021-09-10,hepatitis_a_probable,Kerala,3,3,0.0,0.0
2021-09-10,hepatitis_c,Kerala,2,2,0.0,0.0
2021-09-10,leptospirosis_confirmed,Kerala,2,2,0.0597956102468364,0.0597956102468364
2021-09-10,leptospirosis_probable,Kerala,3,3,0.0005014191325911,0.0005014191325911
2021-09-10,scrub_typhus,Kerala,2,2,0.3300890921936499,0.3300890921936499
2021-09-10,typhoid,Kerala,1,1,0.9515884092850632,0.9515884092850632
2021-09-10,zika,Kerala,1,1,0.0,0.0
2021-09-11,chicken_pox,Kerala,4,4,0.0001367236006132,0.0001367236006132
2021-09-11,dengue,Kerala,6,7,0.555113971161749,0.5549493638470838
2021-09-11,hepatitis_a_probable,Kerala,1,1,0.0,0.0
2021-09-11,hepatitis_c,Kerala,2,2,0.0024784290181279,0.0024784290181279
2021-09-11,leptospirosis_confirmed,Kerala,1,1,0.0069153150663759,0.0069153150663759
2021-09-11,leptospirosis_probable,Kerala,3,3,0.0022439216636954,0.0019387357848666
2021-09-11,scrub_typhus,Kerala,1,1,0.0,0.0
2021-09-12,acute_diarrheal_disease,Kerala,1,1,0.0,0.0
2021-09-12,chicken_pox,Kerala,2,2,0.0003099199589947,0.0003099199589947
2021-09-12,dengue,Kerala,5,7,0.0012656726098093088,0.0006449919268511
2021-09-12,hepatitis_c,Kerala,1,2,0.0001128735871989,0.0001128735871989
2021-09-12,leptospirosis_confirmed,Kerala,1,1,0.0,0.0
2021-09-12,leptospirosis_probable,Kerala,2,2,0.0,0.0
2021-09-12,malaria,Kerala,2,2,0.0,0.0
2021-09-12,scrub_typhus,Kerala,2,2,0.0005061159316857,0.0005061159316857
2021-09-12,typhoid,Kerala,1,1,0.0,0.0
2021-09-13,chicken_pox,Kerala,1,1,0.0002568717848215,0.0002568717848215
2021-09-13,dengue,Kerala,6,6,0.0655367490231274,0.0592203973363675
2021-09-13,hepatitis_c,Kerala,1,2,0.0007375519004561,0.0007375519004561
2021-09-13,leptospirosis_probable,Kerala,3,4,1.0003762436239965,0.9999999983333334
2021-09-13,malaria,Kerala,4,4,0.0,0.0
2021-09-14,chicken_pox,Kerala,3,3,0.1480770597545026,0.146119757618652
2021-09-14,dengue,Kerala,4,4,0.0056673629695756,0.0056673629695756
2021-09-14,fever_op,Kerala,2,2,0.0036102644544651,0.0026159019005697
2021-09-14,leptospirosis_confirmed,Kerala,3,3,0.0018833185788679,0.0018833185788679
2021-09-14,leptospirosis_probable,Kerala,4,5,0.0006842025583889967,0.0006573278947702
2021-09-14,malaria,Kerala,3,4,0.6348262630235239,0.6347657950303816
2021-09-15,chicken_pox,Kerala,2,2,0.0033441559190764,0.0033441559190764
2021-09-15,dengue,Kerala,1,1,0.0178179019792622,0.0178179019792622
2021-09-15,fever_ip,Kerala,2,2,0.0003049026348939,0.0003049026348939
2021-09-15,fever_op,Kerala,2,2,0.0,0.0
2021-09-15,hepatitis_a_confirmed,Kerala,1,1,0.1628778319796106,0.1628778319796106
2021-09-15,leptospirosis_confirmed,Kerala,4,4,0.018543781817695698,0.0138394591083814
2021-09-15,leptospirosis_probable,Kerala,2,2,0.0014369846059885,0.0014369846059885
2021-09-15,malaria,Kerala,1,1,0.2523341636762637,0.2523341636762637
2021-09-16,acute_encephalitis_syndrome,Kerala,1,1,0.0,0.0
2021-09-16,chicken_pox,Kerala,5,5,0.0004434319497101,0.0004434319497101
2021-09-16,chikungunya,Kerala,1,1,0.0,0.0
2021-09-16,fever_ip,Kerala,3,3,0.0,0.0
2021-09-16,fever_op,Kerala,4,4,0.0,0.0
2021-09-16,hepatitis_a_confirmed,Kerala,3,3,0.0050518277945739,0.0050518277945739
2021-09-17,chikungunya,Kerala,2,2,0.0,0.0
2021-09-17,fever_ip,Kerala,2,2,0.0,0.0
2021-09-17,hepatitis_a_confirmed,Kerala,1,1,0.0,0.0
2021-09-18,acute_encephalitis_syndrome,Kerala,2,2,0.0,0.0
2021-09-18,fever_ip,Kerala,2,2,0.0,0.0
2021-09-18,hepatitis_a_confirmed,Kerala,1,1,0.0,0.0
2021-09-19,chikungunya,Kerala,1,1,0.0006080870291319,0.0006080870291319
2021-09-19,fever_ip,Kerala,2,2,5.625497443923093e-05,5.625497443923093e-05
2021-09-19,hepatitis_a_confirmed,Kerala,1,1,5.758856489742153e-05,5.758856489742153e-05
2021-09-20,fever_ip,Kerala,1,1,0.0,0.0
2021-09-21,fever_ip,Kerala,2,2,0.0052729257929105,0.0052729257929105
2021-09-22,fever_ip,Kerala,3,3,3.173523407776848e-05,2.5016568173069305e-05
2021-09-23,chikungunya,Kerala,1,1,0.0,0.0
2021-09-23,fever_ip,Kerala,2,2,0.0857960447571373,0.0857960447571373
2021-09-24,chikungunya,Kerala,1,1,0.0,0.0
2021-10-13,acute_diarrheal_disease,Kerala,2,2,0.0334690642521293,0.0334690642521293
2021-10-13,hepatitis_b,Kerala,3,3,0.9316078504421248,0.9316078504421248
2021-10-14,acute_diarrheal_disease,Kerala,2,2,0.0084439040897712,0.0084439040897712
2021-10-14,hepatitis_a_probable,Kerala,2,2,0.0,0.0
2021-10-14,hepatitis_b,Kerala,2,2,0.0005716855591488,0.0005716855591488
2021-10-14,hepatitis_c,Kerala,1,1,0.0,0.0
2021-10-14,scrub_typhus,Kerala,1,1,0.0002418719725691,0.0002418719725691
2021-10-15,acute_diarrheal_disease,Kerala,4,4,0.0,0.0
2021-10-15,dengue,Kerala,1,1,0.0,0.0
2021-10-15,hepatitis_a_probable,Kerala,1,1,0.0,0.0
2021-10-15,hepatitis_c,Kerala,2,2,0.0,0.0
2021-10-15,malaria,Kerala,2,2,0.0,0.0
2021-10-15,scrub_typhus,Kerala,1,1,0.0148338129288856,0.0148338129288856
2021-10-16,acute_diarrheal_disease,Kerala,1,1,2.951618657093096e-05,2.951618657093096e-05
2021-10-16,dengue,Kerala,3,4,0.5208600248370014,0.5208600248370014
2021-10-16,hepatitis_a_probable,Kerala,1,1,0.0,0.0
2021-10-16,hepatitis_b,Kerala,1,1,0.0,0.0
2021-10-16,hepatitis_c,Kerala,3,3,0.0,0.0
2021-10-16,leptospirosis_confirmed,Kerala,1,1,0.0,0.0
2021-10-16,scrub_typhus,Kerala,2,2,0.0416085711774089,0.0416085711774089
2021-10-16,typhoid,Kerala,2,2,0.0001167439848076,0.0001167439848076
2021-10-17,acute_diarrheal_disease,Kerala,1,1,0.0,0.0
2021-10-17,dengue,Kerala,7,7,0.0205019863479099,0.0123880561748473
2021-10-17,fever_op,Kerala,2,2,0.0032616721864483,0.0032616721864483
2021-10-17,hepatitis_a_probable,Kerala,1,1,0.0,0.0
2021-10-17,hepatitis_c,Kerala,3,3,0.004169030564348,0.0036818289157751
2021-10-17,leptospirosis_confirmed,Kerala,3,3,0.0208881614755536,0.010872354828162
2021-10-17,leptospirosis_probable,Kerala,4,5,0.00542638477751419,0.0053457607866578
2021-10-17,malaria,Kerala,1,1,0.0,0.0
2021-10-17,scrub_typhus,Kerala,1,1,0.0048374870536255,0.0048374870536255
2021-10-18,acute_diarrheal_disease,Kerala,1,1,0.0,0.0
2021-10-18,dengue,Kerala,4,4,0.001888456984654334,0.0016649666129291
2021-10-18,fever_op,Kerala,3,3,4.031199542819508e-05,4.031199542819508e-05
2021-10-18,hepatitis_b,Kerala,4,5,2.015599771409754e-05,2.015599771409754e-05
2021-10-18,hepatitis_c,Kerala,3,3,0.0,0.0
2021-10-18,leptospirosis_confirmed,Kerala,4,4,0.0343276379540351,0.0327976795687677
2021-10-18,leptospirosis_probable,Kerala,3,3,0.003129967578258395,0.0030896555828302
2021-10-18,malaria,Kerala,2,2,0.0,0.0
2021-10-18,scrub_typhus,Kerala,1,1,0.0,0.0
2021-10-19,chicken_pox,Kerala,1,1,0.9999999983333334,0.9999999983333334
2021-10-19,dengue,Kerala,3,3,0.0037533886226786,0.0037533886226786
2021-10-19,hepatitis_a_probable,Kerala,3,4,0.001971346734697,0.001388351813261
2021-10-19,hepatitis_c,Kerala,1,1,0.0,0.0
2021-10-19,leptospirosis_confirmed,Kerala,3,3,0.07218297086602,0.0720280108865227
2021-10-19,leptospirosis_probable,Kerala,4,4,0.0286800153806398,0.0197015373380744
2021-10-19,malaria,Kerala,2,2,0.0,0.0
2021-10-19,scrub_typhus,Kerala,1,1,0.0,0.0
2021-10-20,chicken_pox,Kerala,1,1,0.0,0.0
2021-10-20,dengue,Kerala,2,2,0.0,0.0
2021-10-20,fever_op,Kerala,2,3,0.0017886791630388,0.0017886791630388
2021-10-20,hepatitis_a_confirmed,Kerala,1,1,7.017273278241364e-05,7.017273278241364e-05
2021-10-20,hepatitis_a_probable,Kerala,1,1,0.0001612479817127,0.0001612479817127
2021-10-20,hepatitis_c,Kerala,4,4,0.0,0.0
2021-10-20,leptospirosis_confirmed,Kerala,5,5,0.15087670346549722,0.1470615222435107
2021-10-20,leptospirosis_probable,Kerala,3,3,0.000476221269563,0.000476221269563
2021-10-20,malaria,Kerala,1,1,0.0,0.0
2021-10-21,chicken_pox,Kerala,1,1,0.0,0.0
2021-10-21,dengue,Kerala,3,4,0.0165108977451855,0.0157261573275992
2021-10-21,fever_op,Kerala,2,2,0.1324189049628024,0.1324189049628024
2021-10-21,hepatitis_a_confirmed,Kerala,1,1,0.0001612479817127,0.0001612479817127
2021-10-21,hepatitis_c,Kerala,3,3,1.007799885704877e-05,1.007799885704877e-05
2021-10-21,leptospirosis_confirmed,Kerala,2,2,0.0001007799885704,0.0001007799885704
2021-10-21,leptospirosis_probable,Kerala,3,4,0.1464675811615178,0.0770166193417697
2021-10-21,malaria,Kerala,4,4,1.6124798171278027e-05,1.6124798171278027e-05
2021-10-22,chicken_pox,Kerala,1,1,9.85404332689213e-05,9.85404332689213e-05
2021-10-22,dengue,Kerala,7,8,2.205273837761286,0.9999999983333334
2021-10-22,fever_op,Kerala,2,2,0.0,0.0
2021-10-22,hepatitis_c,Kerala,1,1,0.0,0.0
2021-10-22,leptospirosis_confirmed,Kerala,3,5,0.0009776891728778387,0.0007279127907171
2021-10-22,leptospirosis_probable,Kerala,1,1,0.0,0.0
2021-10-22,malaria,Kerala,2,2,0.0010019537003009,0.0010019537003009
2021-10-22,shigella,Kerala,1,1,0.0,0.0
2021-10-23,chicken_pox,Kerala,3,3,0.008926300549710801,0.0082813086228597
2021-10-23,dengue,Kerala,1,1,0.0,0.0
2021-10-23,fever_op,Kerala,4,5,0.2173106757771841,0.1388346023815952
2021-10-23,leptospirosis_confirmed,Kerala,1,1,0.000349392992232,0.000349392992232
2021-10-23,leptospirosis_probable,Kerala,2,2,0.0002040948298127,0.0002040948298127
2021-10-24,chicken_pox,Kerala,2,2,0.0,0.0
2021-10-24,fever_op,Kerala,3,3,0.0012899838537022,0.0012899838537022
2021-10-24,hepatitis_a_confirmed,Kerala,2,2,0.0006853039222793,0.0006853039222793
2021-10-24,leptospirosis_confirmed,Kerala,6,6,0.9861246288513239,0.8616406550991196
2021-10-24,leptospirosis_probable,Kerala,4,4,0.8853309714736023,0.8399452977560921
2021-10-24,malaria,Kerala,1,1,0.0,0.0
2021-10-24,shigella,Kerala,1,1,0.0,0.0
2021-10-25,chicken_pox,Kerala,2,2,0.0003493706270443,0.0003493706270443
2021-10-25,fever_ip,Kerala,2,3,0.012814783997157578,0.0127986591989863
2021-10-25,fever_op,Kerala,2,2,0.0004300605737972,0.0004300605737972
2021-10-25,leptospirosis_probable,Kerala,2,2,0.344375509263176,0.3438588960501522
2021-10-26,fever_ip,Kerala,1,1,0.0008950380185459,0.0008950380185459
2021-10-26,hepatitis_a_confirmed,Kerala,2,2,0.0007344879020586975,0.0007143319043446
2021-10-26,leptospirosis_confirmed,Kerala,1,1,0.0,0.0
2021-10-26,leptospirosis_probable,Kerala,1,1,0.0,0.0
2021-10-27,fever_ip,Kerala,2,2,0.0008335511027071,0.000688381773759
2021-10-27,hepatitis_a_confirmed,Kerala,1,1,0.0,0.0
2021-10-27,leptospirosis_confirmed,Kerala,2,2,0.0070362510526604,0.0069153150663759
2021-10-27,leptospirosis_probable,Kerala,2,2,0.0095400539851247,0.0095400539851247
2021-10-28,leptospirosis_confirmed,Kerala,2,2,0.9999999983333334,0.9999999983333334
2021-10-28,shigella,Kerala,3,3,0.0,0.0
2021-10-30,shigella,Kerala,1,1,0.0,0.0
2021-11-18,acute_diarrheal_disease,Kerala,3,5,0.00016427997902609506,0.0001239679835979
2021-11-19,acute_diarrheal_disease,Kerala,2,2,0.0043837738079498,0.0043837738079498
2021-11-19,hepatitis_b,Kerala,1,1,0.0,0.0
2021-11-19,scrub_typhus,Kerala,3,3,0.0781034788277056,0.0781034788277056
2021-11-19,typhoid,Kerala,1,2,0.0,0.0
2021-11-20,acute_diarrheal_disease,Kerala,3,3,0.0187890989323544,0.0187890989323544
2021-11-20,acute_encephalitis_syndrome,Kerala,2,2,0.0,0.0
2021-11-20,hepatitis_a_probable,Kerala,3,3,0.0,0.0
2021-11-20,hepatitis_b,Kerala,1,1,9.393748733314308e-05,9.393748733314308e-05
2021-11-20,scrub_typhus,Kerala,3,4,0.0001814039794268,0.0001814039794268
2021-11-21,acute_diarrheal_disease,Kerala,2,2,0.0001612479817127,0.0001612479817127
2021-11-21,hepatitis_a_probable,Kerala,2,2,0.0028967477744978,0.0021971757039608
2021-11-21,hepatitis_b,Kerala,1,1,0.2169666990940632,0.2169666990940632
2021-11-21,scrub_typhus,Kerala,2,2,0.0002030874393392,0.0002030874393392
2021-11-21,typhoid,Kerala,3,3,0.0,0.0
2021-11-22,acute_diarrheal_disease,Kerala,2,3,0.0004111306112545,0.0004111306112545
2021-11-22,acute_encephalitis_syndrome,Kerala,1,1,0.0,0.0
2021-11-22,dengue,Kerala,1,1,0.9999999983333334,0.9999999983333334
2021-11-22,hepatitis_a_probable,Kerala,3,3,0.1430331024258843,0.1430331024258843
2021-11-22,hepatitis_b,Kerala,5,6,1.1450309349544654,0.9999999983333334
2021-11-22,hepatitis_c,Kerala,1,1,0.0,0.0
2021-11-22,scrub_typhus,Kerala,2,2,2.015599771409754e-05,2.015599771409754e-05
2021-11-23,acute_diarrheal_disease,Kerala,2,3,0.054115715709187356,0.0504143545609719
2021-11-23,dengue,Kerala,4,6,0.0,0.0
2021-11-23,hepatitis_a_probable,Kerala,1,1,0.0016527918125559,0.0016527918125559
2021-11-23,hepatitis_b,Kerala,2,2,0.1133642616260289,0.1133642616260289
2021-11-23,scrub_typhus,Kerala,1,1,0.7581284936677807,0.7581284936677807
2021-11-24,acute_diarrheal_disease,Kerala,2,2,0.0464547107416981,0.0442478138968194
2021-11-24,dengue,Kerala,7,8,1.23892743139836,0.9999999983333334
2021-11-24,hepatitis_a_probable,Kerala,2,2,0.0196469312958943,0.0193999618784993
2021-11-24,hepatitis_b,Kerala,4,4,0.00040122488706,0.00040122488706
2021-11-24,hepatitis_c,Kerala,1,1,0.0,0.0
2021-11-24,malaria,Kerala,3,4,0.3898348464536217,0.3185540050686183
2021-11-24,typhoid,Kerala,1,2,0.0,0.0
2021-11-25,chicken_pox,Kerala,3,3,5.038999428524384e-05,5.038999428524384e-05
2021-11-25,dengue,Kerala,6,9,0.42016593614665365,0.4076890393043516
2021-11-25,hepatitis_a_probable,Kerala,4,4,1.0035306531225512,0.9999999983333334
2021-11-25,hepatitis_b,Kerala,1,1,0.0,0.0
2021-11-25,hepatitis_c,Kerala,2,2,0.0020651453212772,0.0020651453212772
2021-11-25,malaria,Kerala,4,4,0.0,0.0
2021-11-26,chicken_pox,Kerala,2,2,0.0001209359862845,0.0001209359862845
2021-11-26,dengue,Kerala,5,5,0.5051749904656582,0.5051749904656582
2021-11-26,fever_op,Kerala,1,1,0.0008155425566044,0.0008155425566044
2021-11-26,hepatitis_b,Kerala,3,3,8.062399085639016e-05,8.062399085639016e-05
2021-11-26,malaria,Kerala,1,1,0.0,0.0
2021-11-27,chicken_pox,Kerala,6,7,0.0033458858190627,0.002530160735104
2021-11-27,dengue,Kerala,5,6,0.440931827455543,0.4392893873097627
2021-11-27,fever_op,Kerala,2,2,0.0,0.0
2021-11-27,hepatitis_a_confirmed,Kerala,3,3,0.0004031199542819,0.0004031199542819
2021-11-27,hepatitis_a_probable,Kerala,1,1,0.0002418719725691,0.0002418719725691
2021-11-27,hepatitis_b,Kerala,1,1,0.0,0.0
2021-11-27,leptospirosis_confirmed,Kerala,3,3,0.9999999983333334,0.9999999983333334
2021-11-28,dengue,Kerala,4,7,0.0953266726465235,0.0953266726465235
2021-11-28,hepatitis_a_confirmed,Kerala,2,2,0.016914968585017,0.0159877926901686
2021-11-28,hepatitis_b,Kerala,1,1,0.0013398231233672,0.0013398231233672
2021-11-28,hepatitis_c,Kerala,1,1,0.0622249509246131,0.0622249509246131
2021-11-28,leptospirosis_confirmed,Kerala,3,3,0.3341838773335583,0.3340087613563469
2021-11-28,leptospirosis_probable,Kerala,1,1,0.0,0.0
2021-11-29,chicken_pox,Kerala,3,3,0.0,0.0
2021-11-29,hepatitis_a_confirmed,Kerala,2,3,0.0,0.0
2021-11-29,hepatitis_b,Kerala,2,2,0.0,0.0
2021-11-29,leptospirosis_probable,Kerala,3,4,0.000423275951996,0.000423275951996
2021-11-30,chicken_pox,Kerala,1,1,0.0061736518044067,0.0061736518044067
2021-11-30,hepatitis_a_confirmed,Kerala,1,1,0.0,0.0
2021-11-30,hepatitis_b,Kerala,2,3,0.0001814204493033,0.0001814204493033
2021-11-30,leptospirosis_probable,Kerala,4,4,0.0007595508429883,0.0007595508429883
2021-12-13,hepatitis_e,Kerala,1,1,0.0,0.0
2021-12-25,acute_diarrheal_disease,Kerala,1,1,0.0,0.0
2021-12-25,hepatitis_e,Kerala,1,1,0.0,0.0
2021-12-25,typhoid,Kerala,1,1,0.0152731619369399,0.0152731619369399
2021-12-26,acute_diarrheal_disease,Kerala,2,2,0.0,0.0
2021-12-26,scrub_typhus,Kerala,2,2,0.0,0.0
2021-12-26,typhoid,Kerala,1,1,0.0,0.0
2021-12-27,acute_diarrheal_disease,Kerala,3,3,0.0039679023845365,0.0039679023845365
2021-12-27,malaria,Kerala,1,2,0.0011793738487461884,0.0010853125260804
2021-12-27,typhoid,Kerala,1,1,0.0,0.0
2021-12-28,acute_diarrheal_disease,Kerala,2,4,0.0005643679359947,0.0005643679359947
2021-12-28,fever_ip,Kerala,2,2,0.0,0.0
2021-12-29,acute_diarrheal_disease,Kerala,4,4,0.0055229852107529,0.0055229852107529
2021-12-29,acute_encephalitis_syndrome,Kerala,1,1,0.0,0.0
2021-12-29,fever_ip,Kerala,4,4,0.3433439429897694,0.3397329087575099
2021-12-29,fever_op,Kerala,2,2,0.0,0.0
2021-12-29,hepatitis_a_probable,Kerala,2,2,0.0,0.0
2021-12-29,malaria,Kerala,2,2,0.0,0.0
2021-12-29,scrub_typhus,Kerala,1,1,0.0,0.0
2021-12-29,typhoid,Kerala,1,1,0.0,0.0
2021-12-30,dengue,Kerala,4,4,0.00104211258399279,0.0009614885931364
2021-12-30,fever_ip,Kerala,3,4,0.0550361576497365,0.0420367370634832
2021-12-30,fever_op,Kerala,2,2,0.2587481242149704,0.2587481242149704
2021-12-30,hepatitis_a_probable,Kerala,1,1,0.0,0.0
2021-12-30,malaria,Kerala,2,2,0.0055394000719919,0.0055394000719919
2021-12-30,scrub_typhus,Kerala,1,1,0.0,0.0
2021-12-30,typhoid,Kerala,2,2,0.0,0.0
2021-12-31,acute_diarrheal_disease,Kerala,3,3,0.0023240974099106,0.001451231835415
2021-12-31,acute_encephalitis_syndrome,Kerala,1,1,0.0082633548842088,0.0082633548842088
2021-12-31,dengue,Kerala,6,6,0.0040962522376720295,0.0037020905045964
2021-12-31,fever_ip,Kerala,4,4,0.0037248283775652,0.0037248283775652
2021-12-31,fever_op,Kerala,3,3,0.0008761495042236,0.0006267739157389
2021-12-31,hepatitis_a_probable,Kerala,2,2,0.0006046799314229,0.0006046799314229
2021-12-31,hepatitis_c,Kerala,1,1,0.0,0.0
2021-12-31,leptospirosis_confirmed,Kerala,2,3,0.0004248054494958,0.0004248054494958
2021-12-31,malaria,Kerala,2,2,0.1044258398888722,0.1044258398888722
2021-12-31,typhoid,Kerala,1,1,0.0,0.0
2022-01-01,acute_diarrheal_disease,Kerala,1,1,0.0537134292890569,0.0537134292890569
2022-01-01,acute_encephalitis_syndrome,Kerala,1,1,0.0,0.0
2022-01-01,chicken_pox,Kerala,3,3,0.0008713101160426951,0.0008309981206145
2022-01-01,hepatitis_c,Kerala,2,2,0.00462364737606,0.00462364737606
2022-01-01,malaria,Kerala,4,5,0.0025432156569068,0.0025432156569068
2022-01-02,acute_diarrheal_disease,Kerala,1,1,0.0,0.0
2022-01-02,chicken_pox,Kerala,3,3,0.0016527447341801,0.0016527447341801
2022-01-02,hepatitis_c,Kerala,3,3,0.012139903835857,0.012139903835857
2022-01-02,leptospirosis_confirmed,Kerala,1,1,0.0,0.0
2022-01-02,malaria,Kerala,2,2,0.002535039496635,0.002535039496635
2022-01-03,acute_diarrheal_disease,Kerala,2,2,0.0020722203434148,0.0020722203434148
2022-01-03,acute_encephalitis_syndrome,Kerala,2,2,0.0,0.0
2022-01-03,chicken_pox,Kerala,1,1,0.0002749828962903,0.0002749828962903
2022-01-04,acute_diarrheal_disease,Kerala,2,3,0.0,0.0
2022-02-01,dengue,Kerala,1,2,0.0089938586128676,0.0089938586128676
2022-02-01,shigella,Kerala,1,1,0.0,0.0
2022-02-01,typhoid,Kerala,1,1,0.0066907480715805,0.0066907480715805
2022-02-02,hepatitis_a_probable,Kerala,2,2,0.0037280144453754,0.0037280144453754
2022-02-02,typhoid,Kerala,2,2,0.0,0.0
2022-02-03,typhoid,Kerala,1,1,0.0,0.0
2022-02-04,acute_diarrheal_disease,Kerala,2,2,0.0008356985543185,0.0008356985543185
2022-02-04,chicken_pox,Kerala,3,3,0.0004209833278606,0.0004209833278606
2022-02-05,chicken_pox,Kerala,1,1,0.0,0.0
2022-02-06,chicken_pox,Kerala,1,1,0.0,0.0
2022-03-01,dengue,Kerala,1,1,0.0,0.0
2022-03-01,fever_ip,Kerala,4,4,0.0058878826830019,0.0046708933692376
2022-03-01,hepatitis_a_confirmed,Kerala,1,1,0.0,0.0
2022-03-01,scrub_typhus,Kerala,4,4,0.0032575645511242,0.0018242610873959
2022-03-02,fever_ip,Kerala,4,4,0.016501189124472397,0.0091935798260904
2022-03-02,hepatitis_a_confirmed,Kerala,3,5,0.0,0.0
2022-03-02,malaria,Kerala,1,1,0.0,0.0
2022-03-02,scrub_typhus,Kerala,5,5,0.0009271758948484,0.0009271758948484
2022-03-03,fever_ip,Kerala,3,3,0.0001209359862845,0.0001209359862845
2022-03-03,hepatitis_a_confirmed,Kerala,3,3,0.1856945156819158,0.1856542036864876
2022-03-03,hepatitis_c,Kerala,1,1,0.0039032954727235,0.0039032954727235
2022-03-03,malaria,Kerala,1,1,0.0,0.0
2022-03-04,hepatitis_a_confirmed,Kerala,1,1,0.0,0.0
2022-03-04,hepatitis_a_probable,Kerala,1,2,0.000497640599491,0.000497640599491
2022-03-04,hepatitis_c,Kerala,2,2,0.0,0.0
2022-03-04,shigella,Kerala,1,1,0.0013875954137412,0.0013875954137412
2022-03-05,hepatitis_a_confirmed,Kerala,2,2,1.3437331809398353e-05,1.3437331809398353e-05
2022-03-05,hepatitis_a_probable,Kerala,1,2,0.005342601945570898,0.0053291646137615
2022-03-06,hepatitis_a_probable,Kerala,1,1,0.0,0.0
2022-03-06,shigella,Kerala,2,2,0.0,0.0
2022-04-01,fever_op,Kerala,3,3,0.019552984172278402,0.0131162982284073
2022-04-01,food_poisoning,Kerala,1,1,0.0,0.0
2022-04-01,leptospirosis_probable,Kerala,3,3,0.022420081354714898,0.0221151969191843
2022-04-02,food_poisoning,Kerala,3,4,0.0,0.0
2022-04-02,leptospirosis_confirmed,Kerala,1,1,0.0097197236904807,0.0097197236904807
2022-04-02,leptospirosis_probable,Kerala,1,1,0.0001612479817127,0.0001612479817127
2022-04-03,food_poisoning,Kerala,1,1,0.0,0.0
2022-04-03,leptospirosis_confirmed,Kerala,3,3,0.0,0.0
2022-04-03,malaria,Kerala,1,1,0.007360971382155,0.007360971382155
2022-04-04,fever_op,Kerala,2,2,0.0004837439451383,0.0004837439451383
2022-04-04,food_poisoning,Kerala,1,1,0.0,0.0
2022-04-04,leptospirosis_confirmed,Kerala,3,3,0.0054984993560647,0.003890488483427
2022-04-04,malaria,Kerala,3,3,0.479322176609469,0.2780111085731179
2022-04-05,fever_op,Kerala,4,4,0.0,0.0
2022-04-05,food_poisoning,Kerala,2,2,0.0,0.0
2022-04-05,malaria,Kerala,2,2,1.0065650947316394,0.9999999983333334
2022-04-06,fever_op,Kerala,3,3,0.0008599347704191999,0.0004031199542819
2022-04-06,food_poisoning,Kerala,1,1,0.0137122093473535,0.0137122093473535
2022-04-06,malaria,Kerala,1,1,0.0,0.0
2022-04-07,hepatitis_a_probable,Kerala,3,3,0.0022217974117415,0.0022217974117415
2022-04-08,hepatitis_a_probable,Kerala,1,1,0.0,0.0
2022-04-08,shigella,Kerala,2,2,0.0,0.0
2022-04-09,hepatitis_a_probable,Kerala,1,1,0.0,0.0
2022-04-12,shigella,Kerala,1,1,0.0,0.0
2022-04-14,shigella,Kerala,1,1,0.0348634663476588,0.0348634663476588
2022-05-01,hepatitis_b,Kerala,2,3,0.0,0.0
2022-05-02,dengue,Kerala,5,5,0.00030905863161609506,0.0002687466361879
2022-05-02,hepatitis_b,Kerala,3,3,0.0052747831597178,0.0052747831597178
2022-05-03,dengue,Kerala,7,8,0.018109469130138226,0.0116740013316862
2022-05-03,hepatitis_b,Kerala,2,2,0.0,0.0
2022-05-03,rabies_probable,Kerala,1,1,0.0,0.0
2022-05-04,hepatitis_b,Kerala,1,1,0.0,0.0
2022-05-04,scrub_typhus,Kerala,4,4,0.0,0.0
2022-05-05,chikungunya,Kerala,1,1,0.0,0.0
2022-05-05,fever_ip,Kerala,1,1,0.0,0.0
2022-05-05,hepatitis_b,Kerala,1,1,0.0,0.0
2022-05-05,rabies_confirmed,Kerala,1,1,0.0,0.0
2022-05-06,fever_ip,Kerala,2,2,0.0001570559802357951,0.0001167439848076
2022-05-06,hepatitis_b,Kerala,4,4,0.016837101869238,0.0121305137861437
2022-05-06,leptospirosis_confirmed,Kerala,3,3,0.0,0.0
2022-05-07,fever_ip,Kerala,1,1,0.0,0.0
2022-05-07,fever_op,Kerala,2,2,0.0,0.0
2022-05-07,hepatitis_a_confirmed,Kerala,2,2,0.0012022326874874,0.0006191262021113
2022-05-07,hepatitis_b,Kerala,1,1,0.0,0.0
2022-05-07,malaria,Kerala,1,2,0.0,0.0
2022-05-08,fever_op,Kerala,2,2,0.1328521260302144,0.1328521260302144
2022-05-08,hepatitis_a_confirmed,Kerala,1,1,0.0071402891548986,0.0071402891548986
2022-05-08,rabies_confirmed,Kerala,1,1,0.0,0.0
2022-05-09,fever_op,Kerala,1,1,0.0,0.0
2022-05-10,rabies_probable,Kerala,1,1,0.0,0.0
2022-05-12,rabies_probable,Kerala,1,1,0.0,0.0
2022-06-04,dengue,Kerala,6,6,0.005355810006548001,0.00290246367083
2022-06-04,leptospirosis_probable,Kerala,4,4,0.0,0.0
2022-06-04,typhoid,Kerala,5,5,0.5621649449634265,0.5616337001046149
2022-06-05,dengue,Kerala,4,5,0.0098609033488666,0.0077798721805135
2022-06-05,hepatitis_c,Kerala,3,3,0.0059515311961788,0.0059515311961788
2022-06-05,leptospirosis_probable,Kerala,4,4,0.021187879987205886,0.0105994794150023
2022-06-05,typhoid,Kerala,2,2,0.0,0.0
2022-06-06,leptospirosis_probable,Kerala,1,1,0.0,0.0
2022-06-07,hepatitis_b,Kerala,6,7,1.099742416946596,0.7868601586336487
2022-06-08,hepatitis_b,Kerala,3,3,0.0779638377306889,0.061673846701284
2022-06-08,malaria,Kerala,3,3,0.0,0.0
2022-06-09,hepatitis_b,Kerala,2,2,0.6597422274029547,0.6597422274029547
2022-06-09,malaria,Kerala,1,1,0.0,0.0
2022-06-10,hepatitis_b,Kerala,3,3,0.3779550697737342,0.3779550697737342
2022-06-10,malaria,Kerala,3,3,0.0004837439451383,0.0004837439451383
2022-06-11,hepatitis_b,Kerala,1,1,0.9999999983333334,0.9999999983333334
2022-06-12,hepatitis_b,Kerala,1,1,0.0004594426595808,0.0004594426595808
2022-07-05,scrub_typhus,Kerala,1,1,0.0,0.0
2022-07-06,acute_diarrheal_disease,Kerala,2,2,0.0026106074230327,0.0024974736457191
2022-07-06,dengue,Kerala,3,5,0.0672963845846818,0.065632559771573
2022-07-06,hepatitis_c,Kerala,4,4,0.0,0.0
2022-07-06,scrub_typhus,Kerala,1,1,0.0372260549699021,0.0372260549699021
2022-07-07,acute_diarrheal_disease,Kerala,3,3,0.1251170993796789,0.1251170993796789
2022-07-07,dengue,Kerala,6,8,0.0348121311822892,0.0321076027485275
2022-07-07,hepatitis_c,Kerala,2,2,0.0,0.0
2022-07-07,leptospirosis_probable,Kerala,2,2,1.0447591047818339,0.9216462707441262
2022-07-08,dengue,Kerala,3,3,0.0014346988366337999,0.0011659522004459
2022-07-08,fever_ip,Kerala,2,2,0.0,0.0
2022-07-08,hepatitis_a_confirmed,Kerala,1,1,0.0,0.0
2022-07-08,hepatitis_c,Kerala,4,4,1.0015522555667604,0.9999999983333334
2022-07-08,leptospirosis_confirmed,Kerala,2,2,0.9999999983333334,0.9999999983333334
2022-07-08,leptospirosis_probable,Kerala,1,1,0.0,0.0
2022-07-09,acute_encephalitis_syndrome,Kerala,2,2,0.0105250018001924,0.0105250018001924
2022-07-09,fever_ip,Kerala,3,5,0.0952178457752547,0.0932513086236784
2022-07-09,hepatitis_a_confirmed,Kerala,3,3,0.07462554911642501,0.0744521099398043
2022-07-09,leptospirosis_confirmed,Kerala,2,2,0.0125248859824757,0.0125248859824757
2022-07-10,fever_ip,Kerala,3,3,0.0072995710140117,0.0072995710140117
2022-07-10,hepatitis_a_confirmed,Kerala,2,2,0.1165566202930313,0.1165566202930313
2022-07-11,fever_ip,Kerala,2,2,0.0035141048565047,0.0035141048565047
2022-07-11,fever_op,Kerala,1,1,0.0,0.0
2022-07-11,hepatitis_a_confirmed,Kerala,1,1,0.0,0.0
2022-07-12,fever_op,Kerala,1,1,0.0,0.0
2022-07-12,hepatitis_a_confirmed,Kerala,2,2,0.0872561098433348,0.0872561098433348
2022-07-13,hepatitis_a_confirmed,Kerala,2,2,0.0001093266519901,0.0001093266519901
2022-08-07,acute_diarrheal_disease,Kerala,1,1,0.0,0.0
2022-08-07,scrub_typhus,Kerala,2,3,0.0414251344028982,0.0414251344028982
2022-08-08,acute_diarrheal_disease,Kerala,2,2,0.0009916624114782,0.0009916624114782
2022-08-08,chicken_pox,Kerala,2,2,0.0,0.0
2022-08-08,dengue,Kerala,2,2,0.000177372779884,0.000177372779884
2022-08-08,scrub_typhus,Kerala,3,4,0.0,0.0
2022-08-09,chicken_pox,Kerala,3,3,0.0008356985543185,0.0008356985543185
2022-08-09,dengue,Kerala,6,7,0.0,0.0
2022-08-10,chicken_pox,Kerala,2,2,0.0006504822910304744,0.000567706907329
2022-08-10,dengue,Kerala,4,4,0.0,0.0
2022-08-11,acute_encephalitis_syndrome,Kerala,1,1,0.0,0.0
2022-08-11,dengue,Kerala,3,3,0.1213275725231447,0.1213275725231447
2022-08-11,malaria,Kerala,1,2,0.1684125293729187,0.1440525683980139
2022-08-12,acute_encephalitis_syndrome,Kerala,2,2,0.0011187438496945,0.0011187438496945
2022-08-12,fever_ip,Kerala,2,2,0.0010212372175142,0.0010212372175142
2022-08-12,fever_op,Kerala,1,1,0.0,0.0
2022-08-12,malaria,Kerala,1,1,0.0344582051946784,0.0344582051946784
2022-08-13,fever_ip,Kerala,4,4,0.0009411613440806,0.0007659279131357
2022-08-13,fever_op,Kerala,4,5,0.3218261356376445,0.3215262994092776
2022-08-13,rabies_confirmed,Kerala,1,1,0.0,0.0
2022-08-14,fever_ip,Kerala,2,2,0.0006969194152137,0.0006969194152137
2022-08-14,fever_op,Kerala,1,1,0.0,0.0
2022-08-14,hepatitis_a_confirmed,Kerala,1,1,0.0013534316347289,0.0013534316347289
2022-08-15,acute_encephalitis_syndrome,Kerala,2,2,0.0,0.0
2022-08-15,fever_op,Kerala,1,1,0.0,0.0
2022-08-16,acute_encephalitis_syndrome,Kerala,1,1,0.0,0.0
2022-08-18,shigella,Kerala,1,1,0.0,0.0
2022-08-20,shigella,Kerala,1,1,0.0,0.0
2022-08-21,shigella,Kerala,1,1,0.0,0.0
2022-09-06,kala_azar,Kerala,1,1,0.0,0.0
2022-09-06,typhoid,Kerala,1,1,0.0,0.0
2022-09-07,typhoid,Kerala,1,1,0.0,0.0
2022-09-08,food_poisoning,Kerala,2,2,0.0,0.0
2022-09-08,leptospirosis_probable,Kerala,2,2,0.0018496732184961,0.0010455840041916
2022-09-08,typhoid,Kerala,1,1,0.0,0.0
2022-09-09,acute_diarrheal_disease,Kerala,2,2,0.0095792243364424,0.0095792243364424
2022-09-09,food_poisoning,Kerala,2,2,0.0001751159772114,0.0001751159772114
2022-09-09,hepatitis_a_probable,Kerala,2,2,0.0060924213944261,0.0060924213944261
2022-09-09,hepatitis_c,Kerala,2,2,0.0,0.0
2022-09-09,leptospirosis_confirmed,Kerala,2,2,0.0,0.0
2022-09-09,leptospirosis_probable,Kerala,1,1,0.4392732217329705,0.4392732217329705
2022-09-10,acute_diarrheal_disease,Kerala,2,2,0.0,0.0
2022-09-10,food_poisoning,Kerala,3,3,0.0012735989583653,0.0012735989583653
2022-09-10,hepatitis_a_probable,Kerala,2,2,0.0019349757805533,0.0019349757805533
2022-09-10,hepatitis_c,Kerala,3,4,0.000760169056645948,0.0006853039222793
2022-09-10,leptospirosis_confirmed,Kerala,2,2,0.0002418719725691,0.0002418719725691
2022-09-10,leptospirosis_probable,Kerala,3,3,0.9999999983333334,0.9999999983333334
2022-09-10,scrub_typhus,Kerala,3,3,0.001441012413832295,0.0014007004184041
2022-09-11,acute_diarrheal_disease,Kerala,2,2,0.9999999983333334,0.9999999983333334
2022-09-11,chicken_pox,Kerala,3,4,0.4257058323732762,0.4257058323732762
2022-09-11,dengue,Kerala,5,6,0.0030571455119772933,0.0020356346907012
2022-09-11,food_poisoning,Kerala,2,2,0.0,0.0
2022-09-11,hepatitis_a_probable,Kerala,1,1,0.0,0.0
2022-09-11,hepatitis_c,Kerala,1,1,0.4768078341713435,0.4768078341713435
2022-09-11,leptospirosis_confirmed,Kerala,4,4,0.0,0.0
2022-09-11,leptospirosis_probable,Kerala,1,1,0.0,0.0
2022-09-11,scrub_typhus,Kerala,2,2,0.0036346669165616,0.003113928912825
2022-09-11,typhoid,Kerala,5,5,0.9999999983333334,0.9999999983333334
2022-09-12,acute_diarrheal_disease,Kerala,3,3,5.796496074642428e-05,5.796496074642428e-05
2022-09-12,chicken_pox,Kerala,1,1,0.9999999983333334,0.9999999983333334
2022-09-12,dengue,Kerala,4,6,0.4636526406865728,0.2319905448614259
2022-09-12,food_poisoning,Kerala,2,2,0.0,0.0
2022-09-12,hepatitis_c,Kerala,1,1,0.0874292783407131,0.0874292783407131
2022-09-12,leptospirosis_confirmed,Kerala,1,1,1.7276569469226453e-05,1.7276569469226453e-05
2022-09-12,leptospirosis_probable,Kerala,1,1,0.0,0.0
2022-09-12,malaria,Kerala,4,4,0.0007029187959921557,0.0006133365839295
2022-09-12,scrub_typhus,Kerala,1,1,0.0,0.0
2022-09-13,chicken_pox,Kerala,1,1,0.0083759218840632,0.0083759218840632
2022-09-13,dengue,Kerala,3,3,1.0241464087467453,0.9999999983333334
2022-09-13,food_poisoning,Kerala,1,1,0.0,0.0
2022-09-13,hepatitis_c,Kerala,1,2,0.0,0.0
2022-09-13,leptospirosis_confirmed,Kerala,2,2,0.5334032565190063,0.5334032565190063
2022-09-13,leptospirosis_probable,Kerala,3,4,0.0335963127364127,0.0307625826874383
2022-09-13,malaria,Kerala,4,4,1.000322494296759,0.9999999983333334
2022-09-14,chicken_pox,Kerala,5,5,0.0050132612172828,0.00373671469539
2022-09-14,dengue,Kerala,4,4,1.0018155963856514,0.9999999983333334
2022-09-14,fever_op,Kerala,1,1,0.0,0.0
2022-09-14,food_poisoning,Kerala,2,3,0.0,0.0
2022-09-14,leptospirosis_confirmed,Kerala,1,1,0.0,0.0
2022-09-14,leptospirosis_probable,Kerala,3,3,0.0009674878902766,0.0009674878902766
2022-09-14,malaria,Kerala,3,3,0.0,0.0
2022-09-15,chicken_pox,Kerala,4,4,0.0001968421475481282,0.0001034470126337
2022-09-15,dengue,Kerala,1,1,0.0,0.0
2022-09-15,fever_ip,Kerala,3,3,0.0588147192520926,0.0588147192520926
2022-09-15,fever_op,Kerala,2,2,0.0187282723284945,0.0131383422957848
2022-09-15,food_poisoning,Kerala,2,2,0.0,0.0
2022-09-15,hepatitis_a_confirmed,Kerala,3,3,0.0001835432135684,0.0001835432135684
2022-09-15,leptospirosis_confirmed,Kerala,2,2,0.0024948907399112,0.0024948907399112
2022-09-15,leptospirosis_probable,Kerala,4,4,0.004535063793637099,0.0033862076159683
2022-09-16,chicken_pox,Kerala,4,4,0.0008868638994202,0.0008868638994202
2022-09-16,chikungunya,Kerala,1,1,0.0,0.0
2022-09-16,fever_ip,Kerala,2,2,0.012502734122304501,0.0123477741428072
2022-09-16,fever_op,Kerala,4,4,0.0181286304464903,0.012186154047359
2022-09-16,food_poisoning,Kerala,1,1,0.0001253204226445,0.0001253204226445
2022-09-16,hepatitis_a_confirmed,Kerala,2,2,0.0,0.0
2022-09-17,chicken_pox,Kerala,3,4,0.0013908789571969,0.0013908789571969
2022-09-17,fever_ip,Kerala,3,3,0.0192673236730733,0.0192673236730733
2022-09-17,hepatitis_a_confirmed,Kerala,3,3,0.0004614620189306,0.0004614620189306
2022-09-18,chicken_pox,Kerala,4,4,0.934709968356667,0.930362345888238
2022-09-18,fever_ip,Kerala,2,2,0.0,0.0
2022-09-18,food_poisoning,Kerala,2,2,0.0,0.0
2022-09-18,hepatitis_a_confirmed,Kerala,3,3,0.0,0.0
2022-09-19,fever_ip,Kerala,2,4,0.010506793110160999,0.0078300014887818
2022-09-19,food_poisoning,Kerala,1,1,0.0,0.0
2022-09-20,fever_ip,Kerala,3,3,0.0162423376111652,0.0162423376111652
2022-09-20,food_poisoning,Kerala,3,3,0.058175099071911,0.058175099071911
2022-09-21,fever_ip,Kerala,1,1,0.0,0.0
2022-09-21,food_poisoning,Kerala,1,2,0.0005795279225613,0.0005795279225613
2022-09-22,fever_ip,Kerala,2,2,0.0031259585183827003,0.0019914125741528
2022-09-23,fever_ip,Kerala,2,2,0.0014713878331291,0.0014713878331291
2022-09-24,chikungunya,Kerala,1,1,0.0,0.0
2022-09-30,chikungunya,Kerala,1,1,0.0,0.0
2022-10-01,influenza_h1n1_seasonal,Kerala,2,2,0.0,0.0
2022-10-02,influenza_h1n1_seasonal,Kerala,1,1,0.0042192354307101,0.0042192354307101
2022-10-03,influenza_h1n1_seasonal,Kerala,3,4,0.0011321811815038,0.0007143319043446
2022-10-04,influenza_h1n1_seasonal,Kerala,1,1,0.0,0.0
2022-10-05,influenza_h1n1_seasonal,Kerala,4,4,0.1799701898542718,0.1799701898542718
2022-10-06,influenza_h1n1_seasonal,Kerala,2,2,0.0,0.0
2022-10-07,influenza_h1n1_seasonal,Kerala,1,1,0.0,0.0
2022-10-08,influenza_h1n1_seasonal,Kerala,1,1,0.002329137513629,0.002329137513629
2022-10-12,hepatitis_a_probable,Kerala,1,1,0.0,0.0
2022-10-13,acute_diarrheal_disease,Kerala,1,1,0.0,0.0
2022-10-13,hepatitis_a_probable,Kerala,3,3,0.0033869413221011,0.003190697813696
2022-10-13,hepatitis_b,Kerala,3,3,0.000688212100831295,0.0006479001054031
2022-10-13,typhoid,Kerala,1,2,0.0,0.0
2022-10-14,acute_diarrheal_disease,Kerala,2,2,0.0002096223762266,0.0002096223762266
2022-10-14,hepatitis_a_probable,Kerala,2,2,0.0,0.0
2022-10-14,hepatitis_b,Kerala,5,7,0.35552293718302663,0.3373685072099475
2022-10-14,scrub_typhus,Kerala,1,1,0.0,0.0
2022-10-14,typhoid,Kerala,2,2,0.0,0.0
2022-10-15,acute_diarrheal_disease,Kerala,2,2,0.0006853039222793,0.0006853039222793
2022-10-15,dengue,Kerala,1,1,0.0002553093043785,0.0002553093043785
2022-10-15,hepatitis_a_probable,Kerala,2,3,0.0105187586496748,0.009746198683825
2022-10-15,hepatitis_b,Kerala,2,3,0.0031367867000124,0.0031367867000124
2022-10-15,scrub_typhus,Kerala,2,3,0.0,0.0
2022-10-15,typhoid,Kerala,1,1,0.0,0.0
2022-10-16,acute_diarrheal_disease,Kerala,4,4,0.003982770183497,0.0023634770145291
2022-10-16,dengue,Kerala,4,6,0.0066183279135294,0.005406861740752
2022-10-16,hepatitis_a_probable,Kerala,2,2,0.0011556105356082,0.0011556105356082
2022-10-16,hepatitis_b,Kerala,3,3,4.031199542819508e-05,4.031199542819508e-05
2022-10-16,hepatitis_c,Kerala,2,2,0.0006109632085161,0.0006109632085161
2022-10-16,leptospirosis_confirmed,Kerala,1,1,0.000185005571067,0.000185005571067
2022-10-16,malaria,Kerala,2,2,0.0037075931750198,0.0037075931750198
2022-10-16,scrub_typhus,Kerala,1,1,0.0,0.0
2022-10-17,acute_diarrheal_disease,Kerala,3,3,0.0044133327974964,0.0044133327974964
2022-10-17,dengue,Kerala,5,5,0.0860061160615279,0.0824221559189124
2022-10-17,hepatitis_a_probable,Kerala,3,3,0.0002586114541948,0.0002586114541948
2022-10-17,hepatitis_b,Kerala,2,2,0.0030883313068394,0.0030883313068394
2022-10-17,hepatitis_c,Kerala,2,2,0.0004837439451383,0.0004837439451383
2022-10-17,leptospirosis_confirmed,Kerala,1,1,0.0009840954414171,0.0009840954414171
2022-10-17,leptospirosis_probable,Kerala,1,1,0.0,0.0
2022-10-17,malaria,Kerala,4,4,0.0,0.0
2022-10-17,scrub_typhus,Kerala,2,2,0.057986944772280495,0.0576031311076477
2022-10-17,typhoid,Kerala,1,1,0.0,0.0
2022-10-18,acute_diarrheal_disease,Kerala,1,1,0.0,0.0
2022-10-18,dengue,Kerala,2,2,0.000602401291195132,0.0005643679359947
2022-10-18,fever_op,Kerala,3,3,0.6529857003760212,0.6528782017215461
2022-10-18,hepatitis_a_probable,Kerala,4,4,0.004824002119573995,0.0047836901241458
2022-10-18,hepatitis_b,Kerala,1,1,0.0,0.0
2022-10-18,hepatitis_c,Kerala,1,2,0.0017737277988405,0.0017737277988405
2022-10-18,leptospirosis_confirmed,Kerala,3,3,0.11978709962615444,0.1197011007025743
2022-10-18,leptospirosis_probable,Kerala,4,4,0.0062764298623783,0.0055528409565606
2022-10-18,malaria,Kerala,1,1,0.0,0.0
2022-10-18,scrub_typhus,Kerala,2,2,0.003743014161147,0.003743014161147
2022-10-18,typhoid,Kerala,1,1,0.0,0.0
2022-10-19,dengue,Kerala,4,7,0.19638027821226123,0.168766440195012
2022-10-19,fever_op,Kerala,3,3,0.0053359374334582,0.0053359374334582
2022-10-19,hepatitis_a_probable,Kerala,2,2,0.0,0.0
2022-10-19,hepatitis_b,Kerala,2,2,0.0,0.0
2022-10-19,leptospirosis_confirmed,Kerala,2,2,0.0,0.0
2022-10-19,leptospirosis_probable,Kerala,2,2,0.0,0.0
2022-10-19,malaria,Kerala,2,2,0.0,0.0
2022-10-19,scrub_typhus,Kerala,2,2,0.0003935759471644,0.0003935759471644
2022-10-20,chicken_pox,Kerala,2,2,0.0169959063313833,0.0162702904136758
2022-10-20,dengue,Kerala,3,3,0.001743064173162099,0.0015362269893469
2022-10-20,hepatitis_a_confirmed,Kerala,1,1,0.0,0.0
2022-10-20,hepatitis_a_probable,Kerala,1,1,0.0,0.0
2022-10-20,hepatitis_c,Kerala,2,2,0.0003050444603385,0.0003050444603385
2022-10-20,leptospirosis_confirmed,Kerala,3,3,0.0004434319497101,0.0004434319497101
2022-10-20,leptospirosis_probable,Kerala,2,2,0.0166632039782987,0.0166632039782987
2022-10-20,malaria,Kerala,1,1,0.0,0.0
2022-10-20,rabies_confirmed,Kerala,1,1,0.0,0.0
2022-10-21,chicken_pox,Kerala,2,2,0.0,0.0
2022-10-21,dengue,Kerala,4,4,0.023594173754154592,0.0227879338455907
2022-10-21,fever_op,Kerala,3,3,0.0,0.0
2022-10-21,hepatitis_a_confirmed,Kerala,2,2,0.009026076321437499,0.0086632683625838
2022-10-21,leptospirosis_confirmed,Kerala,5,6,0.0004663959371488,0.0004663959371488
2022-10-21,leptospirosis_probable,Kerala,5,5,0.0052401878040933,0.0049983158315242
2022-10-21,rabies_confirmed,Kerala,2,2,0.0,0.0
2022-10-21,typhoid,Kerala,1,1,0.0,0.0
2022-10-21,west_nile_confirmed,Kerala,1,1,0.0,0.0
2022-10-22,chicken_pox,Kerala,2,2,0.0,0.0
2022-10-22,dengue,Kerala,3,4,0.0016124798171278,0.0016124798171278
2022-10-22,fever_op,Kerala,3,3,0.0023214446933794,0.00189789317865
2022-10-22,hepatitis_a_confirmed,Kerala,3,3,0.0001167439848076,0.0001167439848076
2022-10-22,leptospirosis_confirmed,Kerala,3,3,0.0355988365808582,0.0355988365808582
2022-10-22,leptospirosis_probable,Kerala,3,3,8.062399085639016e-05,8.062399085639016e-05
2022-10-22,west_nile_confirmed,Kerala,1,1,0.0,0.0
2022-10-23,chicken_pox,Kerala,2,2,0.0030046988202447,0.0030046988202447
2022-10-23,dengue,Kerala,2,2,0.041211110689339,0.02233284546722
2022-10-23,fever_op,Kerala,1,2,0.0,0.0
2022-10-23,hepatitis_a_confirmed,Kerala,1,1,0.0,0.0
2022-10-23,hepatitis_c,Kerala,1,1,0.0,0.0
2022-10-23,japanese_encephalitis,Kerala,1,1,0.0,0.0
2022-10-23,leptospirosis_confirmed,Kerala,2,3,0.0,0.0
2022-10-23,leptospirosis_probable,Kerala,1,1,0.0001612479817127,0.0001612479817127
2022-10-23,malaria,Kerala,1,1,0.0,0.0
2022-10-23,shigella,Kerala,1,1,0.0,0.0
2022-10-24,chicken_pox,Kerala,3,3,1.0002428689677876,0.9999999983333334
2022-10-24,fever_op,Kerala,5,6,0.0260386076596236,0.025890366346031
2022-10-24,hepatitis_a_confirmed,Kerala,3,3,0.004918551732317,0.0024667836675274
2022-10-24,leptospirosis_probable,Kerala,2,2,0.0,0.0
2022-10-24,malaria,Kerala,1,1,0.0254826512984918,0.0254826512984918
2022-10-24,shigella,Kerala,1,1,0.0,0.0
2022-10-25,chicken_pox,Kerala,4,4,0.0017940417397756293,0.0017626879655537
2022-10-25,fever_ip,Kerala,1,1,0.0001776017151284,0.0001776017151284
2022-10-25,fever_op,Kerala,2,2,2.239555301566393e-05,2.239555301566393e-05
2022-10-25,hepatitis_a_confirmed,Kerala,3,4,0.9999999983333334,0.9999999983333334
2022-10-25,leptospirosis_confirmed,Kerala,5,5,2.000238107301448,0.9999999983333334
2022-10-25,leptospirosis_probable,Kerala,1,1,0.0,0.0
2022-10-26,fever_ip,Kerala,2,2,0.0029999703030101996,0.0018946637851251
2022-10-26,hepatitis_a_confirmed,Kerala,3,3,1.0006483666326773,0.9999999983333334
2022-10-26,leptospirosis_confirmed,Kerala,3,3,0.0180569871410793,0.0180569871410793
2022-10-26,leptospirosis_probable,Kerala,1,1,0.0,0.0
2022-10-27,fever_ip,Kerala,4,5,2.6160231810474425e-05,2.6160231810474425e-05
2022-10-27,leptospirosis_confirmed,Kerala,3,3,0.024078104090609002,0.0233030288515335
2022-10-28,fever_ip,Kerala,1,1,0.507666842289164,0.507666842289164
2022-10-28,leptospirosis_confirmed,Kerala,1,1,0.0003396543544511,0.0003396543544511
2022-10-28,leptospirosis_probable,Kerala,1,1,0.0014820064082663,0.0014820064082663
2022-10-28,shigella,Kerala,1,1,0.3158199294957244,0.3158199294957244
2022-10-30,shigella,Kerala,3,3,0.0001751159772114,0.0001751159772114
2022-10-31,shigella,Kerala,1,1,0.0,0.0
2022-11-07,influenza_h1n1_seasonal,Kerala,1,1,0.0,0.0
2022-11-08,influenza_h1n1_seasonal,Kerala,2,2,0.0,0.0
2022-11-09,influenza_h1n1_seasonal,Kerala,3,4,0.0,0.0
2022-11-10,influenza_h1n1_seasonal,Kerala,1,1,0.0,0.0
2022-11-11,influenza_h1n1_seasonal,Kerala,1,1,3.502319544229706e-05,3.502319544229706e-05
2022-11-12,influenza_h1n1_seasonal,Kerala,1,1,0.0008032655385612,0.0008032655385612
2022-11-13,influenza_h1n1_seasonal,Kerala,3,3,0.0012535478314778,0.0012535478314778
2022-11-15,influenza_h1n1_seasonal,Kerala,2,2,0.0005570322420894,0.0005570322420894
2022-11-16,influenza_h1n1_seasonal,Kerala,1,1,0.0,0.0
2022-11-17,acute_diarrheal_disease,Kerala,1,1,0.0,0.0
2022-11-19,acute_diarrheal_disease,Kerala,3,3,0.7416549277717435,0.7408560027433414
2022-11-19,acute_encephalitis_syndrome,Kerala,1,1,0.0,0.0
2022-11-19,scrub_typhus,Kerala,1,1,0.0004838708118359,0.0004838708118359
2022-11-19,typhoid,Kerala,1,1,0.0,0.0
2022-11-20,acute_diarrheal_disease,Kerala,2,2,4.031199542819508e-05,4.031199542819508e-05
2022-11-20,hepatitis_a_probable,Kerala,1,1,1.465890742843457e-05,1.465890742843457e-05
2022-11-20,hepatitis_b,Kerala,2,2,2.5412796615889437e-05,2.5412796615889437e-05
2022-11-20,influenza_h1n1_seasonal,Kerala,2,2,0.004358573328827,0.004358573328827
2022-11-20,scrub_typhus,Kerala,4,4,0.8935294013431864,0.890090514261423
2022-11-20,typhoid,Kerala,2,2,0.0,0.0
2022-11-21,acute_diarrheal_disease,Kerala,2,2,0.0013358453044419,0.0013358453044419
2022-11-21,acute_encephalitis_syndrome,Kerala,1,1,0.0081285509024256,0.0081285509024256
2022-11-21,hepatitis_a_probable,Kerala,2,2,0.0046822085672135,0.0046822085672135
2022-11-21,hepatitis_b,Kerala,1,1,0.0,0.0
2022-11-21,influenza_h1n1_seasonal,Kerala,1,1,0.009748385803912,0.009748385803912
2022-11-21,scrub_typhus,Kerala,3,3,0.0,0.0
2022-11-22,acute_diarrheal_disease,Kerala,4,4,2.0054537439690843,0.9999999983333334
2022-11-22,acute_encephalitis_syndrome,Kerala,1,1,0.7110303205818685,0.7110303205818685
2022-11-22,dengue,Kerala,3,3,0.0,0.0
2022-11-22,hepatitis_a_probable,Kerala,4,4,1.0002418703059026,0.9999999983333334
2022-11-22,hepatitis_b,Kerala,1,1,0.0079540293242834,0.0079540293242834
2022-11-22,hepatitis_c,Kerala,2,2,0.0,0.0
2022-11-22,scrub_typhus,Kerala,4,4,0.489863563098541,0.489863563098541
2022-11-22,typhoid,Kerala,1,1,0.0,0.0
2022-11-23,acute_diarrheal_disease,Kerala,2,2,0.0,0.0
2022-11-23,dengue,Kerala,6,7,0.0198394712937733,0.0189805997957217
2022-11-23,food_poisoning,Kerala,1,1,0.0016579597768276,0.0016579597768276
2022-11-23,hepatitis_a_probable,Kerala,1,1,0.0,0.0
2022-11-23,hepatitis_b,Kerala,1,1,0.1736975749277623,0.1736975749277623
2022-11-23,hepatitis_c,Kerala,3,3,0.001388351813261,0.001388351813261
2022-11-23,malaria,Kerala,1,1,0.0,0.0
2022-11-23,scrub_typhus,Kerala,2,2,4.031199542819508e-05,4.031199542819508e-05
2022-11-23,typhoid,Kerala,2,2,0.0,0.0
2022-11-24,acute_diarrheal_disease,Kerala,2,2,0.0167535435660364,0.0167535435660364
2022-11-24,acute_encephalitis_syndrome,Kerala,2,2,0.0,0.0
2022-11-24,dengue,Kerala,4,5,0.1321977865725122,0.1302293334147879
2022-11-24,food_poisoning,Kerala,5,6,0.0019456277373698,0.0019456277373698
2022-11-24,hepatitis_a_probable,Kerala,2,2,4.031199542819508e-05,4.031199542819508e-05
2022-11-24,hepatitis_b,Kerala,1,1,0.1458792512716989,0.1458792512716989
2022-11-24,malaria,Kerala,1,1,0.0,0.0
2022-11-25,chicken_pox,Kerala,2,2,0.0009271758948484,0.0009271758948484
2022-11-25,dengue,Kerala,4,5,0.0019789879122738,0.0014858065528362
2022-11-25,fever_op,Kerala,1,1,0.0004837439451383,0.0004837439451383
2022-11-25,food_poisoning,Kerala,1,1,0.0,0.0
2022-11-25,hepatitis_a_probable,Kerala,1,1,0.0004031199542819,0.0004031199542819
2022-11-25,hepatitis_b,Kerala,1,1,0.0052221352395126,0.0052221352395126
2022-11-25,hepatitis_c,Kerala,4,4,0.1077510115035436,0.0652514399004298
2022-11-25,malaria,Kerala,5,5,0.9630958151374246,0.5027177110032105
2022-11-26,dengue,Kerala,3,4,1.9999999966666668,0.9999999983333334
2022-11-26,fever_op,Kerala,1,1,0.0,0.0
2022-11-26,hepatitis_a_confirmed,Kerala,1,1,0.0,0.0
2022-11-26,hepatitis_a_probable,Kerala,2,2,0.20485278903577608,0.2045373038541642
2022-11-26,hepatitis_b,Kerala,3,3,0.526378051534963,0.526378051534963
2022-11-26,hepatitis_c,Kerala,1,1,0.0,0.0
2022-11-26,malaria,Kerala,3,4,0.0331485107460753,0.0179692415726057
2022-11-26,rabies_confirmed,Kerala,1,1,0.0,0.0
2022-11-27,chicken_pox,Kerala,1,1,0.0,0.0
2022-11-27,dengue,Kerala,5,5,0.0,0.0
2022-11-27,fever_op,Kerala,2,2,0.0,0.0
2022-11-27,hepatitis_a_confirmed,Kerala,3,3,0.0002964826271853,0.0002964826271853
2022-11-27,hepatitis_a_probable,Kerala,5,5,0.0074968538078007,0.0059682689930005
2022-11-27,hepatitis_c,Kerala,3,3,0.006843969023821778,0.0068278442256505
2022-11-27,leptospirosis_probable,Kerala,5,5,0.4949797656675845,0.4795676486085656
2022-11-28,chicken_pox,Kerala,2,2,0.0047149050401222,0.0047149050401222
2022-11-28,dengue,Kerala,5,7,0.0013680696455137173,0.0006999148201856
2022-11-28,fever_op,Kerala,1,1,0.0,0.0
2022-11-28,food_poisoning,Kerala,2,2,0.0011187438496945,0.0011187438496945
2022-11-28,hepatitis_a_confirmed,Kerala,2,2,0.0052103522412935,0.0052103522412935
2022-11-28,hepatitis_b,Kerala,2,2,0.1122674434954859,0.1122674434954859
2022-11-28,hepatitis_c,Kerala,3,3,0.0079848208725478,0.0079848208725478
2022-11-28,leptospirosis_confirmed,Kerala,4,4,0.0,0.0
2022-11-28,leptospirosis_probable,Kerala,1,1,4.031199542819508e-05,4.031199542819508e-05
2022-11-28,rabies_confirmed,Kerala,1,1,0.0,0.0
2022-11-28,rabies_probable,Kerala,1,1,0.0,0.0
2022-11-28,zika,Kerala,1,1,0.0,0.0
2022-11-29,chicken_pox,Kerala,1,1,0.0,0.0
2022-11-29,hepatitis_a_confirmed,Kerala,1,1,0.0010077998857048,0.0010077998857048
2022-11-29,hepatitis_b,Kerala,3,3,4.031199542819508e-05,4.031199542819508e-05
2022-11-29,leptospirosis_confirmed,Kerala,1,1,0.0,0.0
2022-11-29,leptospirosis_probable,Kerala,1,1,0.0011253830046327,0.0011253830046327
2022-11-30,chicken_pox,Kerala,1,1,0.0,0.0
2022-11-30,food_poisoning,Kerala,1,1,0.0008608875566282,0.0008608875566282
2022-11-30,hepatitis_a_confirmed,Kerala,3,3,0.010158622847905,0.0084252070444927
2022-11-30,hepatitis_b,Kerala,2,2,0.0847452883210469,0.0847452883210469
2022-11-30,leptospirosis_probable,Kerala,2,3,0.025690777035948697,0.0202296388133321
2022-12-03,hepatitis_e,Kerala,1,1,0.0,0.0
2022-12-09,hepatitis_e,Kerala,1,1,0.0,0.0
2022-12-11,hepatitis_e,Kerala,1,1,0.0003396543544511,0.0003396543544511
2022-12-19,hepatitis_e,Kerala,1,1,0.0,0.0
2022-12-23,influenza_h1n1_seasonal,Kerala,1,1,0.0,0.0
2022-12-24,influenza_h1n1_seasonal,Kerala,3,3,0.0006322986577245,0.0006322986577245
2022-12-25,acute_diarrheal_disease,Kerala,1,2,0.0,0.0
2022-12-25,scrub_typhus,Kerala,1,1,0.0002294682816681,0.0002294682816681
2022-12-26,acute_diarrheal_disease,Kerala,3,3,0.0022367885411461,0.0022367885411461
2022-12-26,influenza_h1n1_seasonal,Kerala,1,1,0.007457719154216,0.007457719154216
2022-12-26,scrub_typhus,Kerala,2,2,0.13864429548393328,0.1346147208355586
2022-12-26,typhoid,Kerala,1,1,0.0,0.0
2022-12-27,acute_diarrheal_disease,Kerala,4,4,4.031199542819508e-05,4.031199542819508e-05
2022-12-27,influenza_h1n1_seasonal,Kerala,2,2,0.0,0.0
2022-12-27,malaria,Kerala,1,1,0.0293384553355912,0.0293384553355912
2022-12-27,scrub_typhus,Kerala,2,2,0.0,0.0
2022-12-28,acute_diarrheal_disease,Kerala,2,2,0.0,0.0
2022-12-28,acute_encephalitis_syndrome,Kerala,1,1,0.9999999983333334,0.9999999983333334
2022-12-28,fever_ip,Kerala,1,1,0.0253368738844663,0.0253368738844663
2022-12-28,influenza_h1n1_seasonal,Kerala,2,2,0.0,0.0
2022-12-28,malaria,Kerala,1,1,0.0117216258944572,0.0117216258944572
2022-12-28,scrub_typhus,Kerala,4,4,0.020535000948708,0.0103945472849666
2022-12-29,acute_diarrheal_disease,Kerala,4,4,0.000631554595041695,0.0005912425996135
2022-12-29,acute_encephalitis_syndrome,Kerala,1,1,0.0,0.0
2022-12-29,fever_ip,Kerala,1,1,0.0,0.0
2022-12-29,fever_op,Kerala,2,2,0.0,0.0
2022-12-29,influenza_h1n1_seasonal,Kerala,1,1,0.0,0.0
2022-12-29,malaria,Kerala,2,2,0.0522932995101263,0.0522932995101263
2022-12-29,scrub_typhus,Kerala,1,1,0.9999999983333334,0.9999999983333334
2022-12-29,typhoid,Kerala,1,1,0.0060815322551733,0.0060815322551733
2022-12-30,acute_diarrheal_disease,Kerala,5,5,0.007416201762713297,0.0048847826127823
2022-12-30,dengue,Kerala,3,3,0.0002821839679973,0.0002821839679973
2022-12-30,fever_ip,Kerala,2,2,0.0011187438496945,0.0011187438496945
2022-12-30,fever_op,Kerala,2,2,0.0001873369664681,0.0001873369664681
2022-12-30,hepatitis_c,Kerala,1,1,0.0112290424834412,0.0112290424834412
2022-12-30,influenza_h1n1_seasonal,Kerala,2,2,0.0,0.0
2022-12-30,leptospirosis_confirmed,Kerala,1,1,0.9999999983333334,0.9999999983333334
2022-12-30,malaria,Kerala,1,1,0.1499229350079211,0.1499229350079211
2022-12-30,monkeypox,Kerala,1,1,0.0,0.0
2022-12-30,scrub_typhus,Kerala,4,4,0.4784777033413006,0.4784777033413006
2022-12-30,typhoid,Kerala,1,1,0.0,0.0
2022-12-31,acute_diarrheal_disease,Kerala,2,2,0.0,0.0
2022-12-31,dengue,Kerala,3,3,0.0069539726798337,0.0068113302344724
2022-12-31,fever_ip,Kerala,2,2,0.0064075964680278,0.0064075964680278
2022-12-31,fever_op,Kerala,3,3,0.0077633873834309,0.0031408035764438
2022-12-31,hepatitis_a_probable,Kerala,1,1,8.062399085639016e-05,8.062399085639016e-05
2022-12-31,hepatitis_c,Kerala,4,4,0.0032756075582271,0.0032756075582271
2022-12-31,leptospirosis_confirmed,Kerala,1,1,0.0,0.0
2022-12-31,malaria,Kerala,3,3,1.0001341668291144,0.9999999983333334
2022-12-31,typhoid,Kerala,2,2,0.0,0.0
2023-01-01,acute_diarrheal_disease,Kerala,3,3,0.3271473017543699,0.3107088387026347
2023-01-01,chicken_pox,Kerala,1,1,0.0,0.0
2023-01-01,hepatitis_c,Kerala,3,3,1.0000806223241898,0.9999999983333334
2023-01-01,leptospirosis_confirmed,Kerala,2,3,0.0,0.0
2023-01-01,malaria,Kerala,1,1,0.0002015599771409,0.0002015599771409
2023-01-02,acute_diarrheal_disease,Kerala,2,2,0.0039400788763928,0.0039400788763928
2023-01-02,chicken_pox,Kerala,2,2,0.0007734182337426,0.0007734182337426
2023-01-02,leptospirosis_confirmed,Kerala,3,3,0.0102795588341897,0.0102795588341897
2023-01-02,malaria,Kerala,2,2,0.0070428900333449,0.0039744847946078
2023-01-03,acute_diarrheal_disease,Kerala,3,3,1.0058189349531703,0.9999999983333334
2023-01-03,chicken_pox,Kerala,3,5,0.007052301127470801,0.0040311995428195
2023-01-04,acute_diarrheal_disease,Kerala,4,4,0.0017982018708914,0.001009353369937
2023-01-05,acute_diarrheal_disease,Kerala,1,1,0.0067321032365085,0.0067321032365085
2023-02-01,dengue,Kerala,3,3,0.002820106359958295,0.0027797943645301
2023-02-01,hepatitis_a_probable,Kerala,2,2,0.0,0.0
2023-02-01,shigella,Kerala,1,1,0.0,0.0
2023-02-01,typhoid,Kerala,1,1,0.0,0.0
2023-02-02,hepatitis_a_probable,Kerala,2,2,0.000812896355286,0.000812896355286
2023-02-02,shigella,Kerala,1,1,0.0,0.0
2023-02-03,hepatitis_a_probable,Kerala,2,2,0.0001343733180939,0.0001343733180939
2023-02-03,typhoid,Kerala,2,2,0.9999999983333334,0.9999999983333334
2023-02-04,acute_diarrheal_disease,Kerala,2,2,0.0033862076159683,0.0033862076159683
2023-02-04,chicken_pox,Kerala,3,3,0.0233567924374894,0.0233567924374894
2023-02-05,acute_diarrheal_disease,Kerala,3,3,0.504067171305339,0.504067171305339
2023-02-05,chicken_pox,Kerala,2,2,0.0089373747931253,0.0089373747931253
2023-03-01,dengue,Kerala,2,2,0.7492189809914502,0.7322539618670655
2023-03-01,fever_ip,Kerala,1,1,0.0728236814784609,0.0728236814784609
2023-03-01,scrub_typhus,Kerala,2,2,0.0,0.0
2023-03-02,dengue,Kerala,2,2,0.5391727312010559,0.5024376146619339
2023-03-02,fever_ip,Kerala,1,1,0.0,0.0
2023-03-02,hepatitis_a_confirmed,Kerala,1,1,0.0,0.0
2023-03-02,malaria,Kerala,1,1,0.0074468222356446,0.0074468222356446
2023-03-02,scrub_typhus,Kerala,1,1,0.0,0.0
2023-03-03,fever_ip,Kerala,2,2,0.00024187197256909509,0.0002015599771409
2023-03-03,hepatitis_a_confirmed,Kerala,1,1,0.0004098278159216,0.0004098278159216
2023-03-03,hepatitis_c,Kerala,1,1,1.3470459785498836e-05,1.3470459785498836e-05
2023-03-03,malaria,Kerala,3,3,0.0001612479817127,0.0001612479817127
2023-03-03,monkeypox,Kerala,1,1,0.0,0.0
2023-03-04,hepatitis_a_confirmed,Kerala,1,1,0.0011261283761285,0.0011261283761285
2023-03-04,hepatitis_a_probable,Kerala,1,1,0.0107470835613444,0.0107470835613444
2023-03-04,shigella,Kerala,1,1,0.0,0.0
2023-03-05,hepatitis_a_confirmed,Kerala,2,2,0.0,0.0
2023-03-05,hepatitis_a_probable,Kerala,2,2,0.0008692918838419975,0.0008491358861279
2023-03-06,hepatitis_a_confirmed,Kerala,1,1,0.0,0.0
2023-03-06,hepatitis_a_probable,Kerala,1,1,0.9744990837201752,0.9744990837201752
2023-03-07,shigella,Kerala,1,1,0.0017847066243839,0.0017847066243839
2023-04-01,fever_op,Kerala,3,3,0.0583048200495222,0.0526656389353124
2023-04-01,food_poisoning,Kerala,1,1,0.0,0.0
2023-04-01,leptospirosis_probable,Kerala,1,1,0.0142001452873726,0.0142001452873726
2023-04-02,fever_op,Kerala,2,2,0.0002524276024111,0.0002524276024111
2023-04-02,food_poisoning,Kerala,1,1,0.0008963818793054,0.0008963818793054
2023-04-02,leptospirosis_probable,Kerala,4,4,0.0020465932027392,0.0020465932027392
2023-04-03,fever_op,Kerala,2,2,0.0006413271999939863,0.0006046799314229
2023-04-03,leptospirosis_confirmed,Kerala,1,1,0.0001612479817127,0.0001612479817127
2023-04-04,fever_op,Kerala,1,1,0.0,0.0
2023-04-04,food_poisoning,Kerala,2,2,0.0006041591577739,0.000476221269563
2023-04-04,leptospirosis_confirmed,Kerala,3,4,1.468896575774856,0.9569044489352944
2023-04-04,malaria,Kerala,1,1,0.0,0.0
2023-04-05,fever_op,Kerala,2,2,0.1770726000238055,0.1770726000238055
2023-04-05,leptospirosis_confirmed,Kerala,1,1,0.0011053065178851,0.0011053065178851
2023-04-05,malaria,Kerala,4,5,0.0004031199542819,0.0004031199542819
2023-04-06,fever_op,Kerala,1,1,0.0212436013734922,0.0212436013734922
2023-04-06,food_poisoning,Kerala,2,2,0.0,0.0
2023-04-06,malaria,Kerala,1,1,4.031199542819508e-05,4.031199542819508e-05
2023-04-07,food_poisoning,Kerala,1,1,2.6874663618796715e-05,2.6874663618796715e-05
2023-04-07,hepatitis_a_probable,Kerala,2,2,0.0028269274914816,0.0028269274914816
2023-04-08,hepatitis_a_probable,Kerala,1,1,0.0,0.0
2023-04-10,shigella,Kerala,1,1,8.755798860574261e-05,8.755798860574261e-05
2023-04-11,shigella,Kerala,1,1,0.0,0.0
2023-04-14,shigella,Kerala,1,1,2.6874663618796715e-05,2.6874663618796715e-05
2023-05-01,hepatitis_b,Kerala,3,3,0.0279158887062083,0.0223935857741974
2023-05-02,cholera,Kerala,1,1,0.0,0.0
2023-05-02,dengue,Kerala,4,4,0.0137344129179486,0.0103892329206579
2023-05-02,hepatitis_b,Kerala,1,1,0.9999999983333334,0.9999999983333334
2023-05-02,rabies_confirmed,Kerala,1,1,0.0,0.0
2023-05-03,chikungunya,Kerala,1,1,0.0,0.0
2023-05-03,dengue,Kerala,8,9,0.0811332078464169,0.0612840224473707
2023-05-03,hepatitis_b,Kerala,1,1,0.0402820938986409,0.0402820938986409
2023-05-03,scrub_typhus,Kerala,2,2,4.327611273909177e-05,4.327611273909177e-05
2023-05-04,acute_encephalitis_syndrome,Kerala,1,1,0.0,0.0
2023-05-04,dengue,Kerala,1,1,0.0,0.0
2023-05-04,fever_ip,Kerala,3,3,0.0023110118132462,0.0023110118132462
2023-05-04,hepatitis_b,Kerala,1,1,0.0017898525970118,0.0017898525970118
2023-05-04,scrub_typhus,Kerala,2,2,0.015742614261839,0.015742614261839
2023-05-05,hepatitis_b,Kerala,3,3,9.252238948646267e-05,9.252238948646267e-05
2023-05-06,fever_ip,Kerala,4,5,0.0529020168237724,0.0515898119147148
2023-05-06,hepatitis_b,Kerala,2,2,0.0,0.0
2023-05-06,leptospirosis_confirmed,Kerala,1,1,0.000352104082183,0.000352104082183
2023-05-07,fever_ip,Kerala,1,1,0.0015783914644409,0.0015783914644409
2023-05-07,fever_op,Kerala,1,1,0.0,0.0
2023-05-07,hepatitis_a_confirmed,Kerala,1,1,0.003824437658557,0.003824437658557
2023-05-07,hepatitis_b,Kerala,1,1,0.0002015599771409,0.0002015599771409
2023-05-07,leptospirosis_confirmed,Kerala,2,2,0.0,0.0
2023-05-07,malaria,Kerala,1,1,8.062399085639016e-05,8.062399085639016e-05
2023-05-08,fever_op,Kerala,2,2,0.0,0.0
2023-05-08,hepatitis_a_confirmed,Kerala,1,1,0.0002112173812643,0.0002112173812643
2023-05-08,rabies_probable,Kerala,1,1,0.0,0.0
2023-05-09,fever_op,Kerala,2,2,0.0,0.0
2023-05-09,rabies_probable,Kerala,1,1,0.0,0.0
2023-05-11,chikungunya,Kerala,1,1,0.0,0.0
2023-05-15,chikungunya,Kerala,1,1,0.0,0.0
2023-06-03,dengue,Kerala,1,1,0.0001902007602943,0.0001902007602943
2023-06-03,hepatitis_b,Kerala,1,1,0.0004952616581178,0.0004952616581178
2023-06-03,leptospirosis_probable,Kerala,3,3,0.0433097294800748,0.0311291366254869
2023-06-03,malaria,Kerala,1,1,2.5397914458045536e-05,2.5397914458045536e-05
2023-06-04,dengue,Kerala,6,7,1.0123219460620996,0.6677047302580545
2023-06-04,hepatitis_c,Kerala,1,1,0.0,0.0
2023-06-04,leptospirosis_probable,Kerala,1,1,0.0,0.0
2023-06-04,typhoid,Kerala,1,1,0.0702731865045223,0.0702731865045223
2023-06-05,dengue,Kerala,6,8,0.0124003915530375,0.0117748091054667
2023-06-05,hepatitis_c,Kerala,2,2,0.3200133835908242,0.3200133835908242
2023-06-05,leptospirosis_probable,Kerala,1,1,0.0004165572860913,0.0004165572860913
2023-06-05,typhoid,Kerala,2,2,0.0,0.0
2023-06-06,dengue,Kerala,2,2,0.1535492848514157,0.1534819861231015
2023-06-06,leptospirosis_probable,Kerala,2,2,0.0200385472925326,0.0200385472925326
2023-06-06,typhoid,Kerala,2,3,0.1203875123267042,0.1189404979270263
2023-06-08,hepatitis_b,Kerala,3,3,0.7750890559686158,0.7750890559686158
2023-06-08,malaria,Kerala,1,1,0.0011892038651317,0.0011892038651317
2023-06-09,hepatitis_b,Kerala,3,3,0.0003676453983051,0.0003676453983051
2023-06-09,malaria,Kerala,3,3,0.0746959273992618,0.0746959273992618
2023-06-10,dengue,Kerala,1,1,0.0001036594168153,0.0001036594168153
2023-06-10,malaria,Kerala,4,4,0.5255905888609794,0.5068967584829708
2023-06-11,hepatitis_b,Kerala,1,1,2.267549742835973e-05,2.267549742835973e-05
2023-06-12,hepatitis_b,Kerala,3,3,0.0480846095810641,0.0479272228572812
2023-06-17,hepatitis_c,Kerala,1,1,0.0,0.0
2023-06-24,dengue,Kerala,2,2,0.0002496013793769,0.0002496013793769
2023-06-24,leptospirosis_probable,Kerala,1,1,0.0,0.0
2023-06-24,malaria,Kerala,1,1,0.0,0.0
2023-07-01,acute_diarrheal_disease,Kerala,1,1,0.0,0.0
2023-07-01,acute_encephalitis_syndrome,Kerala,1,1,0.0,0.0
2023-07-01,hepatitis_a_confirmed,Kerala,1,1,0.0,0.0
2023-07-05,scrub_typhus,Kerala,1,1,0.0021396833473771,0.0021396833473771
2023-07-06,acute_diarrheal_disease,Kerala,2,2,0.008893338153948301,0.0086486150656177
2023-07-06,dengue,Kerala,6,6,0.0640422611140454,0.0619258749501076
2023-07-06,scrub_typhus,Kerala,1,1,0.0,0.0
2023-07-07,acute_diarrheal_disease,Kerala,6,7,0.17665160634971544,0.1666956105189485
2023-07-07,dengue,Kerala,5,7,1.9673466010775342,0.9999999983333334
2023-07-07,fever_ip,Kerala,1,1,0.0,0.0
2023-07-07,hepatitis_c,Kerala,1,1,0.0,0.0
2023-07-07,leptospirosis_probable,Kerala,1,1,0.0003838136646328,0.0003838136646328
2023-07-08,acute_encephalitis_syndrome,Kerala,1,1,0.0,0.0
2023-07-08,dengue,Kerala,3,3,0.0020419004663145,0.0020419004663145
2023-07-08,fever_ip,Kerala,1,1,0.0001270639830794,0.0001270639830794
2023-07-08,fever_op,Kerala,1,1,0.0002149973089503,0.0002149973089503
2023-07-08,hepatitis_a_confirmed,Kerala,3,3,0.0006853039222792,0.0005643679359947
2023-07-08,hepatitis_c,Kerala,4,4,0.4827273140033883,0.4821550930812713
2023-07-08,leptospirosis_confirmed,Kerala,1,1,0.0,0.0
2023-07-09,fever_ip,Kerala,1,1,0.0,0.0
2023-07-09,hepatitis_a_confirmed,Kerala,3,3,0.0002015599771409,0.0002015599771409
2023-07-09,leptospirosis_confirmed,Kerala,1,1,0.0285149645220532,0.0285149645220532
2023-07-10,fever_ip,Kerala,1,1,0.0004434319497101,0.0004434319497101
2023-07-10,fever_op,Kerala,1,1,0.0029433852157044,0.0029433852157044
2023-07-10,hepatitis_a_confirmed,Kerala,1,1,0.0,0.0
2023-07-11,fever_op,Kerala,2,2,0.0111150986775067,0.0095563681876165
2023-07-11,hepatitis_a_confirmed,Kerala,1,1,0.0,0.0
2023-07-12,fever_op,Kerala,1,1,0.0,0.0
2023-07-12,hepatitis_a_confirmed,Kerala,3,3,0.0,0.0
2023-07-13,hepatitis_a_confirmed,Kerala,2,4,0.008040227488153449,0.0080301494892964
2023-07-15,dengue,Kerala,2,2,0.0008062399085639,0.0008062399085639
2023-07-15,fever_ip,Kerala,1,1,0.0020623717221775,0.0020623717221775
2023-07-15,hepatitis_c,Kerala,1,2,0.0,0.0
2023-07-15,leptospirosis_confirmed,Kerala,1,1,0.0001770805933447,0.0001770805933447
2023-07-22,leptospirosis_probable,Kerala,1,1,0.0,0.0
2023-07-29,dengue,Kerala,1,1,0.0002741215689117,0.0002741215689117
2023-08-05,dengue,Kerala,2,2,0.0019724584062439,0.0016499624428184
2023-08-07,acute_diarrheal_disease,Kerala,2,2,0.0,0.0
2023-08-07,chicken_pox,Kerala,2,2,0.0546572494815651,0.0546572494815651
2023-08-08,acute_diarrheal_disease,Kerala,4,5,0.004798359019223595,0.0047580470237954
2023-08-08,chicken_pox,Kerala,1,1,0.0195710176175796,0.0195710176175796
2023-08-08,dengue,Kerala,6,6,0.8548958904970749,0.8441977555786442
2023-08-08,scrub_typhus,Kerala,3,3,0.0,0.0
2023-08-09,cholera,Kerala,1,1,0.0,0.0
2023-08-09,dengue,Kerala,5,5,0.15960144804181808,0.1543477633039121
2023-08-10,chicken_pox,Kerala,1,1,2.6874663618796715e-05,2.6874663618796715e-05
2023-08-10,cholera,Kerala,2,2,0.0,0.0
2023-08-10,dengue,Kerala,6,10,0.0114414158240631,0.0087366988536468
2023-08-11,dengue,Kerala,3,3,0.008295893126634622,0.0082505217309705
2023-08-11,fever_ip,Kerala,1,1,0.0,0.0
2023-08-12,acute_encephalitis_syndrome,Kerala,2,2,0.0018245369708709,0.0018245369708709
2023-08-12,fever_ip,Kerala,1,2,0.009937845302383326,0.0098930763673996
2023-08-12,fever_op,Kerala,1,1,0.5046131521265224,0.5046131521265224
2023-08-12,malaria,Kerala,1,1,0.0,0.0
2023-08-13,fever_ip,Kerala,1,1,0.0256033923077169,0.0256033923077169
2023-08-13,fever_op,Kerala,3,3,0.9999999983333334,0.9999999983333334
2023-08-14,cholera,Kerala,1,1,0.0,0.0
2023-08-14,fever_ip,Kerala,1,1,0.0,0.0
2023-08-14,hepatitis_a_confirmed,Kerala,2,3,0.00607385926718579,0.0058051126309979
2023-08-15,cholera,Kerala,1,1,0.0,0.0
2023-08-15,hepatitis_a_confirmed,Kerala,1,1,0.0,0.0
2023-08-15,west_nile_confirmed,Kerala,1,1,0.0,0.0
2023-08-16,acute_encephalitis_syndrome,Kerala,1,1,0.7718842523320741,0.7718842523320741
2023-08-19,dengue,Kerala,1,1,0.0,0.0
2023-08-19,shigella,Kerala,3,3,0.0,0.0
2023-08-21,shigella,Kerala,2,2,0.1392503093336861,0.1392503093336861
2023-08-26,acute_diarrheal_disease,Kerala,1,1,0.0002821839679973,0.0002821839679973
2023-08-26,acute_encephalitis_syndrome,Kerala,1,1,0.0,0.0
2023-08-26,dengue,Kerala,2,2,0.0011124829825739,0.0009456502288252
2023-08-26,fever_ip,Kerala,1,1,0.0,0.0
2023-08-26,malaria,Kerala,1,1,0.0,0.0
2023-08-26,rabies_confirmed,Kerala,1,1,0.000221715974855,0.000221715974855
2023-09-02,acute_diarrheal_disease,Kerala,1,1,0.0,0.0
2023-09-02,dengue,Kerala,1,1,0.0,0.0
2023-09-02,fever_ip,Kerala,2,2,0.0034507235354385,0.0027363916310939
2023-09-02,malaria,Kerala,1,1,0.0,0.0
2023-09-02,scrub_typhus,Kerala,1,1,0.0,0.0
2023-09-07,typhoid,Kerala,1,1,0.0,0.0
2023-09-08,food_poisoning,Kerala,3,3,0.0,0.0
2023-09-09,acute_diarrheal_disease,Kerala,5,6,0.5513935422381366,0.5159404134643768
2023-09-09,dengue,Kerala,1,1,0.0,0.0
2023-09-09,food_poisoning,Kerala,1,1,0.0,0.0
2023-09-09,hepatitis_a_probable,Kerala,2,2,0.00024187197256909509,0.0002015599771409
2023-09-09,hepatitis_c,Kerala,1,1,0.0,0.0
2023-09-09,leptospirosis_confirmed,Kerala,4,4,1.0001814023127602,0.9999999983333334
2023-09-09,leptospirosis_probable,Kerala,2,2,0.0010077998857048,0.0010077998857048
2023-09-09,scrub_typhus,Kerala,3,3,0.0048930407242123,0.0048930407242123
2023-09-09,typhoid,Kerala,2,2,0.0,0.0
2023-09-10,acute_diarrheal_disease,Kerala,1,1,0.0,0.0
2023-09-10,chicken_pox,Kerala,2,2,0.001982902091622,0.0015308318571773
2023-09-10,food_poisoning,Kerala,1,1,0.009777049631314,0.009777049631314
2023-09-10,hepatitis_a_probable,Kerala,5,5,0.0007949538470923901,0.0005750702356659
2023-09-10,hepatitis_c,Kerala,1,1,0.0,0.0
2023-09-10,leptospirosis_confirmed,Kerala,3,3,0.0121426395753476,0.0070949111953623
2023-09-10,leptospirosis_probable,Kerala,1,1,0.0068682401579862,0.0068682401579862
2023-09-10,typhoid,Kerala,1,1,0.0,0.0
2023-09-11,acute_diarrheal_disease,Kerala,4,4,8.062399085639016e-05,8.062399085639016e-05
2023-09-11,chicken_pox,Kerala,1,1,2.015599771409754e-05,2.015599771409754e-05
2023-09-11,dengue,Kerala,7,9,0.3640752585967483,0.3461439833235197
2023-09-11,food_poisoning,Kerala,2,2,0.0204509833449555,0.0204509833449555
2023-09-11,hepatitis_a_probable,Kerala,2,2,0.0013644557453882,0.0013644557453882
2023-09-11,hepatitis_c,Kerala,3,3,0.001978615424266695,0.0019383034288385
2023-09-11,leptospirosis_confirmed,Kerala,2,2,0.0299062909455706,0.0299062909455706
2023-09-11,leptospirosis_probable,Kerala,3,3,0.0,0.0
2023-09-11,scrub_typhus,Kerala,1,1,4.031199542819508e-05,4.031199542819508e-05
2023-09-12,acute_diarrheal_disease,Kerala,2,2,0.0,0.0
2023-09-12,chicken_pox,Kerala,5,5,0.1267743246931285,0.1254850543920365
2023-09-12,dengue,Kerala,3,5,0.147310904737378,0.1445159397210233
2023-09-12,hepatitis_c,Kerala,1,2,0.0134090584871638,0.0129157017536584
2023-09-12,leptospirosis_confirmed,Kerala,1,1,0.0,0.0
2023-09-12,leptospirosis_probable,Kerala,1,1,0.0102535985123724,0.0102535985123724
2023-09-12,malaria,Kerala,1,1,0.0131396248247262,0.0131396248247262
2023-09-12,scrub_typhus,Kerala,2,2,0.2025074510612792,0.2025074510612792
2023-09-13,dengue,Kerala,9,11,0.0169400004177075,0.0048049213048217
2023-09-13,food_poisoning,Kerala,1,1,0.0012535478314778,0.0012535478314778
2023-09-13,hepatitis_c,Kerala,2,2,0.0,0.0
2023-09-13,leptospirosis_confirmed,Kerala,1,1,0.0,0.0
2023-09-13,leptospirosis_probable,Kerala,1,1,0.0052237079897429,0.0052237079897429
2023-09-13,malaria,Kerala,1,1,0.0010291382965651,0.0010291382965651
2023-09-14,chicken_pox,Kerala,2,2,0.0228462681708946,0.0228462681708946
2023-09-14,dengue,Kerala,8,9,1.358845921707475,0.9999999983333334
2023-09-14,fever_op,Kerala,2,2,0.0019812851169622,0.0017931624716307
2023-09-14,leptospirosis_confirmed,Kerala,2,2,0.0,0.0
2023-09-14,leptospirosis_probable,Kerala,3,4,0.0041858999073257,0.0035005959850464
2023-09-14,malaria,Kerala,1,1,0.0069269748181035,0.0069269748181035
2023-09-15,chicken_pox,Kerala,1,1,0.0,0.0
2023-09-15,fever_ip,Kerala,3,3,0.0107558336291946,0.0107558336291946
2023-09-15,fever_op,Kerala,4,4,0.01377078889779119,0.0136901649069348
2023-09-15,food_poisoning,Kerala,1,1,0.0,0.0
2023-09-15,hepatitis_a_confirmed,Kerala,2,2,0.0,0.0
2023-09-15,leptospirosis_confirmed,Kerala,1,1,0.9999999983333334,0.9999999983333334
2023-09-15,leptospirosis_probable,Kerala,2,2,0.0001463176130356,0.0001463176130356
2023-09-15,malaria,Kerala,1,1,0.0,0.0
2023-09-16,acute_encephalitis_syndrome,Kerala,1,1,0.0,0.0
2023-09-16,chicken_pox,Kerala,3,4,1.0471008972442706,0.9999999983333334
2023-09-16,dengue,Kerala,2,2,0.0,0.0
2023-09-16,fever_ip,Kerala,1,1,0.0028446739862831,0.0028446739862831
2023-09-16,fever_op,Kerala,2,2,0.020947270914590997,0.0196530949827449
2023-09-16,food_poisoning,Kerala,2,4,0.0,0.0
2023-09-16,hepatitis_a_probable,Kerala,1,1,0.0037824462692951,0.0037824462692951
2023-09-16,hepatitis_c,Kerala,2,2,0.0236214545242375,0.0236214545242375
2023-09-16,leptospirosis_confirmed,Kerala,1,1,2.5723969267965996e-05,2.5723969267965996e-05
2023-09-16,leptospirosis_probable,Kerala,1,1,0.0,0.0
2023-09-17,chicken_pox,Kerala,2,2,0.1520324091091913,0.1516696011503376
2023-09-17,fever_ip,Kerala,2,2,0.0538866498348558,0.0536203296129307
2023-09-17,fever_op,Kerala,2,2,0.0,0.0
2023-09-17,food_poisoning,Kerala,2,2,0.9999999983333334,0.9999999983333334
2023-09-17,hepatitis_a_confirmed,Kerala,2,2,4.031199542819508e-05,4.031199542819508e-05
2023-09-18,chicken_pox,Kerala,1,1,0.01454923792532,0.01454923792532
2023-09-18,fever_ip,Kerala,5,5,0.0006609672308577951,0.0004594072537169
2023-09-18,food_poisoning,Kerala,1,1,0.0,0.0
2023-09-18,hepatitis_a_confirmed,Kerala,1,1,0.0,0.0
2023-09-19,fever_ip,Kerala,1,1,0.4136065122736203,0.4136065122736203
2023-09-20,food_poisoning,Kerala,1,1,0.0477671218332954,0.0477671218332954
2023-09-21,chikungunya,Kerala,1,1,0.0,0.0
2023-09-21,fever_ip,Kerala,1,1,0.0001612479817127,0.0001612479817127
2023-09-21,food_poisoning,Kerala,1,1,0.0,0.0
2023-09-22,fever_ip,Kerala,3,3,0.11091760966828959,0.0813513420164769
2023-09-23,acute_diarrheal_disease,Kerala,1,1,0.0008289798884138,0.0008289798884138
2023-09-23,dengue,Kerala,1,1,0.0002687466361879,0.0002687466361879
2023-09-23,fever_ip,Kerala,1,1,0.0,0.0
2023-09-23,hepatitis_a_confirmed,Kerala,2,2,0.0137309644247496,0.0137309644247496
2023-09-23,leptospirosis_probable,Kerala,2,2,0.0145228554859673,0.0145228554859673
2023-09-25,chikungunya,Kerala,1,1,0.0,0.0
2023-09-27,chikungunya,Kerala,1,1,0.0,0.0
2023-09-29,chikungunya,Kerala,1,1,0.0,0.0
2023-09-30,dengue,Kerala,1,2,0.000692137863544212,0.0006276386708591
2023-09-30,fever_op,Kerala,1,1,0.0013772910164299,0.0013772910164299
2023-09-30,food_poisoning,Kerala,1,1,0.0,0.0
2023-09-30,hepatitis_a_confirmed,Kerala,1,1,0.0002821839679973,0.0002821839679973
2023-09-30,leptospirosis_confirmed,Kerala,1,1,0.0002687466361879,0.0002687466361879
2023-09-30,typhoid,Kerala,1,1,0.0,0.0
2023-10-01,influenza_h1n1_seasonal,Kerala,1,1,0.0,0.0
2023-10-02,influenza_h1n1_seasonal,Kerala,1,1,0.000476221269563,0.000476221269563
2023-10-03,influenza_h1n1_seasonal,Kerala,2,2,0.9999999983333334,0.9999999983333334
2023-10-04,influenza_h1n1_seasonal,Kerala,2,2,0.3362844115290449,0.3362844115290449
2023-10-05,influenza_h1n1_seasonal,Kerala,2,2,5.165332649912924e-05,5.165332649912924e-05
2023-10-07,acute_diarrheal_disease,Kerala,1,1,0.0,0.0
2023-10-07,dengue,Kerala,3,3,0.0014442350725898,0.0014442350725898
2023-10-07,hepatitis_a_probable,Kerala,1,1,0.0043837624801735,0.0043837624801735
2023-10-07,hepatitis_c,Kerala,1,2,0.0035437774902732262,0.0034714671137258
2023-10-07,influenza_h1n1_seasonal,Kerala,3,3,0.008868968973677,0.0081981361230504
2023-10-07,leptospirosis_confirmed,Kerala,1,1,0.0001007799885704,0.0001007799885704
2023-10-07,leptospirosis_probable,Kerala,1,1,8.062399085639016e-05,8.062399085639016e-05
2023-10-07,malaria,Kerala,1,1,0.0004031199542819,0.0004031199542819
2023-10-07,shigella,Kerala,1,1,0.0,0.0
2023-10-12,hepatitis_a_probable,Kerala,4,4,0.0279438777304304,0.0142269444002827
2023-10-13,acute_diarrheal_disease,Kerala,2,2,0.0,0.0
2023-10-13,hepatitis_a_probable,Kerala,3,3,0.0,0.0
2023-10-13,hepatitis_b,Kerala,2,2,8.958221206265572e-05,8.958221206265572e-05
2023-10-13,scrub_typhus,Kerala,2,2,0.0004419335154172,0.0004419335154172
2023-10-13,typhoid,Kerala,2,2,0.0,0.0
2023-10-13,zika,Kerala,1,1,0.0,0.0
2023-10-14,acute_diarrheal_disease,Kerala,4,4,0.0,0.0
2023-10-14,dengue,Kerala,2,2,0.003010349610274,0.003010349610274
2023-10-14,fever_op,Kerala,1,1,0.0,0.0
2023-10-14,hepatitis_a_probable,Kerala,2,3,0.0015318558262714,0.0015318558262714
2023-10-14,hepatitis_b,Kerala,1,1,0.0013562292185916,0.0013562292185916
2023-10-14,hepatitis_c,Kerala,2,2,0.0,0.0
2023-10-14,leptospirosis_probable,Kerala,3,3,0.0012093598628458,0.0007659279131357
2023-10-14,malaria,Kerala,1,1,0.0,0.0
2023-10-14,scrub_typhus,Kerala,1,1,0.0,0.0
2023-10-14,typhoid,Kerala,1,1,0.0,0.0
2023-10-14,west_nile_confirmed,Kerala,1,1,0.0,0.0
2023-10-15,acute_diarrheal_disease,Kerala,1,1,4.031199542819508e-05,4.031199542819508e-05
2023-10-15,dengue,Kerala,6,6,0.0457560240026919,0.0417041781243725
2023-10-15,hepatitis_a_probable,Kerala,2,2,0.0233908802459074,0.0233908802459074
2023-10-15,hepatitis_b,Kerala,1,1,0.0099273331542006,0.0099273331542006
2023-10-15,malaria,Kerala,1,1,0.0,0.0
2023-10-15,scrub_typhus,Kerala,1,1,0.0,0.0
2023-10-16,dengue,Kerala,8,10,0.1536327768172217,0.1451801394452795
2023-10-16,hepatitis_a_probable,Kerala,1,1,0.0,0.0
2023-10-16,hepatitis_b,Kerala,2,3,0.2365292711944206,0.1903419370174551
2023-10-16,hepatitis_c,Kerala,1,1,0.0,0.0
2023-10-16,leptospirosis_confirmed,Kerala,1,1,0.0,0.0
2023-10-16,leptospirosis_probable,Kerala,3,3,0.0148652474903935,0.0110161297116877
2023-10-16,malaria,Kerala,2,2,0.0004068713765407,0.0004068713765407
2023-10-16,scrub_typhus,Kerala,2,2,0.0171734542273013,0.0171734542273013
2023-10-16,typhoid,Kerala,1,1,0.0,0.0
2023-10-17,acute_diarrheal_disease,Kerala,4,5,1.5023847023975718,0.9936133647437816
2023-10-17,dengue,Kerala,6,6,0.0020818266210416926,0.0020213586278994
2023-10-17,hepatitis_a_probable,Kerala,2,2,0.0,0.0
2023-10-17,hepatitis_b,Kerala,1,1,0.0,0.0
2023-10-17,hepatitis_c,Kerala,2,2,0.6842077169302899,0.6842077169302899
2023-10-17,leptospirosis_confirmed,Kerala,1,1,0.0,0.0
2023-10-17,leptospirosis_probable,Kerala,1,1,0.0010372920682669,0.0010372920682669
2023-10-17,scrub_typhus,Kerala,2,2,0.2567412103990775,0.2566874610718399
2023-10-18,acute_diarrheal_disease,Kerala,2,2,2.015599771409754e-05,2.015599771409754e-05
2023-10-18,dengue,Kerala,6,7,1.001967505185226,0.9999999983333334
2023-10-18,fever_op,Kerala,2,2,0.0033355671685768003,0.0018508368277192
2023-10-18,hepatitis_a_probable,Kerala,1,1,0.0023952290030836,0.0023952290030836
2023-10-18,hepatitis_b,Kerala,3,3,0.0691531871412955,0.0665643014924564
2023-10-18,leptospirosis_confirmed,Kerala,1,1,0.0013281553341502,0.0013281553341502
2023-10-18,leptospirosis_probable,Kerala,1,1,0.0,0.0
2023-10-18,malaria,Kerala,4,5,0.0600575876237005,0.0534940179332148
2023-10-18,scrub_typhus,Kerala,2,2,0.003181259126435,0.0029925622628511
2023-10-18,typhoid,Kerala,2,2,0.0,0.0
2023-10-19,chicken_pox,Kerala,2,2,0.00039284434760411985,0.0003628079588537
2023-10-19,dengue,Kerala,8,12,0.3264809180169202,0.2255375029342516
2023-10-19,fever_op,Kerala,1,1,0.0002418719725691,0.0002418719725691
2023-10-19,hepatitis_b,Kerala,1,1,0.0,0.0
2023-10-19,leptospirosis_confirmed,Kerala,2,2,0.0006190062490505,0.0006190062490505
2023-10-19,leptospirosis_probable,Kerala,2,2,1.028733226651183,0.9999999983333334
2023-10-19,malaria,Kerala,1,1,0.0022967066897444,0.0022967066897444
2023-10-19,scrub_typhus,Kerala,1,1,0.0,0.0
2023-10-20,chicken_pox,Kerala,3,4,1.002195046960783,0.9999999983333334
2023-10-20,dengue,Kerala,8,11,0.2724290598870574,0.1872342820415845
2023-10-20,hepatitis_a_probable,Kerala,1,1,0.0,0.0
2023-10-20,hepatitis_c,Kerala,1,1,0.0,0.0
2023-10-20,leptospirosis_probable,Kerala,2,2,0.0211401313102923,0.0211401313102923
2023-10-20,malaria,Kerala,5,6,0.1527341778730562,0.0731179772226611
2023-10-21,acute_diarrheal_disease,Kerala,1,1,0.0003628079588537,0.0003628079588537
2023-10-21,dengue,Kerala,7,10,0.027740766649662782,0.0219201710672309
2023-10-21,fever_op,Kerala,4,4,0.4199416076215627,0.4185685519008553
2023-10-21,hepatitis_a_confirmed,Kerala,4,4,0.0026619793761726,0.0013864958185267
2023-10-21,hepatitis_a_probable,Kerala,1,1,0.0,0.0
2023-10-21,influenza_h1n1_seasonal,Kerala,1,1,0.0,0.0
2023-10-21,leptospirosis_confirmed,Kerala,2,2,0.0006388362063752,0.0006388362063752
2023-10-21,leptospirosis_probable,Kerala,2,2,0.0013468949060714,0.0013468949060714
2023-10-21,malaria,Kerala,5,5,0.002786409319584,0.0020191894153805
2023-10-21,scrub_typhus,Kerala,2,2,0.0002257471743978,0.0002257471743978
2023-10-21,zika,Kerala,1,1,0.0,0.0
2023-10-22,chicken_pox,Kerala,3,3,0.0351601534264433,0.0351601534264433
2023-10-22,dengue,Kerala,5,6,0.01908857132625853,0.0122296631451568
2023-10-22,hepatitis_a_confirmed,Kerala,1,1,0.0023145159558174,0.0023145159558174
2023-10-22,leptospirosis_confirmed,Kerala,1,1,0.0,0.0
2023-10-22,malaria,Kerala,1,1,0.0161982546133414,0.0161982546133414
2023-10-22,rabies_confirmed,Kerala,1,1,0.0,0.0
2023-10-23,chicken_pox,Kerala,1,1,0.0,0.0
2023-10-23,dengue,Kerala,3,3,8.192733345271523e-05,8.192733345271523e-05
2023-10-23,fever_op,Kerala,3,3,0.7085646721406352,0.7085162213448105
2023-10-23,leptospirosis_confirmed,Kerala,2,2,0.5293177858464277,0.5293177858464277
2023-10-23,leptospirosis_probable,Kerala,1,1,0.0,0.0
2023-10-23,shigella,Kerala,2,2,0.0128466902648407,0.0128466902648407
2023-10-24,chicken_pox,Kerala,1,1,0.0006784584890933,0.0006784584890933
2023-10-24,fever_op,Kerala,3,3,0.0,0.0
2023-10-24,hepatitis_a_confirmed,Kerala,1,1,0.0,0.0
2023-10-24,leptospirosis_confirmed,Kerala,2,2,0.854938355066805,0.851511733659102
2023-10-24,leptospirosis_probable,Kerala,2,2,0.2626348829565532,0.2626348829565532
2023-10-25,chicken_pox,Kerala,1,1,0.0,0.0
2023-10-25,fever_ip,Kerala,1,1,0.0,0.0
2023-10-25,fever_op,Kerala,1,1,0.0136394631854302,0.0136394631854302
2023-10-25,leptospirosis_probable,Kerala,3,3,0.0431908399143419,0.0290351777582171
2023-10-25,shigella,Kerala,1,1,0.0003828260817169,0.0003828260817169
2023-10-26,fever_ip,Kerala,2,2,0.0018368864152775,0.0018368864152775
2023-10-26,fever_op,Kerala,1,1,0.1733486020812107,0.1733486020812107
2023-10-26,hepatitis_a_confirmed,Kerala,1,1,0.0036151083724923,0.0036151083724923
2023-10-26,leptospirosis_confirmed,Kerala,2,2,0.0145929423450065,0.0143510703724374
2023-10-26,leptospirosis_probable,Kerala,3,3,0.0014891682554173,0.0010860483011354
2023-10-26,shigella,Kerala,2,2,0.0,0.0
2023-10-27,fever_ip,Kerala,2,2,0.0,0.0
2023-10-27,hepatitis_a_confirmed,Kerala,3,3,0.0015231557950443,0.0015231557950443
2023-10-27,leptospirosis_probable,Kerala,1,1,0.001269861779297,0.001269861779297
2023-10-28,acute_diarrheal_disease,Kerala,1,1,3.3198113882043e-05,3.3198113882043e-05
2023-10-28,amoebic_meningo_encephalitis_confirmed,Kerala,1,1,0.0,0.0
2023-10-28,chicken_pox,Kerala,1,1,0.0,0.0
2023-10-28,dengue,Kerala,4,4,0.0005038999428523,0.0004031199542819
2023-10-28,fever_ip,Kerala,2,2,0.0,0.0
2023-10-28,hepatitis_a_confirmed,Kerala,1,1,0.0001074986544751,0.0001074986544751
2023-10-28,hepatitis_c,Kerala,1,1,0.0,0.0
2023-10-28,shigella,Kerala,2,2,0.0008289798884138,0.0008289798884138
2023-10-30,west_nile_confirmed,Kerala,1,1,0.0,0.0
2023-11-04,acute_diarrheal_disease,Kerala,2,2,0.0019480043568168264,0.0019307277873476
2023-11-04,chicken_pox,Kerala,1,1,0.0,0.0
2023-11-04,dengue,Kerala,2,2,0.0016124798171278,0.0016124798171278
2023-11-04,fever_op,Kerala,1,1,0.0002149973089503,0.0002149973089503
2023-11-04,hepatitis_a_confirmed,Kerala,1,1,0.0,0.0
2023-11-04,hepatitis_a_probable,Kerala,1,1,0.0,0.0
2023-11-04,influenza_h1n1_seasonal,Kerala,1,2,0.0,0.0
2023-11-04,scrub_typhus,Kerala,1,1,0.0001482413135926,0.0001482413135926
2023-11-08,influenza_h1n1_seasonal,Kerala,2,2,0.0,0.0
2023-11-09,influenza_h1n1_seasonal,Kerala,4,4,0.0206676731978597,0.0130346111704255
2023-11-10,influenza_h1n1_seasonal,Kerala,3,3,0.014483568803753701,0.0120292079786061
2023-11-11,acute_diarrheal_disease,Kerala,1,1,0.0,0.0
2023-11-11,acute_encephalitis_syndrome,Kerala,1,1,0.0,0.0
2023-11-11,chicken_pox,Kerala,1,1,0.0004031199542819,0.0004031199542819
2023-11-11,dengue,Kerala,2,2,0.0039991341228527,0.0039991341228527
2023-11-11,hepatitis_a_probable,Kerala,1,1,0.0,0.0
2023-11-11,hepatitis_b,Kerala,1,1,0.0,0.0
2023-11-11,influenza_h1n1_seasonal,Kerala,1,1,0.0,0.0
2023-11-11,leptospirosis_confirmed,Kerala,1,1,0.0008454114634174,0.0008454114634174
2023-11-11,malaria,Kerala,1,1,0.0,0.0
2023-11-11,scrub_typhus,Kerala,1,1,0.0062483592913702,0.0062483592913702
2023-11-11,typhoid,Kerala,1,1,0.0,0.0
2023-11-12,influenza_h1n1_seasonal,Kerala,4,4,0.0553099445265771,0.0553099445265771
2023-11-13,influenza_h1n1_seasonal,Kerala,2,2,0.061745522655632205,0.0596219951430516
2023-11-17,influenza_h1n1_seasonal,Kerala,1,1,0.0039690568562368,0.0039690568562368
2023-11-18,acute_diarrheal_disease,Kerala,3,3,0.0,0.0
2023-11-18,acute_encephalitis_syndrome,Kerala,1,1,6.803160993758527e-05,6.803160993758527e-05
2023-11-18,dengue,Kerala,4,4,0.0042986921381177,0.0035176694017029
2023-11-18,food_poisoning,Kerala,1,1,0.0022987858461504,0.0022987858461504
2023-11-18,influenza_h1n1_seasonal,Kerala,3,3,1.0013563354287418,0.9999999983333334
2023-11-19,acute_diarrheal_disease,Kerala,1,1,0.0,0.0
2023-11-19,hepatitis_b,Kerala,3,3,0.0281585277205538,0.0156542104451134
2023-11-19,influenza_h1n1_seasonal,Kerala,1,1,0.0,0.0
2023-11-19,scrub_typhus,Kerala,2,2,0.1599948279686945,0.1599948279686945
2023-11-19,typhoid,Kerala,1,1,0.0014192119468498,0.0014192119468498
2023-11-20,acute_diarrheal_disease,Kerala,5,6,0.000517337274661786,0.0004031199542819
2023-11-20,hepatitis_b,Kerala,3,3,0.0134316266935394,0.0112546069872927
2023-11-20,influenza_h1n1_seasonal,Kerala,1,1,0.0,0.0
2023-11-20,scrub_typhus,Kerala,1,1,9.674937949140096e-05,9.674937949140096e-05
2023-11-20,typhoid,Kerala,2,2,0.0016579597768276,0.0016579597768276
2023-11-21,acute_diarrheal_disease,Kerala,5,5,1.0026502163770665,0.9999999983333334
2023-11-21,cholera,Kerala,1,1,0.0281886698127287,0.0281886698127287
2023-11-21,hepatitis_a_probable,Kerala,2,2,0.0004031199542819,0.0004031199542819
2023-11-21,hepatitis_b,Kerala,2,3,0.05919749688158953,0.0555787345363528
2023-11-21,influenza_h1n1_seasonal,Kerala,3,3,5.795279225613556e-05,5.795279225613556e-05
2023-11-21,scrub_typhus,Kerala,1,1,0.0002975133932991,0.0002975133932991
2023-11-22,acute_diarrheal_disease,Kerala,1,1,0.0,0.0
2023-11-22,dengue,Kerala,2,2,0.0005643679359947,0.0005643679359947
2023-11-22,hepatitis_a_probable,Kerala,2,2,0.0540994851232343,0.0540994851232343
2023-11-22,hepatitis_b,Kerala,3,3,0.4113272604162463,0.4113272604162463
2023-11-22,scrub_typhus,Kerala,1,1,0.0,0.0
2023-11-22,typhoid,Kerala,2,2,0.0543468333785981,0.0543468333785981
2023-11-23,acute_diarrheal_disease,Kerala,4,4,1.0174438831382877,0.9999999983333334
2023-11-23,dengue,Kerala,7,9,0.00045472053251837123,0.0004251083154246
2023-11-23,hepatitis_a_probable,Kerala,2,2,0.0,0.0
2023-11-23,hepatitis_b,Kerala,3,3,0.0063289832822266,0.0063289832822266
2023-11-23,hepatitis_c,Kerala,1,1,0.0,0.0
2023-11-23,scrub_typhus,Kerala,3,3,0.0025216136647242997,0.0016590331615284
2023-11-24,acute_diarrheal_disease,Kerala,4,4,0.0072065950263133,0.0072065950263133
2023-11-24,acute_encephalitis_syndrome,Kerala,1,1,0.0,0.0
2023-11-24,dengue,Kerala,8,11,1.0109080744039411,0.9999999983333334
2023-11-24,food_poisoning,Kerala,1,1,0.003255451560513,0.003255451560513
2023-11-24,hepatitis_c,Kerala,1,1,0.0,0.0
2023-11-24,malaria,Kerala,1,1,0.0,0.0
2023-11-24,scrub_typhus,Kerala,2,2,0.0,0.0
2023-11-25,dengue,Kerala,11,13,0.05488832808706923,0.0421068218754694
2023-11-25,hepatitis_a_probable,Kerala,1,1,0.0,0.0
2023-11-25,hepatitis_c,Kerala,1,2,0.0015584339554216,0.0015584339554216
2023-11-25,influenza_h1n1_seasonal,Kerala,1,1,0.0017726077608968,0.0017726077608968
2023-11-25,leptospirosis_probable,Kerala,1,1,0.0,0.0
2023-11-25,malaria,Kerala,2,2,0.0015467068446145997,0.0009974129186244
2023-11-25,rabies_confirmed,Kerala,1,1,0.0,0.0
2023-11-26,dengue,Kerala,7,9,0.012933612766291002,0.0100596263206185
2023-11-26,food_poisoning,Kerala,1,1,0.000402483537465,0.000402483537465
2023-11-26,hepatitis_a_probable,Kerala,1,1,0.0033593329523495,0.0033593329523495
2023-11-26,hepatitis_b,Kerala,2,2,0.0009534886754817188,0.0009394793973048
2023-11-26,hepatitis_c,Kerala,2,2,0.0,0.0
2023-11-26,malaria,Kerala,3,3,0.0002171614720769926,0.0001566934789347
2023-11-27,chicken_pox,Kerala,1,1,0.0001074986544751,0.0001074986544751
2023-11-27,dengue,Kerala,7,12,0.1245207602358708,0.0952950827049502
2023-11-27,food_poisoning,Kerala,2,2,0.021166106609595,0.021166106609595
2023-11-27,hepatitis_a_confirmed,Kerala,2,2,0.0047299668197720995,0.003387159561276
2023-11-27,hepatitis_b,Kerala,1,1,0.0001244499113423,0.0001244499113423
2023-11-27,hepatitis_c,Kerala,2,2,0.0,0.0
2023-11-27,leptospirosis_confirmed,Kerala,1,1,0.0002539385094526,0.0002539385094526
2023-11-28,chicken_pox,Kerala,2,2,0.023578153518710503,0.0195501021846152
2023-11-28,dengue,Kerala,9,9,0.0982620221052292,0.0834963309712903
2023-11-28,fever_op,Kerala,1,1,0.0,0.0
2023-11-28,food_poisoning,Kerala,1,1,2.6874663618796715e-05,2.6874663618796715e-05
2023-11-28,hepatitis_b,Kerala,1,1,0.0,0.0
2023-11-28,hepatitis_c,Kerala,1,1,0.0,0.0
2023-11-29,chicken_pox,Kerala,2,2,0.0,0.0
2023-11-29,food_poisoning,Kerala,1,1,0.0003099199589947,0.0003099199589947
2023-11-29,hepatitis_a_confirmed,Kerala,1,1,0.0002150567552804,0.0002150567552804
2023-11-29,hepatitis_b,Kerala,1,1,0.0,0.0
2023-11-29,hepatitis_c,Kerala,1,1,0.0015119766837861,0.0015119766837861
2023-11-29,leptospirosis_confirmed,Kerala,1,1,0.0014329082011294,0.0014329082011294
2023-11-29,leptospirosis_probable,Kerala,1,1,0.0643522249236427,0.0643522249236427
2023-11-30,chicken_pox,Kerala,3,3,0.0083605470498734,0.0082438030650658
2023-11-30,hepatitis_a_confirmed,Kerala,4,4,0.10788541041220298,0.1035307655340986
2023-11-30,hepatitis_b,Kerala,1,2,0.0,0.0
2023-12-02,acute_diarrheal_disease,Kerala,1,1,0.0,0.0
2023-12-02,dengue,Kerala,1,1,0.0001289983853702,0.0001289983853702
2023-12-02,influenza_h1n1_seasonal,Kerala,1,1,0.0007171055034443,0.0007171055034443
2023-12-02,malaria,Kerala,1,1,0.0,0.0
2023-12-02,scrub_typhus,Kerala,1,1,0.0,0.0
2023-12-05,hepatitis_e,Kerala,1,1,0.0,0.0
2023-12-09,acute_diarrheal_disease,Kerala,2,2,0.0,0.0
2023-12-09,hepatitis_a_probable,Kerala,1,1,0.0005240559405665,0.0005240559405665
2023-12-09,influenza_h1n1_seasonal,Kerala,1,1,0.0,0.0
2023-12-09,malaria,Kerala,1,1,0.000870739101249,0.000870739101249
2023-12-09,scrub_typhus,Kerala,1,1,0.006403498677576,0.006403498677576
2023-12-09,typhoid,Kerala,1,1,0.0,0.0
2023-12-16,malaria,Kerala,1,1,0.0166401742220293,0.0166401742220293
2023-12-22,influenza_h1n1_seasonal,Kerala,1,1,0.0021352306989344,0.0021352306989344
2023-12-23,dengue,Kerala,1,1,0.0,0.0
2023-12-23,influenza_h1n1_seasonal,Kerala,4,4,0.0912572423384317,0.0907050197431786
2023-12-23,scrub_typhus,Kerala,1,1,0.0,0.0
2023-12-25,acute_diarrheal_disease,Kerala,2,2,0.2139634428756098,0.2122257340728656
2023-12-25,influenza_h1n1_seasonal,Kerala,1,1,0.0,0.0
2023-12-25,typhoid,Kerala,1,1,0.0,0.0
2023-12-26,acute_diarrheal_disease,Kerala,3,3,0.0061632031826845,0.00580492734166
2023-12-26,acute_encephalitis_syndrome,Kerala,2,2,0.0004405325050799,0.0004405325050799
2023-12-26,influenza_h1n1_seasonal,Kerala,2,2,0.0,0.0
2023-12-26,scrub_typhus,Kerala,2,2,0.0142159032723132,0.0142159032723132
2023-12-26,typhoid,Kerala,1,1,0.4071764869327785,0.4071764869327785
2023-12-27,acute_diarrheal_disease,Kerala,6,7,0.29052161925279885,0.2331599822451839
2023-12-27,acute_encephalitis_syndrome,Kerala,1,1,0.006129863830659,0.006129863830659
2023-12-27,influenza_h1n1_seasonal,Kerala,1,1,0.0005298147970562,0.0005298147970562
2023-12-27,malaria,Kerala,1,1,6.910627787690584e-05,6.910627787690584e-05
2023-12-27,scrub_typhus,Kerala,1,1,8.062399085639016e-05,8.062399085639016e-05
2023-12-27,typhoid,Kerala,1,1,0.0,0.0
2023-12-28,acute_diarrheal_disease,Kerala,2,2,0.0,0.0
2023-12-28,influenza_h1n1_seasonal,Kerala,4,5,0.0024329036197034,0.0024329036197034
2023-12-28,malaria,Kerala,1,1,0.0,0.0
2023-12-29,acute_diarrheal_disease,Kerala,4,4,0.0,0.0
2023-12-29,acute_encephalitis_syndrome,Kerala,1,1,0.0104947717992585,0.0104947717992585
2023-12-29,fever_ip,Kerala,4,5,0.0001180565580397,0.0001180565580397
2023-12-29,fever_op,Kerala,3,3,0.0003871313918108,0.0003871313918108
2023-12-29,scrub_typhus,Kerala,1,1,0.0001074986544751,0.0001074986544751
2023-12-30,acute_diarrheal_disease,Kerala,3,3,0.0004083484551939,0.0002355827605017
2023-12-30,dengue,Kerala,6,7,0.02421091381999949,0.0216447839195635
2023-12-30,fever_ip,Kerala,4,4,0.0017449677487202562,0.0017127181523777
2023-12-30,hepatitis_a_probable,Kerala,1,1,0.0,0.0
2023-12-30,hepatitis_c,Kerala,2,2,0.0018140397942687002,0.0016124798171278
2023-12-30,influenza_h1n1_seasonal,Kerala,1,1,0.0,0.0
2023-12-30,leptospirosis_confirmed,Kerala,1,1,0.0,0.0
2023-12-30,malaria,Kerala,2,2,0.0,0.0
2023-12-30,scrub_typhus,Kerala,2,2,0.77937113206141,0.7791292600888409
2023-12-31,acute_diarrheal_disease,Kerala,3,3,0.6192966956936342,0.6192966956936342
2023-12-31,dengue,Kerala,6,8,0.005448808813156835,0.0052794984323585
2023-12-31,fever_ip,Kerala,1,1,0.0,0.0
2023-12-31,fever_op,Kerala,2,2,0.0231773506437005,0.0178351861404756
2023-12-31,hepatitis_a_probable,Kerala,2,2,0.0029581696986376,0.0029581696986376
2023-12-31,influenza_h1n1_seasonal,Kerala,1,1,0.0,0.0
2023-12-31,leptospirosis_confirmed,Kerala,2,2,8.062399085639016e-05,8.062399085639016e-05
2023-12-31,malaria,Kerala,2,3,1.0128296662568885,0.9999999983333334
2023-12-31,scrub_typhus,Kerala,3,3,0.0004057771455511,0.0004057771455511
2024-01-01,acute_diarrheal_disease,Kerala,2,2,0.0,0.0
2024-01-01,chicken_pox,Kerala,1,1,0.0,0.0
2024-01-01,hepatitis_c,Kerala,3,4,0.025041203832097965,0.0246939004868705
2024-01-01,leptospirosis_confirmed,Kerala,1,1,0.0009025417394246,0.0009025417394246
2024-01-01,malaria,Kerala,2,2,0.0707404631799739,0.0707404631799739
2024-01-02,acute_diarrheal_disease,Kerala,3,4,0.0008506210348256902,0.0007699970439693
2024-01-02,chicken_pox,Kerala,4,4,0.004227074854682,0.0038056106664813
2024-01-02,hepatitis_c,Kerala,1,1,0.0187910741002714,0.0187910741002714
2024-01-02,leptospirosis_confirmed,Kerala,2,2,0.0,0.0
2024-01-03,acute_diarrheal_disease,Kerala,2,2,0.0011367359028396,0.0011367359028396
2024-01-03,amoebic_meningo_encephalitis_confirmed,Kerala,1,1,0.3362361537629679,0.3362361537629679
2024-01-03,chicken_pox,Kerala,2,2,0.0004403310269849,0.0004403310269849
2024-01-04,acute_diarrheal_disease,Kerala,2,2,0.0034668316068247,0.0024187197256917
2024-01-13,acute_diarrheal_disease,Kerala,2,2,0.044250357390616904,0.0410350303276012
2024-01-13,chicken_pox,Kerala,1,1,0.0001861993283008,0.0001861993283008
2024-01-13,hepatitis_c,Kerala,1,1,0.0052976672849765,0.0052976672849765
2024-01-13,leptospirosis_confirmed,Kerala,1,1,5.51637832175301e-05,5.51637832175301e-05
2024-01-14,amoebic_meningo_encephalitis_confirmed,Kerala,1,1,0.0,0.0
2024-01-20,acute_diarrheal_disease,Kerala,1,1,8.566299028491453e-05,8.566299028491453e-05
2024-01-27,malaria,Kerala,1,1,0.000356442906944,0.000356442906944
2024-02-01,dengue,Kerala,1,1,0.0005596253482972,0.0005596253482972
2024-02-01,typhoid,Kerala,1,1,5.473771651465052e-05,5.473771651465052e-05
2024-02-02,hepatitis_a_probable,Kerala,1,1,0.0026326505086069,0.0026326505086069
2024-02-02,shigella,Kerala,1,2,0.0356047998686726,0.0356047998686726
2024-02-02,typhoid,Kerala,1,1,0.0,0.0
2024-02-03,hepatitis_a_probable,Kerala,1,1,0.000846551903992,0.000846551903992
2024-02-03,typhoid,Kerala,1,1,0.0033484952650038,0.0033484952650038
2024-02-04,acute_diarrheal_disease,Kerala,1,1,0.1267924654913341,0.1267924654913341
2024-02-05,acute_diarrheal_disease,Kerala,1,1,0.0214419164250777,0.0214419164250777
2024-02-05,chicken_pox,Kerala,3,3,0.046326572743061,0.0461905197584909
2024-02-06,chicken_pox,Kerala,1,1,0.0,0.0
2024-02-10,acute_diarrheal_disease,Kerala,1,1,0.0,0.0
2024-02-10,dengue,Kerala,1,1,0.0,0.0
2024-02-17,chicken_pox,Kerala,1,1,0.0,0.0
2024-03-01,dengue,Kerala,5,5,0.0340431437704947,0.0273961383920058
2024-03-01,fever_ip,Kerala,2,2,0.0013534316347289,0.0013534316347289
2024-03-01,hepatitis_a_confirmed,Kerala,1,1,0.0719170747438924,0.0719170747438924
2024-03-02,dengue,Kerala,2,2,0.0,0.0
2024-03-02,hepatitis_a_confirmed,Kerala,1,1,0.0,0.0
2024-03-02,hepatitis_c,Kerala,1,1,0.0,0.0
2024-03-02,shigella,Kerala,1,1,0.0,0.0
2024-03-03,fever_ip,Kerala,1,1,0.0770740541066131,0.0770740541066131
2024-03-03,hepatitis_a_confirmed,Kerala,3,3,0.0033405752730385875,0.0033021939065753
2024-03-03,hepatitis_c,Kerala,1,1,0.0036216475111732,0.0036216475111732
2024-03-03,malaria,Kerala,1,1,8.062399085639016e-05,8.062399085639016e-05
2024-03-04,hepatitis_a_confirmed,Kerala,2,2,1.0103699914169242,0.9999999983333334
2024-03-04,hepatitis_a_probable,Kerala,2,2,4.031199542819508e-05,4.031199542819508e-05
2024-03-05,hepatitis_a_confirmed,Kerala,1,2,0.0,0.0
2024-03-05,hepatitis_a_probable,Kerala,2,2,0.1496838198043326,0.1496838198043326
2024-03-06,hepatitis_a_confirmed,Kerala,1,1,0.0,0.0
2024-03-06,shigella,Kerala,1,1,0.0,0.0
2024-03-07,shigella,Kerala,1,1,0.000476221269563,0.000476221269563
2024-03-09,dengue,Kerala,1,1,0.0010624663770396,0.0010624663770396
2024-03-16,fever_ip,Kerala,1,1,1.7180361155471816e-05,1.7180361155471816e-05
2024-03-16,hepatitis_a_confirmed,Kerala,2,2,0.0020851591647073,0.0019021906053366
2024-03-23,hepatitis_a_probable,Kerala,1,1,0.0,0.0
2024-04-01,fever_op,Kerala,3,3,0.2088295687916926,0.2088295687916926
2024-04-01,leptospirosis_probable,Kerala,1,1,0.0,0.0
2024-04-02,fever_op,Kerala,1,1,0.2560237184565883,0.2560237184565883
2024-04-02,food_poisoning,Kerala,1,1,0.1619115583093283,0.1619115583093283
2024-04-02,leptospirosis_probable,Kerala,1,1,0.0,0.0
2024-04-03,fever_op,Kerala,1,1,0.0,0.0
2024-04-03,food_poisoning,Kerala,2,2,0.0006267739157389,0.0006267739157389
2024-04-03,leptospirosis_confirmed,Kerala,1,1,0.0316935703938068,0.0316935703938068
2024-04-03,malaria,Kerala,1,1,0.0019383034288385,0.0019383034288385
2024-04-04,fever_op,Kerala,2,2,0.043422083582930704,0.0290710132104933
2024-04-04,leptospirosis_confirmed,Kerala,1,1,0.0014568635417752,0.0014568635417752
2024-04-04,malaria,Kerala,1,1,0.0,0.0
2024-04-04,west_nile_probable,Kerala,1,1,0.0,0.0
2024-04-05,fever_op,Kerala,3,3,4.031199542819508e-05,4.031199542819508e-05
2024-04-05,food_poisoning,Kerala,1,1,0.0014741493524625,0.0014741493524625
2024-04-05,leptospirosis_confirmed,Kerala,1,1,0.0004740134634832,0.0004740134634832
2024-04-06,fever_op,Kerala,2,2,0.0022574717439788,0.0014109198399868
2024-04-06,malaria,Kerala,1,1,0.0,0.0
2024-04-07,hepatitis_a_probable,Kerala,3,4,0.0012005925229731432,0.0010884238765612
2024-04-08,hepatitis_a_probable,Kerala,1,1,0.0,0.0
2024-04-09,shigella,Kerala,1,1,0.0,0.0
2024-04-10,shigella,Kerala,1,1,0.0099628957204494,0.0099628957204494
2024-04-13,fever_op,Kerala,1,1,0.0,0.0
2024-04-13,leptospirosis_confirmed,Kerala,1,1,0.0,0.0
2024-04-13,shigella,Kerala,1,1,0.0219116064245824,0.0219116064245824
2024-04-20,malaria,Kerala,1,1,0.0,0.0
2024-05-01,chikungunya,Kerala,1,1,0.0001478104969585,0.0001478104969585
2024-05-02,cholera,Kerala,1,1,0.0,0.0
2024-05-02,dengue,Kerala,2,2,5.038999428524384e-05,5.038999428524384e-05
2024-05-02,hepatitis_b,Kerala,1,1,0.0,0.0
2024-05-03,dengue,Kerala,3,3,3.934823941021221e-06,3.934823941021221e-06
2024-05-03,rabies_confirmed,Kerala,1,1,0.0,0.0
2024-05-03,scrub_typhus,Kerala,2,4,0.012254072238464999,0.0118106402887549
2024-05-04,cholera,Kerala,1,1,0.0,0.0
2024-05-04,dengue,Kerala,1,1,0.0,0.0
2024-05-04,fever_ip,Kerala,1,1,0.0,0.0
2024-05-04,hepatitis_b,Kerala,2,2,0.9166731096321188,0.9166731096321188
2024-05-04,scrub_typhus,Kerala,2,2,0.011510454366913399,0.0078823747783759
2024-05-05,hepatitis_b,Kerala,3,3,0.027778827113018302,0.0257363526779898
2024-05-05,rabies_confirmed,Kerala,2,2,0.0,0.0
2024-05-06,acute_encephalitis_syndrome,Kerala,1,1,0.0003729146165648,0.0003729146165648
2024-05-06,hepatitis_a_confirmed,Kerala,1,1,0.0,0.0
2024-05-06,hepatitis_b,Kerala,2,3,1.0021609668809575,0.9999999983333334
2024-05-06,leptospirosis_confirmed,Kerala,2,2,0.0,0.0
2024-05-07,fever_ip,Kerala,2,2,0.0031223476873781684,0.0030993122614192
2024-05-07,leptospirosis_confirmed,Kerala,1,1,2.48073818019662e-05,2.48073818019662e-05
2024-05-07,malaria,Kerala,2,2,0.0255174931060474,0.0255174931060474
2024-05-09,fever_op,Kerala,1,1,0.0014351070372437,0.0014351070372437
2024-05-11,chikungunya,Kerala,1,1,0.0,0.0
2024-05-11,hepatitis_b,Kerala,1,1,0.0,0.0
2024-05-11,leptospirosis_confirmed,Kerala,1,1,0.0,0.0
2024-05-12,chikungunya,Kerala,1,1,0.0,0.0
2024-05-18,acute_encephalitis_syndrome,Kerala,1,1,0.0,0.0
2024-05-18,hepatitis_a_confirmed,Kerala,1,1,0.003944737794838,0.003944737794838
2024-05-25,dengue,Kerala,1,1,0.0,0.0
2024-05-25,scrub_typhus,Kerala,1,1,0.0,0.0
2024-06-03,dengue,Kerala,1,1,0.0,0.0
2024-06-04,dengue,Kerala,5,5,0.8803049242224653,0.8796473213273815
2024-06-04,hepatitis_c,Kerala,1,1,0.004387975640569,0.004387975640569
2024-06-04,leptospirosis_probable,Kerala,1,1,0.0068819422831404,0.0068819422831404
2024-06-04,typhoid,Kerala,2,2,0.0,0.0
2024-06-05,dengue,Kerala,3,3,0.1390702250684166,0.134426995761486
2024-06-05,hepatitis_c,Kerala,2,2,0.0030059995946605,0.0030059995946605
2024-06-06,dengue,Kerala,1,1,0.0001209359862845,0.0001209359862845
2024-06-06,typhoid,Kerala,1,1,0.0,0.0
2024-06-07,hepatitis_b,Kerala,1,1,0.0002149973089503,0.0002149973089503
2024-06-09,hepatitis_b,Kerala,1,1,0.0,0.0
2024-06-10,malaria,Kerala,2,3,0.011941989124917701,0.0082639590627799
2024-06-11,hepatitis_b,Kerala,3,4,1.1532334046843766,0.8655368963170544
2024-06-12,hepatitis_b,Kerala,1,1,4.031199542819508e-05,4.031199542819508e-05
2024-07-05,scrub_typhus,Kerala,2,2,0.0822049237727915,0.0818552627168685
2024-07-06,acute_diarrheal_disease,Kerala,1,1,0.0220585905698303,0.0220585905698303
2024-07-06,hepatitis_c,Kerala,2,2,0.0002106410837169,0.0002106410837169
2024-07-06,scrub_typhus,Kerala,1,1,0.0027813773496549,0.0027813773496549
2024-07-07,dengue,Kerala,3,3,0.0006344769275486,0.0006344769275486
2024-07-07,fever_ip,Kerala,1,1,0.0001612479817127,0.0001612479817127
2024-07-07,leptospirosis_probable,Kerala,2,2,0.0095316754677648,0.0095316754677648
2024-07-08,dengue,Kerala,1,1,0.0237556158308653,0.0237556158308653
2024-07-08,hepatitis_a_confirmed,Kerala,1,1,0.0008370246459487,0.0008370246459487
2024-07-08,leptospirosis_probable,Kerala,1,1,5.690032332686208e-05,5.690032332686208e-05
2024-07-09,fever_ip,Kerala,1,1,0.0001612479817127,0.0001612479817127
2024-07-09,hepatitis_a_confirmed,Kerala,1,1,0.9999999983333334,0.9999999983333334
2024-07-09,hepatitis_c,Kerala,1,1,0.0,0.0
2024-07-10,fever_ip,Kerala,3,3,0.0049583754376679,0.0049583754376679
2024-07-10,fever_op,Kerala,1,1,0.0070758128929169,0.0070758128929169
2024-07-10,hepatitis_a_confirmed,Kerala,3,3,0.7194594789077698,0.664281464696993
2024-07-11,fever_op,Kerala,2,2,0.00612003702836089,0.0060394130375045
2024-07-12,hepatitis_a_confirmed,Kerala,1,1,0.0,0.0
2024-07-13,hepatitis_a_confirmed,Kerala,1,1,0.0,0.0
2024-08-07,chicken_pox,Kerala,2,2,7.245368203155519e-06,7.245368203155519e-06
2024-08-07,scrub_typhus,Kerala,1,1,0.0,0.0
2024-08-08,acute_diarrheal_disease,Kerala,1,1,0.0404819777736876,0.0404819777736876
2024-08-08,dengue,Kerala,4,4,0.0007420305904703,0.0007420305904703
2024-08-09,chicken_pox,Kerala,3,3,0.0,0.0
2024-08-09,cholera,Kerala,1,1,0.0,0.0
2024-08-09,dengue,Kerala,6,9,0.005052436760333501,0.0040311995428195
2024-08-10,dengue,Kerala,3,3,0.0071211773354113,0.0071211773354113
2024-08-11,dengue,Kerala,3,3,0.0072077557230727,0.0052324679470912
2024-08-11,malaria,Kerala,1,1,0.0110454190226683,0.0110454190226683
2024-08-12,cholera,Kerala,1,1,0.0,0.0
2024-08-12,fever_ip,Kerala,2,2,0.0,0.0
2024-08-12,malaria,Kerala,1,1,0.0005220061780871,0.0005220061780871
2024-08-13,acute_encephalitis_syndrome,Kerala,1,1,0.0044407914001447,0.0044407914001447
2024-08-13,fever_op,Kerala,2,2,0.0,0.0
2024-08-13,west_nile_confirmed,Kerala,1,1,0.0,0.0
2024-08-14,fever_ip,Kerala,3,3,0.002803112492987,0.0022602442878874
2024-08-16,rabies_confirmed,Kerala,1,1,0.0,0.0
2024-08-20,shigella,Kerala,1,1,0.076608973648337,0.076608973648337
2024-08-21,shigella,Kerala,1,1,0.0,0.0
2024-09-08,food_poisoning,Kerala,1,1,0.0,0.0
2024-09-08,leptospirosis_probable,Kerala,1,1,0.1320422606170343,0.1320422606170343
2024-09-08,typhoid,Kerala,1,1,0.0032521210096169,0.0032521210096169
2024-09-09,acute_diarrheal_disease,Kerala,2,3,0.0368138954249604,0.0324368448846738
2024-09-09,food_poisoning,Kerala,1,1,0.1187257369895161,0.1187257369895161
2024-09-09,hepatitis_c,Kerala,1,1,0.2398365397838009,0.2293992519693063
2024-09-09,scrub_typhus,Kerala,2,2,0.9999999983333334,0.9999999983333334
2024-09-10,acute_diarrheal_disease,Kerala,4,5,0.0761815616168829,0.0348441125028617
2024-09-10,chicken_pox,Kerala,1,1,8.062399085639016e-05,8.062399085639016e-05
2024-09-10,food_poisoning,Kerala,1,1,0.0003999942425379,0.0003999942425379
2024-09-10,hepatitis_a_probable,Kerala,1,1,0.0,0.0
2024-09-10,hepatitis_c,Kerala,1,1,0.0002015599771409,0.0002015599771409
2024-09-10,leptospirosis_confirmed,Kerala,1,1,0.0,0.0
2024-09-10,leptospirosis_probable,Kerala,3,3,0.0052976672849765,0.0052976672849765
2024-09-11,chicken_pox,Kerala,1,1,0.0,0.0
2024-09-11,dengue,Kerala,1,1,0.0108433691303469,0.0108433691303469
2024-09-11,hepatitis_c,Kerala,1,1,2.3035425958968614e-05,2.3035425958968614e-05
2024-09-11,leptospirosis_confirmed,Kerala,2,2,3.13537742219295e-05,3.13537742219295e-05
2024-09-11,leptospirosis_probable,Kerala,2,2,0.0007091165453381,0.0007091165453381
2024-09-11,scrub_typhus,Kerala,1,1,0.0363774635007506,0.0363774635007506
2024-09-12,dengue,Kerala,4,4,0.034516977240141106,0.0227311427020162
2024-09-12,hepatitis_c,Kerala,1,1,0.0148126743917317,0.0148126743917317
2024-09-12,leptospirosis_confirmed,Kerala,2,2,0.0147481958489282,0.0147481958489282
2024-09-12,malaria,Kerala,1,1,0.0049718127694773,0.0049718127694773
2024-09-12,scrub_typhus,Kerala,1,1,0.0,0.0
2024-09-12,typhoid,Kerala,1,1,0.0057825272463943,0.0057825272463943
2024-09-13,chicken_pox,Kerala,2,2,0.5176800404642751,0.5176800404642751
2024-09-13,dengue,Kerala,2,2,0.0,0.0
2024-09-13,food_poisoning,Kerala,1,1,0.0184878894078411,0.0184878894078411
2024-09-13,leptospirosis_confirmed,Kerala,3,3,0.0015515518779504,0.0013096799053813
2024-09-13,leptospirosis_probable,Kerala,2,2,0.0005442549265616,0.0005442549265616
2024-09-13,malaria,Kerala,2,2,8.062399085639016e-05,8.062399085639016e-05
2024-09-13,west_nile_probable,Kerala,1,1,0.0,0.0
2024-09-14,chicken_pox,Kerala,1,1,0.0003986408436788,0.0003986408436788
2024-09-14,dengue,Kerala,3,4,0.33655770667482,0.2204465673821014
2024-09-14,leptospirosis_confirmed,Kerala,2,2,0.1607601766703001,0.1527234869958806
2024-09-14,leptospirosis_probable,Kerala,1,1,0.0,0.0
2024-09-14,malaria,Kerala,1,1,0.0,0.0
2024-09-15,fever_ip,Kerala,1,1,0.0862807740518308,0.0862807740518308
2024-09-15,food_poisoning,Kerala,1,1,0.0401676319648838,0.0401676319648838
2024-09-15,hepatitis_a_confirmed,Kerala,1,1,0.0,0.0
2024-09-15,leptospirosis_confirmed,Kerala,3,3,0.0846053169800472,0.0846053169800472
2024-09-15,leptospirosis_probable,Kerala,3,3,0.028760948292511395,0.0287071989652738
2024-09-16,fever_op,Kerala,2,2,0.0021841772068367,0.0021841772068367
2024-09-17,chicken_pox,Kerala,4,4,0.0011666259356853,0.0011666259356853
2024-09-17,fever_ip,Kerala,2,2,0.0053614953919499,0.0053614953919499
2024-09-17,fever_op,Kerala,1,1,3.5832884825062285e-05,3.5832884825062285e-05
2024-09-17,hepatitis_a_confirmed,Kerala,1,1,0.0006174100352423,0.0006174100352423
2024-09-18,chicken_pox,Kerala,1,1,0.0215652475155761,0.0215652475155761
2024-09-18,hepatitis_a_confirmed,Kerala,1,1,0.0040419095914136,0.0040419095914136
2024-09-19,fever_ip,Kerala,1,1,0.0012023329647035,0.0012023329647035
2024-09-19,food_poisoning,Kerala,1,1,0.0,0.0
2024-09-19,hepatitis_a_confirmed,Kerala,1,1,0.0,0.0
2024-09-21,fever_ip,Kerala,1,1,0.0,0.0
2024-09-22,fever_ip,Kerala,1,1,0.0,0.0
2024-09-22,food_poisoning,Kerala,1,1,0.0011488918697035,0.0011488918697035
2024-10-01,influenza_h1n1_seasonal,Kerala,4,5,0.0142425968078202,0.0077944591146707
2024-10-02,influenza_h1n1_seasonal,Kerala,4,4,1.000831259480439,0.9999999983333334
2024-10-05,influenza_h1n1_seasonal,Kerala,2,2,0.00205651545160421,0.0020522720836644
2024-10-06,influenza_h1n1_seasonal,Kerala,1,1,0.0081102063478213,0.0081102063478213
2024-10-12,hepatitis_a_probable,Kerala,1,1,0.0040311995428195,0.0040311995428195
2024-10-13,acute_diarrheal_disease,Kerala,1,1,0.0,0.0
2024-10-13,scrub_typhus,Kerala,1,1,0.0024201580932692,0.0024201580932692
2024-10-13,typhoid,Kerala,1,1,0.0,0.0
2024-10-14,acute_diarrheal_disease,Kerala,2,2,0.0029715076017806,0.0029715076017806
2024-10-14,hepatitis_a_probable,Kerala,2,2,0.0,0.0
2024-10-14,hepatitis_b,Kerala,1,1,0.0071739923917253,0.0071739923917253
2024-10-14,scrub_typhus,Kerala,1,1,0.0,0.0
2024-10-14,typhoid,Kerala,1,1,0.0,0.0
2024-10-15,acute_diarrheal_disease,Kerala,2,2,0.001451231835415,0.001451231835415
2024-10-15,hepatitis_b,Kerala,2,3,0.011544936664708473,0.0114716421275663
2024-10-15,hepatitis_c,Kerala,1,2,0.0,0.0
2024-10-15,scrub_typhus,Kerala,2,2,0.001613193411334,0.001613193411334
2024-10-16,acute_diarrheal_disease,Kerala,1,1,0.0061449677851203,0.0061449677851203
2024-10-16,dengue,Kerala,3,3,0.000696144324372,0.000696144324372
2024-10-16,hepatitis_a_probable,Kerala,2,2,0.1193038485417723,0.106536246829639
2024-10-16,leptospirosis_confirmed,Kerala,1,1,0.0136496227230592,0.0136496227230592
2024-10-16,scrub_typhus,Kerala,1,1,0.0009043620518078,0.0009043620518078
2024-10-16,west_nile_probable,Kerala,1,1,0.0,0.0
2024-10-17,acute_diarrheal_disease,Kerala,4,4,0.0,0.0
2024-10-17,dengue,Kerala,3,3,0.0063117568070679,0.0063117568070679
2024-10-17,hepatitis_b,Kerala,1,1,0.0019342971759781,0.0019342971759781
2024-10-17,hepatitis_c,Kerala,1,1,0.0216020705517611,0.0216020705517611
2024-10-17,leptospirosis_probable,Kerala,2,2,0.0091306549680645,0.0091306549680645
2024-10-17,malaria,Kerala,2,2,0.0017842725231911,0.0017842725231911
2024-10-17,scrub_typhus,Kerala,1,1,0.0,0.0
2024-10-17,typhoid,Kerala,1,1,0.0,0.0
2024-10-18,dengue,Kerala,1,2,0.0,0.0
2024-10-18,fever_op,Kerala,1,1,0.0005022686128168,0.0005022686128168
2024-10-18,hepatitis_a_probable,Kerala,2,2,0.0001457707419223,0.0001457707419223
2024-10-18,hepatitis_c,Kerala,1,1,0.0007256159177075,0.0007256159177075
2024-10-18,leptospirosis_confirmed,Kerala,3,3,0.0,0.0
2024-10-18,leptospirosis_probable,Kerala,3,3,0.0168777462910428,0.0112580413437706
2024-10-18,malaria,Kerala,2,2,0.0,0.0
2024-10-18,scrub_typhus,Kerala,1,1,0.0,0.0
2024-10-18,west_nile_probable,Kerala,1,1,0.0,0.0
2024-10-19,dengue,Kerala,2,2,4.031199542819508e-05,4.031199542819508e-05
2024-10-19,fever_op,Kerala,2,2,0.0,0.0
2024-10-19,hepatitis_b,Kerala,1,1,0.0,0.0
2024-10-19,leptospirosis_confirmed,Kerala,1,1,0.0120129746376021,0.0120129746376021
2024-10-19,scrub_typhus,Kerala,2,2,0.0004403310269849,0.0004403310269849
2024-10-19,typhoid,Kerala,1,1,0.0,0.0
2024-10-20,amoebic_meningo_encephalitis_confirmed,Kerala,1,1,0.0,0.0
2024-10-20,dengue,Kerala,2,2,0.0038072161921803953,0.0037669041967522
2024-10-20,hepatitis_c,Kerala,2,2,0.0918794409333712,0.0918794409333712
2024-10-21,chicken_pox,Kerala,2,2,0.0001256234276134,0.0001256234276134
2024-10-21,dengue,Kerala,4,4,0.4832039861969367,0.4647800781470459
2024-10-21,fever_op,Kerala,1,1,0.0002821839679973,0.0002821839679973
2024-10-21,leptospirosis_confirmed,Kerala,2,2,0.0,0.0
2024-10-21,leptospirosis_probable,Kerala,1,1,0.0,0.0
2024-10-21,malaria,Kerala,3,3,0.003661885228529595,0.0036215732331014
2024-10-22,chicken_pox,Kerala,1,1,0.0146193641147778,0.0146193641147778
2024-10-22,dengue,Kerala,4,4,0.5036488066333827,0.5018091716106216
2024-10-22,hepatitis_a_confirmed,Kerala,2,2,0.0072369306438806,0.0038857294965694
2024-10-22,malaria,Kerala,1,1,0.0313279216680067,0.0313279216680067
2024-10-23,chicken_pox,Kerala,1,1,0.0,0.0
2024-10-23,dengue,Kerala,1,1,0.0005039812982109,0.0005039812982109
2024-10-23,hepatitis_a_confirmed,Kerala,1,1,0.0,0.0
2024-10-23,hepatitis_c,Kerala,1,1,0.0,0.0
2024-10-23,leptospirosis_confirmed,Kerala,1,1,0.0,0.0
2024-10-24,leptospirosis_confirmed,Kerala,1,1,0.0,0.0
2024-10-25,fever_op,Kerala,1,1,0.0,0.0
2024-10-26,leptospirosis_probable,Kerala,1,1,0.0049190435599402,0.0049190435599402
2024-10-27,leptospirosis_probable,Kerala,2,2,0.0,0.0
2024-11-08,influenza_h1n1_seasonal,Kerala,2,2,0.0,0.0
2024-11-09,influenza_h1n1_seasonal,Kerala,2,2,1.0051628616365267,0.9999999983333334
2024-11-10,influenza_h1n1_seasonal,Kerala,2,2,0.0044343076706632,0.0044343076706632
2024-11-11,influenza_h1n1_seasonal,Kerala,3,3,0.1411465905807317,0.1411465905807317
2024-11-12,influenza_h1n1_seasonal,Kerala,1,1,0.0,0.0
2024-11-14,influenza_h1n1_seasonal,Kerala,1,1,0.0,0.0
2024-11-16,influenza_h1n1_seasonal,Kerala,1,1,0.0,0.0
2024-11-18,acute_diarrheal_disease,Kerala,4,5,0.09643337761757212,0.0837462642372717
2024-11-19,acute_diarrheal_disease,Kerala,1,1,0.0001736516726137,0.0001736516726137
2024-11-19,hepatitis_b,Kerala,1,1,0.001024359088512,0.001024359088512
2024-11-19,influenza_h1n1_seasonal,Kerala,1,1,0.0053162079342293,0.0053162079342293
2024-11-20,acute_diarrheal_disease,Kerala,1,1,0.0,0.0
2024-11-20,acute_encephalitis_syndrome,Kerala,1,1,0.0003196410999127,0.0003196410999127
2024-11-20,scrub_typhus,Kerala,1,1,0.0,0.0
2024-11-21,acute_diarrheal_disease,Kerala,1,1,4.031199542819508e-05,4.031199542819508e-05
2024-11-21,hepatitis_b,Kerala,1,1,0.0,0.0
2024-11-21,scrub_typhus,Kerala,1,1,0.0121042529238603,0.0103350406875632
2024-11-22,hepatitis_a_probable,Kerala,2,3,0.0,0.0
2024-11-22,hepatitis_b,Kerala,2,2,0.0,0.0
2024-11-23,acute_diarrheal_disease,Kerala,1,1,0.1375198793249349,0.1375198793249349
2024-11-23,dengue,Kerala,2,2,0.0122537105097118,0.0122537105097118
2024-11-23,rabies_probable,Kerala,1,1,0.0122514136778868,0.0122514136778868
2024-11-23,typhoid,Kerala,1,1,0.0001934975780553,0.0001934975780553
2024-11-24,dengue,Kerala,3,4,0.8204907273759405,0.6277959111889448
2024-11-24,food_poisoning,Kerala,1,1,0.0,0.0
2024-11-24,hepatitis_a_probable,Kerala,1,1,0.0,0.0
2024-11-24,malaria,Kerala,1,1,0.0,0.0
2024-11-24,typhoid,Kerala,1,1,0.0030687779285995,0.0030687779285995
2024-11-24,west_nile_probable,Kerala,1,1,0.0,0.0
2024-11-25,dengue,Kerala,3,3,4.4253644754604705e-05,3.7432567183324e-05
2024-11-25,fever_op,Kerala,1,1,0.0,0.0
2024-11-25,malaria,Kerala,1,1,0.9999999983333334,0.9999999983333334
2024-11-26,hepatitis_a_confirmed,Kerala,1,1,0.0342600261928228,0.0342600261928228
2024-11-26,hepatitis_c,Kerala,1,1,0.0019778901753326,0.0019778901753326
2024-11-27,hepatitis_c,Kerala,1,1,0.0111935208776575,0.0111935208776575
2024-11-28,hepatitis_c,Kerala,1,1,0.0,0.0
2024-11-29,dengue,Kerala,1,1,0.0,0.0
2024-11-29,hepatitis_b,Kerala,1,1,0.0096345669073386,0.0096345669073386
2024-12-04,hepatitis_e,Kerala,1,1,0.0535282227192937,0.0535282227192937
2024-12-23,influenza_h1n1_seasonal,Kerala,1,1,0.059321081809117,0.059321081809117
2024-12-24,influenza_h1n1_seasonal,Kerala,2,2,0.0018677891215063,0.0018677891215063
2024-12-25,influenza_h1n1_seasonal,Kerala,1,1,1.007799885704877e-05,1.007799885704877e-05
2024-12-26,acute_diarrheal_disease,Kerala,1,1,0.0,0.0
2024-12-26,influenza_h1n1_seasonal,Kerala,1,1,0.0028711956128772,0.0028711956128772
2024-12-27,malaria,Kerala,1,1,0.0,0.0
2024-12-27,scrub_typhus,Kerala,1,1,0.0,0.0
2024-12-28,acute_diarrheal_disease,Kerala,1,1,0.0,0.0
2024-12-28,influenza_h1n1_seasonal,Kerala,1,1,0.3235681958555081,0.3235681958555081
