date,disease,state,district,number_of_outbreak_locations,aggregate_intensity,maximum_intensity,affected_taluk_count
2020-01-01,acute_diarrheal_disease,Kerala,Palakkad,1,0.0,0.0,1
2020-01-01,acute_diarrheal_disease,Kerala,Thiruvananthapuram,1,0.0,0.0,1
2020-01-01,acute_encephalitis_syndrome,Kerala,Malappuram,0,0.0,0.0,1
2020-01-01,chicken_pox,Kerala,Alappuzha,1,0.0,0.0,1
2020-01-01,chicken_pox,Kerala,Kannur,1,0.0,0.0,1
2020-01-01,chicken_pox,Kerala,Kottayam,1,0.0,0.0,1
2020-01-01,chicken_pox,Kerala,Malappuram,1,0.0,0.0,1
2020-01-01,hepatitis_c,Kerala,Pathanamthitta,1,0.0,0.0,1
2020-01-01,leptospirosis_confirmed,Kerala,Kannur,1,0.0,0.0,2
2020-01-01,leptospirosis_confirmed,Kerala,Malappuram,0,0.0,0.0,1
2020-01-01,leptospirosis_confirmed,Kerala,Thiruvananthapuram,0,0.0,0.0,1
2020-01-01,leptospirosis_confirmed,Kerala,Thrissur,0,0.0,0.0,1
2020-01-01,malaria,Kerala,Malappuram,0,0.0,0.0,1
2020-01-02,acute_diarrheal_disease,Kerala,Idukki,0,0.0,0.0,1
2020-01-02,acute_diarrheal_disease,Kerala,Kollam,1,0.0,0.0,1
2020-01-02,chicken_pox,Kerala,Malappuram,0,0.0,0.0,1
2020-01-02,chicken_pox,Kerala,Palakkad,1,0.0,0.0,1
2020-01-02,hepatitis_c,Kerala,Kollam,0,0.2241363266003186,0.2241363266003186,1
2020-01-02,leptospirosis_confirmed,Kerala,Kasaragod,1,0.0,0.0,1
2020-01-02,malaria,Kerala,Kasaragod,0,0.0,0.0,1
2020-01-03,acute_diarrheal_disease,Kerala,Ernakulam,2,0.0002964826271853,0.0002964826271853,1
2020-01-03,acute_diarrheal_disease,Kerala,Thrissur,0,0.0,0.0,1
2020-01-03,chicken_pox,Kerala,Kannur,1,0.0,0.0,1
2020-01-03,chicken_pox,Kerala,Thiruvananthapuram,0,0.0,0.0,1
2020-01-04,acute_diarrheal_disease,Kerala,Ernakulam,0,0.0,0.0,1
2020-01-04,acute_diarrheal_disease,Kerala,Thiruvananthapuram,2,0.0,0.0,2
2020-02-01,dengue,Kerala,Alappuzha,1,0.0,0.0,2
2020-02-01,dengue,Kerala,Ernakulam,0,0.0,0.0,1
2020-02-01,dengue,Kerala,Malappuram,0,0.0,0.0,1
2020-02-01,dengue,Kerala,Thiruvananthapuram,1,0.0,0.0,1
2020-02-01,hepatitis_a_probable,Kerala,Ernakulam,0,0.0,0.0,1
2020-02-01,hepatitis_a_probable,Kerala,Thiruvananthapuram,1,0.0,0.0,1
2020-02-01,typhoid,Kerala,Pathanamthitta,0,0.0,0.0,1
2020-02-02,hepatitis_a_probable,Kerala,Kottayam,1,0.0,0.0,1
2020-02-02,typhoid,Kerala,Kasaragod,1,0.0,0.0,1
2020-02-04,chicken_pox,Kerala,Alappuzha,1,0.0139049661213929,0.0139049661213929,1
2020-02-04,chicken_pox,Kerala,Kasaragod,0,0.0,0.0,1
2020-02-04,chicken_pox,Kerala,Kozhikode,1,0.0,0.0,1
2020-02-05,chicken_pox,Kerala,Idukki,0,0.0,0.0,1
2020-02-05,chicken_pox,Kerala,Palakkad,0,0.0,0.0,1
2020-02-05,chicken_pox,Kerala,Wayanad,1,0.0,0.0,1
2020-02-06,chicken_pox,Kerala,Thiruvananthapuram,0,0.0,0.0,1
2020-02-06,chicken_pox,Kerala,Thrissur,0,0.0,0.0,1
2020-03-01,dengue,Kerala,Alappuzha,1,0.0,0.0,1
2020-03-01,fever_ip,Kerala,Pathanamthitta,0,0.0,0.0,1
2020-03-01,hepatitis_a_confirmed,Kerala,Thrissur,0,0.0,0.0,1
2020-03-01,scrub_typhus,Kerala,Kasaragod,1,0.0,0.0,1
2020-03-01,scrub_typhus,Kerala,Thiruvananthapuram,1,0.0,0.0,1
2020-03-02,fever_ip,Kerala,Alappuzha,1,0.0,0.0,1
2020-03-02,fever_ip,Kerala,Kannur,1,0.0133601871946466,0.0133601871946466,1
2020-03-02,fever_ip,Kerala,Kozhikode,1,0.0,0.0,1
2020-03-02,hepatitis_a_confirmed,Kerala,Ernakulam,0,0.0,0.0,1
2020-03-02,hepatitis_a_confirmed,Kerala,Kottayam,1,0.0,0.0,1
2020-03-02,hepatitis_a_confirmed,Kerala,Thiruvananthapuram,0,0.0,0.0,1
2020-03-02,malaria,Kerala,Idukki,0,0.0,0.0,1
2020-03-02,malaria,Kerala,Kozhikode,0,0.0,0.0,1
2020-03-02,scrub_typhus,Kerala,Thiruvananthapuram,0,0.0,0.0,1
2020-03-03,fever_ip,Kerala,Kottayam,1,0.0,0.0,1
2020-03-03,hepatitis_a_confirmed,Kerala,Kasaragod,1,0.0,0.0,1
2020-03-03,hepatitis_a_confirmed,Kerala,Kollam,1,0.0,0.0,1
2020-03-03,hepatitis_a_confirmed,Kerala,Wayanad,0,0.0,0.0,1
2020-03-03,malaria,Kerala,Ernakulam,0,0.0,0.0,1
2020-03-04,fever_ip,Kerala,Thiruvananthapuram,0,0.0,0.0,1
2020-03-04,hepatitis_a_confirmed,Kerala,Kasaragod,1,0.0,0.0,1
2020-03-04,hepatitis_a_confirmed,Kerala,Malappuram,1,0.0,0.0,1
2020-03-04,hepatitis_a_probable,Kerala,Thrissur,1,0.0,0.0,1
2020-03-04,hepatitis_a_probable,Kerala,Wayanad,1,0.0,0.0,1
2020-03-05,hepatitis_a_confirmed,Kerala,Kasaragod,0,0.0,0.0,1
2020-03-05,hepatitis_a_confirmed,Kerala,Kollam,0,0.0,0.0,1
2020-03-05,hepatitis_a_confirmed,Kerala,Kottayam,1,0.0,0.0,1
2020-03-05,hepatitis_a_confirmed,Kerala,Kozhikode,1,0.0,0.0,1
2020-03-05,hepatitis_a_confirmed,Kerala,Thiruvananthapuram,0,0.0,0.0,1
2020-03-05,hepatitis_a_probable,Kerala,Palakkad,1,0.0,0.0,1
2020-03-06,hepatitis_a_confirmed,Kerala,Kottayam,1,0.0,0.0,1
2020-03-06,hepatitis_a_confirmed,Kerala,Kozhikode,1,0.0,0.0,1
2020-03-06,hepatitis_a_confirmed,Kerala,Thrissur,0,0.0,0.0,1
2020-03-06,hepatitis_a_probable,Kerala,Idukki,0,0.0,0.0,1
2020-03-06,shigella,Kerala,Ernakulam,0,0.0,0.0,1
2020-03-06,shigella,Kerala,Pathanamthitta,0,0.0,0.0,1
2020-04-01,fever_op,Kerala,Alappuzha,0,0.0,0.0,1
2020-04-01,fever_op,Kerala,Kottayam,2,0.0,0.0,2
2020-04-01,fever_op,Kerala,Thiruvananthapuram,0,0.0,0.0,1
2020-04-01,leptospirosis_probable,Kerala,Kottayam,0,0.0,0.0,1
2020-04-01,leptospirosis_probable,Kerala,Malappuram,1,0.0,0.0,1
2020-04-01,leptospirosis_probable,Kerala,Thiruvananthapuram,1,0.0,0.0,1
2020-04-02,fever_op,Kerala,Pathanamthitta,2,0.0,0.0,2
2020-04-02,leptospirosis_probable,Kerala,Alappuzha,1,0.0,0.0,1
2020-04-02,leptospirosis_probable,Kerala,Kannur,1,0.0,0.0,1
2020-04-02,leptospirosis_probable,Kerala,Kottayam,0,0.0,0.0,1
2020-04-02,leptospirosis_probable,Kerala,Palakkad,1,0.0,0.0,1
2020-04-03,fever_op,Kerala,Kannur,1,0.0,0.0,1
2020-04-03,fever_op,Kerala,Kollam,1,0.0,0.0,1
2020-04-03,leptospirosis_confirmed,Kerala,Kannur,0,0.0,0.0,1
2020-04-03,leptospirosis_confirmed,Kerala,Malappuram,0,0.0,0.0,1
2020-04-03,leptospirosis_confirmed,Kerala,Palakkad,1,0.0,0.0,1
2020-04-03,malaria,Kerala,Kottayam,0,0.0,0.0,1
2020-04-04,fever_op,Kerala,Idukki,0,0.0,0.0,1
2020-04-04,fever_op,Kerala,Kannur,0,0.0,0.0,1
2020-04-04,fever_op,Kerala,Palakkad,0,0.0,0.0,1
2020-04-04,malaria,Kerala,Kannur,0,0.0,0.0,1
2020-04-04,measles,Kerala,Kollam,0,0.0,0.0,1
2020-04-05,fever_op,Kerala,Idukki,1,0.0,0.0,1
2020-04-05,fever_op,Kerala,Kozhikode,1,0.0,0.0,1
2020-04-05,fever_op,Kerala,Thrissur,1,0.0,0.0,1
2020-04-05,leptospirosis_confirmed,Kerala,Alappuzha,0,0.0,0.0,1
2020-04-05,leptospirosis_confirmed,Kerala,Ernakulam,0,0.0,0.0,1
2020-04-05,leptospirosis_confirmed,Kerala,Malappuram,1,0.0,0.0,2
2020-04-05,malaria,Kerala,Ernakulam,0,0.0,0.0,1
2020-04-05,malaria,Kerala,Kollam,0,0.0,0.0,1
2020-04-05,malaria,Kerala,Kottayam,0,0.0,0.0,1
2020-04-05,malaria,Kerala,Malappuram,0,0.0006990364770895,0.0006990364770895,1
2020-04-06,hepatitis_a_probable,Kerala,Pathanamthitta,1,0.0,0.0,1
2020-04-06,malaria,Kerala,Kollam,0,0.0,0.0,1
2020-04-07,hepatitis_a_probable,Kerala,Alappuzha,0,0.0,0.0,1
2020-04-07,hepatitis_a_probable,Kerala,Ernakulam,1,0.0,0.0,1
2020-04-07,hepatitis_a_probable,Kerala,Kannur,1,0.0,0.0,1
2020-04-07,hepatitis_a_probable,Kerala,Pathanamthitta,1,0.0,0.0,1
2020-04-08,hepatitis_a_probable,Kerala,Kannur,1,0.0,0.0,1
2020-04-08,hepatitis_a_probable,Kerala,Kasaragod,1,0.0,0.0,1
2020-04-08,hepatitis_a_probable,Kerala,Pathanamthitta,0,0.0,0.0,1
2020-04-08,hepatitis_a_probable,Kerala,Thiruvananthapuram,1,0.0,0.0,1
2020-04-08,hepatitis_a_probable,Kerala,Thrissur,1,0.0,0.0,1
2020-04-09,hepatitis_a_probable,Kerala,Malappuram,1,0.0,0.0,1
2020-04-09,shigella,Kerala,Thiruvananthapuram,0,0.0,0.0,1
2020-04-12,shigella,Kerala,Thrissur,0,0.0,0.0,1
2020-04-13,shigella,Kerala,Palakkad,0,0.0,0.0,1
2020-05-01,hepatitis_b,Kerala,Ernakulam,1,0.0,0.0,2
2020-05-02,chikungunya,Kerala,Alappuzha,0,0.0,0.0,1
2020-05-02,dengue,Kerala,Idukki,1,0.0,0.0,1
2020-05-02,dengue,Kerala,Thrissur,0,0.0,0.0,1
2020-05-02,hepatitis_b,Kerala,Kottayam,0,0.0,0.0,1
2020-05-02,hepatitis_b,Kerala,Palakkad,0,0.0,0.0,1
2020-05-02,hepatitis_b,Kerala,Pathanamthitta,0,0.0,0.0,1
2020-05-03,dengue,Kerala,Ernakulam,2,0.0,0.0,2
2020-05-03,dengue,Kerala,Kasaragod,0,0.0,0.0,1
2020-05-03,dengue,Kerala,Kozhikode,1,0.0,0.0,1
2020-05-03,dengue,Kerala,Malappuram,2,0.0,0.0,2
2020-05-03,dengue,Kerala,Thrissur,0,0.0,0.0,1
2020-05-03,dengue,Kerala,Wayanad,0,0.0,0.0,1
2020-05-03,hepatitis_b,Kerala,Idukki,1,0.0,0.0,1
2020-05-03,hepatitis_b,Kerala,Palakkad,1,0.0,0.0,1
2020-05-03,hepatitis_b,Kerala,Thiruvananthapuram,0,0.0,0.0,1
2020-05-03,hepatitis_b,Kerala,Thrissur,0,0.0,0.0,1
2020-05-03,scrub_typhus,Kerala,Pathanamthitta,0,0.0,0.0,1
2020-05-04,chikungunya,Kerala,Thrissur,0,0.0,0.0,1
2020-05-04,hepatitis_b,Kerala,Alappuzha,1,0.0,0.0,1
2020-05-04,hepatitis_b,Kerala,Kannur,1,0.0,0.0,1
2020-05-04,scrub_typhus,Kerala,Kollam,0,0.0,0.0,1
2020-05-04,scrub_typhus,Kerala,Thiruvananthapuram,1,0.0,0.0,1
2020-05-04,scrub_typhus,Kerala,Thrissur,0,0.0,0.0,1
2020-05-05,fever_ip,Kerala,Ernakulam,1,0.0,0.0,1
2020-05-05,fever_ip,Kerala,Kollam,1,0.0,0.0,1
2020-05-05,fever_ip,Kerala,Kottayam,1,0.0,0.0,1
2020-05-05,hepatitis_b,Kerala,Ernakulam,1,0.0,0.0,1
2020-05-05,hepatitis_b,Kerala,Idukki,1,0.0,0.0,1
2020-05-05,scrub_typhus,Kerala,Malappuram,0,0.0,0.0,1
2020-05-06,fever_op,Kerala,Palakkad,0,0.0,0.0,1
2020-05-06,fever_op,Kerala,Thiruvananthapuram,0,0.0,0.0,1
2020-05-06,hepatitis_b,Kerala,Pathanamthitta,0,0.0,0.0,1
2020-05-06,leptospirosis_confirmed,Kerala,Kannur,0,0.0,0.0,1
2020-05-06,leptospirosis_confirmed,Kerala,Malappuram,0,0.0015798509868574,0.0015798509868574,1
2020-05-07,chikungunya,Kerala,Palakkad,0,0.0,0.0,1
2020-05-07,chikungunya,Kerala,Thrissur,1,0.0,0.0,1
2020-05-07,fever_ip,Kerala,Kozhikode,0,0.0,0.0,1
2020-05-07,fever_ip,Kerala,Pathanamthitta,1,0.0,0.0,1
2020-05-07,fever_op,Kerala,Kollam,1,0.0,0.0,1
2020-05-07,fever_op,Kerala,Kottayam,1,0.0,0.0,1
2020-05-07,fever_op,Kerala,Kozhikode,1,0.0,0.0,1
2020-05-07,hepatitis_a_confirmed,Kerala,Pathanamthitta,1,0.0,0.0,1
2020-05-07,hepatitis_b,Kerala,Kasaragod,0,0.0,0.0,1
2020-05-07,malaria,Kerala,Kozhikode,0,0.0,0.0,1
2020-05-07,malaria,Kerala,Palakkad,0,0.0,0.0,1
2020-05-07,malaria,Kerala,Thiruvananthapuram,0,0.0,0.0,1
2020-05-08,fever_op,Kerala,Palakkad,1,0.051535433036645,0.051535433036645,1
2020-05-08,fever_op,Kerala,Thiruvananthapuram,0,0.0,0.0,1
2020-05-08,hepatitis_a_confirmed,Kerala,Kollam,1,0.0,0.0,1
2020-05-08,malaria,Kerala,Kasaragod,0,0.0049644432286372,0.0049644432286372,1
2020-05-09,fever_op,Kerala,Alappuzha,1,0.0,0.0,1
2020-05-09,fever_op,Kerala,Kottayam,1,0.0,0.0,1
2020-05-12,chikungunya,Kerala,Kannur,0,0.0,0.0,1
2020-05-13,chikungunya,Kerala,Pathanamthitta,0,0.0,0.0,1
2020-05-16,chikungunya,Kerala,Kollam,1,0.0,0.0,1
2020-06-03,leptospirosis_probable,Kerala,Kasaragod,0,0.0,0.0,1
2020-06-03,leptospirosis_probable,Kerala,Malappuram,1,0.0,0.0,1
2020-06-03,leptospirosis_probable,Kerala,Thiruvananthapuram,0,0.0,0.0,1
2020-06-03,leptospirosis_probable,Kerala,Thrissur,0,0.0,0.0,1
2020-06-04,dengue,Kerala,Idukki,0,0.0,0.0,1
2020-06-04,dengue,Kerala,Kollam,1,0.0,0.0,1
2020-06-04,dengue,Kerala,Kottayam,1,0.0,0.0,3
2020-06-04,dengue,Kerala,Kozhikode,0,0.0,0.0,1
2020-06-04,dengue,Kerala,Palakkad,0,0.0,0.0,2
2020-06-04,leptospirosis_probable,Kerala,Idukki,2,0.0,0.0,2
2020-06-04,leptospirosis_probable,Kerala,Wayanad,0,0.0,0.0,1
2020-06-04,typhoid,Kerala,Kasaragod,1,0.0,0.0,1
2020-06-05,dengue,Kerala,Alappuzha,0,0.0,0.0,1
2020-06-05,dengue,Kerala,Idukki,1,0.0,0.0,1
2020-06-05,dengue,Kerala,Kannur,1,0.0,0.0,1
2020-06-05,dengue,Kerala,Kottayam,0,0.4609149697147831,0.4609149697147831,1
2020-06-05,dengue,Kerala,Pathanamthitta,0,0.0,0.0,1
2020-06-05,dengue,Kerala,Thrissur,1,0.0,0.0,1
2020-06-05,leptospirosis_probable,Kerala,Pathanamthitta,0,0.0,0.0,1
2020-06-05,leptospirosis_probable,Kerala,Thiruvananthapuram,0,0.0,0.0,1
2020-06-05,leptospirosis_probable,Kerala,Thrissur,0,0.0,0.0,1
2020-06-06,dengue,Kerala,Idukki,0,0.0,0.0,1
2020-06-06,dengue,Kerala,Kannur,0,0.0,0.0,2
2020-06-06,leptospirosis_probable,Kerala,Malappuram,0,0.0,0.0,1
2020-06-06,leptospirosis_probable,Kerala,Thiruvananthapuram,0,0.0,0.0,1
2020-06-06,measles,Kerala,Ernakulam,1,0.0,0.0,1
2020-06-07,hepatitis_b,Kerala,Kollam,1,0.0,0.0,1
2020-06-07,hepatitis_b,Kerala,Wayanad,0,0.0,0.0,1
2020-06-08,hepatitis_b,Kerala,Alappuzha,1,0.0,0.0,1
2020-06-08,hepatitis_b,Kerala,Kasaragod,0,0.0,0.0,1
2020-06-08,hepatitis_b,Kerala,Kollam,0,0.2488642751701248,0.2488642751701248,1
2020-06-08,malaria,Kerala,Kannur,0,0.0,0.0,1
2020-06-08,malaria,Kerala,Thrissur,0,0.0,0.0,1
2020-06-09,hepatitis_b,Kerala,Ernakulam,1,0.0,0.0,1
2020-06-09,hepatitis_b,Kerala,Idukki,2,0.0,0.0,2
2020-06-09,hepatitis_b,Kerala,Palakkad,1,0.0,0.0,1
2020-06-09,malaria,Kerala,Pathanamthitta,1,0.0,0.0,1
2020-06-10,hepatitis_b,Kerala,Alappuzha,2,0.0012873564928459,0.0012873564928459,2
2020-06-10,hepatitis_b,Kerala,Kannur,0,0.0,0.0,1
2020-06-10,hepatitis_b,Kerala,Kollam,1,0.0,0.0,1
2020-06-10,hepatitis_b,Kerala,Palakkad,0,0.0,0.0,1
2020-06-10,malaria,Kerala,Thrissur,0,0.0,0.0,1
2020-06-11,hepatitis_b,Kerala,Ernakulam,1,0.0,0.0,1
2020-06-11,hepatitis_b,Kerala,Malappuram,0,0.0,0.0,1
2020-06-11,hepatitis_b,Kerala,Palakkad,1,0.0,0.0,1
2020-06-12,hepatitis_b,Kerala,Kannur,1,0.0,0.0,1
2020-06-12,hepatitis_b,Kerala,Kottayam,0,0.0,0.0,1
2020-06-12,hepatitis_b,Kerala,Kozhikode,0,0.0,0.0,1
2020-07-06,acute_diarrheal_disease,Kerala,Ernakulam,0,0.0,0.0,1
2020-07-06,dengue,Kerala,Ernakulam,1,0.0,0.0,1
2020-07-06,dengue,Kerala,Kannur,0,0.0,0.0,1
2020-07-06,hepatitis_c,Kerala,Kottayam,1,0.0,0.0,1
2020-07-06,leptospirosis_probable,Kerala,Palakkad,0,0.0,0.0,1
2020-07-06,scrub_typhus,Kerala,Alappuzha,1,0.0,0.0,1
2020-07-06,scrub_typhus,Kerala,Ernakulam,0,0.0,0.0,1
2020-07-06,scrub_typhus,Kerala,Idukki,1,0.0,0.0,1
2020-07-07,acute_diarrheal_disease,Kerala,Malappuram,1,0.0,0.0,1
2020-07-07,hepatitis_c,Kerala,Idukki,0,0.0,0.0,1
2020-07-07,hepatitis_c,Kerala,Kottayam,1,0.0,0.0,1
2020-07-07,hepatitis_c,Kerala,Pathanamthitta,1,0.0,0.0,1
2020-07-07,leptospirosis_probable,Kerala,Idukki,1,0.0,0.0,1
2020-07-07,leptospirosis_probable,Kerala,Kollam,0,0.0,0.0,1
2020-07-07,leptospirosis_probable,Kerala,Kottayam,0,0.0,0.0,1
2020-07-07,leptospirosis_probable,Kerala,Wayanad,0,1.6124798171278027e-05,1.6124798171278027e-05,1
2020-07-07,scrub_typhus,Kerala,Thrissur,0,0.0,0.0,1
2020-07-08,dengue,Kerala,Alappuzha,0,0.0,0.0,1
2020-07-08,dengue,Kerala,Kannur,1,0.0,0.0,1
2020-07-08,dengue,Kerala,Kollam,1,0.0,0.0,1
2020-07-08,fever_ip,Kerala,Kasaragod,0,0.0,0.0,1
2020-07-08,fever_ip,Kerala,Kollam,0,0.0,0.0,1
2020-07-08,fever_ip,Kerala,Malappuram,1,0.0,0.0,1
2020-07-08,hepatitis_a_confirmed,Kerala,Kannur,1,0.0,0.0,1
2020-07-08,hepatitis_a_confirmed,Kerala,Kasaragod,0,0.0002381106347815,0.0002381106347815,1
2020-07-08,hepatitis_a_confirmed,Kerala,Palakkad,0,0.0,0.0,1
2020-07-08,hepatitis_a_confirmed,Kerala,Thrissur,0,0.0,0.0,1
2020-07-08,hepatitis_c,Kerala,Kozhikode,0,0.0,0.0,1
2020-07-08,hepatitis_c,Kerala,Thrissur,1,0.0,0.0,2
2020-07-08,leptospirosis_confirmed,Kerala,Kottayam,1,0.0,0.0,1
2020-07-08,leptospirosis_confirmed,Kerala,Pathanamthitta,1,0.0,0.0,1
2020-07-08,leptospirosis_probable,Kerala,Idukki,1,0.0538899318481054,0.0538899318481054,1
2020-07-08,leptospirosis_probable,Kerala,Pathanamthitta,0,0.0,0.0,1
2020-07-09,fever_ip,Kerala,Kollam,0,0.0,0.0,1
2020-07-09,fever_ip,Kerala,Pathanamthitta,1,0.0,0.0,1
2020-07-09,fever_op,Kerala,Palakkad,1,0.0,0.0,1
2020-07-09,hepatitis_a_confirmed,Kerala,Alappuzha,0,0.0,0.0,1
2020-07-09,hepatitis_a_confirmed,Kerala,Pathanamthitta,0,0.0,0.0,1
2020-07-09,leptospirosis_confirmed,Kerala,Kasaragod,1,0.0,0.0,1
2020-07-09,leptospirosis_confirmed,Kerala,Palakkad,1,0.0,0.0,1
2020-07-10,fever_ip,Kerala,Alappuzha,0,0.0,0.0,1
2020-07-10,fever_ip,Kerala,Thiruvananthapuram,1,0.0,0.0,1
2020-07-10,fever_op,Kerala,Alappuzha,1,0.5072484850532498,0.5072484850532498,1
2020-07-10,fever_op,Kerala,Kottayam,1,0.0,0.0,1
2020-07-10,fever_op,Kerala,Malappuram,0,0.0,0.0,1
2020-07-10,fever_op,Kerala,Palakkad,1,0.0,0.0,1
2020-07-10,hepatitis_a_confirmed,Kerala,Ernakulam,1,0.0,0.0,1
2020-07-10,hepatitis_a_confirmed,Kerala,Idukki,0,0.0,0.0,1
2020-07-10,hepatitis_a_confirmed,Kerala,Kannur,1,0.0,0.0,1
2020-07-10,hepatitis_a_confirmed,Kerala,Pathanamthitta,1,0.0,0.0,1
2020-07-11,fever_ip,Kerala,Pathanamthitta,0,0.0004474975398778,0.0004474975398778,1
2020-07-11,fever_op,Kerala,Kannur,3,0.0,0.0,3
2020-07-11,fever_op,Kerala,Malappuram,1,0.0,0.0,1
2020-07-11,hepatitis_a_confirmed,Kerala,Alappuzha,0,0.0,0.0,1
2020-07-11,hepatitis_a_confirmed,Kerala,Thrissur,0,0.0,0.0,1
2020-07-12,hepatitis_a_confirmed,Kerala,Kannur,0,0.0,0.0,1
2020-07-13,hepatitis_a_confirmed,Kerala,Ernakulam,0,0.0,0.0,1
2020-07-13,hepatitis_a_confirmed,Kerala,Kottayam,1,0.0,0.0,1
2020-08-07,chicken_pox,Kerala,Alappuzha,1,0.0,0.0,1
2020-08-07,chicken_pox,Kerala,Ernakulam,0,0.0,0.0,1
2020-08-07,chicken_pox,Kerala,Palakkad,0,0.0002227128419499,0.0002227128419499,1
2020-08-07,chicken_pox,Kerala,Thiruvananthapuram,0,0.0,0.0,1
2020-08-07,scrub_typhus,Kerala,Palakkad,2,0.0,0.0,2
2020-08-08,acute_diarrheal_disease,Kerala,Kannur,0,0.0,0.0,1
2020-08-08,acute_diarrheal_disease,Kerala,Thiruvananthapuram,1,0.0,0.0,1
2020-08-08,chicken_pox,Kerala,Malappuram,0,0.0,0.0,1
2020-08-08,chicken_pox,Kerala,Thiruvananthapuram,1,0.0,0.0,1
2020-08-08,dengue,Kerala,Ernakulam,0,0.0,0.0,1
2020-08-08,dengue,Kerala,Kasaragod,0,0.0,0.0,1
2020-08-08,dengue,Kerala,Kollam,1,0.0,0.0,1
2020-08-08,scrub_typhus,Kerala,Malappuram,0,0.0,0.0,1
2020-08-09,acute_diarrheal_disease,Kerala,Thiruvananthapuram,1,0.036919912725183,0.036919912725183,1
2020-08-09,chicken_pox,Kerala,Idukki,1,0.0,0.0,2
2020-08-09,dengue,Kerala,Idukki,1,0.0,0.0,1
2020-08-09,dengue,Kerala,Kannur,1,0.0,0.0,1
2020-08-09,dengue,Kerala,Palakkad,0,0.0,0.0,1
2020-08-09,dengue,Kerala,Pathanamthitta,1,0.0,0.0,1
2020-08-10,dengue,Kerala,Kollam,1,0.0,0.0,2
2020-08-10,dengue,Kerala,Malappuram,1,0.0,0.0,1
2020-08-10,dengue,Kerala,Pathanamthitta,1,0.0,0.0,1
2020-08-10,dengue,Kerala,Thrissur,0,0.0002699678920971,0.0002699678920971,1
2020-08-11,dengue,Kerala,Ernakulam,1,0.0267315003885196,0.0267315003885196,1
2020-08-11,dengue,Kerala,Palakkad,0,0.0,0.0,1
2020-08-11,fever_ip,Kerala,Pathanamthitta,0,0.0,0.0,1
2020-08-11,fever_ip,Kerala,Thiruvananthapuram,1,0.0,0.0,1
2020-08-11,malaria,Kerala,Kozhikode,0,0.0,0.0,1
2020-08-11,malaria,Kerala,Malappuram,0,0.0,0.0,1
2020-08-11,malaria,Kerala,Thrissur,1,0.0,0.0,1
2020-08-12,acute_encephalitis_syndrome,Kerala,Malappuram,1,0.0,0.0,1
2020-08-12,fever_ip,Kerala,Alappuzha,0,0.0,0.0,1
2020-08-12,fever_op,Kerala,Thiruvananthapuram,1,0.0,0.0,1
2020-08-12,malaria,Kerala,Kannur,0,0.0,0.0,1
2020-08-12,malaria,Kerala,Kasaragod,0,0.0,0.0,1
2020-08-13,acute_encephalitis_syndrome,Kerala,Kottayam,1,0.0,0.0,1
2020-08-13,acute_encephalitis_syndrome,Kerala,Pathanamthitta,0,0.0,0.0,1
2020-08-13,fever_ip,Kerala,Thiruvananthapuram,0,0.0,0.0,1
2020-08-13,fever_op,Kerala,Palakkad,0,0.0,0.0,1
2020-08-13,fever_op,Kerala,Pathanamthitta,0,0.0,0.0,1
2020-08-14,acute_encephalitis_syndrome,Kerala,Kozhikode,0,0.0,0.0,1
2020-08-14,fever_ip,Kerala,Kasaragod,1,0.0,0.0,1
2020-08-14,fever_ip,Kerala,Palakkad,1,0.0,0.0,1
2020-08-14,fever_op,Kerala,Ernakulam,1,0.0,0.0,1
2020-08-14,fever_op,Kerala,Idukki,1,0.0,0.0,1
2020-08-14,fever_op,Kerala,Kottayam,1,0.0,0.0,1
2020-08-14,hepatitis_a_confirmed,Kerala,Alappuzha,1,4.031199542819508e-05,4.031199542819508e-05,1
2020-08-14,hepatitis_a_confirmed,Kerala,Kollam,1,0.007921937596429,0.007921937596429,1
2020-08-15,fever_op,Kerala,Alappuzha,0,0.0,0.0,1
2020-08-15,hepatitis_a_confirmed,Kerala,Alappuzha,1,0.0777845236652979,0.0777845236652979,1
2020-08-15,hepatitis_a_confirmed,Kerala,Kannur,1,0.0,0.0,1
2020-08-15,hepatitis_a_confirmed,Kerala,Kasaragod,0,0.0,0.0,1
2020-08-15,hepatitis_a_confirmed,Kerala,Wayanad,1,0.0,0.0,1
2020-09-08,leptospirosis_probable,Kerala,Idukki,1,0.0,0.0,1
2020-09-08,leptospirosis_probable,Kerala,Kollam,0,0.0,0.0,1
2020-09-09,acute_diarrheal_disease,Kerala,Palakkad,1,0.0,0.0,1
2020-09-09,acute_diarrheal_disease,Kerala,Thrissur,1,0.0,0.0,1
2020-09-09,hepatitis_a_probable,Kerala,Pathanamthitta,2,0.0022233661655586003,0.0020818230100759,2
2020-09-09,leptospirosis_confirmed,Kerala,Alappuzha,0,0.0,0.0,1
2020-09-09,leptospirosis_probable,Kerala,Kannur,1,0.0,0.0,1
2020-09-09,scrub_typhus,Kerala,Alappuzha,0,0.0,0.0,1
2020-09-09,scrub_typhus,Kerala,Kollam,0,0.0,0.0,1
2020-09-09,scrub_typhus,Kerala,Palakkad,0,0.0,0.0,1
2020-09-09,scrub_typhus,Kerala,Thiruvananthapuram,1,0.0,0.0,1
2020-09-09,typhoid,Kerala,Ernakulam,0,0.0,0.0,1
2020-09-09,typhoid,Kerala,Kannur,0,0.0,0.0,1
2020-09-10,acute_diarrheal_disease,Kerala,Alappuzha,0,0.0,0.0,1
2020-09-10,chicken_pox,Kerala,Kannur,1,0.0,0.0,1
2020-09-10,chicken_pox,Kerala,Kollam,0,0.0,0.0,1
2020-09-10,chicken_pox,Kerala,Pathanamthitta,0,0.0,0.0,1
2020-09-10,hepatitis_a_probable,Kerala,Pathanamthitta,1,0.0,0.0,1
2020-09-10,hepatitis_a_probable,Kerala,Thiruvananthapuram,0,0.0,0.0,1
2020-09-10,hepatitis_a_probable,Kerala,Thrissur,1,0.0,0.0,1
2020-09-10,hepatitis_c,Kerala,Kannur,0,0.0,0.0,1
2020-09-10,leptospirosis_confirmed,Kerala,Alappuzha,0,0.0,0.0,1
2020-09-10,leptospirosis_confirmed,Kerala,Thrissur,0,0.0,0.0,1
2020-09-10,leptospirosis_probable,Kerala,Alappuzha,1,0.0,0.0,1
2020-09-10,leptospirosis_probable,Kerala,Ernakulam,0,0.0,0.0,1
2020-09-10,leptospirosis_probable,Kerala,Kollam,0,0.0,0.0,1
2020-09-10,scrub_typhus,Kerala,Kottayam,0,0.0,0.0,1
2020-09-10,scrub_typhus,Kerala,Thrissur,0,0.0,0.0,1
2020-09-10,typhoid,Kerala,Ernakulam,0,0.0,0.0,1
2020-09-11,acute_diarrheal_disease,Kerala,Ernakulam,0,0.0194319293745078,0.0194319293745078,1
2020-09-11,acute_diarrheal_disease,Kerala,Kozhikode,1,0.0,0.0,1
2020-09-11,acute_diarrheal_disease,Kerala,Malappuram,2,0.0,0.0,2
2020-09-11,chicken_pox,Kerala,Pathanamthitta,0,0.0,0.0,1
2020-09-11,chicken_pox,Kerala,Thiruvananthapuram,0,0.0,0.0,1
2020-09-11,chicken_pox,Kerala,Thrissur,1,0.0,0.0,1
2020-09-11,chicken_pox,Kerala,Wayanad,0,0.0,0.0,1
2020-09-11,dengue,Kerala,Ernakulam,1,0.0,0.0,1
2020-09-11,dengue,Kerala,Kannur,0,0.0191470511858459,0.0191470511858459,1
2020-09-11,dengue,Kerala,Kollam,1,0.0060101808802293,0.0060101808802293,1
2020-09-11,dengue,Kerala,Malappuram,2,0.0,0.0,2
2020-09-11,dengue,Kerala,Thrissur,0,0.0020623717221775,0.0020623717221775,1
2020-09-11,dengue,Kerala,Wayanad,0,0.0,0.0,1
2020-09-11,hepatitis_a_probable,Kerala,Idukki,1,0.0,0.0,1
2020-09-11,hepatitis_a_probable,Kerala,Kannur,0,0.0,0.0,1
2020-09-11,hepatitis_a_probable,Kerala,Kozhikode,1,0.0,0.0,1
2020-09-11,hepatitis_a_probable,Kerala,Thrissur,0,0.0,0.0,1
2020-09-11,hepatitis_c,Kerala,Ernakulam,0,0.0,0.0,1
2020-09-11,hepatitis_c,Kerala,Kasaragod,0,0.0,0.0,1
2020-09-11,hepatitis_c,Kerala,Kottayam,0,0.0,0.0,1
2020-09-11,leptospirosis_probable,Kerala,Kannur,1,0.0,0.0,1
2020-09-11,measles,Kerala,Kollam,0,0.0,0.0,1
2020-09-11,scrub_typhus,Kerala,Kozhikode,1,0.0,0.0,1
2020-09-12,acute_diarrheal_disease,Kerala,Ernakulam,1,0.0,0.0,1
2020-09-12,acute_diarrheal_disease,Kerala,Kollam,0,0.0,0.0,1
2020-09-12,chicken_pox,Kerala,Ernakulam,0,0.0009255678755073,0.0009255678755073,1
2020-09-12,chicken_pox,Kerala,Idukki,0,0.0,0.0,1
2020-09-12,dengue,Kerala,Kottayam,0,0.0,0.0,1
2020-09-12,dengue,Kerala,Thiruvananthapuram,0,0.0,0.0,1
2020-09-12,dengue,Kerala,Thrissur,1,0.0,0.0,1
2020-09-12,hepatitis_c,Kerala,Idukki,0,0.0,0.0,1
2020-09-12,hepatitis_c,Kerala,Kollam,0,0.0,0.0,1
2020-09-12,hepatitis_c,Kerala,Thrissur,0,0.0,0.0,1
2020-09-12,leptospirosis_confirmed,Kerala,Alappuzha,0,0.0017927637586109,0.0017927637586109,1
2020-09-12,leptospirosis_confirmed,Kerala,Ernakulam,1,0.0,0.0,2
2020-09-12,leptospirosis_confirmed,Kerala,Kottayam,1,0.0,0.0,1
2020-09-12,leptospirosis_confirmed,Kerala,Thrissur,1,0.0,0.0,1
2020-09-12,leptospirosis_probable,Kerala,Alappuzha,0,0.0,0.0,1
2020-09-12,leptospirosis_probable,Kerala,Ernakulam,1,0.0,0.0,1
2020-09-12,leptospirosis_probable,Kerala,Kozhikode,1,0.0,0.0,1
2020-09-12,typhoid,Kerala,Kollam,0,0.0,0.0,1
2020-09-13,chicken_pox,Kerala,Alappuzha,1,0.0,0.0,1
2020-09-13,chicken_pox,Kerala,Kannur,0,0.0128198156012219,0.0128198156012219,1
2020-09-13,dengue,Kerala,Alappuzha,0,0.0,0.0,1
2020-09-13,dengue,Kerala,Ernakulam,0,0.0010257465340937,0.0010257465340937,1
2020-09-13,dengue,Kerala,Kannur,1,0.0,0.0,1
2020-09-13,dengue,Kerala,Malappuram,1,0.0,0.0,2
2020-09-13,dengue,Kerala,Pathanamthitta,1,0.8001228051295249,0.8001228051295249,1
2020-09-13,hepatitis_c,Kerala,Palakkad,0,0.0,0.0,1
2020-09-13,leptospirosis_confirmed,Kerala,Malappuram,0,0.2281758951659326,0.2281758951659326,2
2020-09-13,leptospirosis_confirmed,Kerala,Thiruvananthapuram,0,0.0,0.0,1
2020-09-13,leptospirosis_probable,Kerala,Malappuram,0,0.0,0.0,1
2020-09-13,leptospirosis_probable,Kerala,Thrissur,0,0.0,0.0,1
2020-09-13,malaria,Kerala,Idukki,0,0.0,0.0,1
2020-09-13,malaria,Kerala,Kasaragod,0,0.0,0.0,1
2020-09-13,malaria,Kerala,Malappuram,0,0.0,0.0,1
2020-09-14,chicken_pox,Kerala,Malappuram,0,0.0079425989270287,0.0079425989270287,1
2020-09-14,chicken_pox,Kerala,Thiruvananthapuram,0,0.0012563214305775,0.0012563214305775,1
2020-09-14,dengue,Kerala,Kollam,0,0.0058841292052872,0.0058841292052872,1
2020-09-14,dengue,Kerala,Malappuram,1,0.0,0.0,1
2020-09-14,dengue,Kerala,Palakkad,0,0.0,0.0,1
2020-09-14,dengue,Kerala,Thiruvananthapuram,1,0.0,0.0,1
2020-09-14,fever_ip,Kerala,Pathanamthitta,0,0.0001612479817127,0.0001612479817127,1
2020-09-14,fever_ip,Kerala,Thrissur,1,0.0,0.0,1
2020-09-14,fever_ip,Kerala,Wayanad,1,0.0,0.0,1
2020-09-14,leptospirosis_confirmed,Kerala,Ernakulam,0,0.0,0.0,1
2020-09-14,leptospirosis_confirmed,Kerala,Idukki,0,0.0,0.0,1
2020-09-14,leptospirosis_confirmed,Kerala,Kollam,1,0.0,0.0,2
2020-09-14,leptospirosis_confirmed,Kerala,Thrissur,0,0.0,0.0,1
2020-09-14,leptospirosis_probable,Kerala,Alappuzha,0,0.0,0.0,1
2020-09-14,leptospirosis_probable,Kerala,Pathanamthitta,0,0.0,0.0,1
2020-09-14,malaria,Kerala,Kannur,0,0.0,0.0,1
2020-09-14,malaria,Kerala,Kollam,0,0.0,0.0,1
2020-09-14,malaria,Kerala,Malappuram,0,0.0,0.0,1
2020-09-15,chicken_pox,Kerala,Kannur,0,0.0,0.0,1
2020-09-15,chicken_pox,Kerala,Kasaragod,0,0.0,0.0,1
2020-09-15,chicken_pox,Kerala,Palakkad,1,0.0,0.0,1
2020-09-15,dengue,Kerala,Palakkad,1,0.0,0.0,1
2020-09-15,fever_ip,Kerala,Kollam,1,0.0,0.0,1
2020-09-15,fever_ip,Kerala,Palakkad,1,0.0,0.0,1
2020-09-15,fever_op,Kerala,Thiruvananthapuram,0,0.0005781305887357,0.0005781305887357,1
2020-09-15,hepatitis_a_confirmed,Kerala,Palakkad,0,0.0,0.0,1
2020-09-15,leptospirosis_confirmed,Kerala,Malappuram,0,0.0,0.0,1
2020-09-15,leptospirosis_probable,Kerala,Kollam,0,0.0019668006938926,0.0019668006938926,1
2020-09-16,chicken_pox,Kerala,Palakkad,0,0.0,0.0,1
2020-09-16,fever_ip,Kerala,Ernakulam,0,0.0003833630701882,0.0003833630701882,1
2020-09-16,fever_ip,Kerala,Kannur,1,0.0,0.0,1
2020-09-16,fever_ip,Kerala,Kozhikode,1,0.0,0.0,1
2020-09-16,fever_op,Kerala,Wayanad,0,0.0,0.0,1
2020-09-17,chicken_pox,Kerala,Kottayam,0,0.0,0.0,1
2020-09-17,chicken_pox,Kerala,Malappuram,0,0.0,0.0,1
2020-09-17,chicken_pox,Kerala,Palakkad,0,0.0,0.0,1
2020-09-17,fever_ip,Kerala,Idukki,0,0.0,0.0,1
2020-09-17,fever_ip,Kerala,Pathanamthitta,1,0.0,0.0,1
2020-09-17,hepatitis_a_confirmed,Kerala,Alappuzha,1,0.0,0.0,1
2020-09-17,hepatitis_a_confirmed,Kerala,Idukki,1,0.0,0.0,1
2020-09-18,chicken_pox,Kerala,Idukki,0,0.0,0.0,1
2020-09-18,chicken_pox,Kerala,Kasaragod,0,3.527299599967069e-05,3.527299599967069e-05,1
2020-09-18,chicken_pox,Kerala,Kollam,1,0.0,0.0,1
2020-09-18,chicken_pox,Kerala,Malappuram,0,0.0005795279225613,0.0005795279225613,2
2020-09-18,chicken_pox,Kerala,Palakkad,0,0.0,0.0,1
2020-09-18,chicken_pox,Kerala,Wayanad,0,0.0,0.0,1
2020-09-18,fever_ip,Kerala,Alappuzha,1,0.0031880495696214,0.0031880495696214,2
2020-09-18,fever_ip,Kerala,Thiruvananthapuram,1,0.0,0.0,1
2020-09-18,hepatitis_a_confirmed,Kerala,Malappuram,1,0.0,0.0,1
2020-09-19,fever_ip,Kerala,Kottayam,1,0.0,0.0,1
2020-09-19,fever_ip,Kerala,Malappuram,0,0.0,0.0,1
2020-09-19,fever_ip,Kerala,Palakkad,0,0.0,0.0,1
2020-09-19,fever_ip,Kerala,Wayanad,1,0.0,0.0,1
2020-09-19,hepatitis_a_confirmed,Kerala,Kottayam,1,4.031199542819508e-05,4.031199542819508e-05,1
2020-09-19,hepatitis_a_confirmed,Kerala,Malappuram,0,0.0,0.0,1
2020-09-20,fever_ip,Kerala,Alappuzha,1,0.0,0.0,1
2020-09-20,fever_ip,Kerala,Ernakulam,1,0.0,0.0,1
2020-09-20,fever_ip,Kerala,Kasaragod,0,0.0,0.0,1
2020-09-20,fever_ip,Kerala,Thiruvananthapuram,1,0.0327045977519241,0.0327045977519241,1
2020-09-21,fever_ip,Kerala,Kannur,1,0.0,0.0,1
2020-09-21,fever_ip,Kerala,Malappuram,0,0.0,0.0,1
2020-09-21,fever_ip,Kerala,Thrissur,0,0.0,0.0,1
2020-09-21,fever_ip,Kerala,Wayanad,1,0.0,0.0,1
2020-09-22,fever_ip,Kerala,Kasaragod,1,0.0,0.0,1
2020-09-22,fever_ip,Kerala,Kozhikode,1,0.0,0.0,1
2020-09-23,fever_ip,Kerala,Kollam,0,0.0,0.0,1
2020-09-26,chikungunya,Kerala,Wayanad,0,0.0,0.0,1
2020-09-29,chikungunya,Kerala,Kollam,0,0.0,0.0,1
2020-09-30,chikungunya,Kerala,Wayanad,0,0.0011783301938107,0.0011783301938107,1
2020-10-04,influenza_h1n1_seasonal,Kerala,Kottayam,1,0.0,0.0,1
2020-10-04,influenza_h1n1_seasonal,Kerala,Malappuram,0,0.0,0.0,1
2020-10-12,hepatitis_a_probable,Kerala,Malappuram,1,0.0,0.0,1
2020-10-13,hepatitis_a_probable,Kerala,Thiruvananthapuram,1,0.0022444216971383,0.0022444216971383,1
2020-10-13,hepatitis_a_probable,Kerala,Wayanad,1,0.9999999983333334,0.9999999983333334,1
2020-10-13,hepatitis_b,Kerala,Thrissur,0,0.0,0.0,1
2020-10-14,acute_diarrheal_disease,Kerala,Ernakulam,1,0.0136887841502626,0.0136887841502626,1
2020-10-14,acute_diarrheal_disease,Kerala,Kasaragod,1,0.0,0.0,1
2020-10-14,acute_diarrheal_disease,Kerala,Kottayam,1,0.0,0.0,1
2020-10-14,acute_diarrheal_disease,Kerala,Thrissur,0,0.0011961085951445,0.0011961085951445,2
2020-10-14,hepatitis_b,Kerala,Kollam,0,0.0,0.0,1
2020-10-14,scrub_typhus,Kerala,Ernakulam,1,0.0,0.0,1
2020-10-14,scrub_typhus,Kerala,Kottayam,0,0.0,0.0,1
2020-10-14,scrub_typhus,Kerala,Thiruvananthapuram,0,0.0057905512176895,0.0057905512176895,1
2020-10-15,acute_diarrheal_disease,Kerala,Idukki,1,0.0,0.0,1
2020-10-15,acute_diarrheal_disease,Kerala,Kasaragod,1,0.0,0.0,1
2020-10-15,acute_diarrheal_disease,Kerala,Kozhikode,1,0.0,0.0,1
2020-10-15,acute_diarrheal_disease,Kerala,Thiruvananthapuram,1,0.0,0.0,1
2020-10-15,acute_diarrheal_disease,Kerala,Wayanad,0,0.0,0.0,1
2020-10-15,dengue,Kerala,Idukki,0,0.0,0.0,1
2020-10-15,dengue,Kerala,Kasaragod,0,0.0,0.0,1
2020-10-15,dengue,Kerala,Malappuram,1,0.0,0.0,1
2020-10-15,hepatitis_a_probable,Kerala,Ernakulam,1,0.0,0.0,1
2020-10-15,hepatitis_a_probable,Kerala,Kasaragod,1,0.0,0.0,1
2020-10-15,hepatitis_a_probable,Kerala,Palakkad,1,0.0,0.0,1
2020-10-15,hepatitis_a_probable,Kerala,Thiruvananthapuram,1,0.0,0.0,1
2020-10-15,hepatitis_c,Kerala,Ernakulam,0,0.0,0.0,1
2020-10-15,hepatitis_c,Kerala,Malappuram,0,0.0,0.0,1
2020-10-15,malaria,Kerala,Thiruvananthapuram,0,0.0,0.0,1
2020-10-15,scrub_typhus,Kerala,Pathanamthitta,0,0.0,0.0,1
2020-10-16,acute_diarrheal_disease,Kerala,Ernakulam,1,0.0009839398679112,0.0009839398679112,1
2020-10-16,acute_diarrheal_disease,Kerala,Thrissur,1,0.026461892424953,0.026461892424953,1
2020-10-16,dengue,Kerala,Alappuzha,0,0.0046486973157634,0.0046486973157634,1
2020-10-16,dengue,Kerala,Kasaragod,0,0.0,0.0,1
2020-10-16,dengue,Kerala,Kollam,0,0.0,0.0,1
2020-10-16,dengue,Kerala,Kottayam,1,1.3437331809398353e-05,1.3437331809398353e-05,2
2020-10-16,dengue,Kerala,Malappuram,1,0.0015331533929343,0.0015331533929343,1
2020-10-16,dengue,Kerala,Pathanamthitta,0,0.0,0.0,1
2020-10-16,dengue,Kerala,Wayanad,0,0.0105776178556282,0.0105776178556282,1
2020-10-16,hepatitis_a_probable,Kerala,Palakkad,2,0.0007092877532181,0.0007092877532181,2
2020-10-16,hepatitis_b,Kerala,Kasaragod,0,0.0,0.0,1
2020-10-16,hepatitis_b,Kerala,Kollam,0,0.0,0.0,1
2020-10-16,hepatitis_b,Kerala,Kozhikode,0,0.0,0.0,1
2020-10-16,hepatitis_b,Kerala,Malappuram,0,0.0,0.0,1
2020-10-16,hepatitis_b,Kerala,Thiruvananthapuram,0,0.0,0.0,1
2020-10-16,hepatitis_c,Kerala,Ernakulam,0,0.9999999983333334,0.9999999983333334,2
2020-10-16,hepatitis_c,Kerala,Kannur,0,0.0461432737653134,0.0461432737653134,1
2020-10-16,hepatitis_c,Kerala,Kasaragod,0,0.0,0.0,1
2020-10-16,hepatitis_c,Kerala,Malappuram,0,0.0,0.0,1
2020-10-16,leptospirosis_probable,Kerala,Idukki,1,0.0008491358861279,0.0008491358861279,1
2020-10-16,leptospirosis_probable,Kerala,Malappuram,0,0.0,0.0,1
2020-10-16,leptospirosis_probable,Kerala,Thiruvananthapuram,0,0.0,0.0,1
2020-10-16,scrub_typhus,Kerala,Wayanad,0,0.0,0.0,1
2020-10-17,acute_diarrheal_disease,Kerala,Alappuzha,2,0.0,0.0,2
2020-10-17,acute_diarrheal_disease,Kerala,Palakkad,1,0.0011943374387785,0.0011943374387785,1
2020-10-17,dengue,Kerala,Kollam,1,0.0,0.0,1
2020-10-17,dengue,Kerala,Kottayam,1,0.0002821839679973,0.0002821839679973,1
2020-10-17,dengue,Kerala,Kozhikode,0,0.0,0.0,1
2020-10-17,dengue,Kerala,Pathanamthitta,1,0.0,0.0,2
2020-10-17,hepatitis_a_probable,Kerala,Kollam,1,0.0,0.0,1
2020-10-17,hepatitis_a_probable,Kerala,Kottayam,1,0.0,0.0,1
2020-10-17,hepatitis_a_probable,Kerala,Kozhikode,1,0.0,0.0,1
2020-10-17,hepatitis_a_probable,Kerala,Palakkad,1,0.0,0.0,1
2020-10-17,hepatitis_a_probable,Kerala,Thiruvananthapuram,1,0.0003224959634255,0.0003224959634255,1
2020-10-17,hepatitis_b,Kerala,Kozhikode,0,0.0001033066529982,0.0001033066529982,1
2020-10-17,hepatitis_c,Kerala,Idukki,0,0.0,0.0,1
2020-10-17,hepatitis_c,Kerala,Kollam,0,0.0,0.0,1
2020-10-17,hepatitis_c,Kerala,Kottayam,0,0.0,0.0,1
2020-10-17,leptospirosis_confirmed,Kerala,Alappuzha,0,0.0386414967786267,0.0386414967786267,1
2020-10-17,leptospirosis_confirmed,Kerala,Ernakulam,1,0.026461892424953,0.026461892424953,1
2020-10-17,leptospirosis_confirmed,Kerala,Idukki,0,0.0,0.0,1
2020-10-17,leptospirosis_confirmed,Kerala,Pathanamthitta,0,0.0,0.0,1
2020-10-17,leptospirosis_probable,Kerala,Alappuzha,0,0.0,0.0,1
2020-10-17,leptospirosis_probable,Kerala,Pathanamthitta,0,0.013925122119107,0.013925122119107,1
2020-10-17,malaria,Kerala,Alappuzha,0,0.0,0.0,1
2020-10-17,malaria,Kerala,Malappuram,1,0.0,0.0,1
2020-10-17,malaria,Kerala,Thrissur,0,0.0,0.0,1
2020-10-17,scrub_typhus,Kerala,Alappuzha,1,0.0,0.0,1
2020-10-17,scrub_typhus,Kerala,Kasaragod,1,0.0,0.0,1
2020-10-18,dengue,Kerala,Kasaragod,1,0.0,0.0,1
2020-10-18,fever_op,Kerala,Idukki,1,0.0,0.0,1
2020-10-18,fever_op,Kerala,Kannur,1,0.8408737220146316,0.8408737220146316,1
2020-10-18,fever_op,Kerala,Kozhikode,1,0.0,0.0,1
2020-10-18,fever_op,Kerala,Pathanamthitta,1,0.0,0.0,1
2020-10-18,hepatitis_a_probable,Kerala,Idukki,1,0.0,0.0,1
2020-10-18,hepatitis_a_probable,Kerala,Kollam,1,0.0,0.0,1
2020-10-18,hepatitis_a_probable,Kerala,Kottayam,1,0.0,0.0,2
2020-10-18,hepatitis_a_probable,Kerala,Malappuram,0,0.0,0.0,1
2020-10-18,hepatitis_b,Kerala,Alappuzha,1,0.0,0.0,1
2020-10-18,leptospirosis_confirmed,Kerala,Ernakulam,1,0.0,0.0,1
2020-10-18,leptospirosis_confirmed,Kerala,Kasaragod,0,0.0,0.0,1
2020-10-18,leptospirosis_confirmed,Kerala,Pathanamthitta,1,7.004639088459407e-05,7.004639088459407e-05,1
2020-10-18,leptospirosis_confirmed,Kerala,Thiruvananthapuram,0,0.0,0.0,2
2020-10-18,leptospirosis_probable,Kerala,Ernakulam,0,0.0,0.0,1
2020-10-18,leptospirosis_probable,Kerala,Palakkad,0,0.0,0.0,1
2020-10-18,leptospirosis_probable,Kerala,Thrissur,0,0.0,0.0,1
2020-10-18,scrub_typhus,Kerala,Ernakulam,0,0.0,0.0,1
2020-10-18,typhoid,Kerala,Thiruvananthapuram,2,0.0,0.0,2
2020-10-19,chicken_pox,Kerala,Wayanad,0,0.030216247917171,0.030216247917171,1
2020-10-19,dengue,Kerala,Alappuzha,1,0.0,0.0,1
2020-10-19,dengue,Kerala,Ernakulam,1,0.0,0.0,1
2020-10-19,dengue,Kerala,Kottayam,1,0.0,0.0,1
2020-10-19,dengue,Kerala,Palakkad,0,0.0,0.0,1
2020-10-19,fever_op,Kerala,Palakkad,2,0.0,0.0,3
2020-10-19,fever_op,Kerala,Pathanamthitta,1,0.0009674878902766,0.0009674878902766,1
2020-10-19,hepatitis_a_probable,Kerala,Kottayam,1,0.0035452155217937,0.0035452155217937,1
2020-10-19,hepatitis_a_probable,Kerala,Wayanad,1,0.0,0.0,1
2020-10-19,hepatitis_b,Kerala,Idukki,1,0.0,0.0,1
2020-10-19,hepatitis_c,Kerala,Idukki,0,0.0,0.0,1
2020-10-19,hepatitis_c,Kerala,Kollam,0,0.0233576923204926,0.0233576923204926,1
2020-10-19,leptospirosis_confirmed,Kerala,Kannur,0,0.0,0.0,1
2020-10-19,leptospirosis_confirmed,Kerala,Pathanamthitta,0,0.0,0.0,1
2020-10-19,leptospirosis_probable,Kerala,Idukki,0,0.0,0.0,1
2020-10-19,leptospirosis_probable,Kerala,Kozhikode,1,0.0,0.0,1
2020-10-19,leptospirosis_probable,Kerala,Malappuram,1,0.0,0.0,1
2020-10-19,leptospirosis_probable,Kerala,Pathanamthitta,0,0.0,0.0,1
2020-10-19,malaria,Kerala,Kannur,0,0.0063254965735827,0.0033789721296094,2
2020-10-19,malaria,Kerala,Thrissur,1,0.0104769137845545,0.0104769137845545,1
2020-10-19,malaria,Kerala,Wayanad,0,0.0,0.0,1
2020-10-19,measles,Kerala,Palakkad,0,0.0,0.0,1
2020-10-20,chicken_pox,Kerala,Kottayam,0,0.0,0.0,1
2020-10-20,chicken_pox,Kerala,Malappuram,0,0.0,0.0,1
2020-10-20,chicken_pox,Kerala,Thiruvananthapuram,0,0.0,0.0,1
2020-10-20,dengue,Kerala,Idukki,0,0.0017942573202498,0.0017942573202498,1
2020-10-20,dengue,Kerala,Malappuram,1,0.0027363916310939,0.0027363916310939,1
2020-10-20,fever_op,Kerala,Pathanamthitta,0,0.0,0.0,1
2020-10-20,fever_op,Kerala,Thrissur,0,0.0197216933357885,0.0197216933357885,2
2020-10-20,hepatitis_a_confirmed,Kerala,Alappuzha,0,0.0,0.0,1
2020-10-20,hepatitis_a_confirmed,Kerala,Kasaragod,1,0.2130799258825372,0.2130799258825372,1
2020-10-20,hepatitis_a_probable,Kerala,Palakkad,1,0.8214478507110401,0.8214478507110401,1
2020-10-20,hepatitis_a_probable,Kerala,Wayanad,1,0.0,0.0,1
2020-10-20,hepatitis_c,Kerala,Kollam,0,0.0024791877188339,0.0024791877188339,1
2020-10-20,hepatitis_c,Kerala,Pathanamthitta,0,0.0,0.0,1
2020-10-20,leptospirosis_confirmed,Kerala,Ernakulam,0,0.0629699666762624,0.0629699666762624,1
2020-10-20,malaria,Kerala,Kollam,0,0.0,0.0,1
2020-10-20,malaria,Kerala,Kottayam,0,0.0,0.0,1
2020-10-20,malaria,Kerala,Kozhikode,0,0.0,0.0,1
2020-10-21,dengue,Kerala,Alappuzha,1,0.0,0.0,1
2020-10-21,dengue,Kerala,Ernakulam,2,0.0046443383198488,0.0046443383198488,2
2020-10-21,dengue,Kerala,Palakkad,1,4.576464501912684e-05,4.576464501912684e-05,1
2020-10-21,dengue,Kerala,Pathanamthitta,1,0.0,0.0,2
2020-10-21,fever_op,Kerala,Kasaragod,1,0.0,0.0,1
2020-10-21,fever_op,Kerala,Pathanamthitta,1,0.0,0.0,1
2020-10-21,fever_op,Kerala,Wayanad,0,0.0,0.0,1
2020-10-21,hepatitis_a_confirmed,Kerala,Kannur,0,0.0,0.0,1
2020-10-21,hepatitis_c,Kerala,Thiruvananthapuram,0,0.0,0.0,1
2020-10-21,leptospirosis_confirmed,Kerala,Idukki,0,0.0,0.0,1
2020-10-21,leptospirosis_probable,Kerala,Kannur,0,0.2995212083706012,0.2995212083706012,1
2020-10-21,malaria,Kerala,Ernakulam,0,0.0,0.0,1
2020-10-21,malaria,Kerala,Idukki,0,0.0,0.0,1
2020-10-21,malaria,Kerala,Kasaragod,0,0.0403778937321462,0.0403778937321462,1
2020-10-21,malaria,Kerala,Kollam,0,0.0025814316515966,0.0025814316515966,1
2020-10-21,malaria,Kerala,Kozhikode,0,0.0,0.0,1
2020-10-21,malaria,Kerala,Thrissur,1,0.0,0.0,1
2020-10-22,chicken_pox,Kerala,Ernakulam,0,0.0,0.0,1
2020-10-22,chicken_pox,Kerala,Pathanamthitta,1,0.0,0.0,1
2020-10-22,dengue,Kerala,Ernakulam,1,0.0,0.0,1
2020-10-22,dengue,Kerala,Kannur,1,0.0003359332952349,0.0003359332952349,1
2020-10-22,dengue,Kerala,Kollam,1,0.0,0.0,1
2020-10-22,dengue,Kerala,Kottayam,0,0.0,0.0,1
2020-10-22,dengue,Kerala,Pathanamthitta,2,0.0012535478314778,0.0012535478314778,2
2020-10-22,dengue,Kerala,Thiruvananthapuram,0,0.0,0.0,1
2020-10-22,dengue,Kerala,Thrissur,1,0.7305846130158884,0.7305846130158884,1
2020-10-22,fever_op,Kerala,Kannur,1,0.0,0.0,1
2020-10-22,hepatitis_c,Kerala,Malappuram,0,0.0,0.0,1
2020-10-22,hepatitis_c,Kerala,Thrissur,1,0.1776831657033558,0.1776831657033558,1
2020-10-22,leptospirosis_probable,Kerala,Alappuzha,1,0.000444723940778,0.000444723940778,1
2020-10-22,leptospirosis_probable,Kerala,Kollam,0,0.0024466276698133,0.0024466276698133,1
2020-10-22,leptospirosis_probable,Kerala,Thrissur,0,0.0,0.0,1
2020-10-22,malaria,Kerala,Alappuzha,0,0.0,0.0,1
2020-10-22,malaria,Kerala,Kollam,0,0.693384436300067,0.693384436300067,1
2020-10-22,malaria,Kerala,Malappuram,0,0.0,0.0,1
2020-10-22,malaria,Kerala,Pathanamthitta,1,0.0,0.0,1
2020-10-22,malaria,Kerala,Thiruvananthapuram,0,0.0,0.0,1
2020-10-23,chicken_pox,Kerala,Alappuzha,1,0.3600032335951355,0.3600032335951355,1
2020-10-23,chicken_pox,Kerala,Kollam,0,4.031199542819508e-05,4.031199542819508e-05,1
2020-10-23,chicken_pox,Kerala,Malappuram,0,0.0,0.0,1
2020-10-23,dengue,Kerala,Ernakulam,1,0.0,0.0,1
2020-10-23,fever_op,Kerala,Kottayam,1,7.085546782069631e-05,7.085546782069631e-05,1
2020-10-23,fever_op,Kerala,Thiruvananthapuram,1,0.0,0.0,1
2020-10-23,hepatitis_a_confirmed,Kerala,Kasaragod,0,0.0,0.0,1
2020-10-23,leptospirosis_confirmed,Kerala,Kottayam,0,0.0,0.0,1
2020-10-23,leptospirosis_confirmed,Kerala,Kozhikode,0,0.0,0.0,1
2020-10-23,leptospirosis_confirmed,Kerala,Palakkad,0,0.0,0.0,1
2020-10-23,leptospirosis_probable,Kerala,Thrissur,0,0.0,0.0,1
2020-10-23,leptospirosis_probable,Kerala,Wayanad,0,0.0,0.0,1
2020-10-23,malaria,Kerala,Kasaragod,0,0.0,0.0,1
2020-10-23,malaria,Kerala,Malappuram,1,0.0,0.0,1
2020-10-23,malaria,Kerala,Palakkad,0,0.0,0.0,2
2020-10-24,chicken_pox,Kerala,Kasaragod,0,0.0,0.0,2
2020-10-24,chicken_pox,Kerala,Malappuram,0,0.716596844260849,0.716596844260849,1
2020-10-24,fever_op,Kerala,Idukki,1,0.0010406350597242,0.0010406350597242,1
2020-10-24,fever_op,Kerala,Kasaragod,1,0.0,0.0,1
2020-10-24,fever_op,Kerala,Palakkad,1,0.0,0.0,1
2020-10-24,fever_op,Kerala,Thiruvananthapuram,0,0.0,0.0,1
2020-10-24,hepatitis_a_confirmed,Kerala,Kannur,1,0.0,0.0,1
2020-10-24,hepatitis_a_confirmed,Kerala,Kottayam,1,0.0,0.0,1
2020-10-24,hepatitis_a_confirmed,Kerala,Malappuram,1,0.0,0.0,1
2020-10-24,hepatitis_a_confirmed,Kerala,Wayanad,1,0.004047478786451,0.004047478786451,1
2020-10-24,leptospirosis_probable,Kerala,Ernakulam,1,0.0,0.0,1
2020-10-24,leptospirosis_probable,Kerala,Idukki,1,7.329453714217285e-06,7.329453714217285e-06,1
2020-10-24,leptospirosis_probable,Kerala,Palakkad,1,0.0,0.0,1
2020-10-25,chicken_pox,Kerala,Pathanamthitta,0,0.0,0.0,1
2020-10-25,chicken_pox,Kerala,Thrissur,0,0.0020938690509625,0.0020938690509625,1
2020-10-25,chicken_pox,Kerala,Wayanad,0,0.0,0.0,1
2020-10-25,fever_ip,Kerala,Ernakulam,0,0.00095370587134,0.00095370587134,2
2020-10-25,fever_ip,Kerala,Kasaragod,2,0.008771073482556995,0.0087307614871288,2
2020-10-25,fever_ip,Kerala,Thiruvananthapuram,1,0.0001943627449881,0.0001943627449881,1
2020-10-25,fever_op,Kerala,Ernakulam,1,0.0,0.0,1
2020-10-25,fever_op,Kerala,Kottayam,1,0.0,0.0,1
2020-10-25,fever_op,Kerala,Kozhikode,1,0.0,0.0,1
2020-10-25,hepatitis_a_confirmed,Kerala,Alappuzha,0,0.0,0.0,1
2020-10-25,hepatitis_a_confirmed,Kerala,Idukki,1,0.0,0.0,1
2020-10-25,hepatitis_a_confirmed,Kerala,Thiruvananthapuram,0,0.0,0.0,1
2020-10-25,leptospirosis_confirmed,Kerala,Idukki,0,0.0,0.0,1
2020-10-25,leptospirosis_confirmed,Kerala,Malappuram,1,0.0,0.0,1
2020-10-25,leptospirosis_confirmed,Kerala,Palakkad,0,0.0001167439848076,0.0001167439848076,1
2020-10-25,leptospirosis_probable,Kerala,Thrissur,0,0.0,0.0,1
2020-10-26,fever_ip,Kerala,Alappuzha,1,0.0,0.0,1
2020-10-26,fever_ip,Kerala,Kasaragod,0,0.0121726703559243,0.0121726703559243,1
2020-10-26,fever_op,Kerala,Thiruvananthapuram,0,0.0,0.0,1
2020-10-26,hepatitis_a_confirmed,Kerala,Kozhikode,0,0.0,0.0,1
2020-10-26,hepatitis_a_confirmed,Kerala,Thiruvananthapuram,1,0.0004825945633811,0.0004825945633811,1
2020-10-26,leptospirosis_confirmed,Kerala,Kasaragod,0,0.0,0.0,1
2020-10-26,leptospirosis_confirmed,Kerala,Palakkad,0,0.0,0.0,1
2020-10-26,leptospirosis_confirmed,Kerala,Pathanamthitta,0,0.0001209359862845,0.0001209359862845,2
2020-10-26,leptospirosis_probable,Kerala,Alappuzha,1,0.8743930039275141,0.8743930039275141,1
2020-10-26,leptospirosis_probable,Kerala,Palakkad,0,0.0001612479817127,0.0001612479817127,1
2020-10-26,shigella,Kerala,Kasaragod,0,0.0,0.0,1
2020-10-27,fever_ip,Kerala,Kannur,1,0.0,0.0,1
2020-10-27,fever_ip,Kerala,Kozhikode,1,0.0007615778975221,0.0007615778975221,1
2020-10-27,fever_ip,Kerala,Thrissur,1,0.0003099199589947,0.0003099199589947,1
2020-10-27,hepatitis_a_confirmed,Kerala,Kollam,1,0.0,0.0,2
2020-10-27,leptospirosis_confirmed,Kerala,Kasaragod,0,0.0,0.0,1
2020-10-27,leptospirosis_probable,Kerala,Malappuram,1,0.0005884801963983,0.0005884801963983,1
2020-10-27,leptospirosis_probable,Kerala,Thiruvananthapuram,0,0.0008356985543185,0.0008356985543185,1
2020-10-27,leptospirosis_probable,Kerala,Wayanad,0,0.0,0.0,1
2020-10-28,leptospirosis_confirmed,Kerala,Ernakulam,0,0.0,0.0,1
2020-10-28,leptospirosis_confirmed,Kerala,Kasaragod,1,0.0004733425888673,0.0004733425888673,1
2020-10-28,leptospirosis_confirmed,Kerala,Kollam,2,0.0012850451602628,0.0012850451602628,2
2020-10-28,leptospirosis_probable,Kerala,Ernakulam,1,0.0,0.0,1
2020-10-30,shigella,Kerala,Ernakulam,0,0.0,0.0,1
2020-10-31,shigella,Kerala,Idukki,1,0.0,0.0,1
2020-10-31,shigella,Kerala,Kollam,1,0.0,0.0,1
2020-11-08,influenza_h1n1_seasonal,Kerala,Thiruvananthapuram,0,0.0,0.0,1
2020-11-08,influenza_h1n1_seasonal,Kerala,Thrissur,0,0.0,0.0,1
2020-11-09,influenza_h1n1_seasonal,Kerala,Idukki,0,0.0,0.0,1
2020-11-09,influenza_h1n1_seasonal,Kerala,Kozhikode,0,0.0,0.0,1
2020-11-11,influenza_h1n1_seasonal,Kerala,Alappuzha,0,0.0,0.0,1
2020-11-11,influenza_h1n1_seasonal,Kerala,Malappuram,0,0.0,0.0,1
2020-11-12,influenza_h1n1_seasonal,Kerala,Palakkad,1,0.0,0.0,1
2020-11-12,influenza_h1n1_seasonal,Kerala,Thiruvananthapuram,0,0.0,0.0,1
2020-11-13,influenza_h1n1_seasonal,Kerala,Kollam,0,0.0,0.0,1
2020-11-13,influenza_h1n1_seasonal,Kerala,Thrissur,0,0.0,0.0,1
2020-11-14,influenza_h1n1_seasonal,Kerala,Kozhikode,0,0.0,0.0,1
2020-11-15,influenza_h1n1_seasonal,Kerala,Kasaragod,1,0.0,0.0,1
2020-11-15,influenza_h1n1_seasonal,Kerala,Palakkad,0,0.0,0.0,1
2020-11-16,influenza_h1n1_seasonal,Kerala,Ernakulam,1,0.0,0.0,1
2020-11-16,influenza_h1n1_seasonal,Kerala,Wayanad,0,0.0,0.0,1
2020-11-17,influenza_h1n1_seasonal,Kerala,Kasaragod,1,0.0003909130901562,0.0003909130901562,1
2020-11-19,acute_diarrheal_disease,Kerala,Alappuzha,1,0.0,0.0,1
2020-11-19,acute_diarrheal_disease,Kerala,Kasaragod,1,0.0,0.0,1
2020-11-19,acute_diarrheal_disease,Kerala,Kollam,0,0.0,0.0,1
2020-11-19,acute_diarrheal_disease,Kerala,Pathanamthitta,1,0.0,0.0,2
2020-11-19,acute_diarrheal_disease,Kerala,Thrissur,1,0.0,0.0,1
2020-11-19,acute_encephalitis_syndrome,Kerala,Ernakulam,1,0.0,0.0,1
2020-11-19,hepatitis_b,Kerala,Malappuram,1,0.0006551215116454,0.0006551215116454,1
2020-11-19,influenza_h1n1_seasonal,Kerala,Malappuram,1,0.0,0.0,1
2020-11-19,scrub_typhus,Kerala,Ernakulam,0,0.0,0.0,1
2020-11-20,acute_diarrheal_disease,Kerala,Palakkad,0,0.0,0.0,1
2020-11-20,cholera,Kerala,Kasaragod,1,0.0,0.0,1
2020-11-20,hepatitis_a_probable,Kerala,Kollam,1,0.0,0.0,1
2020-11-20,hepatitis_b,Kerala,Ernakulam,0,0.0,0.0,1
2020-11-20,hepatitis_b,Kerala,Malappuram,0,0.0,0.0,1
2020-11-20,hepatitis_b,Kerala,Thrissur,0,0.0,0.0,1
2020-11-20,influenza_h1n1_seasonal,Kerala,Alappuzha,0,0.0,0.0,1
2020-11-20,influenza_h1n1_seasonal,Kerala,Ernakulam,1,0.0,0.0,1
2020-11-20,influenza_h1n1_seasonal,Kerala,Idukki,0,0.0,0.0,1
2020-11-20,influenza_h1n1_seasonal,Kerala,Kannur,1,0.0,0.0,1
2020-11-20,influenza_h1n1_seasonal,Kerala,Thrissur,0,0.0,0.0,1
2020-11-20,scrub_typhus,Kerala,Idukki,0,0.0,0.0,1
2020-11-20,scrub_typhus,Kerala,Pathanamthitta,1,0.0,0.0,2
2020-11-20,scrub_typhus,Kerala,Thiruvananthapuram,0,0.0,0.0,1
2020-11-20,scrub_typhus,Kerala,Thrissur,0,0.0,0.0,1
2020-11-21,acute_diarrheal_disease,Kerala,Kozhikode,2,0.2632644364240618,0.2632644364240618,1
2020-11-21,acute_diarrheal_disease,Kerala,Palakkad,0,0.0,0.0,1
2020-11-21,acute_diarrheal_disease,Kerala,Thrissur,0,0.0,0.0,1
2020-11-21,hepatitis_a_probable,Kerala,Kottayam,1,0.0,0.0,1
2020-11-21,hepatitis_a_probable,Kerala,Malappuram,0,0.0,0.0,1
2020-11-21,hepatitis_b,Kerala,Idukki,1,0.0,0.0,1
2020-11-21,scrub_typhus,Kerala,Palakkad,1,0.0,0.0,1
2020-11-21,scrub_typhus,Kerala,Wayanad,0,0.0009671525966085,0.0009671525966085,1
2020-11-22,acute_diarrheal_disease,Kerala,Kannur,1,0.002453346335718,0.002453346335718,1
2020-11-22,acute_diarrheal_disease,Kerala,Malappuram,1,0.0,0.0,1
2020-11-22,acute_diarrheal_disease,Kerala,Wayanad,1,0.0,0.0,1
2020-11-22,acute_encephalitis_syndrome,Kerala,Malappuram,1,0.0,0.0,1
2020-11-22,dengue,Kerala,Thrissur,0,0.0,0.0,1
2020-11-22,hepatitis_a_probable,Kerala,Alappuzha,0,0.0,0.0,1
2020-11-22,hepatitis_a_probable,Kerala,Kannur,1,0.0,0.0,1
2020-11-22,hepatitis_a_probable,Kerala,Kozhikode,1,0.0,0.0,2
2020-11-22,hepatitis_a_probable,Kerala,Palakkad,1,0.0,0.0,1
2020-11-22,hepatitis_b,Kerala,Alappuzha,1,0.0,0.0,1
2020-11-22,hepatitis_c,Kerala,Kannur,0,0.0,0.0,1
2020-11-22,scrub_typhus,Kerala,Kottayam,0,0.0,0.0,1
2020-11-22,scrub_typhus,Kerala,Palakkad,0,0.0,0.0,1
2020-11-23,acute_diarrheal_disease,Kerala,Idukki,0,0.0,0.0,1
2020-11-23,acute_diarrheal_disease,Kerala,Kannur,1,0.0,0.0,1
2020-11-23,acute_diarrheal_disease,Kerala,Pathanamthitta,1,0.0,0.0,1
2020-11-23,dengue,Kerala,Idukki,0,0.0,0.0,1
2020-11-23,dengue,Kerala,Kannur,1,0.0,0.0,1
2020-11-23,dengue,Kerala,Kasaragod,1,0.0,0.0,1
2020-11-23,dengue,Kerala,Kottayam,0,0.9999999983333334,0.9999999983333334,1
2020-11-23,dengue,Kerala,Thiruvananthapuram,0,0.0021770197062467,0.0021770197062467,1
2020-11-23,hepatitis_a_probable,Kerala,Kottayam,1,0.199844145264221,0.199844145264221,1
2020-11-23,hepatitis_a_probable,Kerala,Thrissur,1,0.0,0.0,1
2020-11-23,hepatitis_b,Kerala,Alappuzha,1,0.0,0.0,1
2020-11-23,hepatitis_b,Kerala,Idukki,1,5.758856489742153e-05,5.758856489742153e-05,1
2020-11-23,hepatitis_b,Kerala,Kannur,1,0.0,0.0,1
2020-11-23,measles,Kerala,Thrissur,0,0.0,0.0,1
2020-11-23,scrub_typhus,Kerala,Idukki,0,0.0,0.0,1
2020-11-23,typhoid,Kerala,Thrissur,1,0.0,0.0,1
2020-11-24,acute_diarrheal_disease,Kerala,Alappuzha,0,0.0,0.0,1
2020-11-24,acute_diarrheal_disease,Kerala,Ernakulam,0,0.0,0.0,1
2020-11-24,acute_diarrheal_disease,Kerala,Malappuram,1,0.0,0.0,1
2020-11-24,acute_encephalitis_syndrome,Kerala,Kannur,1,0.0,0.0,1
2020-11-24,dengue,Kerala,Alappuzha,1,0.6468194685681464,0.6468194685681464,2
2020-11-24,dengue,Kerala,Kasaragod,1,0.0,0.0,1
2020-11-24,dengue,Kerala,Kollam,1,0.0111027379047071,0.0111027379047071,1
2020-11-24,dengue,Kerala,Malappuram,1,8.958221206265571e-06,8.958221206265571e-06,2
2020-11-24,dengue,Kerala,Palakkad,1,0.041101253735139,0.041101253735139,1
2020-11-24,hepatitis_a_probable,Kerala,Thiruvananthapuram,1,0.0,0.0,1
2020-11-24,hepatitis_c,Kerala,Thrissur,1,0.0,0.0,1
2020-11-24,malaria,Kerala,Ernakulam,0,0.0004919699339556,0.0004919699339556,2
2020-11-24,malaria,Kerala,Idukki,0,0.0,0.0,1
2020-11-24,scrub_typhus,Kerala,Ernakulam,0,0.0,0.0,1
2020-11-24,scrub_typhus,Kerala,Wayanad,0,0.0,0.0,2
2020-11-24,typhoid,Kerala,Kottayam,0,0.0,0.0,1
2020-11-25,dengue,Kerala,Alappuzha,1,0.001200252763223,0.001200252763223,1
2020-11-25,dengue,Kerala,Ernakulam,1,0.0002721824494472,0.0002721824494472,1
2020-11-25,dengue,Kerala,Idukki,1,0.0001612479817127,0.0001612479817127,1
2020-11-25,fever_op,Kerala,Kannur,1,0.0,0.0,1
2020-11-25,fever_op,Kerala,Kozhikode,0,0.0,0.0,1
2020-11-25,fever_op,Kerala,Thiruvananthapuram,1,0.0037953542708512,0.0037953542708512,1
2020-11-25,hepatitis_a_probable,Kerala,Ernakulam,0,0.0,0.0,1
2020-11-25,hepatitis_a_probable,Kerala,Kannur,1,0.0,0.0,1
2020-11-25,hepatitis_a_probable,Kerala,Kollam,1,0.0,0.0,1
2020-11-25,hepatitis_b,Kerala,Pathanamthitta,0,0.0,0.0,1
2020-11-25,hepatitis_b,Kerala,Thrissur,0,0.0,0.0,1
2020-11-25,hepatitis_c,Kerala,Thiruvananthapuram,0,0.0,0.0,1
2020-11-25,malaria,Kerala,Ernakulam,0,0.0,0.0,1
2020-11-25,malaria,Kerala,Idukki,0,0.0,0.0,1
2020-11-25,malaria,Kerala,Kollam,0,0.0008581838786219,0.0008581838786219,1
2020-11-25,malaria,Kerala,Kozhikode,0,0.0,0.0,1
2020-11-25,malaria,Kerala,Pathanamthitta,0,0.0,0.0,1
2020-11-26,chicken_pox,Kerala,Ernakulam,0,0.0002100150192456,0.0002100150192456,1
2020-11-26,chicken_pox,Kerala,Idukki,0,0.0,0.0,1
2020-11-26,chicken_pox,Kerala,Kannur,0,0.0,0.0,1
2020-11-26,chicken_pox,Kerala,Kollam,0,0.9999999983333334,0.9999999983333334,2
2020-11-26,dengue,Kerala,Alappuzha,0,0.0,0.0,1
2020-11-26,dengue,Kerala,Ernakulam,0,0.1202566694636742,0.1202566694636742,2
2020-11-26,dengue,Kerala,Kannur,1,0.0,0.0,1
2020-11-26,dengue,Kerala,Kottayam,0,0.719259581060612,0.719259581060612,1
2020-11-26,dengue,Kerala,Kozhikode,0,0.0,0.0,1
2020-11-26,dengue,Kerala,Pathanamthitta,0,0.0003099199589947,0.0003099199589947,1
2020-11-26,dengue,Kerala,Thiruvananthapuram,0,0.0,0.0,1
2020-11-26,dengue,Kerala,Wayanad,0,0.1843334798913569,0.1841583639141455,2
2020-11-26,fever_op,Kerala,Kollam,1,0.0,0.0,1
2020-11-26,hepatitis_a_probable,Kerala,Pathanamthitta,0,0.0,0.0,1
2020-11-26,hepatitis_b,Kerala,Idukki,0,0.0,0.0,1
2020-11-26,hepatitis_b,Kerala,Palakkad,0,0.0,0.0,1
2020-11-27,dengue,Kerala,Idukki,1,0.0001719978471602,0.0001719978471602,1
2020-11-27,dengue,Kerala,Kollam,0,0.0,0.0,1
2020-11-27,dengue,Kerala,Malappuram,1,0.0,0.0,1
2020-11-27,dengue,Kerala,Wayanad,0,0.0,0.0,1
2020-11-27,hepatitis_a_confirmed,Kerala,Ernakulam,1,0.0,0.0,1
2020-11-27,hepatitis_a_confirmed,Kerala,Kannur,0,0.0083847215341827,0.0083847215341827,2
2020-11-27,hepatitis_a_confirmed,Kerala,Kozhikode,1,0.0,0.0,1
2020-11-27,hepatitis_a_confirmed,Kerala,Thiruvananthapuram,1,0.0,0.0,1
2020-11-27,hepatitis_a_probable,Kerala,Idukki,2,0.0045203407230618,0.0045203407230618,2
2020-11-27,hepatitis_a_probable,Kerala,Pathanamthitta,1,0.0,0.0,1
2020-11-27,hepatitis_b,Kerala,Palakkad,1,0.0,0.0,1
2020-11-27,hepatitis_b,Kerala,Thrissur,0,0.0,0.0,1
2020-11-27,hepatitis_c,Kerala,Kasaragod,0,0.0,0.0,1
2020-11-27,leptospirosis_probable,Kerala,Kozhikode,1,0.0,0.0,1
2020-11-27,leptospirosis_probable,Kerala,Thrissur,0,0.0,0.0,1
2020-11-28,chicken_pox,Kerala,Alappuzha,1,0.0,0.0,1
2020-11-28,chicken_pox,Kerala,Kannur,0,0.0,0.0,1
2020-11-28,chicken_pox,Kerala,Kollam,0,0.0,0.0,1
2020-11-28,chicken_pox,Kerala,Thrissur,0,0.0,0.0,1
2020-11-28,dengue,Kerala,Alappuzha,1,0.9999999983333334,0.9999999983333334,1
2020-11-28,dengue,Kerala,Pathanamthitta,1,1.3437331809398353e-05,1.3437331809398353e-05,1
2020-11-28,fever_op,Kerala,Kottayam,1,0.0,0.0,1
2020-11-28,hepatitis_a_confirmed,Kerala,Kasaragod,1,0.0,0.0,1
2020-11-28,hepatitis_a_confirmed,Kerala,Kottayam,2,0.0003099199589947,0.0003099199589947,2
2020-11-28,hepatitis_a_confirmed,Kerala,Pathanamthitta,0,0.0,0.0,1
2020-11-28,hepatitis_a_probable,Kerala,Kollam,0,0.0,0.0,1
2020-11-28,hepatitis_b,Kerala,Idukki,1,0.0,0.0,1
2020-11-28,hepatitis_b,Kerala,Kannur,1,0.0,0.0,1
2020-11-28,hepatitis_b,Kerala,Thrissur,0,0.0,0.0,1
2020-11-28,leptospirosis_confirmed,Kerala,Kasaragod,1,0.0,0.0,1
2020-11-28,leptospirosis_confirmed,Kerala,Kozhikode,1,0.0014064118102367,0.0014064118102367,2
2020-11-28,leptospirosis_probable,Kerala,Kollam,0,0.0,0.0,1
2020-11-28,leptospirosis_probable,Kerala,Malappuram,0,0.0,0.0,1
2020-11-29,dengue,Kerala,Kollam,1,0.0,0.0,1
2020-11-29,hepatitis_a_confirmed,Kerala,Malappuram,0,0.0,0.0,1
2020-11-29,hepatitis_a_confirmed,Kerala,Wayanad,1,0.0,0.0,1
2020-11-29,hepatitis_b,Kerala,Ernakulam,1,0.0,0.0,1
2020-11-29,hepatitis_b,Kerala,Thiruvananthapuram,0,0.0,0.0,1
2020-11-29,hepatitis_c,Kerala,Thrissur,1,0.0,0.0,1
2020-11-29,leptospirosis_confirmed,Kerala,Palakkad,0,0.0,0.0,1
2020-11-29,leptospirosis_probable,Kerala,Alappuzha,1,0.0001209359862845,0.0001209359862845,1
2020-11-29,leptospirosis_probable,Kerala,Ernakulam,1,0.0,0.0,1
2020-11-29,leptospirosis_probable,Kerala,Palakkad,0,0.7636233815197062,0.7636233815197062,1
2020-11-29,leptospirosis_probable,Kerala,Pathanamthitta,0,0.0,0.0,1
2020-11-30,chicken_pox,Kerala,Wayanad,0,0.0,0.0,1
2020-11-30,hepatitis_a_confirmed,Kerala,Alappuzha,0,0.0013658132758754,0.0013658132758754,1
2020-11-30,hepatitis_a_confirmed,Kerala,Thrissur,0,0.0,0.0,1
2020-11-30,hepatitis_b,Kerala,Kollam,0,0.0007036275565648,0.0007036275565648,1
2020-11-30,hepatitis_b,Kerala,Palakkad,0,0.0,0.0,1
2020-11-30,leptospirosis_probable,Kerala,Kollam,0,0.0,0.0,1
2020-12-24,influenza_h1n1_seasonal,Kerala,Alappuzha,0,0.0,0.0,1
2020-12-24,influenza_h1n1_seasonal,Kerala,Kollam,1,0.0,0.0,1
2020-12-24,influenza_h1n1_seasonal,Kerala,Thrissur,0,0.0,0.0,1
2020-12-25,acute_diarrheal_disease,Kerala,Idukki,0,0.0,0.0,1
2020-12-25,scrub_typhus,Kerala,Kannur,0,0.0,0.0,1
2020-12-26,acute_diarrheal_disease,Kerala,Alappuzha,1,0.0014121890215348,0.0014121890215348,1
2020-12-26,acute_diarrheal_disease,Kerala,Kollam,1,0.0,0.0,1
2020-12-26,typhoid,Kerala,Kozhikode,1,0.0,0.0,1
2020-12-27,acute_diarrheal_disease,Kerala,Ernakulam,1,0.0601628878707755,0.0601628878707755,1
2020-12-27,acute_diarrheal_disease,Kerala,Idukki,0,4.031199542819508e-05,4.031199542819508e-05,1
2020-12-27,influenza_h1n1_seasonal,Kerala,Kozhikode,0,0.0,0.0,1
2020-12-27,scrub_typhus,Kerala,Kollam,0,0.0038778181429303,0.0038778181429303,1
2020-12-28,acute_diarrheal_disease,Kerala,Idukki,1,0.0009168109918226,0.0009168109918226,1
2020-12-28,acute_diarrheal_disease,Kerala,Kottayam,1,0.0011943374387785,0.0011943374387785,1
2020-12-28,acute_diarrheal_disease,Kerala,Kozhikode,1,0.0138739741254935,0.0138739741254935,1
2020-12-28,acute_diarrheal_disease,Kerala,Palakkad,0,0.0,0.0,1
2020-12-28,acute_encephalitis_syndrome,Kerala,Pathanamthitta,0,0.0001893060614127,0.0001893060614127,1
2020-12-28,fever_ip,Kerala,Kollam,0,0.0,0.0,1
2020-12-28,fever_ip,Kerala,Palakkad,1,0.0,0.0,1
2020-12-28,malaria,Kerala,Ernakulam,0,0.0,0.0,1
2020-12-28,malaria,Kerala,Kottayam,0,0.0,0.0,1
2020-12-28,malaria,Kerala,Thrissur,1,0.0,0.0,3
2020-12-28,typhoid,Kerala,Kottayam,0,0.0,0.0,1
2020-12-29,acute_diarrheal_disease,Kerala,Idukki,0,0.0267910643544572,0.0267910643544572,1
2020-12-29,acute_diarrheal_disease,Kerala,Thrissur,0,0.010447111930768,0.010447111930768,1
2020-12-29,acute_encephalitis_syndrome,Kerala,Kottayam,1,0.003711516832362,0.003711516832362,1
2020-12-29,fever_ip,Kerala,Kozhikode,0,0.0,0.0,1
2020-12-29,fever_ip,Kerala,Malappuram,0,0.0,0.0,1
2020-12-29,fever_ip,Kerala,Pathanamthitta,1,0.0,0.0,1
2020-12-29,fever_ip,Kerala,Thiruvananthapuram,0,0.0,0.0,1
2020-12-29,fever_op,Kerala,Kannur,1,0.0002418719725691,0.0002418719725691,1
2020-12-29,hepatitis_a_probable,Kerala,Kozhikode,1,0.003334123105194,0.003334123105194,1
2020-12-29,hepatitis_a_probable,Kerala,Pathanamthitta,1,0.000444723940778,0.000444723940778,1
2020-12-29,malaria,Kerala,Kottayam,0,0.0,0.0,1
2020-12-29,malaria,Kerala,Palakkad,1,0.0,0.0,1
2020-12-29,malaria,Kerala,Thrissur,1,0.0,0.0,1
2020-12-29,scrub_typhus,Kerala,Kasaragod,0,0.0,0.0,1
2020-12-30,acute_diarrheal_disease,Kerala,Ernakulam,0,0.0,0.0,1
2020-12-30,acute_diarrheal_disease,Kerala,Kollam,1,0.0,0.0,1
2020-12-30,acute_diarrheal_disease,Kerala,Malappuram,0,0.0062751038188276,0.0062751038188276,1
2020-12-30,acute_encephalitis_syndrome,Kerala,Alappuzha,0,0.0,0.0,1
2020-12-30,acute_encephalitis_syndrome,Kerala,Pathanamthitta,1,0.0,0.0,1
2020-12-30,dengue,Kerala,Alappuzha,1,0.0004696532615764,0.0004696532615764,1
2020-12-30,dengue,Kerala,Ernakulam,0,0.0,0.0,1
2020-12-30,dengue,Kerala,Pathanamthitta,1,0.0029000392436449,0.0029000392436449,1
2020-12-30,dengue,Kerala,Thrissur,0,0.0,0.0,1
2020-12-30,fever_ip,Kerala,Ernakulam,0,0.0,0.0,1
2020-12-30,fever_ip,Kerala,Malappuram,0,0.0,0.0,1
2020-12-30,fever_ip,Kerala,Pathanamthitta,1,0.0,0.0,1
2020-12-30,fever_op,Kerala,Ernakulam,1,0.0,0.0,1
2020-12-30,fever_op,Kerala,Kozhikode,0,0.0005892490634792,0.0005892490634792,1
2020-12-30,fever_op,Kerala,Malappuram,1,0.0,0.0,1
2020-12-30,fever_op,Kerala,Palakkad,1,0.0,0.0,1
2020-12-30,hepatitis_a_probable,Kerala,Kottayam,1,0.1670367264275974,0.1670367264275974,1
2020-12-30,hepatitis_c,Kerala,Kollam,0,0.0,0.0,1
2020-12-30,hepatitis_c,Kerala,Kottayam,0,0.0079353749282384,0.0079353749282384,1
2020-12-30,hepatitis_c,Kerala,Wayanad,0,0.0,0.0,1
2020-12-30,influenza_h1n1_seasonal,Kerala,Malappuram,0,0.0243050287164204,0.0243050287164204,1
2020-12-30,leptospirosis_confirmed,Kerala,Alappuzha,0,0.0,0.0,1
2020-12-30,leptospirosis_confirmed,Kerala,Malappuram,0,0.0,0.0,1
2020-12-30,leptospirosis_confirmed,Kerala,Pathanamthitta,0,0.017030133214131,0.017030133214131,1
2020-12-30,malaria,Kerala,Thiruvananthapuram,0,0.0,0.0,1
2020-12-30,scrub_typhus,Kerala,Palakkad,1,0.0009839398679112,0.0009839398679112,1
2020-12-30,scrub_typhus,Kerala,Pathanamthitta,0,0.0,0.0,1
2020-12-31,acute_diarrheal_disease,Kerala,Malappuram,1,0.0,0.0,1
2020-12-31,acute_diarrheal_disease,Kerala,Pathanamthitta,0,0.0,0.0,1
2020-12-31,acute_diarrheal_disease,Kerala,Thrissur,0,0.0,0.0,1
2020-12-31,dengue,Kerala,Ernakulam,1,0.0001209359862845,0.0001209359862845,1
2020-12-31,dengue,Kerala,Kannur,1,0.0,0.0,1
2020-12-31,dengue,Kerala,Palakkad,1,0.0,0.0,1
2020-12-31,dengue,Kerala,Thiruvananthapuram,1,0.0,0.0,1
2020-12-31,dengue,Kerala,Thrissur,2,0.0,0.0,2
2020-12-31,fever_ip,Kerala,Alappuzha,0,0.0003099199589947,0.0003099199589947,1
2020-12-31,fever_ip,Kerala,Malappuram,1,0.0,0.0,1
2020-12-31,fever_ip,Kerala,Palakkad,1,0.0001698271772255,0.0001698271772255,1
2020-12-31,fever_ip,Kerala,Thrissur,0,0.0009563001061677,0.0009563001061677,1
2020-12-31,fever_op,Kerala,Kannur,0,0.1400663760722669,0.1400663760722669,1
2020-12-31,hepatitis_a_probable,Kerala,Palakkad,2,0.0,0.0,1
2020-12-31,hepatitis_c,Kerala,Alappuzha,0,0.0,0.0,1
2020-12-31,influenza_h1n1_seasonal,Kerala,Wayanad,0,0.0,0.0,1
2020-12-31,leptospirosis_confirmed,Kerala,Kollam,0,0.7688461819875151,0.7688461819875151,1
2020-12-31,leptospirosis_confirmed,Kerala,Kottayam,0,0.0,0.0,1
2020-12-31,leptospirosis_confirmed,Kerala,Palakkad,0,0.0008491358861279,0.0008491358861279,1
2020-12-31,leptospirosis_confirmed,Kerala,Pathanamthitta,1,0.0,0.0,1
2020-12-31,malaria,Kerala,Idukki,0,0.0,0.0,1
2020-12-31,malaria,Kerala,Kollam,0,0.0,0.0,1
2020-12-31,measles,Kerala,Kasaragod,1,0.0,0.0,1
2020-12-31,typhoid,Kerala,Malappuram,0,0.0,0.0,1
2020-12-31,typhoid,Kerala,Palakkad,1,0.0,0.0,1
2021-01-01,acute_diarrheal_disease,Kerala,Idukki,0,0.0048932553396266,0.0048932553396266,1
2021-01-01,acute_diarrheal_disease,Kerala,Thiruvananthapuram,1,0.0002284346407597,0.0002284346407597,1
2021-01-01,chicken_pox,Kerala,Alappuzha,1,0.2187751246056305,0.2187751246056305,1
2021-01-01,chicken_pox,Kerala,Idukki,0,7.368710119234117e-05,7.368710119234117e-05,1
2021-01-01,chicken_pox,Kerala,Kozhikode,0,0.0,0.0,1
2021-01-01,chicken_pox,Kerala,Palakkad,0,0.0054190339349504,0.0054190339349504,1
2021-01-01,chicken_pox,Kerala,Wayanad,0,0.07363232902761,0.07363232902761,1
2021-01-01,leptospirosis_confirmed,Kerala,Pathanamthitta,0,0.0,0.0,2
2021-01-01,malaria,Kerala,Kottayam,0,0.0,0.0,1
2021-01-01,rabies_unsplit,Kerala,Idukki,0,0.0,0.0,1
2021-01-02,acute_diarrheal_disease,Kerala,Idukki,0,0.0,0.0,1
2021-01-02,acute_diarrheal_disease,Kerala,Kannur,0,0.0,0.0,1
2021-01-02,acute_diarrheal_disease,Kerala,Kollam,0,0.0,0.0,1
2021-01-02,acute_diarrheal_disease,Kerala,Palakkad,1,0.0029612356700996,0.0029612356700996,1
2021-01-02,acute_diarrheal_disease,Kerala,Thiruvananthapuram,0,0.0392062193740555,0.0392062193740555,1
2021-01-02,chicken_pox,Kerala,Kannur,1,0.0,0.0,1
2021-01-02,chicken_pox,Kerala,Malappuram,0,0.0,0.0,1
2021-01-02,hepatitis_c,Kerala,Ernakulam,1,0.0,0.0,1
2021-01-02,hepatitis_c,Kerala,Idukki,0,0.0,0.0,1
2021-01-02,leptospirosis_confirmed,Kerala,Ernakulam,0,0.0,0.0,1
2021-01-02,leptospirosis_confirmed,Kerala,Palakkad,0,0.0,0.0,1
2021-01-02,malaria,Kerala,Thrissur,0,0.0,0.0,1
2021-01-03,acute_diarrheal_disease,Kerala,Ernakulam,0,0.0,0.0,1
2021-01-03,chicken_pox,Kerala,Alappuzha,1,0.0,0.0,1
2021-01-03,chicken_pox,Kerala,Ernakulam,1,0.0,0.0,1
2021-01-03,chicken_pox,Kerala,Malappuram,1,0.0,0.0,2
2021-01-03,chicken_pox,Kerala,Pathanamthitta,0,0.0,0.0,1
2021-01-03,chicken_pox,Kerala,Thrissur,2,0.0,0.0,2
2021-01-03,chicken_pox,Kerala,Wayanad,0,0.0314478811843222,0.0314478811843222,1
2021-01-04,acute_diarrheal_disease,Kerala,Malappuram,0,0.0,0.0,1
2021-02-01,dengue,Kerala,Alappuzha,1,0.0,0.0,1
2021-02-01,dengue,Kerala,Idukki,1,0.0001064236679304,0.0001064236679304,1
2021-02-01,dengue,Kerala,Kasaragod,1,0.0239940212671428,0.0239940212671428,1
2021-02-01,dengue,Kerala,Kollam,1,0.0047858028998928,0.0047858028998928,1
2021-02-01,dengue,Kerala,Malappuram,1,0.0006579756120617,0.0006579756120617,1
2021-02-01,dengue,Kerala,Palakkad,0,0.012630309218376599,0.0124920966626228,2
2021-02-01,dengue,Kerala,Pathanamthitta,1,0.0027642511150762,0.0027642511150762,1
2021-02-01,hepatitis_a_probable,Kerala,Alappuzha,0,0.0,0.0,1
2021-02-01,hepatitis_a_probable,Kerala,Thrissur,1,0.0,0.0,1
2021-02-01,shigella,Kerala,Alappuzha,0,0.0,0.0,1
2021-02-01,shigella,Kerala,Kottayam,0,0.0,0.0,1
2021-02-02,hepatitis_a_probable,Kerala,Palakkad,1,0.0,0.0,1
2021-02-02,hepatitis_a_probable,Kerala,Thrissur,1,0.0,0.0,1
2021-02-02,shigella,Kerala,Pathanamthitta,0,0.0,0.0,1
2021-02-02,typhoid,Kerala,Malappuram,1,0.0,0.0,1
2021-02-03,typhoid,Kerala,Thrissur,1,0.0,0.0,1
2021-02-03,typhoid,Kerala,Wayanad,0,0.0,0.0,1
2021-02-04,acute_diarrheal_disease,Kerala,Kozhikode,1,0.0148895703023964,0.0148895703023964,1
2021-02-04,acute_diarrheal_disease,Kerala,Palakkad,0,0.0,0.0,1
2021-02-04,acute_diarrheal_disease,Kerala,Thiruvananthapuram,0,0.0004590786026354,0.0004590786026354,1
2021-02-04,chicken_pox,Kerala,Thiruvananthapuram,1,0.0001167439848076,0.0001167439848076,1
2021-02-04,shigella,Kerala,Alappuzha,0,0.0,0.0,1
2021-02-05,acute_diarrheal_disease,Kerala,Kollam,0,0.0,0.0,1
2021-02-05,acute_diarrheal_disease,Kerala,Malappuram,1,0.0,0.0,1
2021-02-05,acute_diarrheal_disease,Kerala,Thiruvananthapuram,1,0.0202609092629217,0.0202609092629217,1
2021-02-05,chicken_pox,Kerala,Kannur,0,0.0,0.0,1
2021-02-05,chicken_pox,Kerala,Kollam,0,0.0,0.0,1
2021-02-06,chicken_pox,Kerala,Idukki,1,0.0,0.0,1
2021-02-06,chicken_pox,Kerala,Kannur,2,0.0,0.0,2
2021-02-06,chicken_pox,Kerala,Thrissur,1,0.0,0.0,1
2021-03-01,hepatitis_a_confirmed,Kerala,Kottayam,1,0.0,0.0,1
2021-03-01,hepatitis_a_confirmed,Kerala,Kozhikode,1,0.0,0.0,1
2021-03-01,hepatitis_a_confirmed,Kerala,Thiruvananthapuram,0,0.0,0.0,1
2021-03-01,scrub_typhus,Kerala,Ernakulam,1,0.0,0.0,1
2021-03-01,scrub_typhus,Kerala,Kozhikode,0,0.0,0.0,1
2021-03-02,fever_ip,Kerala,Kasaragod,1,0.0001511973289052,0.0001511973289052,1
2021-03-02,fever_ip,Kerala,Kottayam,1,0.0163314377934922,0.0163314377934922,1
2021-03-02,fever_ip,Kerala,Kozhikode,1,0.052044414967207,0.052044414967207,1
2021-03-02,fever_ip,Kerala,Wayanad,1,0.0,0.0,1
2021-03-02,hepatitis_a_confirmed,Kerala,Alappuzha,1,0.0086064566149405,0.0086064566149405,1
2021-03-02,hepatitis_a_confirmed,Kerala,Kasaragod,1,3.1236186282896074e-05,3.1236186282896074e-05,1
2021-03-02,hepatitis_a_confirmed,Kerala,Kottayam,0,0.0,0.0,1
2021-03-02,hepatitis_a_confirmed,Kerala,Thiruvananthapuram,1,0.0,0.0,1
2021-03-03,fever_ip,Kerala,Malappuram,1,0.0018063446449834,0.0018063446449834,2
2021-03-03,hepatitis_a_confirmed,Kerala,Kasaragod,1,0.0,0.0,1
2021-03-03,hepatitis_a_confirmed,Kerala,Pathanamthitta,0,0.0001218524636035,0.0001218524636035,1
2021-03-03,hepatitis_c,Kerala,Kannur,0,0.0,0.0,1
2021-03-03,hepatitis_c,Kerala,Kasaragod,0,0.0046034913783459,0.0046034913783459,1
2021-03-03,hepatitis_c,Kerala,Wayanad,1,0.0,0.0,1
2021-03-03,malaria,Kerala,Alappuzha,0,0.0,0.0,1
2021-03-03,malaria,Kerala,Kasaragod,0,0.0,0.0,1
2021-03-03,malaria,Kerala,Kozhikode,0,0.0,0.0,1
2021-03-04,fever_ip,Kerala,Alappuzha,1,0.0039967673240629,0.0039967673240629,1
2021-03-04,hepatitis_a_confirmed,Kerala,Alappuzha,0,0.0,0.0,1
2021-03-04,hepatitis_a_confirmed,Kerala,Palakkad,1,0.0,0.0,1
2021-03-04,hepatitis_a_confirmed,Kerala,Wayanad,1,0.1554194136493986,0.1554194136493986,1
2021-03-04,hepatitis_a_probable,Kerala,Thiruvananthapuram,1,0.0,0.0,1
2021-03-04,hepatitis_c,Kerala,Thrissur,0,0.0,0.0,1
2021-03-05,hepatitis_a_confirmed,Kerala,Kasaragod,0,0.0,0.0,1
2021-03-05,hepatitis_a_confirmed,Kerala,Wayanad,0,0.0,0.0,1
2021-03-06,hepatitis_a_probable,Kerala,Idukki,1,0.0043837738079498,0.0043837738079498,1
2021-03-06,hepatitis_a_probable,Kerala,Palakkad,1,0.0016277257802565,0.0016277257802565,1
2021-03-06,hepatitis_a_probable,Kerala,Wayanad,1,0.0001209359862845,0.0001209359862845,1
2021-03-07,shigella,Kerala,Kollam,0,0.0008491358861279,0.0008491358861279,1
2021-04-01,fever_op,Kerala,Ernakulam,2,0.0,0.0,2
2021-04-01,leptospirosis_probable,Kerala,Ernakulam,0,0.0009674878902766,0.0009674878902766,1
2021-04-01,leptospirosis_probable,Kerala,Pathanamthitta,0,0.0,0.0,1
2021-04-01,leptospirosis_probable,Kerala,Thiruvananthapuram,0,0.0,0.0,1
2021-04-02,fever_op,Kerala,Alappuzha,1,0.0,0.0,1
2021-04-02,fever_op,Kerala,Idukki,0,0.0,0.0,1
2021-04-02,fever_op,Kerala,Kannur,1,0.0003090586316161,0.0003090586316161,1
2021-04-02,fever_op,Kerala,Malappuram,1,0.0,0.0,1
2021-04-02,fever_op,Kerala,Palakkad,1,0.0053527523311092,0.0053527523311092,1
2021-04-02,leptospirosis_confirmed,Kerala,Kasaragod,0,0.0,0.0,1
2021-04-02,leptospirosis_probable,Kerala,Alappuzha,1,0.0006541512878311,0.0006541512878311,1
2021-04-02,leptospirosis_probable,Kerala,Kollam,0,0.0,0.0,1
2021-04-02,leptospirosis_probable,Kerala,Thrissur,0,1.6124798171278027e-05,1.6124798171278027e-05,1
2021-04-03,fever_op,Kerala,Idukki,2,0.0,0.0,2
2021-04-03,fever_op,Kerala,Kasaragod,1,0.0,0.0,1
2021-04-03,fever_op,Kerala,Malappuram,1,0.0,0.0,1
2021-04-03,fever_op,Kerala,Thiruvananthapuram,1,0.0015231557950443,0.0015231557950443,1
2021-04-04,fever_op,Kerala,Alappuzha,1,0.0,0.0,1
2021-04-04,fever_op,Kerala,Kannur,2,0.0048932553396266,0.0042372954276858,2
2021-04-04,fever_op,Kerala,Kozhikode,0,0.5018225266112114,0.5018225266112114,1
2021-04-04,fever_op,Kerala,Palakkad,1,0.0,0.0,1
2021-04-04,fever_op,Kerala,Pathanamthitta,1,0.0,0.0,1
2021-04-04,fever_op,Kerala,Thrissur,0,0.0,0.0,1
2021-04-04,leptospirosis_confirmed,Kerala,Ernakulam,1,0.0,0.0,1
2021-04-04,leptospirosis_confirmed,Kerala,Kottayam,0,0.0,0.0,1
2021-04-04,leptospirosis_confirmed,Kerala,Kozhikode,1,0.0,0.0,1
2021-04-04,malaria,Kerala,Ernakulam,1,0.0,0.0,1
2021-04-04,malaria,Kerala,Idukki,0,0.0,0.0,2
2021-04-04,malaria,Kerala,Kannur,0,0.0,0.0,1
2021-04-04,malaria,Kerala,Pathanamthitta,0,0.0,0.0,1
2021-04-04,malaria,Kerala,Thrissur,0,0.0,0.0,1
2021-04-05,fever_op,Kerala,Palakkad,0,0.0761324017572688,0.0761324017572688,1
2021-04-05,malaria,Kerala,Kannur,0,0.8076103715230004,0.8076103715230004,1
2021-04-05,malaria,Kerala,Malappuram,0,0.0,0.0,1
2021-04-05,malaria,Kerala,Pathanamthitta,1,0.0,0.0,1
2021-04-05,malaria,Kerala,Thiruvananthapuram,0,0.0087723368147709,0.0087723368147709,1
2021-04-05,malaria,Kerala,Wayanad,0,0.0,0.0,1
2021-04-07,hepatitis_a_probable,Kerala,Idukki,0,0.0,0.0,1
2021-04-08,hepatitis_a_probable,Kerala,Kottayam,1,0.0,0.0,1
2021-04-08,shigella,Kerala,Palakkad,0,0.0,0.0,1
2021-04-09,hepatitis_a_probable,Kerala,Alappuzha,1,0.0,0.0,1
2021-04-09,hepatitis_a_probable,Kerala,Kollam,0,0.0,0.0,1
2021-04-13,shigella,Kerala,Kollam,1,0.0,0.0,1
2021-05-01,chikungunya,Kerala,Malappuram,1,0.0,0.0,1
2021-05-01,chikungunya,Kerala,Thiruvananthapuram,0,0.0,0.0,1
2021-05-02,chikungunya,Kerala,Idukki,0,0.0,0.0,1
2021-05-02,chikungunya,Kerala,Kollam,0,0.0,0.0,1
2021-05-02,dengue,Kerala,Idukki,1,0.0,0.0,1
2021-05-02,hepatitis_b,Kerala,Kottayam,0,0.0,0.0,1
2021-05-02,hepatitis_b,Kerala,Kozhikode,1,0.0,0.0,1
2021-05-02,hepatitis_b,Kerala,Malappuram,0,0.0,0.0,1
2021-05-03,dengue,Kerala,Alappuzha,1,1.3437331809398353e-05,1.3437331809398353e-05,1
2021-05-03,dengue,Kerala,Idukki,1,0.0,0.0,1
2021-05-03,dengue,Kerala,Kannur,0,0.0,0.0,1
2021-05-03,dengue,Kerala,Kottayam,2,0.0,0.0,2
2021-05-03,dengue,Kerala,Pathanamthitta,1,0.0093967281185696,0.0093967281185696,1
2021-05-03,hepatitis_b,Kerala,Alappuzha,1,0.0,0.0,1
2021-05-03,hepatitis_b,Kerala,Pathanamthitta,0,0.0,0.0,1
2021-05-03,hepatitis_b,Kerala,Thiruvananthapuram,0,0.0396726826397155,0.0396726826397155,1
2021-05-04,fever_ip,Kerala,Kollam,0,0.0,0.0,1
2021-05-04,hepatitis_b,Kerala,Alappuzha,0,0.0,0.0,1
2021-05-04,hepatitis_b,Kerala,Ernakulam,1,0.0003099199589947,0.0003099199589947,1
2021-05-04,hepatitis_b,Kerala,Wayanad,0,0.0,0.0,1
2021-05-04,scrub_typhus,Kerala,Kasaragod,1,0.0,0.0,1
2021-05-04,scrub_typhus,Kerala,Kollam,0,0.0,0.0,1
2021-05-05,fever_ip,Kerala,Ernakulam,1,0.0,0.0,1
2021-05-05,fever_ip,Kerala,Pathanamthitta,1,0.0,0.0,1
2021-05-05,hepatitis_b,Kerala,Ernakulam,1,0.0,0.0,1
2021-05-05,hepatitis_b,Kerala,Kannur,1,0.0716844451242477,0.0716844451242477,2
2021-05-05,hepatitis_b,Kerala,Thiruvananthapuram,1,0.0,0.0,1
2021-05-06,acute_encephalitis_syndrome,Kerala,Thrissur,1,0.0,0.0,1
2021-05-06,chikungunya,Kerala,Palakkad,1,0.0,0.0,1
2021-05-06,fever_ip,Kerala,Kozhikode,0,0.0,0.0,1
2021-05-06,fever_op,Kerala,Malappuram,1,7.076132384399465e-05,7.076132384399465e-05,1
2021-05-06,hepatitis_b,Kerala,Kollam,0,0.0,0.0,1
2021-05-06,leptospirosis_confirmed,Kerala,Kannur,0,0.0031573327996024,0.0031573327996024,1
2021-05-07,acute_encephalitis_syndrome,Kerala,Kasaragod,0,0.0,0.0,1
2021-05-07,chikungunya,Kerala,Malappuram,1,0.0007171055034443,0.0007171055034443,1
2021-05-07,fever_ip,Kerala,Ernakulam,0,0.0,0.0,1
2021-05-07,fever_ip,Kerala,Idukki,0,0.0,0.0,1
2021-05-07,fever_ip,Kerala,Kasaragod,1,0.0197534568353692,0.0197534568353692,1
2021-05-07,fever_ip,Kerala,Kollam,0,0.0007433107569459,0.0007433107569459,1
2021-05-07,fever_op,Kerala,Idukki,0,0.9999999983333334,0.9999999983333334,1
2021-05-07,fever_op,Kerala,Kottayam,0,0.7643839816271284,0.7643839816271284,1
2021-05-07,fever_op,Kerala,Thrissur,1,0.0,0.0,1
2021-05-07,hepatitis_a_confirmed,Kerala,Kannur,1,0.0,0.0,1
2021-05-07,hepatitis_a_confirmed,Kerala,Kozhikode,1,0.0004434319497101,0.0004434319497101,1
2021-05-07,hepatitis_a_confirmed,Kerala,Thiruvananthapuram,0,0.0001167439848076,0.0001167439848076,1
2021-05-07,hepatitis_b,Kerala,Kannur,1,0.0,0.0,1
2021-05-07,malaria,Kerala,Kannur,0,0.0,0.0,1
2021-05-07,malaria,Kerala,Kollam,0,0.0,0.0,1
2021-05-08,malaria,Kerala,Palakkad,0,0.0,0.0,1
2021-05-08,malaria,Kerala,Thiruvananthapuram,0,0.0,0.0,1
2021-05-10,chikungunya,Kerala,Kasaragod,0,0.0,0.0,1
2021-05-15,shigella,Kerala,Kozhikode,1,0.0,0.0,1
2021-05-16,shigella,Kerala,Kannur,1,0.0,0.0,1
2021-05-16,shigella,Kerala,Palakkad,0,0.0,0.0,1
2021-05-17,shigella,Kerala,Thrissur,0,0.0,0.0,2
2021-06-04,dengue,Kerala,Alappuzha,1,0.0113638464652245,0.0113638464652245,1
2021-06-04,dengue,Kerala,Kottayam,2,0.0,0.0,2
2021-06-05,dengue,Kerala,Idukki,0,0.0,0.0,1
2021-06-05,dengue,Kerala,Kasaragod,1,0.0139709858441144,0.0139709858441144,1
2021-06-05,dengue,Kerala,Kollam,1,0.0054211738059409,0.0054211738059409,1
2021-06-05,dengue,Kerala,Thiruvananthapuram,1,0.0,0.0,1
2021-06-05,dengue,Kerala,Wayanad,0,0.0,0.0,1
2021-06-05,hepatitis_c,Kerala,Idukki,0,0.8549336815800609,0.8549336815800609,1
2021-06-05,hepatitis_c,Kerala,Kollam,0,0.0,0.0,1
2021-06-05,hepatitis_c,Kerala,Pathanamthitta,1,0.0,0.0,1
2021-06-05,leptospirosis_probable,Kerala,Palakkad,0,0.0,0.0,1
2021-06-05,leptospirosis_probable,Kerala,Pathanamthitta,0,0.0,0.0,1
2021-06-06,dengue,Kerala,Kannur,0,0.0001612479817127,0.0001612479817127,1
2021-06-06,dengue,Kerala,Kozhikode,0,0.2375447718998713,0.2375447718998713,1
2021-06-06,leptospirosis_probable,Kerala,Kasaragod,0,0.0,0.0,1
2021-06-07,hepatitis_b,Kerala,Malappuram,1,0.0,0.0,1
2021-06-07,hepatitis_b,Kerala,Thrissur,0,0.0,0.0,1
2021-06-08,hepatitis_b,Kerala,Kollam,0,0.0393269477999971,0.0393269477999971,1
2021-06-08,hepatitis_b,Kerala,Malappuram,1,0.0005531301377766,0.0005531301377766,1
2021-06-08,hepatitis_b,Kerala,Thrissur,0,0.00523526409302984,0.0051427073054791,2
2021-06-08,hepatitis_b,Kerala,Wayanad,0,0.0004178492771592,0.0004178492771592,2
2021-06-08,malaria,Kerala,Ernakulam,0,0.0784086714046973,0.0784086714046973,1
2021-06-08,malaria,Kerala,Idukki,0,0.0017454394944211,0.0017454394944211,1
2021-06-08,malaria,Kerala,Thiruvananthapuram,0,0.0005526532589425,0.0005526532589425,1
2021-06-09,hepatitis_b,Kerala,Kottayam,0,0.0,0.0,1
2021-06-09,malaria,Kerala,Ernakulam,0,0.0043698300926016,0.0043698300926016,1
2021-06-09,malaria,Kerala,Malappuram,0,0.0009943625538954,0.0009943625538954,1
2021-06-10,hepatitis_b,Kerala,Ernakulam,1,4.031199542819508e-05,4.031199542819508e-05,1
2021-06-10,hepatitis_b,Kerala,Kottayam,0,0.0,0.0,1
2021-06-11,hepatitis_b,Kerala,Alappuzha,1,0.0,0.0,1
2021-06-11,hepatitis_b,Kerala,Malappuram,1,0.0,0.0,1
2021-06-11,hepatitis_b,Kerala,Thiruvananthapuram,1,1.0481118811330718e-05,1.0481118811330718e-05,1
2021-06-12,hepatitis_b,Kerala,Thiruvananthapuram,0,0.0,0.0,1
2021-07-05,scrub_typhus,Kerala,Kozhikode,1,0.0,0.0,1
2021-07-06,acute_diarrheal_disease,Kerala,Ernakulam,0,0.0013749144814516,0.0013749144814516,1
2021-07-06,acute_diarrheal_disease,Kerala,Palakkad,1,0.0,0.0,1
2021-07-06,dengue,Kerala,Kannur,1,0.0,0.0,1
2021-07-06,hepatitis_c,Kerala,Ernakulam,0,0.0,0.0,1
2021-07-06,hepatitis_c,Kerala,Kottayam,0,0.0,0.0,1
2021-07-06,scrub_typhus,Kerala,Idukki,0,0.0003099199589947,0.0003099199589947,2
2021-07-06,scrub_typhus,Kerala,Kollam,0,0.0,0.0,1
2021-07-06,scrub_typhus,Kerala,Malappuram,1,0.0,0.0,1
2021-07-06,scrub_typhus,Kerala,Thrissur,0,0.9139773175505572,0.9139773175505572,1
2021-07-07,acute_diarrheal_disease,Kerala,Alappuzha,1,0.0,0.0,1
2021-07-07,acute_diarrheal_disease,Kerala,Thiruvananthapuram,1,0.0,0.0,1
2021-07-07,dengue,Kerala,Idukki,1,0.0002821839679973,0.0002821839679973,1
2021-07-07,dengue,Kerala,Kasaragod,1,0.0,0.0,1
2021-07-07,dengue,Kerala,Malappuram,1,0.0,0.0,1
2021-07-07,dengue,Kerala,Palakkad,1,0.0,0.0,1
2021-07-07,hepatitis_c,Kerala,Kasaragod,0,0.4679172930034848,0.4679172930034848,1
2021-07-07,hepatitis_c,Kerala,Kozhikode,0,0.0,0.0,1
2021-07-07,hepatitis_c,Kerala,Palakkad,0,0.9999999983333334,0.9999999983333334,1
2021-07-07,hepatitis_c,Kerala,Thiruvananthapuram,1,0.0,0.0,1
2021-07-07,leptospirosis_confirmed,Kerala,Ernakulam,0,0.0,0.0,1
2021-07-07,leptospirosis_probable,Kerala,Alappuzha,1,0.0,0.0,1
2021-07-07,leptospirosis_probable,Kerala,Ernakulam,0,0.0,0.0,1
2021-07-07,scrub_typhus,Kerala,Thiruvananthapuram,0,0.0,0.0,1
2021-07-08,acute_encephalitis_syndrome,Kerala,Thrissur,1,0.0,0.0,1
2021-07-08,dengue,Kerala,Ernakulam,0,0.0212547511388788,0.0212547511388788,1
2021-07-08,fever_ip,Kerala,Alappuzha,0,0.0,0.0,1
2021-07-08,fever_ip,Kerala,Kottayam,1,0.0,0.0,1
2021-07-08,fever_ip,Kerala,Kozhikode,0,0.1656608274549243,0.1656608274549243,1
2021-07-08,hepatitis_c,Kerala,Palakkad,0,0.0,0.0,2
2021-07-08,leptospirosis_confirmed,Kerala,Kozhikode,1,0.0,0.0,1
2021-07-08,leptospirosis_confirmed,Kerala,Malappuram,0,0.0004929724088571,0.0004929724088571,1
2021-07-08,leptospirosis_confirmed,Kerala,Wayanad,0,0.0,0.0,1
2021-07-08,leptospirosis_probable,Kerala,Idukki,0,0.0003256937010613,0.0003256937010613,1
2021-07-08,leptospirosis_probable,Kerala,Kollam,0,9.361161520164582e-05,9.361161520164582e-05,1
2021-07-08,rabies_unsplit,Kerala,Ernakulam,0,0.0,0.0,1
2021-07-09,fever_ip,Kerala,Kozhikode,0,0.0012454490378379,0.0012454490378379,1
2021-07-09,fever_ip,Kerala,Malappuram,1,0.0,0.0,1
2021-07-09,fever_op,Kerala,Kollam,0,0.0046486973157634,0.0046486973157634,1
2021-07-09,fever_op,Kerala,Pathanamthitta,0,0.0,0.0,1
2021-07-09,fever_op,Kerala,Thiruvananthapuram,1,0.0010642836536861,0.0010642836536861,1
2021-07-09,hepatitis_a_confirmed,Kerala,Kollam,0,0.0,0.0,1
2021-07-09,leptospirosis_confirmed,Kerala,Ernakulam,1,0.0063995914907674,0.0063995914907674,1
2021-07-09,leptospirosis_confirmed,Kerala,Thiruvananthapuram,0,0.0,0.0,1
2021-07-09,leptospirosis_confirmed,Kerala,Thrissur,1,4.132266119930337e-05,4.132266119930337e-05,1
2021-07-10,fever_ip,Kerala,Ernakulam,1,0.0,0.0,1
2021-07-10,fever_ip,Kerala,Kottayam,1,0.0,0.0,1
2021-07-10,fever_op,Kerala,Kollam,1,0.0,0.0,1
2021-07-10,fever_op,Kerala,Kottayam,0,0.0,0.0,1
2021-07-10,fever_op,Kerala,Thiruvananthapuram,1,0.0,0.0,1
2021-07-10,hepatitis_a_confirmed,Kerala,Palakkad,0,0.0002055653056272,0.0002055653056272,1
2021-07-11,fever_ip,Kerala,Malappuram,1,0.0,0.0,1
2021-07-11,fever_op,Kerala,Thrissur,1,0.8169329072230823,0.8169329072230823,1
2021-07-11,hepatitis_a_confirmed,Kerala,Palakkad,1,0.8445425017065857,0.8445425017065857,2
2021-07-12,fever_op,Kerala,Ernakulam,1,0.0,0.0,1
2021-07-12,hepatitis_a_confirmed,Kerala,Palakkad,1,0.0,0.0,1
2021-07-12,hepatitis_a_confirmed,Kerala,Pathanamthitta,1,0.0,0.0,1
2021-07-13,hepatitis_a_confirmed,Kerala,Kottayam,1,0.9999999983333334,0.9999999983333334,1
2021-07-13,hepatitis_a_confirmed,Kerala,Malappuram,0,0.0,0.0,1
2021-07-13,hepatitis_a_confirmed,Kerala,Thiruvananthapuram,1,0.0,0.0,1
2021-08-07,chicken_pox,Kerala,Alappuzha,1,0.0312286645800956,0.0312286645800956,1
2021-08-07,scrub_typhus,Kerala,Kottayam,1,0.0,0.0,1
2021-08-08,acute_diarrheal_disease,Kerala,Idukki,1,0.0,0.0,1
2021-08-08,acute_diarrheal_disease,Kerala,Kasaragod,1,0.0,0.0,2
2021-08-08,chicken_pox,Kerala,Idukki,0,0.002535039496635,0.002535039496635,1
2021-08-08,chicken_pox,Kerala,Kannur,1,0.7911332301490374,0.7911332301490374,1
2021-08-08,chicken_pox,Kerala,Malappuram,0,0.0001612479817127,0.0001612479817127,1
2021-08-08,chicken_pox,Kerala,Wayanad,0,0.0,0.0,1
2021-08-08,dengue,Kerala,Kozhikode,0,0.0005875425343847,0.0005875425343847,1
2021-08-08,scrub_typhus,Kerala,Kozhikode,0,0.0,0.0,1
2021-08-08,scrub_typhus,Kerala,Palakkad,1,0.0569872867110347,0.0569872867110347,1
2021-08-09,chicken_pox,Kerala,Kollam,1,0.0,0.0,1
2021-08-09,dengue,Kerala,Kottayam,1,0.0,0.0,1
2021-08-09,dengue,Kerala,Malappuram,1,0.0035987574413632,0.0035987574413632,1
2021-08-10,dengue,Kerala,Idukki,0,5.374932723759343e-05,5.374932723759343e-05,1
2021-08-10,dengue,Kerala,Kollam,2,3.180096811691956e-05,3.180096811691956e-05,2
2021-08-10,dengue,Kerala,Palakkad,0,0.0,0.0,1
2021-08-10,dengue,Kerala,Thrissur,1,0.011326814338668896,0.0112999396750501,1
2021-08-11,dengue,Kerala,Idukki,1,0.0,0.0,1
2021-08-11,dengue,Kerala,Malappuram,1,0.0002174070829157,0.0002174070829157,1
2021-08-11,dengue,Kerala,Palakkad,0,0.0001167439848076,0.0001167439848076,1
2021-08-11,fever_ip,Kerala,Ernakulam,0,0.0,0.0,1
2021-08-11,fever_ip,Kerala,Thiruvananthapuram,0,0.0,0.0,1
2021-08-11,malaria,Kerala,Pathanamthitta,0,0.0018299317529314,0.0018299317529314,1
2021-08-12,fever_ip,Kerala,Alappuzha,0,0.0,0.0,1
2021-08-12,fever_ip,Kerala,Ernakulam,1,0.0,0.0,1
2021-08-12,fever_ip,Kerala,Kannur,0,0.0,0.0,1
2021-08-12,fever_ip,Kerala,Kottayam,1,0.0018299317529314,0.0018299317529314,1
2021-08-12,fever_ip,Kerala,Palakkad,0,0.0,0.0,1
2021-08-12,fever_ip,Kerala,Thrissur,1,0.0,0.0,1
2021-08-12,malaria,Kerala,Pathanamthitta,1,0.2470444124251853,0.2454915212871568,2
2021-08-12,malaria,Kerala,Thrissur,0,0.0,0.0,1
2021-08-13,acute_encephalitis_syndrome,Kerala,Idukki,1,0.0,0.0,1
2021-08-13,fever_ip,Kerala,Ernakulam,0,0.0,0.0,1
2021-08-13,fever_ip,Kerala,Idukki,2,0.0,0.0,2
2021-08-13,fever_ip,Kerala,Kannur,0,0.0,0.0,1
2021-08-13,fever_ip,Kerala,Kozhikode,0,0.0,0.0,1
2021-08-13,fever_ip,Kerala,Palakkad,0,0.0001167439848076,0.0001167439848076,1
2021-08-13,fever_op,Kerala,Alappuzha,1,0.0,0.0,1
2021-08-13,fever_op,Kerala,Kozhikode,1,0.0,0.0,1
2021-08-14,fever_op,Kerala,Alappuzha,1,0.0,0.0,1
2021-08-14,fever_op,Kerala,Kozhikode,1,0.0008062399085639,0.0008062399085639,1
2021-08-14,hepatitis_a_confirmed,Kerala,Ernakulam,2,0.0145318323222081,0.0145318323222081,1
2021-08-14,hepatitis_a_confirmed,Kerala,Malappuram,1,0.0009839398679112,0.0009839398679112,1
2021-08-14,hepatitis_a_confirmed,Kerala,Pathanamthitta,1,0.0,0.0,1
2021-08-15,hepatitis_a_confirmed,Kerala,Kollam,1,0.0035452155217937,0.0035452155217937,1
2021-08-20,shigella,Kerala,Pathanamthitta,1,0.0,0.0,1
2021-09-03,zika,Kerala,Malappuram,1,0.0,0.0,1
2021-09-07,typhoid,Kerala,Kannur,1,0.0,0.0,1
2021-09-08,acute_diarrheal_disease,Kerala,Kottayam,1,0.0,0.0,1
2021-09-08,leptospirosis_probable,Kerala,Palakkad,1,0.0,0.0,1
2021-09-09,acute_diarrheal_disease,Kerala,Kottayam,1,0.053373505219053,0.053373505219053,1
2021-09-09,acute_diarrheal_disease,Kerala,Kozhikode,0,0.0,0.0,1
2021-09-09,acute_diarrheal_disease,Kerala,Palakkad,0,0.0,0.0,1
2021-09-09,hepatitis_a_probable,Kerala,Ernakulam,1,0.0,0.0,1
2021-09-09,hepatitis_a_probable,Kerala,Kollam,1,0.0002487628755539,0.0002487628755539,1
2021-09-09,hepatitis_c,Kerala,Malappuram,0,0.0,0.0,1
2021-09-09,hepatitis_c,Kerala,Thiruvananthapuram,0,0.0087142881461507,0.0087142881461507,1
2021-09-09,hepatitis_c,Kerala,Wayanad,1,0.0,0.0,1
2021-09-09,leptospirosis_confirmed,Kerala,Kottayam,1,0.0003276339422914,0.0003276339422914,1
2021-09-09,leptospirosis_confirmed,Kerala,Malappuram,0,0.0,0.0,1
2021-09-09,leptospirosis_confirmed,Kerala,Thiruvananthapuram,0,0.0074754215534559,0.0074754215534559,1
2021-09-09,leptospirosis_probable,Kerala,Alappuzha,0,0.0,0.0,1
2021-09-09,leptospirosis_probable,Kerala,Kozhikode,0,0.0,0.0,1
2021-09-09,scrub_typhus,Kerala,Idukki,0,0.0,0.0,1
2021-09-09,scrub_typhus,Kerala,Malappuram,0,0.0,0.0,1
2021-09-09,typhoid,Kerala,Kollam,0,0.0,0.0,1
2021-09-10,acute_diarrheal_disease,Kerala,Kollam,1,0.0,0.0,1
2021-09-10,acute_diarrheal_disease,Kerala,Kottayam,1,0.0,0.0,1
2021-09-10,chicken_pox,Kerala,Alappuzha,1,0.0,0.0,1
2021-09-10,chicken_pox,Kerala,Kasaragod,0,0.0,0.0,1
2021-09-10,hepatitis_a_probable,Kerala,Ernakulam,0,0.0,0.0,1
2021-09-10,hepatitis_a_probable,Kerala,Idukki,0,0.0,0.0,1
2021-09-10,hepatitis_a_probable,Kerala,Malappuram,0,0.0,0.0,1
2021-09-10,hepatitis_c,Kerala,Kannur,0,0.0,0.0,1
2021-09-10,hepatitis_c,Kerala,Kasaragod,0,0.0,0.0,1
2021-09-10,leptospirosis_confirmed,Kerala,Alappuzha,1,0.0,0.0,1
2021-09-10,leptospirosis_confirmed,Kerala,Kannur,1,0.0597956102468364,0.0597956102468364,1
2021-09-10,leptospirosis_probable,Kerala,Kannur,1,0.0,0.0,1
2021-09-10,leptospirosis_probable,Kerala,Kasaragod,1,0.0005014191325911,0.0005014191325911,1
2021-09-10,leptospirosis_probable,Kerala,Malappuram,1,0.0,0.0,1
2021-09-10,scrub_typhus,Kerala,Alappuzha,0,0.3300890921936499,0.3300890921936499,1
2021-09-10,scrub_typhus,Kerala,Thrissur,0,0.0,0.0,1
2021-09-10,typhoid,Kerala,Thiruvananthapuram,1,0.9515884092850632,0.9515884092850632,1
2021-09-10,zika,Kerala,Kasaragod,1,0.0,0.0,1
2021-09-11,chicken_pox,Kerala,Ernakulam,1,0.0,0.0,1
2021-09-11,chicken_pox,Kerala,Kozhikode,0,0.0,0.0,1
2021-09-11,chicken_pox,Kerala,Thiruvananthapuram,0,0.0001367236006132,0.0001367236006132,1
2021-09-11,chicken_pox,Kerala,Wayanad,1,0.0,0.0,1
2021-09-11,dengue,Kerala,Idukki,0,0.5549493638470838,0.5549493638470838,1
2021-09-11,dengue,Kerala,Kannur,1,8.062399085639016e-05,8.062399085639016e-05,1
2021-09-11,dengue,Kerala,Kasaragod,1,0.0,0.0,1
2021-09-11,dengue,Kerala,Kollam,1,8.398332380873974e-05,8.398332380873974e-05,2
2021-09-11,dengue,Kerala,Kottayam,1,0.0,0.0,1
2021-09-11,dengue,Kerala,Palakkad,1,0.0,0.0,1
2021-09-11,hepatitis_a_probable,Kerala,Palakkad,1,0.0,0.0,1
2021-09-11,hepatitis_c,Kerala,Kannur,0,0.0,0.0,1
2021-09-11,hepatitis_c,Kerala,Malappuram,0,0.0024784290181279,0.0024784290181279,1
2021-09-11,leptospirosis_confirmed,Kerala,Idukki,0,0.0069153150663759,0.0069153150663759,1
2021-09-11,leptospirosis_probable,Kerala,Kannur,0,0.0019387357848666,0.0019387357848666,1
2021-09-11,leptospirosis_probable,Kerala,Thrissur,0,0.0,0.0,1
2021-09-11,leptospirosis_probable,Kerala,Wayanad,0,0.0003051858788288,0.0003051858788288,1
2021-09-11,scrub_typhus,Kerala,Malappuram,1,0.0,0.0,1
2021-09-12,acute_diarrheal_disease,Kerala,Thrissur,1,0.0,0.0,1
2021-09-12,chicken_pox,Kerala,Kottayam,0,0.0,0.0,1
2021-09-12,chicken_pox,Kerala,Thrissur,0,0.0003099199589947,0.0003099199589947,1
2021-09-12,dengue,Kerala,Ernakulam,1,6.449919268511211e-05,6.449919268511211e-05,1
2021-09-12,dengue,Kerala,Kasaragod,0,0.0,0.0,1
2021-09-12,dengue,Kerala,Kottayam,0,0.0010257808756121,0.0006449919268511,2
2021-09-12,dengue,Kerala,Kozhikode,0,0.0,0.0,1
2021-09-12,dengue,Kerala,Palakkad,2,0.0001753925415120967,0.0001485178778933,2
2021-09-12,hepatitis_c,Kerala,Kollam,0,0.0001128735871989,0.0001128735871989,2
2021-09-12,leptospirosis_confirmed,Kerala,Thiruvananthapuram,0,0.0,0.0,1
2021-09-12,leptospirosis_probable,Kerala,Kannur,0,0.0,0.0,1
2021-09-12,leptospirosis_probable,Kerala,Thiruvananthapuram,0,0.0,0.0,1
2021-09-12,malaria,Kerala,Idukki,0,0.0,0.0,1
2021-09-12,malaria,Kerala,Kasaragod,0,0.0,0.0,1
2021-09-12,scrub_typhus,Kerala,Kollam,1,0.0,0.0,1
2021-09-12,scrub_typhus,Kerala,Malappuram,0,0.0005061159316857,0.0005061159316857,1
2021-09-12,typhoid,Kerala,Ernakulam,0,0.0,0.0,1
2021-09-13,chicken_pox,Kerala,Malappuram,0,0.0002568717848215,0.0002568717848215,1
2021-09-13,dengue,Kerala,Alappuzha,1,0.0,0.0,1
2021-09-13,dengue,Kerala,Idukki,0,0.0592203973363675,0.0592203973363675,1
2021-09-13,dengue,Kerala,Kollam,1,0.0,0.0,1
2021-09-13,dengue,Kerala,Kozhikode,0,0.0,0.0,1
2021-09-13,dengue,Kerala,Thiruvananthapuram,0,0.0033977595685291,0.0033977595685291,1
2021-09-13,dengue,Kerala,Thrissur,0,0.0029185921182308,0.0029185921182308,1
2021-09-13,hepatitis_c,Kerala,Idukki,0,0.0007375519004561,0.0007375519004561,2
2021-09-13,leptospirosis_probable,Kerala,Kozhikode,0,0.9999999983333334,0.9999999983333334,1
2021-09-13,leptospirosis_probable,Kerala,Malappuram,0,0.0003762452906631,0.0003762452906631,2
2021-09-13,leptospirosis_probable,Kerala,Palakkad,0,0.0,0.0,1
2021-09-13,malaria,Kerala,Kannur,0,0.0,0.0,1
2021-09-13,malaria,Kerala,Kozhikode,0,0.0,0.0,1
2021-09-13,malaria,Kerala,Palakkad,0,0.0,0.0,1
2021-09-13,malaria,Kerala,Thrissur,0,0.0,0.0,1
2021-09-14,chicken_pox,Kerala,Kasaragod,0,0.146119757618652,0.146119757618652,1
2021-09-14,chicken_pox,Kerala,Palakkad,1,0.0019573021358506,0.0019573021358506,1
2021-09-14,chicken_pox,Kerala,Thrissur,1,0.0,0.0,1
2021-09-14,dengue,Kerala,Alappuzha,0,0.0056673629695756,0.0056673629695756,1
2021-09-14,dengue,Kerala,Idukki,0,0.0,0.0,1
2021-09-14,dengue,Kerala,Kannur,1,0.0,0.0,1
2021-09-14,dengue,Kerala,Thiruvananthapuram,1,0.0,0.0,1
2021-09-14,fever_op,Kerala,Ernakulam,0,0.0026159019005697,0.0026159019005697,1
2021-09-14,fever_op,Kerala,Pathanamthitta,1,0.0009943625538954,0.0009943625538954,1
2021-09-14,leptospirosis_confirmed,Kerala,Kottayam,0,0.0018833185788679,0.0018833185788679,1
2021-09-14,leptospirosis_confirmed,Kerala,Palakkad,0,0.0,0.0,1
2021-09-14,leptospirosis_confirmed,Kerala,Pathanamthitta,0,0.0,0.0,1
2021-09-14,leptospirosis_probable,Kerala,Ernakulam,2,0.0006573278947702,0.0006573278947702,2
2021-09-14,leptospirosis_probable,Kerala,Idukki,0,0.0,0.0,1
2021-09-14,leptospirosis_probable,Kerala,Palakkad,0,0.0,0.0,1
2021-09-14,leptospirosis_probable,Kerala,Pathanamthitta,1,2.6874663618796715e-05,2.6874663618796715e-05,1
2021-09-14,malaria,Kerala,Kozhikode,0,0.0,0.0,1
2021-09-14,malaria,Kerala,Thiruvananthapuram,0,0.0,0.0,1
2021-09-14,malaria,Kerala,Thrissur,1,0.6348262630235239,0.6347657950303816,2
2021-09-15,chicken_pox,Kerala,Malappuram,0,0.0033441559190764,0.0033441559190764,1
2021-09-15,chicken_pox,Kerala,Thiruvananthapuram,0,0.0,0.0,1
2021-09-15,dengue,Kerala,Alappuzha,0,0.0178179019792622,0.0178179019792622,1
2021-09-15,fever_ip,Kerala,Ernakulam,1,0.0003049026348939,0.0003049026348939,1
2021-09-15,fever_ip,Kerala,Kannur,0,0.0,0.0,1
2021-09-15,fever_op,Kerala,Kottayam,1,0.0,0.0,1
2021-09-15,fever_op,Kerala,Malappuram,1,0.0,0.0,1
2021-09-15,hepatitis_a_confirmed,Kerala,Thiruvananthapuram,1,0.1628778319796106,0.1628778319796106,1
2021-09-15,leptospirosis_confirmed,Kerala,Alappuzha,0,0.0138394591083814,0.0138394591083814,1
2021-09-15,leptospirosis_confirmed,Kerala,Idukki,1,0.0003374344383413,0.0003374344383413,1
2021-09-15,leptospirosis_confirmed,Kerala,Kannur,1,0.004366888270973,0.004366888270973,1
2021-09-15,leptospirosis_confirmed,Kerala,Kollam,1,0.0,0.0,1
2021-09-15,leptospirosis_probable,Kerala,Alappuzha,1,0.0014369846059885,0.0014369846059885,1
2021-09-15,leptospirosis_probable,Kerala,Palakkad,0,0.0,0.0,1
2021-09-15,malaria,Kerala,Kottayam,0,0.2523341636762637,0.2523341636762637,1
2021-09-16,acute_encephalitis_syndrome,Kerala,Alappuzha,1,0.0,0.0,1
2021-09-16,chicken_pox,Kerala,Alappuzha,1,0.0,0.0,1
2021-09-16,chicken_pox,Kerala,Kollam,0,0.0004434319497101,0.0004434319497101,1
2021-09-16,chicken_pox,Kerala,Palakkad,0,0.0,0.0,1
2021-09-16,chicken_pox,Kerala,Pathanamthitta,0,0.0,0.0,1
2021-09-16,chicken_pox,Kerala,Thiruvananthapuram,0,0.0,0.0,1
2021-09-16,chikungunya,Kerala,Kottayam,0,0.0,0.0,1
2021-09-16,fever_ip,Kerala,Malappuram,0,0.0,0.0,1
2021-09-16,fever_ip,Kerala,Palakkad,0,0.0,0.0,1
2021-09-16,fever_ip,Kerala,Thiruvananthapuram,1,0.0,0.0,1
2021-09-16,fever_op,Kerala,Alappuzha,0,0.0,0.0,1
2021-09-16,fever_op,Kerala,Kannur,0,0.0,0.0,1
2021-09-16,fever_op,Kerala,Pathanamthitta,0,0.0,0.0,1
2021-09-16,fever_op,Kerala,Thrissur,1,0.0,0.0,1
2021-09-16,hepatitis_a_confirmed,Kerala,Alappuzha,1,0.0,0.0,1
2021-09-16,hepatitis_a_confirmed,Kerala,Kasaragod,0,0.0050518277945739,0.0050518277945739,1
2021-09-16,hepatitis_a_confirmed,Kerala,Thrissur,1,0.0,0.0,1
2021-09-17,chikungunya,Kerala,Idukki,0,0.0,0.0,1
2021-09-17,chikungunya,Kerala,Kollam,1,0.0,0.0,1
2021-09-17,fever_ip,Kerala,Kasaragod,0,0.0,0.0,1
2021-09-17,fever_ip,Kerala,Thiruvananthapuram,0,0.0,0.0,1
2021-09-17,hepatitis_a_confirmed,Kerala,Kottayam,0,0.0,0.0,1
2021-09-18,acute_encephalitis_syndrome,Kerala,Kasaragod,1,0.0,0.0,1
2021-09-18,acute_encephalitis_syndrome,Kerala,Palakkad,1,0.0,0.0,1
2021-09-18,fever_ip,Kerala,Ernakulam,1,0.0,0.0,1
2021-09-18,fever_ip,Kerala,Pathanamthitta,1,0.0,0.0,1
2021-09-18,hepatitis_a_confirmed,Kerala,Wayanad,1,0.0,0.0,1
2021-09-19,chikungunya,Kerala,Kollam,1,0.0006080870291319,0.0006080870291319,1
2021-09-19,fever_ip,Kerala,Ernakulam,1,5.625497443923093e-05,5.625497443923093e-05,1
2021-09-19,fever_ip,Kerala,Thiruvananthapuram,0,0.0,0.0,1
2021-09-19,hepatitis_a_confirmed,Kerala,Kannur,2,5.758856489742153e-05,5.758856489742153e-05,1
2021-09-20,fever_ip,Kerala,Kasaragod,0,0.0,0.0,1
2021-09-21,fever_ip,Kerala,Palakkad,0,0.0052729257929105,0.0052729257929105,1
2021-09-21,fever_ip,Kerala,Wayanad,0,0.0,0.0,1
2021-09-22,fever_ip,Kerala,Alappuzha,1,6.718665904699176e-06,6.718665904699176e-06,1
2021-09-22,fever_ip,Kerala,Kasaragod,0,0.0,0.0,1
2021-09-22,fever_ip,Kerala,Kollam,0,2.5016568173069305e-05,2.5016568173069305e-05,1
2021-09-23,chikungunya,Kerala,Ernakulam,1,0.0,0.0,1
2021-09-23,fever_ip,Kerala,Kozhikode,1,0.0,0.0,1
2021-09-23,fever_ip,Kerala,Palakkad,1,0.0857960447571373,0.0857960447571373,1
2021-09-24,chikungunya,Kerala,Thrissur,0,0.0,0.0,1
2021-10-13,acute_diarrheal_disease,Kerala,Kottayam,1,0.0,0.0,1
2021-10-13,acute_diarrheal_disease,Kerala,Pathanamthitta,0,0.0334690642521293,0.0334690642521293,1
2021-10-13,hepatitis_b,Kerala,Ernakulam,0,0.9316078504421248,0.9316078504421248,1
2021-10-13,hepatitis_b,Kerala,Kollam,0,0.0,0.0,1
2021-10-13,hepatitis_b,Kerala,Thrissur,1,0.0,0.0,1
2021-10-14,acute_diarrheal_disease,Kerala,Malappuram,0,0.0084439040897712,0.0084439040897712,1
2021-10-14,acute_diarrheal_disease,Kerala,Thrissur,0,0.0,0.0,1
2021-10-14,hepatitis_a_probable,Kerala,Alappuzha,1,0.0,0.0,1
2021-10-14,hepatitis_a_probable,Kerala,Kozhikode,1,0.0,0.0,1
2021-10-14,hepatitis_b,Kerala,Kottayam,0,0.0005716855591488,0.0005716855591488,1
2021-10-14,hepatitis_b,Kerala,Thrissur,0,0.0,0.0,1
2021-10-14,hepatitis_c,Kerala,Palakkad,0,0.0,0.0,1
2021-10-14,scrub_typhus,Kerala,Pathanamthitta,0,0.0002418719725691,0.0002418719725691,1
2021-10-15,acute_diarrheal_disease,Kerala,Ernakulam,1,0.0,0.0,1
2021-10-15,acute_diarrheal_disease,Kerala,Kasaragod,0,0.0,0.0,1
2021-10-15,acute_diarrheal_disease,Kerala,Kollam,1,0.0,0.0,1
2021-10-15,acute_diarrheal_disease,Kerala,Pathanamthitta,1,0.0,0.0,1
2021-10-15,dengue,Kerala,Ernakulam,0,0.0,0.0,1
2021-10-15,hepatitis_a_probable,Kerala,Kollam,1,0.0,0.0,1
2021-10-15,hepatitis_c,Kerala,Alappuzha,0,0.0,0.0,1
2021-10-15,hepatitis_c,Kerala,Palakkad,0,0.0,0.0,1
2021-10-15,malaria,Kerala,Kollam,0,0.0,0.0,1
2021-10-15,malaria,Kerala,Wayanad,1,0.0,0.0,1
2021-10-15,scrub_typhus,Kerala,Kozhikode,0,0.0148338129288856,0.0148338129288856,1
2021-10-16,acute_diarrheal_disease,Kerala,Malappuram,1,2.951618657093096e-05,2.951618657093096e-05,1
2021-10-16,dengue,Kerala,Alappuzha,0,0.0,0.0,1
2021-10-16,dengue,Kerala,Ernakulam,0,0.0,0.0,1
2021-10-16,dengue,Kerala,Thrissur,1,0.5208600248370014,0.5208600248370014,2
2021-10-16,hepatitis_a_probable,Kerala,Palakkad,1,0.0,0.0,1
2021-10-16,hepatitis_b,Kerala,Kasaragod,1,0.0,0.0,1
2021-10-16,hepatitis_c,Kerala,Kasaragod,0,0.0,0.0,1
2021-10-16,hepatitis_c,Kerala,Palakkad,0,0.0,0.0,1
2021-10-16,hepatitis_c,Kerala,Pathanamthitta,0,0.0,0.0,1
2021-10-16,leptospirosis_confirmed,Kerala,Kasaragod,0,0.0,0.0,1
2021-10-16,scrub_typhus,Kerala,Kasaragod,0,0.0416085711774089,0.0416085711774089,1
2021-10-16,scrub_typhus,Kerala,Kottayam,1,0.0,0.0,1
2021-10-16,typhoid,Kerala,Ernakulam,0,0.0001167439848076,0.0001167439848076,1
2021-10-16,typhoid,Kerala,Idukki,0,0.0,0.0,1
2021-10-17,acute_diarrheal_disease,Kerala,Kozhikode,1,0.0,0.0,1
2021-10-17,dengue,Kerala,Ernakulam,1,0.0028200476192637,0.0028200476192637,1
2021-10-17,dengue,Kerala,Idukki,0,0.0003099199589947,0.0003099199589947,1
2021-10-17,dengue,Kerala,Kannur,1,0.0013706078445586,0.0013706078445586,1
2021-10-17,dengue,Kerala,Kasaragod,1,0.0,0.0,1
2021-10-17,dengue,Kerala,Kollam,2,0.0036133547502456,0.0028517768527235,1
2021-10-17,dengue,Kerala,Kozhikode,1,0.0123880561748473,0.0123880561748473,1
2021-10-17,dengue,Kerala,Palakkad,1,0.0,0.0,1
2021-10-17,fever_op,Kerala,Idukki,1,0.0032616721864483,0.0032616721864483,1
2021-10-17,fever_op,Kerala,Palakkad,0,0.0,0.0,1
2021-10-17,hepatitis_a_probable,Kerala,Wayanad,1,0.0,0.0,1
2021-10-17,hepatitis_c,Kerala,Kottayam,0,0.0,0.0,1
2021-10-17,hepatitis_c,Kerala,Malappuram,0,0.0004872016485729,0.0004872016485729,1
2021-10-17,hepatitis_c,Kerala,Thrissur,0,0.0036818289157751,0.0036818289157751,1
2021-10-17,leptospirosis_confirmed,Kerala,Palakkad,0,0.010872354828162,0.010872354828162,1
2021-10-17,leptospirosis_confirmed,Kerala,Pathanamthitta,1,0.0,0.0,1
2021-10-17,leptospirosis_confirmed,Kerala,Wayanad,0,0.0100158066473916,0.0100158066473916,1
2021-10-17,leptospirosis_probable,Kerala,Ernakulam,1,0.0053457607866578,0.0053457607866578,1
2021-10-17,leptospirosis_probable,Kerala,Kollam,0,0.0,0.0,2
2021-10-17,leptospirosis_probable,Kerala,Palakkad,0,8.062399085639016e-05,8.062399085639016e-05,1
2021-10-17,leptospirosis_probable,Kerala,Pathanamthitta,0,0.0,0.0,1
2021-10-17,malaria,Kerala,Pathanamthitta,0,0.0,0.0,1
2021-10-17,scrub_typhus,Kerala,Kollam,0,0.0048374870536255,0.0048374870536255,1
2021-10-18,acute_diarrheal_disease,Kerala,Alappuzha,1,0.0,0.0,1
2021-10-18,dengue,Kerala,Alappuzha,1,0.0,0.0,1
2021-10-18,dengue,Kerala,Kasaragod,1,0.0001751159772114,0.0001751159772114,1
2021-10-18,dengue,Kerala,Kottayam,1,0.0016649666129291,0.0016649666129291,1
2021-10-18,dengue,Kerala,Thiruvananthapuram,0,4.8374394513834085e-05,4.8374394513834085e-05,1
2021-10-18,fever_op,Kerala,Kasaragod,1,0.0,0.0,1
2021-10-18,fever_op,Kerala,Kottayam,0,4.031199542819508e-05,4.031199542819508e-05,1
2021-10-18,fever_op,Kerala,Thrissur,1,0.0,0.0,1
2021-10-18,hepatitis_b,Kerala,Idukki,1,2.015599771409754e-05,2.015599771409754e-05,1
2021-10-18,hepatitis_b,Kerala,Kannur,0,0.0,0.0,1
2021-10-18,hepatitis_b,Kerala,Kottayam,0,0.0,0.0,2
2021-10-18,hepatitis_b,Kerala,Kozhikode,0,0.0,0.0,1
2021-10-18,hepatitis_c,Kerala,Kannur,0,0.0,0.0,1
2021-10-18,hepatitis_c,Kerala,Palakkad,0,0.0,0.0,1
2021-10-18,hepatitis_c,Kerala,Thiruvananthapuram,0,0.0,0.0,1
2021-10-18,leptospirosis_confirmed,Kerala,Idukki,0,0.0327976795687677,0.0327976795687677,1
2021-10-18,leptospirosis_confirmed,Kerala,Palakkad,0,0.0015299583852674,0.0015299583852674,1
2021-10-18,leptospirosis_confirmed,Kerala,Thiruvananthapuram,0,0.0,0.0,1
2021-10-18,leptospirosis_confirmed,Kerala,Thrissur,1,0.0,0.0,1
2021-10-18,leptospirosis_probable,Kerala,Malappuram,1,0.0,0.0,1
2021-10-18,leptospirosis_probable,Kerala,Palakkad,1,0.0030896555828302,0.0030896555828302,1
2021-10-18,leptospirosis_probable,Kerala,Wayanad,0,4.031199542819508e-05,4.031199542819508e-05,1
2021-10-18,malaria,Kerala,Palakkad,0,0.0,0.0,1
2021-10-18,malaria,Kerala,Wayanad,0,0.0,0.0,1
2021-10-18,scrub_typhus,Kerala,Kannur,1,0.0,0.0,1
2021-10-19,chicken_pox,Kerala,Kannur,0,0.9999999983333334,0.9999999983333334,1
2021-10-19,dengue,Kerala,Idukki,0,0.0,0.0,1
2021-10-19,dengue,Kerala,Kozhikode,1,0.0037533886226786,0.0037533886226786,1
2021-10-19,dengue,Kerala,Thiruvananthapuram,1,0.0,0.0,1
2021-10-19,hepatitis_a_probable,Kerala,Alappuzha,0,0.000582994921436,0.000582994921436,1
2021-10-19,hepatitis_a_probable,Kerala,Kozhikode,1,0.001388351813261,0.001388351813261,2
2021-10-19,hepatitis_a_probable,Kerala,Wayanad,1,0.0,0.0,1
2021-10-19,hepatitis_c,Kerala,Thiruvananthapuram,0,0.0,0.0,1
2021-10-19,leptospirosis_confirmed,Kerala,Ernakulam,0,0.0001549599794973,0.0001549599794973,1
2021-10-19,leptospirosis_confirmed,Kerala,Kollam,1,0.0,0.0,1
2021-10-19,leptospirosis_confirmed,Kerala,Palakkad,0,0.0720280108865227,0.0720280108865227,1
2021-10-19,leptospirosis_probable,Kerala,Idukki,0,0.0076097462225563,0.0076097462225563,1
2021-10-19,leptospirosis_probable,Kerala,Kasaragod,0,0.0013687318200091,0.0013687318200091,1
2021-10-19,leptospirosis_probable,Kerala,Palakkad,0,0.0197015373380744,0.0197015373380744,1
2021-10-19,leptospirosis_probable,Kerala,Thrissur,0,0.0,0.0,1
2021-10-19,malaria,Kerala,Kottayam,1,0.0,0.0,1
2021-10-19,malaria,Kerala,Kozhikode,0,0.0,0.0,1
2021-10-19,scrub_typhus,Kerala,Malappuram,0,0.0,0.0,1
2021-10-20,chicken_pox,Kerala,Palakkad,1,0.0,0.0,1
2021-10-20,dengue,Kerala,Kollam,1,0.0,0.0,1
2021-10-20,dengue,Kerala,Wayanad,1,0.0,0.0,1
2021-10-20,fever_op,Kerala,Kozhikode,1,0.0,0.0,1
2021-10-20,fever_op,Kerala,Thrissur,1,0.0017886791630388,0.0017886791630388,2
2021-10-20,hepatitis_a_confirmed,Kerala,Wayanad,1,7.017273278241364e-05,7.017273278241364e-05,1
2021-10-20,hepatitis_a_probable,Kerala,Pathanamthitta,1,0.0001612479817127,0.0001612479817127,1
2021-10-20,hepatitis_c,Kerala,Kasaragod,0,0.0,0.0,1
2021-10-20,hepatitis_c,Kerala,Kollam,0,0.0,0.0,1
2021-10-20,hepatitis_c,Kerala,Kozhikode,0,0.0,0.0,1
2021-10-20,hepatitis_c,Kerala,Thrissur,0,0.0,0.0,1
2021-10-20,leptospirosis_confirmed,Kerala,Kannur,1,0.0038151812219865,0.0038151812219865,1
2021-10-20,leptospirosis_confirmed,Kerala,Kollam,1,0.0,0.0,1
2021-10-20,leptospirosis_confirmed,Kerala,Pathanamthitta,1,0.1470615222435107,0.1470615222435107,1
2021-10-20,leptospirosis_confirmed,Kerala,Thiruvananthapuram,0,0.0,0.0,1
2021-10-20,leptospirosis_confirmed,Kerala,Wayanad,1,0.0,0.0,1
2021-10-20,leptospirosis_probable,Kerala,Alappuzha,0,0.0,0.0,1
2021-10-20,leptospirosis_probable,Kerala,Kannur,0,0.0,0.0,1
2021-10-20,leptospirosis_probable,Kerala,Malappuram,1,0.000476221269563,0.000476221269563,1
2021-10-20,malaria,Kerala,Ernakulam,0,0.0,0.0,1
2021-10-21,chicken_pox,Kerala,Idukki,0,0.0,0.0,1
2021-10-21,dengue,Kerala,Kollam,1,0.0007847404175863,0.0007847404175863,1
2021-10-21,dengue,Kerala,Kottayam,1,0.0157261573275992,0.0157261573275992,2
2021-10-21,dengue,Kerala,Thrissur,1,0.0,0.0,1
2021-10-21,fever_op,Kerala,Kollam,1,0.0,0.0,1
2021-10-21,fever_op,Kerala,Pathanamthitta,0,0.1324189049628024,0.1324189049628024,1
2021-10-21,hepatitis_a_confirmed,Kerala,Kottayam,0,0.0001612479817127,0.0001612479817127,1
2021-10-21,hepatitis_c,Kerala,Ernakulam,0,0.0,0.0,1
2021-10-21,hepatitis_c,Kerala,Kannur,0,1.007799885704877e-05,1.007799885704877e-05,1
2021-10-21,hepatitis_c,Kerala,Thrissur,0,0.0,0.0,1
2021-10-21,leptospirosis_confirmed,Kerala,Kozhikode,0,0.0001007799885704,0.0001007799885704,1
2021-10-21,leptospirosis_confirmed,Kerala,Malappuram,0,0.0,0.0,1
2021-10-21,leptospirosis_probable,Kerala,Ernakulam,0,0.0031408035764438,0.0031408035764438,2
2021-10-21,leptospirosis_probable,Kerala,Palakkad,0,0.0663101582433043,0.0663101582433043,1
2021-10-21,leptospirosis_probable,Kerala,Wayanad,0,0.0770166193417697,0.0770166193417697,1
2021-10-21,malaria,Kerala,Alappuzha,0,1.6124798171278027e-05,1.6124798171278027e-05,1
2021-10-21,malaria,Kerala,Kannur,0,0.0,0.0,1
2021-10-21,malaria,Kerala,Kasaragod,0,0.0,0.0,1
2021-10-21,malaria,Kerala,Pathanamthitta,0,0.0,0.0,1
2021-10-22,chicken_pox,Kerala,Kannur,0,9.85404332689213e-05,9.85404332689213e-05,1
2021-10-22,dengue,Kerala,Alappuzha,0,0.2713575312723619,0.2713575312723619,2
2021-10-22,dengue,Kerala,Ernakulam,0,0.0,0.0,1
2021-10-22,dengue,Kerala,Kannur,1,0.0030059995946605,0.0030059995946605,1
2021-10-22,dengue,Kerala,Malappuram,1,0.2259043960908049,0.2259043960908049,1
2021-10-22,dengue,Kerala,Pathanamthitta,1,0.9999999983333334,0.9999999983333334,1
2021-10-22,dengue,Kerala,Thiruvananthapuram,0,0.7050059124701252,0.7050059124701252,1
2021-10-22,dengue,Kerala,Wayanad,1,0.0,0.0,1
2021-10-22,fever_op,Kerala,Kannur,1,0.0,0.0,1
2021-10-22,fever_op,Kerala,Malappuram,1,0.0,0.0,1
2021-10-22,hepatitis_c,Kerala,Kollam,0,0.0,0.0,1
2021-10-22,leptospirosis_confirmed,Kerala,Idukki,1,0.0001997432458146,0.0001997432458146,1
2021-10-22,leptospirosis_confirmed,Kerala,Kasaragod,1,0.0,0.0,1
2021-10-22,leptospirosis_confirmed,Kerala,Thrissur,0,0.0007779459270632386,0.0007279127907171,3
2021-10-22,leptospirosis_probable,Kerala,Kasaragod,0,0.0,0.0,1
2021-10-22,malaria,Kerala,Alappuzha,0,0.0,0.0,1
2021-10-22,malaria,Kerala,Kannur,0,0.0010019537003009,0.0010019537003009,1
2021-10-22,shigella,Kerala,Ernakulam,0,0.0,0.0,1
2021-10-23,chicken_pox,Kerala,Idukki,1,0.0006449919268511,0.0006449919268511,1
2021-10-23,chicken_pox,Kerala,Kottayam,0,0.0,0.0,1
2021-10-23,chicken_pox,Kerala,Malappuram,0,0.0082813086228597,0.0082813086228597,1
2021-10-23,dengue,Kerala,Idukki,1,0.0,0.0,1
2021-10-23,fever_op,Kerala,Ernakulam,1,0.1388346023815952,0.1388346023815952,1
2021-10-23,fever_op,Kerala,Kottayam,0,0.0,0.0,1
2021-10-23,fever_op,Kerala,Pathanamthitta,2,0.0784760733955889,0.0784760733955889,2
2021-10-23,fever_op,Kerala,Thiruvananthapuram,0,0.0,0.0,1
2021-10-23,leptospirosis_confirmed,Kerala,Palakkad,0,0.000349392992232,0.000349392992232,1
2021-10-23,leptospirosis_probable,Kerala,Kottayam,0,0.0002040948298127,0.0002040948298127,1
2021-10-23,leptospirosis_probable,Kerala,Palakkad,1,0.0,0.0,1
2021-10-24,chicken_pox,Kerala,Kozhikode,0,0.0,0.0,1
2021-10-24,chicken_pox,Kerala,Malappuram,1,0.0,0.0,1
2021-10-24,fever_op,Kerala,Kannur,1,0.0,0.0,1
2021-10-24,fever_op,Kerala,Kottayam,0,0.0012899838537022,0.0012899838537022,1
2021-10-24,fever_op,Kerala,Wayanad,0,0.0,0.0,1
2021-10-24,hepatitis_a_confirmed,Kerala,Alappuzha,1,0.0006853039222793,0.0006853039222793,1
2021-10-24,hepatitis_a_confirmed,Kerala,Malappuram,0,0.0,0.0,1
2021-10-24,leptospirosis_confirmed,Kerala,Alappuzha,0,0.0,0.0,1
2021-10-24,leptospirosis_confirmed,Kerala,Kasaragod,1,0.0,0.0,1
2021-10-24,leptospirosis_confirmed,Kerala,Kozhikode,0,0.1244839737522043,0.1244839737522043,1
2021-10-24,leptospirosis_confirmed,Kerala,Malappuram,0,0.0,0.0,1
2021-10-24,leptospirosis_confirmed,Kerala,Thrissur,1,0.8616406550991196,0.8616406550991196,1
2021-10-24,leptospirosis_confirmed,Kerala,Wayanad,0,0.0,0.0,1
2021-10-24,leptospirosis_probable,Kerala,Alappuzha,0,4.8374394513834085e-05,4.8374394513834085e-05,1
2021-10-24,leptospirosis_probable,Kerala,Ernakulam,0,0.0453372993229964,0.0453372993229964,1
2021-10-24,leptospirosis_probable,Kerala,Pathanamthitta,0,0.0,0.0,1
2021-10-24,leptospirosis_probable,Kerala,Thiruvananthapuram,0,0.8399452977560921,0.8399452977560921,1
2021-10-24,malaria,Kerala,Kasaragod,0,0.0,0.0,1
2021-10-24,shigella,Kerala,Malappuram,0,0.0,0.0,1
2021-10-25,chicken_pox,Kerala,Idukki,1,0.0003493706270443,0.0003493706270443,1
2021-10-25,chicken_pox,Kerala,Thiruvananthapuram,1,0.0,0.0,1
2021-10-25,fever_ip,Kerala,Kannur,0,1.6124798171278027e-05,1.6124798171278027e-05,1
2021-10-25,fever_ip,Kerala,Thrissur,2,0.0127986591989863,0.0127986591989863,2
2021-10-25,fever_op,Kerala,Malappuram,1,0.0,0.0,1
2021-10-25,fever_op,Kerala,Thiruvananthapuram,0,0.0004300605737972,0.0004300605737972,1
2021-10-25,leptospirosis_probable,Kerala,Alappuzha,0,0.0005166132130238,0.0005166132130238,1
2021-10-25,leptospirosis_probable,Kerala,Kottayam,0,0.3438588960501522,0.3438588960501522,1
2021-10-26,fever_ip,Kerala,Wayanad,0,0.0008950380185459,0.0008950380185459,1
2021-10-26,hepatitis_a_confirmed,Kerala,Kollam,1,0.0007143319043446,0.0007143319043446,1
2021-10-26,hepatitis_a_confirmed,Kerala,Thiruvananthapuram,1,2.015599771409754e-05,2.015599771409754e-05,1
2021-10-26,leptospirosis_confirmed,Kerala,Palakkad,0,0.0,0.0,1
2021-10-26,leptospirosis_probable,Kerala,Ernakulam,0,0.0,0.0,1
2021-10-27,fever_ip,Kerala,Idukki,0,0.0001451693289481,0.0001451693289481,1
2021-10-27,fever_ip,Kerala,Kannur,1,0.000688381773759,0.000688381773759,1
2021-10-27,hepatitis_a_confirmed,Kerala,Kollam,0,0.0,0.0,1
2021-10-27,leptospirosis_confirmed,Kerala,Alappuzha,0,0.0069153150663759,0.0069153150663759,1
2021-10-27,leptospirosis_confirmed,Kerala,Malappuram,0,0.0001209359862845,0.0001209359862845,1
2021-10-27,leptospirosis_probable,Kerala,Malappuram,1,0.0095400539851247,0.0095400539851247,1
2021-10-27,leptospirosis_probable,Kerala,Thiruvananthapuram,1,0.0,0.0,1
2021-10-28,leptospirosis_confirmed,Kerala,Palakkad,0,0.9999999983333334,0.9999999983333334,1
2021-10-28,leptospirosis_confirmed,Kerala,Wayanad,0,0.0,0.0,1
2021-10-28,shigella,Kerala,Ernakulam,0,0.0,0.0,1
2021-10-28,shigella,Kerala,Malappuram,0,0.0,0.0,1
2021-10-28,shigella,Kerala,Pathanamthitta,0,0.0,0.0,1
2021-10-30,shigella,Kerala,Thrissur,0,0.0,0.0,1
2021-11-18,acute_diarrheal_disease,Kerala,Kasaragod,1,0.0001239679835979,0.0001239679835979,2
2021-11-18,acute_diarrheal_disease,Kerala,Malappuram,0,0.0,0.0,1
2021-11-18,acute_diarrheal_disease,Kerala,Palakkad,1,4.031199542819508e-05,4.031199542819508e-05,2
2021-11-19,acute_diarrheal_disease,Kerala,Alappuzha,1,0.0043837738079498,0.0043837738079498,1
2021-11-19,acute_diarrheal_disease,Kerala,Kasaragod,1,0.0,0.0,1
2021-11-19,hepatitis_b,Kerala,Kollam,1,0.0,0.0,1
2021-11-19,scrub_typhus,Kerala,Kasaragod,0,0.0,0.0,1
2021-11-19,scrub_typhus,Kerala,Kozhikode,0,0.0,0.0,1
2021-11-19,scrub_typhus,Kerala,Palakkad,1,0.0781034788277056,0.0781034788277056,1
2021-11-19,typhoid,Kerala,Wayanad,0,0.0,0.0,2
2021-11-20,acute_diarrheal_disease,Kerala,Idukki,0,0.0,0.0,1
2021-11-20,acute_diarrheal_disease,Kerala,Kasaragod,0,0.0,0.0,1
2021-11-20,acute_diarrheal_disease,Kerala,Malappuram,1,0.0187890989323544,0.0187890989323544,1
2021-11-20,acute_encephalitis_syndrome,Kerala,Malappuram,0,0.0,0.0,1
2021-11-20,acute_encephalitis_syndrome,Kerala,Palakkad,1,0.0,0.0,1
2021-11-20,hepatitis_a_probable,Kerala,Palakkad,1,0.0,0.0,1
2021-11-20,hepatitis_a_probable,Kerala,Pathanamthitta,0,0.0,0.0,1
2021-11-20,hepatitis_a_probable,Kerala,Thrissur,1,0.0,0.0,1
2021-11-20,hepatitis_b,Kerala,Kottayam,0,9.393748733314308e-05,9.393748733314308e-05,1
2021-11-20,scrub_typhus,Kerala,Ernakulam,0,0.0001814039794268,0.0001814039794268,1
2021-11-20,scrub_typhus,Kerala,Kasaragod,0,0.0,0.0,1
2021-11-20,scrub_typhus,Kerala,Pathanamthitta,1,0.0,0.0,2
2021-11-21,acute_diarrheal_disease,Kerala,Kollam,1,0.0001612479817127,0.0001612479817127,1
2021-11-21,acute_diarrheal_disease,Kerala,Malappuram,0,0.0,0.0,1
2021-11-21,hepatitis_a_probable,Kerala,Kozhikode,1,0.000699572070537,0.000699572070537,1
2021-11-21,hepatitis_a_probable,Kerala,Thrissur,0,0.0021971757039608,0.0021971757039608,1
2021-11-21,hepatitis_b,Kerala,Thrissur,0,0.2169666990940632,0.2169666990940632,1
2021-11-21,scrub_typhus,Kerala,Ernakulam,0,0.0,0.0,1
2021-11-21,scrub_typhus,Kerala,Idukki,1,0.0002030874393392,0.0002030874393392,1
2021-11-21,typhoid,Kerala,Kannur,0,0.0,0.0,1
2021-11-21,typhoid,Kerala,Pathanamthitta,1,0.0,0.0,1
2021-11-21,typhoid,Kerala,Thiruvananthapuram,0,0.0,0.0,1
2021-11-22,acute_diarrheal_disease,Kerala,Kozhikode,1,0.0,0.0,1
2021-11-22,acute_diarrheal_disease,Kerala,Malappuram,1,0.0004111306112545,0.0004111306112545,2
2021-11-22,acute_encephalitis_syndrome,Kerala,Alappuzha,1,0.0,0.0,1
2021-11-22,dengue,Kerala,Malappuram,0,0.9999999983333334,0.9999999983333334,1
2021-11-22,hepatitis_a_probable,Kerala,Palakkad,1,0.1430331024258843,0.1430331024258843,1
2021-11-22,hepatitis_a_probable,Kerala,Thiruvananthapuram,1,0.0,0.0,1
2021-11-22,hepatitis_a_probable,Kerala,Thrissur,1,0.0,0.0,1
2021-11-22,hepatitis_b,Kerala,Alappuzha,2,0.0167031361048345,0.0143295340644569,1
2021-11-22,hepatitis_b,Kerala,Kozhikode,0,0.1216297303504412,0.1216297303504412,1
2021-11-22,hepatitis_b,Kerala,Palakkad,0,1.0060038925925592,0.9999999983333334,2
2021-11-22,hepatitis_b,Kerala,Thrissur,1,0.0,0.0,1
2021-11-22,hepatitis_b,Kerala,Wayanad,0,0.0006941759066305,0.0006941759066305,1
2021-11-22,hepatitis_c,Kerala,Malappuram,0,0.0,0.0,1
2021-11-22,scrub_typhus,Kerala,Kollam,0,0.0,0.0,1
2021-11-22,scrub_typhus,Kerala,Thrissur,0,2.015599771409754e-05,2.015599771409754e-05,1
2021-11-23,acute_diarrheal_disease,Kerala,Ernakulam,2,0.0540943740645489,0.0504143545609719,2
2021-11-23,acute_diarrheal_disease,Kerala,Kozhikode,1,2.1341644638456213e-05,2.1341644638456213e-05,1
2021-11-23,dengue,Kerala,Kozhikode,1,0.0,0.0,1
2021-11-23,dengue,Kerala,Palakkad,1,0.0,0.0,1
2021-11-23,dengue,Kerala,Thiruvananthapuram,1,0.0,0.0,2
2021-11-23,dengue,Kerala,Thrissur,1,0.0,0.0,2
2021-11-23,hepatitis_a_probable,Kerala,Thrissur,1,0.0016527918125559,0.0016527918125559,1
2021-11-23,hepatitis_b,Kerala,Ernakulam,1,0.1133642616260289,0.1133642616260289,1
2021-11-23,hepatitis_b,Kerala,Kollam,0,0.0,0.0,1
2021-11-23,scrub_typhus,Kerala,Thrissur,0,0.7581284936677807,0.7581284936677807,1
2021-11-24,acute_diarrheal_disease,Kerala,Ernakulam,1,0.0442478138968194,0.0442478138968194,1
2021-11-24,acute_diarrheal_disease,Kerala,Thrissur,1,0.0022068968448787,0.0022068968448787,1
2021-11-24,dengue,Kerala,Alappuzha,1,0.0,0.0,1
2021-11-24,dengue,Kerala,Idukki,0,0.0,0.0,1
2021-11-24,dengue,Kerala,Kottayam,1,0.9999999983333334,0.9999999983333334,1
2021-11-24,dengue,Kerala,Palakkad,1,0.2387523170878153,0.2387523170878153,1
2021-11-24,dengue,Kerala,Thiruvananthapuram,0,0.0001751159772114,0.0001751159772114,1
2021-11-24,dengue,Kerala,Thrissur,1,0.0,0.0,2
2021-11-24,dengue,Kerala,Wayanad,1,0.0,0.0,1
2021-11-24,hepatitis_a_probable,Kerala,Malappuram,1,0.0193999618784993,0.0193999618784993,1
2021-11-24,hepatitis_a_probable,Kerala,Pathanamthitta,1,0.000246969417395,0.000246969417395,1
2021-11-24,hepatitis_b,Kerala,Ernakulam,1,0.0,0.0,1
2021-11-24,hepatitis_b,Kerala,Palakkad,0,0.0,0.0,1
2021-11-24,hepatitis_b,Kerala,Thiruvananthapuram,0,0.0,0.0,1
2021-11-24,hepatitis_b,Kerala,Thrissur,0,0.00040122488706,0.00040122488706,1
2021-11-24,hepatitis_c,Kerala,Alappuzha,0,0.0,0.0,1
2021-11-24,malaria,Kerala,Kannur,0,0.0691610736332169,0.0691610736332169,1
2021-11-24,malaria,Kerala,Pathanamthitta,0,0.3185540050686183,0.3185540050686183,1
2021-11-24,malaria,Kerala,Thrissur,0,0.0021197677517865,0.0017334158034123,2
2021-11-24,typhoid,Kerala,Pathanamthitta,0,0.0,0.0,2
2021-11-25,chicken_pox,Kerala,Alappuzha,0,5.038999428524384e-05,5.038999428524384e-05,1
2021-11-25,chicken_pox,Kerala,Pathanamthitta,1,0.0,0.0,1
2021-11-25,chicken_pox,Kerala,Thrissur,0,0.0,0.0,1
2021-11-25,dengue,Kerala,Ernakulam,0,0.0013949637694201,0.0013949637694201,1
2021-11-25,dengue,Kerala,Kannur,1,0.0007681270474452,0.0007681270474452,1
2021-11-25,dengue,Kerala,Kasaragod,3,0.0101904919609137,0.0100023693155822,4
2021-11-25,dengue,Kerala,Malappuram,0,0.4076890393043516,0.4076890393043516,1
2021-11-25,dengue,Kerala,Palakkad,0,0.0001233140645231,0.0001233140645231,1
2021-11-25,dengue,Kerala,Thrissur,0,0.0,0.0,1
2021-11-25,hepatitis_a_probable,Kerala,Alappuzha,1,0.9999999983333334,0.9999999983333334,1
2021-11-25,hepatitis_a_probable,Kerala,Ernakulam,1,0.0032443691135358,0.0032443691135358,1
2021-11-25,hepatitis_a_probable,Kerala,Idukki,0,0.0002862856756819,0.0002862856756819,1
2021-11-25,hepatitis_a_probable,Kerala,Pathanamthitta,1,0.0,0.0,1
2021-11-25,hepatitis_b,Kerala,Thrissur,0,0.0,0.0,1
2021-11-25,hepatitis_c,Kerala,Kottayam,0,0.0020651453212772,0.0020651453212772,1
2021-11-25,hepatitis_c,Kerala,Malappuram,0,0.0,0.0,1
2021-11-25,malaria,Kerala,Ernakulam,0,0.0,0.0,1
2021-11-25,malaria,Kerala,Idukki,0,0.0,0.0,1
2021-11-25,malaria,Kerala,Kollam,0,0.0,0.0,1
2021-11-25,malaria,Kerala,Malappuram,0,0.0,0.0,1
2021-11-26,chicken_pox,Kerala,Ernakulam,0,0.0001209359862845,0.0001209359862845,1
2021-11-26,chicken_pox,Kerala,Palakkad,1,0.0,0.0,1
2021-11-26,dengue,Kerala,Kannur,0,0.0,0.0,1
2021-11-26,dengue,Kerala,Kollam,1,0.0,0.0,1
2021-11-26,dengue,Kerala,Malappuram,0,0.0,0.0,1
2021-11-26,dengue,Kerala,Thiruvananthapuram,1,0.0,0.0,1
2021-11-26,dengue,Kerala,Wayanad,0,0.5051749904656582,0.5051749904656582,1
2021-11-26,fever_op,Kerala,Kasaragod,1,0.0008155425566044,0.0008155425566044,1
2021-11-26,hepatitis_b,Kerala,Alappuzha,1,0.0,0.0,1
2021-11-26,hepatitis_b,Kerala,Kozhikode,1,0.0,0.0,1
2021-11-26,hepatitis_b,Kerala,Malappuram,1,8.062399085639016e-05,8.062399085639016e-05,1
2021-11-26,malaria,Kerala,Kottayam,0,0.0,0.0,1
2021-11-27,chicken_pox,Kerala,Alappuzha,1,0.0006449919268511,0.0006449919268511,2
2021-11-27,chicken_pox,Kerala,Kozhikode,0,0.0,0.0,1
2021-11-27,chicken_pox,Kerala,Malappuram,0,0.0,0.0,1
2021-11-27,chicken_pox,Kerala,Palakkad,1,0.002530160735104,0.002530160735104,1
2021-11-27,chicken_pox,Kerala,Pathanamthitta,0,0.0001707331571076,0.0001707331571076,1
2021-11-27,chicken_pox,Kerala,Thrissur,1,0.0,0.0,1
2021-11-27,dengue,Kerala,Alappuzha,0,0.0,0.0,1
2021-11-27,dengue,Kerala,Idukki,1,0.4394909472869036,0.4392893873097627,2
2021-11-27,dengue,Kerala,Kannur,1,0.0001209359862845,0.0001209359862845,1
2021-11-27,dengue,Kerala,Kottayam,0,0.0,0.0,1
2021-11-27,dengue,Kerala,Kozhikode,1,0.0013199441823549,0.0013199441823549,1
2021-11-27,fever_op,Kerala,Palakkad,1,0.0,0.0,1
2021-11-27,fever_op,Kerala,Thiruvananthapuram,0,0.0,0.0,1
2021-11-27,hepatitis_a_confirmed,Kerala,Alappuzha,1,0.0,0.0,1
2021-11-27,hepatitis_a_confirmed,Kerala,Kasaragod,1,0.0,0.0,1
2021-11-27,hepatitis_a_confirmed,Kerala,Pathanamthitta,0,0.0004031199542819,0.0004031199542819,1
2021-11-27,hepatitis_a_probable,Kerala,Kannur,1,0.0002418719725691,0.0002418719725691,1
2021-11-27,hepatitis_b,Kerala,Kottayam,0,0.0,0.0,1
2021-11-27,leptospirosis_confirmed,Kerala,Malappuram,0,0.0,0.0,1
2021-11-27,leptospirosis_confirmed,Kerala,Palakkad,0,0.9999999983333334,0.9999999983333334,1
2021-11-27,leptospirosis_confirmed,Kerala,Thrissur,0,0.0,0.0,1
2021-11-28,dengue,Kerala,Alappuzha,2,0.0,0.0,3
2021-11-28,dengue,Kerala,Kannur,1,0.0953266726465235,0.0953266726465235,1
2021-11-28,dengue,Kerala,Kollam,0,0.0,0.0,2
2021-11-28,dengue,Kerala,Pathanamthitta,0,0.0,0.0,1
2021-11-28,hepatitis_a_confirmed,Kerala,Kasaragod,0,0.0009271758948484,0.0009271758948484,1
2021-11-28,hepatitis_a_confirmed,Kerala,Kollam,0,0.0159877926901686,0.0159877926901686,1
2021-11-28,hepatitis_b,Kerala,Thiruvananthapuram,0,0.0013398231233672,0.0013398231233672,1
2021-11-28,hepatitis_c,Kerala,Kozhikode,0,0.0622249509246131,0.0622249509246131,1
2021-11-28,leptospirosis_confirmed,Kerala,Alappuzha,0,0.0,0.0,1
2021-11-28,leptospirosis_confirmed,Kerala,Kasaragod,1,0.0001751159772114,0.0001751159772114,1
2021-11-28,leptospirosis_confirmed,Kerala,Thiruvananthapuram,0,0.3340087613563469,0.3340087613563469,1
2021-11-28,leptospirosis_probable,Kerala,Pathanamthitta,0,0.0,0.0,1
2021-11-29,chicken_pox,Kerala,Alappuzha,1,0.0,0.0,1
2021-11-29,chicken_pox,Kerala,Kannur,0,0.0,0.0,1
2021-11-29,chicken_pox,Kerala,Thiruvananthapuram,1,0.0,0.0,1
2021-11-29,hepatitis_a_confirmed,Kerala,Thiruvananthapuram,1,0.0,0.0,2
2021-11-29,hepatitis_a_confirmed,Kerala,Thrissur,1,0.0,0.0,1
2021-11-29,hepatitis_b,Kerala,Palakkad,0,0.0,0.0,1
2021-11-29,hepatitis_b,Kerala,Thrissur,0,0.0,0.0,1
2021-11-29,leptospirosis_probable,Kerala,Idukki,1,0.0,0.0,1
2021-11-29,leptospirosis_probable,Kerala,Malappuram,1,0.0,0.0,1
2021-11-29,leptospirosis_probable,Kerala,Palakkad,1,0.000423275951996,0.000423275951996,2
2021-11-30,chicken_pox,Kerala,Thrissur,1,0.0061736518044067,0.0061736518044067,1
2021-11-30,hepatitis_a_confirmed,Kerala,Pathanamthitta,0,0.0,0.0,1
2021-11-30,hepatitis_b,Kerala,Palakkad,1,0.0,0.0,1
2021-11-30,hepatitis_b,Kerala,Thrissur,0,0.0001814204493033,0.0001814204493033,2
2021-11-30,leptospirosis_probable,Kerala,Alappuzha,0,0.0,0.0,1
2021-11-30,leptospirosis_probable,Kerala,Idukki,1,0.0007595508429883,0.0007595508429883,1
2021-11-30,leptospirosis_probable,Kerala,Malappuram,1,0.0,0.0,1
2021-11-30,leptospirosis_probable,Kerala,Wayanad,0,0.0,0.0,1
2021-12-13,hepatitis_e,Kerala,Pathanamthitta,1,0.0,0.0,1
2021-12-25,acute_diarrheal_disease,Kerala,Idukki,1,0.0,0.0,1
2021-12-25,hepatitis_e,Kerala,Kottayam,1,0.0,0.0,1
2021-12-25,typhoid,Kerala,Kannur,1,0.0152731619369399,0.0152731619369399,1
2021-12-26,acute_diarrheal_disease,Kerala,Kasaragod,1,0.0,0.0,1
2021-12-26,acute_diarrheal_disease,Kerala,Kozhikode,0,0.0,0.0,1
2021-12-26,scrub_typhus,Kerala,Kollam,0,0.0,0.0,1
2021-12-26,scrub_typhus,Kerala,Kottayam,0,0.0,0.0,1
2021-12-26,typhoid,Kerala,Thrissur,1,0.0,0.0,1
2021-12-27,acute_diarrheal_disease,Kerala,Ernakulam,0,0.0039679023845365,0.0039679023845365,1
2021-12-27,acute_diarrheal_disease,Kerala,Malappuram,1,0.0,0.0,1
2021-12-27,acute_diarrheal_disease,Kerala,Thiruvananthapuram,0,0.0,0.0,1
2021-12-27,malaria,Kerala,Pathanamthitta,1,0.0011793738487461884,0.0010853125260804,2
2021-12-27,typhoid,Kerala,Kollam,0,0.0,0.0,1
2021-12-28,acute_diarrheal_disease,Kerala,Alappuzha,1,0.0,0.0,2
2021-12-28,acute_diarrheal_disease,Kerala,Thiruvananthapuram,1,0.0005643679359947,0.0005643679359947,2
2021-12-28,fever_ip,Kerala,Kasaragod,1,0.0,0.0,1
2021-12-28,fever_ip,Kerala,Kollam,0,0.0,0.0,1
2021-12-29,acute_diarrheal_disease,Kerala,Alappuzha,1,0.0,0.0,1
2021-12-29,acute_diarrheal_disease,Kerala,Kasaragod,1,0.0055229852107529,0.0055229852107529,1
2021-12-29,acute_diarrheal_disease,Kerala,Malappuram,0,0.0,0.0,1
2021-12-29,acute_diarrheal_disease,Kerala,Palakkad,1,0.0,0.0,1
2021-12-29,acute_encephalitis_syndrome,Kerala,Ernakulam,1,0.0,0.0,1
2021-12-29,fever_ip,Kerala,Kannur,1,0.0,0.0,1
2021-12-29,fever_ip,Kerala,Kollam,1,0.0,0.0,1
2021-12-29,fever_ip,Kerala,Malappuram,1,0.3397329087575099,0.3397329087575099,1
2021-12-29,fever_ip,Kerala,Thrissur,1,0.0036110342322595,0.0036110342322595,1
2021-12-29,fever_op,Kerala,Alappuzha,1,0.0,0.0,1
2021-12-29,fever_op,Kerala,Palakkad,1,0.0,0.0,1
2021-12-29,hepatitis_a_probable,Kerala,Alappuzha,1,0.0,0.0,1
2021-12-29,hepatitis_a_probable,Kerala,Kasaragod,1,0.0,0.0,1
2021-12-29,malaria,Kerala,Pathanamthitta,0,0.0,0.0,1
2021-12-29,malaria,Kerala,Thrissur,0,0.0,0.0,1
2021-12-29,scrub_typhus,Kerala,Pathanamthitta,0,0.0,0.0,1
2021-12-29,typhoid,Kerala,Wayanad,0,0.0,0.0,1
2021-12-30,dengue,Kerala,Kozhikode,0,0.0,0.0,1
2021-12-30,dengue,Kerala,Malappuram,1,0.0,0.0,1
2021-12-30,dengue,Kerala,Palakkad,0,8.062399085639016e-05,8.062399085639016e-05,1
2021-12-30,dengue,Kerala,Thiruvananthapuram,1,0.0009614885931364,0.0009614885931364,1
2021-12-30,fever_ip,Kerala,Alappuzha,1,0.0129994205862533,0.0129994205862533,1
2021-12-30,fever_ip,Kerala,Kasaragod,1,0.0420367370634832,0.0420367370634832,2
2021-12-30,fever_ip,Kerala,Wayanad,1,0.0,0.0,1
2021-12-30,fever_op,Kerala,Palakkad,0,0.2587481242149704,0.2587481242149704,1
2021-12-30,fever_op,Kerala,Thrissur,1,0.0,0.0,1
2021-12-30,hepatitis_a_probable,Kerala,Kasaragod,1,0.0,0.0,1
2021-12-30,malaria,Kerala,Malappuram,0,0.0,0.0,1
2021-12-30,malaria,Kerala,Wayanad,0,0.0055394000719919,0.0055394000719919,1
2021-12-30,scrub_typhus,Kerala,Idukki,0,0.0,0.0,1
2021-12-30,typhoid,Kerala,Kannur,0,0.0,0.0,1
2021-12-30,typhoid,Kerala,Kasaragod,1,0.0,0.0,1
2021-12-31,acute_diarrheal_disease,Kerala,Kottayam,1,0.0,0.0,1
2021-12-31,acute_diarrheal_disease,Kerala,Malappuram,1,0.0008728655744956,0.0008728655744956,1
2021-12-31,acute_diarrheal_disease,Kerala,Palakkad,0,0.001451231835415,0.001451231835415,1
2021-12-31,acute_encephalitis_syndrome,Kerala,Kannur,1,0.0082633548842088,0.0082633548842088,1
2021-12-31,dengue,Kerala,Ernakulam,1,3.13537742219295e-05,3.13537742219295e-05,1
2021-12-31,dengue,Kerala,Idukki,1,0.0,0.0,1
2021-12-31,dengue,Kerala,Kollam,0,0.0037020905045964,0.0037020905045964,1
2021-12-31,dengue,Kerala,Malappuram,1,0.0,0.0,1
2021-12-31,dengue,Kerala,Palakkad,1,0.0,0.0,1
2021-12-31,dengue,Kerala,Wayanad,0,0.0003628079588537,0.0003628079588537,1
2021-12-31,fever_ip,Kerala,Ernakulam,0,0.0,0.0,1
2021-12-31,fever_ip,Kerala,Kottayam,1,0.0,0.0,1
2021-12-31,fever_ip,Kerala,Pathanamthitta,0,0.0,0.0,1
2021-12-31,fever_ip,Kerala,Thiruvananthapuram,1,0.0037248283775652,0.0037248283775652,1
2021-12-31,fever_op,Kerala,Ernakulam,1,0.0006267739157389,0.0006267739157389,1
2021-12-31,fever_op,Kerala,Pathanamthitta,1,0.0002493755884847,0.0002493755884847,1
2021-12-31,fever_op,Kerala,Thrissur,0,0.0,0.0,1
2021-12-31,hepatitis_a_probable,Kerala,Ernakulam,1,0.0,0.0,1
2021-12-31,hepatitis_a_probable,Kerala,Idukki,0,0.0006046799314229,0.0006046799314229,1
2021-12-31,hepatitis_c,Kerala,Ernakulam,0,0.0,0.0,1
2021-12-31,leptospirosis_confirmed,Kerala,Palakkad,1,0.0004248054494958,0.0004248054494958,2
2021-12-31,leptospirosis_confirmed,Kerala,Thrissur,0,0.0,0.0,1
2021-12-31,malaria,Kerala,Ernakulam,0,0.0,0.0,1
2021-12-31,malaria,Kerala,Kannur,0,0.1044258398888722,0.1044258398888722,1
2021-12-31,typhoid,Kerala,Kollam,0,0.0,0.0,1
2022-01-01,acute_diarrheal_disease,Kerala,Malappuram,1,0.0537134292890569,0.0537134292890569,1
2022-01-01,acute_encephalitis_syndrome,Kerala,Kollam,1,0.0,0.0,1
2022-01-01,chicken_pox,Kerala,Kannur,0,4.031199542819508e-05,4.031199542819508e-05,1
2022-01-01,chicken_pox,Kerala,Palakkad,1,0.0,0.0,1
2022-01-01,chicken_pox,Kerala,Thiruvananthapuram,1,0.0008309981206145,0.0008309981206145,1
2022-01-01,hepatitis_c,Kerala,Kasaragod,0,0.0,0.0,1
2022-01-01,hepatitis_c,Kerala,Thrissur,2,0.00462364737606,0.00462364737606,1
2022-01-01,malaria,Kerala,Ernakulam,1,0.0,0.0,2
2022-01-01,malaria,Kerala,Kozhikode,0,0.0,0.0,1
2022-01-01,malaria,Kerala,Palakkad,0,0.0025432156569068,0.0025432156569068,1
2022-01-01,malaria,Kerala,Pathanamthitta,0,0.0,0.0,1
2022-01-02,acute_diarrheal_disease,Kerala,Kottayam,0,0.0,0.0,1
2022-01-02,chicken_pox,Kerala,Alappuzha,1,0.0,0.0,1
2022-01-02,chicken_pox,Kerala,Kannur,0,0.0,0.0,1
2022-01-02,chicken_pox,Kerala,Thiruvananthapuram,0,0.0016527447341801,0.0016527447341801,1
2022-01-02,hepatitis_c,Kerala,Alappuzha,0,0.012139903835857,0.012139903835857,1
2022-01-02,hepatitis_c,Kerala,Idukki,0,0.0,0.0,1
2022-01-02,hepatitis_c,Kerala,Kannur,0,0.0,0.0,1
2022-01-02,leptospirosis_confirmed,Kerala,Kozhikode,1,0.0,0.0,1
2022-01-02,malaria,Kerala,Alappuzha,0,0.0,0.0,1
2022-01-02,malaria,Kerala,Palakkad,0,0.002535039496635,0.002535039496635,1
2022-01-03,acute_diarrheal_disease,Kerala,Idukki,0,0.0,0.0,1
2022-01-03,acute_diarrheal_disease,Kerala,Kozhikode,0,0.0020722203434148,0.0020722203434148,1
2022-01-03,acute_encephalitis_syndrome,Kerala,Ernakulam,1,0.0,0.0,1
2022-01-03,acute_encephalitis_syndrome,Kerala,Kozhikode,1,0.0,0.0,1
2022-01-03,chicken_pox,Kerala,Thrissur,0,0.0002749828962903,0.0002749828962903,1
2022-01-04,acute_diarrheal_disease,Kerala,Ernakulam,1,0.0,0.0,2
2022-01-04,acute_diarrheal_disease,Kerala,Kollam,0,0.0,0.0,1
2022-02-01,dengue,Kerala,Kollam,2,0.0089938586128676,0.0089938586128676,2
2022-02-01,shigella,Kerala,Kollam,0,0.0,0.0,1
2022-02-01,typhoid,Kerala,Wayanad,1,0.0066907480715805,0.0066907480715805,1
2022-02-02,hepatitis_a_probable,Kerala,Idukki,1,0.0,0.0,1
2022-02-02,hepatitis_a_probable,Kerala,Kollam,1,0.0037280144453754,0.0037280144453754,1
2022-02-02,typhoid,Kerala,Kozhikode,1,0.0,0.0,1
2022-02-02,typhoid,Kerala,Malappuram,0,0.0,0.0,1
2022-02-03,typhoid,Kerala,Thrissur,1,0.0,0.0,1
2022-02-04,acute_diarrheal_disease,Kerala,Kannur,1,0.0008356985543185,0.0008356985543185,1
2022-02-04,acute_diarrheal_disease,Kerala,Kollam,0,0.0,0.0,1
2022-02-04,chicken_pox,Kerala,Kannur,1,0.0,0.0,1
2022-02-04,chicken_pox,Kerala,Malappuram,1,0.0004209833278606,0.0004209833278606,1
2022-02-04,chicken_pox,Kerala,Thrissur,1,0.0,0.0,1
2022-02-05,chicken_pox,Kerala,Wayanad,1,0.0,0.0,1
2022-02-06,chicken_pox,Kerala,Wayanad,0,0.0,0.0,1
2022-03-01,dengue,Kerala,Pathanamthitta,1,0.0,0.0,1
2022-03-01,fever_ip,Kerala,Alappuzha,0,0.0046708933692376,0.0046708933692376,1
2022-03-01,fever_ip,Kerala,Ernakulam,1,0.0012169893137643,0.0012169893137643,1
2022-03-01,fever_ip,Kerala,Idukki,1,0.0,0.0,1
2022-03-01,fever_ip,Kerala,Pathanamthitta,1,0.0,0.0,1
2022-03-01,hepatitis_a_confirmed,Kerala,Kollam,0,0.0,0.0,1
2022-03-01,scrub_typhus,Kerala,Ernakulam,0,0.0,0.0,1
2022-03-01,scrub_typhus,Kerala,Kozhikode,1,0.0,0.0,1
2022-03-01,scrub_typhus,Kerala,Malappuram,0,0.0032575645511242,0.0018242610873959,1
2022-03-01,scrub_typhus,Kerala,Thrissur,0,0.0,0.0,1
2022-03-02,fever_ip,Kerala,Kasaragod,1,0.0,0.0,1
2022-03-02,fever_ip,Kerala,Kottayam,1,0.007307609298382,0.007307609298382,1
2022-03-02,fever_ip,Kerala,Malappuram,0,0.0091935798260904,0.0091935798260904,1
2022-03-02,fever_ip,Kerala,Thiruvananthapuram,0,0.0,0.0,1
2022-03-02,hepatitis_a_confirmed,Kerala,Malappuram,1,0.0,0.0,1
2022-03-02,hepatitis_a_confirmed,Kerala,Palakkad,1,0.0,0.0,1
2022-03-02,hepatitis_a_confirmed,Kerala,Thrissur,1,0.0,0.0,3
2022-03-02,malaria,Kerala,Palakkad,0,0.0,0.0,1
2022-03-02,scrub_typhus,Kerala,Idukki,0,0.0,0.0,1
2022-03-02,scrub_typhus,Kerala,Kannur,0,0.0,0.0,1
2022-03-02,scrub_typhus,Kerala,Kasaragod,0,0.0009271758948484,0.0009271758948484,1
2022-03-02,scrub_typhus,Kerala,Kollam,0,0.0,0.0,1
2022-03-02,scrub_typhus,Kerala,Palakkad,0,0.0,0.0,1
2022-03-03,fever_ip,Kerala,Kozhikode,0,0.0,0.0,1
2022-03-03,fever_ip,Kerala,Malappuram,0,0.0,0.0,1
2022-03-03,fever_ip,Kerala,Pathanamthitta,1,0.0001209359862845,0.0001209359862845,1
2022-03-03,hepatitis_a_confirmed,Kerala,Alappuzha,0,0.1856542036864876,0.1856542036864876,1
2022-03-03,hepatitis_a_confirmed,Kerala,Palakkad,0,4.031199542819508e-05,4.031199542819508e-05,1
2022-03-03,hepatitis_a_confirmed,Kerala,Thiruvananthapuram,0,0.0,0.0,1
2022-03-03,hepatitis_c,Kerala,Pathanamthitta,1,0.0039032954727235,0.0039032954727235,1
2022-03-03,malaria,Kerala,Ernakulam,0,0.0,0.0,1
2022-03-04,hepatitis_a_confirmed,Kerala,Wayanad,0,0.0,0.0,1
2022-03-04,hepatitis_a_probable,Kerala,Ernakulam,1,0.000497640599491,0.000497640599491,2
2022-03-04,hepatitis_c,Kerala,Kottayam,0,0.0,0.0,1
2022-03-04,hepatitis_c,Kerala,Kozhikode,0,0.0,0.0,1
2022-03-04,shigella,Kerala,Kollam,0,0.0013875954137412,0.0013875954137412,1
2022-03-05,hepatitis_a_confirmed,Kerala,Kannur,1,0.0,0.0,1
2022-03-05,hepatitis_a_confirmed,Kerala,Kollam,0,1.3437331809398353e-05,1.3437331809398353e-05,1
2022-03-05,hepatitis_a_probable,Kerala,Idukki,2,0.005342601945570898,0.0053291646137615,2
2022-03-06,hepatitis_a_probable,Kerala,Kollam,0,0.0,0.0,1
2022-03-06,shigella,Kerala,Kollam,0,0.0,0.0,1
2022-03-06,shigella,Kerala,Kottayam,0,0.0,0.0,1
2022-04-01,fever_op,Kerala,Kottayam,0,0.0064366859438711,0.0064366859438711,1
2022-04-01,fever_op,Kerala,Kozhikode,0,0.0131162982284073,0.0131162982284073,1
2022-04-01,fever_op,Kerala,Malappuram,1,0.0,0.0,1
2022-04-01,food_poisoning,Kerala,Idukki,1,0.0,0.0,1
2022-04-01,leptospirosis_probable,Kerala,Ernakulam,1,0.0003048844355306,0.0003048844355306,1
2022-04-01,leptospirosis_probable,Kerala,Idukki,1,0.0221151969191843,0.0221151969191843,1
2022-04-01,leptospirosis_probable,Kerala,Kottayam,0,0.0,0.0,1
2022-04-02,food_poisoning,Kerala,Kozhikode,2,0.0,0.0,2
2022-04-02,food_poisoning,Kerala,Malappuram,0,0.0,0.0,1
2022-04-02,food_poisoning,Kerala,Thrissur,0,0.0,0.0,1
2022-04-02,leptospirosis_confirmed,Kerala,Thiruvananthapuram,0,0.0097197236904807,0.0097197236904807,1
2022-04-02,leptospirosis_probable,Kerala,Ernakulam,0,0.0001612479817127,0.0001612479817127,1
2022-04-03,food_poisoning,Kerala,Ernakulam,1,0.0,0.0,1
2022-04-03,leptospirosis_confirmed,Kerala,Kannur,1,0.0,0.0,1
2022-04-03,leptospirosis_confirmed,Kerala,Thiruvananthapuram,0,0.0,0.0,1
2022-04-03,leptospirosis_confirmed,Kerala,Wayanad,1,0.0,0.0,1
2022-04-03,malaria,Kerala,Palakkad,0,0.007360971382155,0.007360971382155,1
2022-04-04,fever_op,Kerala,Alappuzha,1,0.0004837439451383,0.0004837439451383,1
2022-04-04,fever_op,Kerala,Pathanamthitta,1,0.0,0.0,1
2022-04-04,food_poisoning,Kerala,Ernakulam,0,0.0,0.0,1
2022-04-04,leptospirosis_confirmed,Kerala,Ernakulam,1,0.0016080108726377,0.0016080108726377,1
2022-04-04,leptospirosis_confirmed,Kerala,Idukki,1,0.0,0.0,1
2022-04-04,leptospirosis_confirmed,Kerala,Thiruvananthapuram,0,0.003890488483427,0.003890488483427,1
2022-04-04,malaria,Kerala,Kollam,0,0.1965205011737867,0.1965205011737867,1
2022-04-04,malaria,Kerala,Kottayam,1,0.2780111085731179,0.2780111085731179,1
2022-04-04,malaria,Kerala,Thrissur,1,0.0047905668625644,0.0047905668625644,1
2022-04-05,fever_op,Kerala,Ernakulam,1,0.0,0.0,1
2022-04-05,fever_op,Kerala,Kasaragod,1,0.0,0.0,1
2022-04-05,fever_op,Kerala,Kottayam,1,0.0,0.0,1
2022-04-05,fever_op,Kerala,Wayanad,1,0.0,0.0,1
2022-04-05,food_poisoning,Kerala,Kasaragod,0,0.0,0.0,1
2022-04-05,food_poisoning,Kerala,Wayanad,1,0.0,0.0,1
2022-04-05,malaria,Kerala,Pathanamthitta,0,0.9999999983333334,0.9999999983333334,1
2022-04-05,malaria,Kerala,Thrissur,1,0.006565096398306,0.006565096398306,1
2022-04-06,fever_op,Kerala,Ernakulam,1,0.0002964826271853,0.0002964826271853,1
2022-04-06,fever_op,Kerala,Malappuram,1,0.000160332188952,0.000160332188952,1
2022-04-06,fever_op,Kerala,Thrissur,1,0.0004031199542819,0.0004031199542819,1
2022-04-06,food_poisoning,Kerala,Malappuram,0,0.0137122093473535,0.0137122093473535,1
2022-04-06,malaria,Kerala,Thiruvananthapuram,1,0.0,0.0,1
2022-04-07,hepatitis_a_probable,Kerala,Malappuram,0,0.0022217974117415,0.0022217974117415,1
2022-04-07,hepatitis_a_probable,Kerala,Palakkad,1,0.0,0.0,1
2022-04-07,hepatitis_a_probable,Kerala,Thrissur,1,0.0,0.0,1
2022-04-08,hepatitis_a_probable,Kerala,Thrissur,1,0.0,0.0,1
2022-04-08,shigella,Kerala,Ernakulam,0,0.0,0.0,1
2022-04-08,shigella,Kerala,Pathanamthitta,0,0.0,0.0,1
2022-04-09,hepatitis_a_probable,Kerala,Alappuzha,1,0.0,0.0,1
2022-04-12,shigella,Kerala,Malappuram,0,0.0,0.0,1
2022-04-14,shigella,Kerala,Palakkad,1,0.0348634663476588,0.0348634663476588,1
2022-05-01,hepatitis_b,Kerala,Kannur,1,0.0,0.0,2
2022-05-01,hepatitis_b,Kerala,Malappuram,0,0.0,0.0,1
2022-05-02,dengue,Kerala,Ernakulam,1,0.0002687466361879,0.0002687466361879,1
2022-05-02,dengue,Kerala,Idukki,1,0.0,0.0,1
2022-05-02,dengue,Kerala,Pathanamthitta,0,0.0,0.0,1
2022-05-02,dengue,Kerala,Thiruvananthapuram,1,4.031199542819508e-05,4.031199542819508e-05,1
2022-05-02,dengue,Kerala,Thrissur,1,0.0,0.0,1
2022-05-02,hepatitis_b,Kerala,Alappuzha,1,0.0,0.0,1
2022-05-02,hepatitis_b,Kerala,Kannur,1,0.0052747831597178,0.0052747831597178,1
2022-05-02,hepatitis_b,Kerala,Pathanamthitta,0,0.0,0.0,1
2022-05-03,dengue,Kerala,Ernakulam,1,0.0,0.0,1
2022-05-03,dengue,Kerala,Idukki,1,0.0063692952776548,0.0063692952776548,1
2022-05-03,dengue,Kerala,Kannur,1,0.0,0.0,1
2022-05-03,dengue,Kerala,Kasaragod,1,0.0,0.0,1
2022-05-03,dengue,Kerala,Kottayam,1,2.5860525369030797e-05,2.5860525369030797e-05,1
2022-05-03,dengue,Kerala,Kozhikode,1,0.0116740013316862,0.0116740013316862,2
2022-05-03,dengue,Kerala,Malappuram,1,4.031199542819508e-05,4.031199542819508e-05,1
2022-05-03,hepatitis_b,Kerala,Malappuram,1,0.0,0.0,1
2022-05-03,hepatitis_b,Kerala,Thiruvananthapuram,1,0.0,0.0,1
2022-05-03,rabies_probable,Kerala,Kasaragod,0,0.0,0.0,1
2022-05-04,hepatitis_b,Kerala,Kozhikode,0,0.0,0.0,1
2022-05-04,scrub_typhus,Kerala,Alappuzha,0,0.0,0.0,1
2022-05-04,scrub_typhus,Kerala,Kasaragod,0,0.0,0.0,1
2022-05-04,scrub_typhus,Kerala,Kottayam,0,0.0,0.0,1
2022-05-04,scrub_typhus,Kerala,Thrissur,0,0.0,0.0,1
2022-05-05,chikungunya,Kerala,Pathanamthitta,0,0.0,0.0,1
2022-05-05,fever_ip,Kerala,Kottayam,0,0.0,0.0,1
2022-05-05,hepatitis_b,Kerala,Alappuzha,1,0.0,0.0,1
2022-05-05,rabies_confirmed,Kerala,Alappuzha,0,0.0,0.0,1
2022-05-06,fever_ip,Kerala,Kottayam,1,4.031199542819508e-05,4.031199542819508e-05,1
2022-05-06,fever_ip,Kerala,Thiruvananthapuram,1,0.0001167439848076,0.0001167439848076,1
2022-05-06,hepatitis_b,Kerala,Kasaragod,0,0.0009876438879907,0.0009876438879907,1
2022-05-06,hepatitis_b,Kerala,Kollam,1,0.0,0.0,1
2022-05-06,hepatitis_b,Kerala,Malappuram,1,0.0121305137861437,0.0121305137861437,1
2022-05-06,hepatitis_b,Kerala,Wayanad,0,0.0037189441951036,0.0037189441951036,1
2022-05-06,leptospirosis_confirmed,Kerala,Alappuzha,1,0.0,0.0,1
2022-05-06,leptospirosis_confirmed,Kerala,Kottayam,0,0.0,0.0,1
2022-05-06,leptospirosis_confirmed,Kerala,Palakkad,1,0.0,0.0,1
2022-05-07,fever_ip,Kerala,Pathanamthitta,0,0.0,0.0,1
2022-05-07,fever_op,Kerala,Thrissur,0,0.0,0.0,1
2022-05-07,fever_op,Kerala,Wayanad,1,0.0,0.0,1
2022-05-07,hepatitis_a_confirmed,Kerala,Kannur,1,0.0005831064853761,0.0005831064853761,1
2022-05-07,hepatitis_a_confirmed,Kerala,Thrissur,0,0.0006191262021113,0.0006191262021113,1
2022-05-07,hepatitis_b,Kerala,Thiruvananthapuram,0,0.0,0.0,1
2022-05-07,malaria,Kerala,Thrissur,0,0.0,0.0,2
2022-05-08,fever_op,Kerala,Ernakulam,1,0.1328521260302144,0.1328521260302144,1
2022-05-08,fever_op,Kerala,Kozhikode,0,0.0,0.0,1
2022-05-08,hepatitis_a_confirmed,Kerala,Kollam,1,0.0071402891548986,0.0071402891548986,1
2022-05-08,rabies_confirmed,Kerala,Palakkad,0,0.0,0.0,1
2022-05-09,fever_op,Kerala,Pathanamthitta,1,0.0,0.0,1
2022-05-10,rabies_probable,Kerala,Thiruvananthapuram,0,0.0,0.0,1
2022-05-12,rabies_probable,Kerala,Kasaragod,1,0.0,0.0,1
2022-06-04,dengue,Kerala,Alappuzha,0,0.0,0.0,1
2022-06-04,dengue,Kerala,Kottayam,1,0.0,0.0,1
2022-06-04,dengue,Kerala,Kozhikode,0,0.0,0.0,1
2022-06-04,dengue,Kerala,Pathanamthitta,0,0.002453346335718,0.002453346335718,1
2022-06-04,dengue,Kerala,Thiruvananthapuram,1,0.00290246367083,0.00290246367083,1
2022-06-04,dengue,Kerala,Thrissur,1,0.0,0.0,1
2022-06-04,leptospirosis_probable,Kerala,Kasaragod,0,0.0,0.0,1
2022-06-04,leptospirosis_probable,Kerala,Malappuram,1,0.0,0.0,1
2022-06-04,leptospirosis_probable,Kerala,Thiruvananthapuram,0,0.0,0.0,1
2022-06-04,leptospirosis_probable,Kerala,Thrissur,0,0.0,0.0,1
2022-06-04,typhoid,Kerala,Idukki,0,0.0,0.0,1
2022-06-04,typhoid,Kerala,Kottayam,0,0.5616337001046149,0.5616337001046149,1
2022-06-04,typhoid,Kerala,Pathanamthitta,0,0.0,0.0,1
2022-06-04,typhoid,Kerala,Thrissur,1,0.0,0.0,1
2022-06-04,typhoid,Kerala,Wayanad,1,0.0005312448588116,0.0005312448588116,1
2022-06-05,dengue,Kerala,Idukki,1,0.0,0.0,1
2022-06-05,dengue,Kerala,Kollam,1,0.0077798721805135,0.0077798721805135,2
2022-06-05,dengue,Kerala,Malappuram,0,0.0015573910756361,0.0015573910756361,1
2022-06-05,dengue,Kerala,Palakkad,1,0.000523640092717,0.000523640092717,1
2022-06-05,hepatitis_c,Kerala,Malappuram,0,0.0,0.0,1
2022-06-05,hepatitis_c,Kerala,Pathanamthitta,1,0.0059515311961788,0.0059515311961788,1
2022-06-05,hepatitis_c,Kerala,Wayanad,0,0.0,0.0,1
2022-06-05,leptospirosis_probable,Kerala,Kannur,0,0.0,0.0,1
2022-06-05,leptospirosis_probable,Kerala,Kollam,0,0.0105994794150023,0.0105994794150023,1
2022-06-05,leptospirosis_probable,Kerala,Kozhikode,0,0.010467464585919,0.010467464585919,1
2022-06-05,leptospirosis_probable,Kerala,Wayanad,0,0.00012093598628458525,8.062399085639016e-05,1
2022-06-05,typhoid,Kerala,Kannur,1,0.0,0.0,1
2022-06-05,typhoid,Kerala,Kozhikode,0,0.0,0.0,1
2022-06-06,leptospirosis_probable,Kerala,Kasaragod,0,0.0,0.0,1
2022-06-07,hepatitis_b,Kerala,Idukki,1,0.0,0.0,1
2022-06-07,hepatitis_b,Kerala,Kasaragod,0,0.042169847564805,0.042169847564805,1
2022-06-07,hepatitis_b,Kerala,Kottayam,0,0.7868601586336487,0.7868601586336487,1
2022-06-07,hepatitis_b,Kerala,Malappuram,0,0.0,0.0,1
2022-06-07,hepatitis_b,Kerala,Pathanamthitta,0,0.0,0.0,2
2022-06-07,hepatitis_b,Kerala,Thrissur,1,0.2707124107481421,0.2707124107481421,1
2022-06-08,hepatitis_b,Kerala,Kozhikode,0,0.0162899910294049,0.0162899910294049,1
2022-06-08,hepatitis_b,Kerala,Palakkad,1,0.0,0.0,1
2022-06-08,hepatitis_b,Kerala,Thiruvananthapuram,0,0.061673846701284,0.061673846701284,1
2022-06-08,malaria,Kerala,Ernakulam,0,0.0,0.0,1
2022-06-08,malaria,Kerala,Kottayam,0,0.0,0.0,1
2022-06-08,malaria,Kerala,Kozhikode,0,0.0,0.0,1
2022-06-09,hepatitis_b,Kerala,Kannur,1,0.6597422274029547,0.6597422274029547,1
2022-06-09,hepatitis_b,Kerala,Wayanad,0,0.0,0.0,1
2022-06-09,malaria,Kerala,Malappuram,0,0.0,0.0,1
2022-06-10,hepatitis_b,Kerala,Kasaragod,0,0.0,0.0,1
2022-06-10,hepatitis_b,Kerala,Kozhikode,0,0.3779550697737342,0.3779550697737342,1
2022-06-10,hepatitis_b,Kerala,Malappuram,1,0.0,0.0,1
2022-06-10,malaria,Kerala,Kannur,0,0.0,0.0,1
2022-06-10,malaria,Kerala,Malappuram,0,0.0004837439451383,0.0004837439451383,1
2022-06-10,malaria,Kerala,Pathanamthitta,1,0.0,0.0,1
2022-06-11,hepatitis_b,Kerala,Wayanad,0,0.9999999983333334,0.9999999983333334,1
2022-06-12,hepatitis_b,Kerala,Kollam,0,0.0004594426595808,0.0004594426595808,1
2022-07-05,scrub_typhus,Kerala,Kozhikode,0,0.0,0.0,1
2022-07-06,acute_diarrheal_disease,Kerala,Ernakulam,0,0.0001131337773136,0.0001131337773136,1
2022-07-06,acute_diarrheal_disease,Kerala,Idukki,1,0.0024974736457191,0.0024974736457191,1
2022-07-06,dengue,Kerala,Idukki,0,0.0006181172632323,0.0006181172632323,1
2022-07-06,dengue,Kerala,Kasaragod,1,0.06632011079817021,0.065632559771573,2
2022-07-06,dengue,Kerala,Malappuram,2,0.0003581565232793,0.0003581565232793,2
2022-07-06,hepatitis_c,Kerala,Kannur,0,0.0,0.0,1
2022-07-06,hepatitis_c,Kerala,Kozhikode,0,0.0,0.0,1
2022-07-06,hepatitis_c,Kerala,Thiruvananthapuram,0,0.0,0.0,1
2022-07-06,hepatitis_c,Kerala,Thrissur,0,0.0,0.0,1
2022-07-06,scrub_typhus,Kerala,Palakkad,1,0.0372260549699021,0.0372260549699021,1
2022-07-07,acute_diarrheal_disease,Kerala,Kasaragod,1,0.1251170993796789,0.1251170993796789,1
2022-07-07,acute_diarrheal_disease,Kerala,Kottayam,1,0.0,0.0,1
2022-07-07,acute_diarrheal_disease,Kerala,Pathanamthitta,0,0.0,0.0,1
2022-07-07,dengue,Kerala,Alappuzha,0,0.0004607085191793,0.0004607085191793,1
2022-07-07,dengue,Kerala,Kannur,1,0.0004918063442239,0.0004918063442239,1
2022-07-07,dengue,Kerala,Kollam,0,0.0321076027485275,0.0321076027485275,1
2022-07-07,dengue,Kerala,Kottayam,0,0.0003224959634255,0.0003224959634255,1
2022-07-07,dengue,Kerala,Kozhikode,2,0.0004015617235141,0.0004015617235141,2
2022-07-07,dengue,Kerala,Malappuram,2,0.0010279558834188976,0.0010077998857048,2
2022-07-07,hepatitis_c,Kerala,Kozhikode,0,0.0,0.0,1
2022-07-07,hepatitis_c,Kerala,Malappuram,0,0.0,0.0,1
2022-07-07,leptospirosis_probable,Kerala,Kannur,2,0.1230725220422795,0.1230725220422795,1
2022-07-07,leptospirosis_probable,Kerala,Thrissur,0,0.9216865827395544,0.9216462707441262,1
2022-07-08,dengue,Kerala,Kollam,1,0.0,0.0,1
2022-07-08,dengue,Kerala,Kozhikode,0,0.0011659522004459,0.0011659522004459,1
2022-07-08,dengue,Kerala,Thiruvananthapuram,1,0.0002687466361879,0.0002687466361879,1
2022-07-08,fever_ip,Kerala,Kannur,0,0.0,0.0,1
2022-07-08,fever_ip,Kerala,Pathanamthitta,1,0.0,0.0,1
2022-07-08,hepatitis_a_confirmed,Kerala,Kottayam,1,0.0,0.0,1
2022-07-08,hepatitis_c,Kerala,Idukki,0,0.9999999983333334,0.9999999983333334,1
2022-07-08,hepatitis_c,Kerala,Pathanamthitta,0,0.0,0.0,1
2022-07-08,hepatitis_c,Kerala,Thiruvananthapuram,0,0.0007273085445559,0.0007273085445559,1
2022-07-08,hepatitis_c,Kerala,Thrissur,0,0.000824948688871,0.000824948688871,1
2022-07-08,leptospirosis_confirmed,Kerala,Ernakulam,1,0.9999999983333334,0.9999999983333334,1
2022-07-08,leptospirosis_confirmed,Kerala,Kottayam,0,0.0,0.0,1
2022-07-08,leptospirosis_probable,Kerala,Kannur,0,0.0,0.0,1
2022-07-09,acute_encephalitis_syndrome,Kerala,Alappuzha,1,0.0,0.0,1
2022-07-09,acute_encephalitis_syndrome,Kerala,Kasaragod,0,0.0105250018001924,0.0105250018001924,1
2022-07-09,fever_ip,Kerala,Alappuzha,0,0.001966537151576299,0.0019239473516849,2
2022-07-09,fever_ip,Kerala,Kasaragod,0,0.0,0.0,1
2022-07-09,fever_ip,Kerala,Thrissur,0,0.0932513086236784,0.0932513086236784,2
2022-07-09,hepatitis_a_confirmed,Kerala,Palakkad,0,0.0,0.0,1
2022-07-09,hepatitis_a_confirmed,Kerala,Thiruvananthapuram,0,0.0744521099398043,0.0744521099398043,1
2022-07-09,hepatitis_a_confirmed,Kerala,Wayanad,0,0.0001734391766207,0.0001734391766207,1
2022-07-09,leptospirosis_confirmed,Kerala,Kasaragod,0,0.0125248859824757,0.0125248859824757,1
2022-07-09,leptospirosis_confirmed,Kerala,Thiruvananthapuram,0,0.0,0.0,1
2022-07-10,fever_ip,Kerala,Ernakulam,0,0.0,0.0,1
2022-07-10,fever_ip,Kerala,Kollam,0,0.0,0.0,1
2022-07-10,fever_ip,Kerala,Palakkad,1,0.0072995710140117,0.0072995710140117,1
2022-07-10,hepatitis_a_confirmed,Kerala,Kottayam,0,0.1165566202930313,0.1165566202930313,1
2022-07-10,hepatitis_a_confirmed,Kerala,Malappuram,0,0.0,0.0,1
2022-07-11,fever_ip,Kerala,Thiruvananthapuram,1,0.0035141048565047,0.0035141048565047,1
2022-07-11,fever_ip,Kerala,Thrissur,0,0.0,0.0,1
2022-07-11,fever_op,Kerala,Kasaragod,1,0.0,0.0,1
2022-07-11,hepatitis_a_confirmed,Kerala,Pathanamthitta,0,0.0,0.0,1
2022-07-12,fever_op,Kerala,Malappuram,0,0.0,0.0,1
2022-07-12,hepatitis_a_confirmed,Kerala,Kottayam,0,0.0,0.0,1
2022-07-12,hepatitis_a_confirmed,Kerala,Thrissur,0,0.0872561098433348,0.0872561098433348,1
2022-07-13,hepatitis_a_confirmed,Kerala,Kannur,0,0.0001093266519901,0.0001093266519901,1
2022-07-13,hepatitis_a_confirmed,Kerala,Kottayam,1,0.0,0.0,1
2022-08-07,acute_diarrheal_disease,Kerala,Kannur,1,0.0,0.0,1
2022-08-07,scrub_typhus,Kerala,Alappuzha,0,0.0,0.0,1
2022-08-07,scrub_typhus,Kerala,Thrissur,0,0.0414251344028982,0.0414251344028982,2
2022-08-08,acute_diarrheal_disease,Kerala,Kannur,0,0.0009916624114782,0.0009916624114782,1
2022-08-08,acute_diarrheal_disease,Kerala,Kozhikode,0,0.0,0.0,1
2022-08-08,chicken_pox,Kerala,Alappuzha,0,0.0,0.0,1
2022-08-08,chicken_pox,Kerala,Idukki,0,0.0,0.0,1
2022-08-08,dengue,Kerala,Ernakulam,1,0.0,0.0,1
2022-08-08,dengue,Kerala,Malappuram,1,0.000177372779884,0.000177372779884,1
2022-08-08,scrub_typhus,Kerala,Ernakulam,0,0.0,0.0,1
2022-08-08,scrub_typhus,Kerala,Palakkad,0,0.0,0.0,2
2022-08-08,scrub_typhus,Kerala,Pathanamthitta,1,0.0,0.0,1
2022-08-09,chicken_pox,Kerala,Ernakulam,0,0.0,0.0,1
2022-08-09,chicken_pox,Kerala,Kozhikode,1,0.0,0.0,1
2022-08-09,chicken_pox,Kerala,Thiruvananthapuram,0,0.0008356985543185,0.0008356985543185,1
2022-08-09,dengue,Kerala,Kannur,1,0.0,0.0,1
2022-08-09,dengue,Kerala,Kasaragod,1,0.0,0.0,1
2022-08-09,dengue,Kerala,Kollam,1,0.0,0.0,1
2022-08-09,dengue,Kerala,Kozhikode,1,0.0,0.0,1
2022-08-09,dengue,Kerala,Thrissur,0,0.0,0.0,1
2022-08-09,dengue,Kerala,Wayanad,2,0.0,0.0,2
2022-08-10,chicken_pox,Kerala,Idukki,0,8.27753837014744e-05,8.27753837014744e-05,1
2022-08-10,chicken_pox,Kerala,Kozhikode,1,0.000567706907329,0.000567706907329,1
2022-08-10,dengue,Kerala,Idukki,1,0.0,0.0,1
2022-08-10,dengue,Kerala,Kasaragod,0,0.0,0.0,1
2022-08-10,dengue,Kerala,Kollam,0,0.0,0.0,1
2022-08-10,dengue,Kerala,Kottayam,1,0.0,0.0,1
2022-08-11,acute_encephalitis_syndrome,Kerala,Thiruvananthapuram,0,0.0,0.0,1
2022-08-11,dengue,Kerala,Kasaragod,0,0.1213275725231447,0.1213275725231447,1
2022-08-11,dengue,Kerala,Malappuram,1,0.0,0.0,1
2022-08-11,dengue,Kerala,Thrissur,1,0.0,0.0,1
2022-08-11,malaria,Kerala,Kannur,0,0.1684125293729187,0.1440525683980139,2
2022-08-12,acute_encephalitis_syndrome,Kerala,Alappuzha,1,0.0,0.0,1
2022-08-12,acute_encephalitis_syndrome,Kerala,Thiruvananthapuram,1,0.0011187438496945,0.0011187438496945,1
2022-08-12,fever_ip,Kerala,Ernakulam,1,0.0,0.0,1
2022-08-12,fever_ip,Kerala,Pathanamthitta,0,0.0010212372175142,0.0010212372175142,1
2022-08-12,fever_op,Kerala,Kottayam,1,0.0,0.0,1
2022-08-12,malaria,Kerala,Thrissur,0,0.0344582051946784,0.0344582051946784,1
2022-08-13,fever_ip,Kerala,Alappuzha,0,0.0001752334309449,0.0001752334309449,1
2022-08-13,fever_ip,Kerala,Kannur,0,0.0007659279131357,0.0007659279131357,1
2022-08-13,fever_ip,Kerala,Palakkad,1,0.0,0.0,1
2022-08-13,fever_ip,Kerala,Thrissur,1,0.0,0.0,1
2022-08-13,fever_op,Kerala,Malappuram,1,0.3215262994092776,0.3215262994092776,1
2022-08-13,fever_op,Kerala,Palakkad,0,0.0,0.0,1
2022-08-13,fever_op,Kerala,Thiruvananthapuram,0,0.0002030874393392,0.0002030874393392,1
2022-08-13,fever_op,Kerala,Thrissur,2,9.674878902766816e-05,9.674878902766816e-05,2
2022-08-13,rabies_confirmed,Kerala,Kollam,0,0.0,0.0,1
2022-08-14,fever_ip,Kerala,Alappuzha,1,0.0006969194152137,0.0006969194152137,1
2022-08-14,fever_ip,Kerala,Kasaragod,0,0.0,0.0,1
2022-08-14,fever_op,Kerala,Malappuram,1,0.0,0.0,1
2022-08-14,hepatitis_a_confirmed,Kerala,Palakkad,1,0.0013534316347289,0.0013534316347289,1
2022-08-15,acute_encephalitis_syndrome,Kerala,Palakkad,0,0.0,0.0,1
2022-08-15,acute_encephalitis_syndrome,Kerala,Pathanamthitta,0,0.0,0.0,1
2022-08-15,fever_op,Kerala,Kollam,1,0.0,0.0,1
2022-08-16,acute_encephalitis_syndrome,Kerala,Kollam,1,0.0,0.0,1
2022-08-18,shigella,Kerala,Thrissur,0,0.0,0.0,1
2022-08-20,shigella,Kerala,Kottayam,0,0.0,0.0,1
2022-08-21,shigella,Kerala,Kottayam,0,0.0,0.0,1
2022-09-06,kala_azar,Kerala,Alappuzha,0,0.0,0.0,1
2022-09-06,typhoid,Kerala,Pathanamthitta,1,0.0,0.0,1
2022-09-07,typhoid,Kerala,Kasaragod,0,0.0,0.0,1
2022-09-08,food_poisoning,Kerala,Malappuram,1,0.0,0.0,1
2022-09-08,food_poisoning,Kerala,Pathanamthitta,0,0.0,0.0,1
2022-09-08,leptospirosis_probable,Kerala,Idukki,1,0.0008040892143045,0.0008040892143045,1
2022-09-08,leptospirosis_probable,Kerala,Kollam,0,0.0010455840041916,0.0010455840041916,1
2022-09-08,typhoid,Kerala,Thrissur,1,0.0,0.0,1
2022-09-09,acute_diarrheal_disease,Kerala,Kollam,0,0.0,0.0,1
2022-09-09,acute_diarrheal_disease,Kerala,Palakkad,1,0.0095792243364424,0.0095792243364424,1
2022-09-09,food_poisoning,Kerala,Malappuram,0,0.0001751159772114,0.0001751159772114,1
2022-09-09,food_poisoning,Kerala,Palakkad,0,0.0,0.0,1
2022-09-09,hepatitis_a_probable,Kerala,Kottayam,0,0.0,0.0,1
2022-09-09,hepatitis_a_probable,Kerala,Malappuram,1,0.0060924213944261,0.0060924213944261,1
2022-09-09,hepatitis_c,Kerala,Idukki,0,0.0,0.0,1
2022-09-09,hepatitis_c,Kerala,Palakkad,0,0.0,0.0,1
2022-09-09,leptospirosis_confirmed,Kerala,Ernakulam,0,0.0,0.0,1
2022-09-09,leptospirosis_confirmed,Kerala,Thiruvananthapuram,0,0.0,0.0,1
2022-09-09,leptospirosis_probable,Kerala,Wayanad,0,0.4392732217329705,0.4392732217329705,1
2022-09-10,acute_diarrheal_disease,Kerala,Kannur,0,0.0,0.0,1
2022-09-10,acute_diarrheal_disease,Kerala,Kottayam,1,0.0,0.0,1
2022-09-10,food_poisoning,Kerala,Ernakulam,1,0.0,0.0,1
2022-09-10,food_poisoning,Kerala,Malappuram,1,0.0,0.0,1
2022-09-10,food_poisoning,Kerala,Pathanamthitta,1,0.0012735989583653,0.0012735989583653,1
2022-09-10,hepatitis_a_probable,Kerala,Kottayam,2,0.0019349757805533,0.0019349757805533,1
2022-09-10,hepatitis_a_probable,Kerala,Palakkad,1,0.0,0.0,1
2022-09-10,hepatitis_c,Kerala,Kannur,0,0.0006853039222793,0.0006853039222793,2
2022-09-10,hepatitis_c,Kerala,Kasaragod,0,7.4865134366648e-05,7.4865134366648e-05,1
2022-09-10,hepatitis_c,Kerala,Kottayam,0,0.0,0.0,1
2022-09-10,leptospirosis_confirmed,Kerala,Kottayam,0,0.0,0.0,1
2022-09-10,leptospirosis_confirmed,Kerala,Pathanamthitta,0,0.0002418719725691,0.0002418719725691,1
2022-09-10,leptospirosis_probable,Kerala,Kollam,0,0.9999999983333334,0.9999999983333334,1
2022-09-10,leptospirosis_probable,Kerala,Kozhikode,0,0.0,0.0,1
2022-09-10,leptospirosis_probable,Kerala,Pathanamthitta,0,0.0,0.0,1
2022-09-10,scrub_typhus,Kerala,Alappuzha,0,0.0014007004184041,0.0014007004184041,1
2022-09-10,scrub_typhus,Kerala,Kannur,0,0.0,0.0,1
2022-09-10,scrub_typhus,Kerala,Thrissur,0,4.031199542819508e-05,4.031199542819508e-05,1
2022-09-11,acute_diarrheal_disease,Kerala,Ernakulam,1,0.9999999983333334,0.9999999983333334,1
2022-09-11,acute_diarrheal_disease,Kerala,Kollam,1,0.0,0.0,1
2022-09-11,chicken_pox,Kerala,Kannur,1,0.4257058323732762,0.4257058323732762,1
2022-09-11,chicken_pox,Kerala,Malappuram,0,0.0,0.0,1
2022-09-11,chicken_pox,Kerala,Thrissur,1,0.0,0.0,2
2022-09-11,dengue,Kerala,Alappuzha,2,4.031199542819508e-05,4.031199542819508e-05,1
2022-09-11,dengue,Kerala,Idukki,0,7.44221454058986e-05,7.44221454058986e-05,1
2022-09-11,dengue,Kerala,Kannur,1,0.0020356346907012,0.0020356346907012,1
2022-09-11,dengue,Kerala,Kollam,1,0.0,0.0,1
2022-09-11,dengue,Kerala,Malappuram,2,0.000906776680442,0.0005106186087571,2
2022-09-11,food_poisoning,Kerala,Kasaragod,0,0.0,0.0,1
2022-09-11,food_poisoning,Kerala,Thiruvananthapuram,1,0.0,0.0,1
2022-09-11,hepatitis_a_probable,Kerala,Alappuzha,1,0.0,0.0,1
2022-09-11,hepatitis_c,Kerala,Idukki,0,0.4768078341713435,0.4768078341713435,1
2022-09-11,leptospirosis_confirmed,Kerala,Kannur,1,0.0,0.0,1
2022-09-11,leptospirosis_confirmed,Kerala,Malappuram,0,0.0,0.0,1
2022-09-11,leptospirosis_confirmed,Kerala,Palakkad,0,0.0,0.0,1
2022-09-11,leptospirosis_confirmed,Kerala,Pathanamthitta,0,0.0,0.0,1
2022-09-11,leptospirosis_probable,Kerala,Palakkad,0,0.0,0.0,1
2022-09-11,scrub_typhus,Kerala,Alappuzha,0,0.003113928912825,0.003113928912825,1
2022-09-11,scrub_typhus,Kerala,Kasaragod,0,0.0005207380037366,0.0005207380037366,1
2022-09-11,typhoid,Kerala,Idukki,0,0.0,0.0,1
2022-09-11,typhoid,Kerala,Kannur,0,0.0,0.0,1
2022-09-11,typhoid,Kerala,Kollam,0,0.0,0.0,1
2022-09-11,typhoid,Kerala,Thiruvananthapuram,0,0.0,0.0,1
2022-09-11,typhoid,Kerala,Thrissur,1,0.9999999983333334,0.9999999983333334,1
2022-09-12,acute_diarrheal_disease,Kerala,Kozhikode,0,0.0,0.0,1
2022-09-12,acute_diarrheal_disease,Kerala,Malappuram,1,0.0,0.0,1
2022-09-12,acute_diarrheal_disease,Kerala,Palakkad,0,5.796496074642428e-05,5.796496074642428e-05,1
2022-09-12,chicken_pox,Kerala,Kottayam,0,0.9999999983333334,0.9999999983333334,1
2022-09-12,dengue,Kerala,Ernakulam,0,0.0031345399636377,0.0031345399636377,2
2022-09-12,dengue,Kerala,Idukki,2,0.2319905448614259,0.2319905448614259,2
2022-09-12,dengue,Kerala,Kollam,1,0.2270109537041245,0.2270109537041245,1
2022-09-12,dengue,Kerala,Malappuram,1,0.0015166021573847,0.0015166021573847,1
2022-09-12,food_poisoning,Kerala,Ernakulam,1,0.0,0.0,1
2022-09-12,food_poisoning,Kerala,Palakkad,1,0.0,0.0,1
2022-09-12,hepatitis_c,Kerala,Ernakulam,0,0.0874292783407131,0.0874292783407131,1
2022-09-12,leptospirosis_confirmed,Kerala,Malappuram,1,1.7276569469226453e-05,1.7276569469226453e-05,1
2022-09-12,leptospirosis_probable,Kerala,Kozhikode,0,0.0,0.0,1
2022-09-12,malaria,Kerala,Kasaragod,0,0.0,0.0,1
2022-09-12,malaria,Kerala,Kollam,0,8.958221206265572e-05,8.958221206265572e-05,1
2022-09-12,malaria,Kerala,Kottayam,0,0.0,0.0,1
2022-09-12,malaria,Kerala,Thiruvananthapuram,0,0.0006133365839295,0.0006133365839295,1
2022-09-12,scrub_typhus,Kerala,Malappuram,1,0.0,0.0,1
2022-09-13,chicken_pox,Kerala,Kannur,0,0.0083759218840632,0.0083759218840632,1
2022-09-13,dengue,Kerala,Kannur,1,0.0240765362880031,0.0240765362880031,1
2022-09-13,dengue,Kerala,Malappuram,1,0.9999999983333334,0.9999999983333334,1
2022-09-13,dengue,Kerala,Palakkad,1,6.987412540887147e-05,6.987412540887147e-05,1
2022-09-13,food_poisoning,Kerala,Kannur,1,0.0,0.0,1
2022-09-13,hepatitis_c,Kerala,Palakkad,0,0.0,0.0,2
2022-09-13,leptospirosis_confirmed,Kerala,Kannur,1,0.0,0.0,1
2022-09-13,leptospirosis_confirmed,Kerala,Malappuram,0,0.5334032565190063,0.5334032565190063,1
2022-09-13,leptospirosis_probable,Kerala,Kasaragod,0,0.0022542021264131,0.0022542021264131,1
2022-09-13,leptospirosis_probable,Kerala,Kozhikode,0,0.0005795279225613,0.0005795279225613,2
2022-09-13,leptospirosis_probable,Kerala,Malappuram,0,0.0307625826874383,0.0307625826874383,1
2022-09-13,malaria,Kerala,Idukki,0,0.0,0.0,1
2022-09-13,malaria,Kerala,Kannur,0,0.0,0.0,1
2022-09-13,malaria,Kerala,Pathanamthitta,0,0.0003224959634255,0.0003224959634255,1
2022-09-13,malaria,Kerala,Thiruvananthapuram,0,0.9999999983333334,0.9999999983333334,1
2022-09-14,chicken_pox,Kerala,Ernakulam,1,0.0,0.0,1
2022-09-14,chicken_pox,Kerala,Kollam,0,0.0,0.0,1
2022-09-14,chicken_pox,Kerala,Kottayam,0,0.00373671469539,0.00373671469539,1
2022-09-14,chicken_pox,Kerala,Palakkad,0,0.0012765465218928,0.0012765465218928,1
2022-09-14,chicken_pox,Kerala,Thiruvananthapuram,0,0.0,0.0,1
2022-09-14,dengue,Kerala,Kasaragod,1,0.001815598052318,0.001815598052318,1
2022-09-14,dengue,Kerala,Kollam,1,0.9999999983333334,0.9999999983333334,1
2022-09-14,dengue,Kerala,Malappuram,1,0.0,0.0,1
2022-09-14,dengue,Kerala,Pathanamthitta,1,0.0,0.0,1
2022-09-14,fever_op,Kerala,Wayanad,0,0.0,0.0,1
2022-09-14,food_poisoning,Kerala,Alappuzha,0,0.0,0.0,2
2022-09-14,food_poisoning,Kerala,Palakkad,1,0.0,0.0,1
2022-09-14,leptospirosis_confirmed,Kerala,Thrissur,0,0.0,0.0,1
2022-09-14,leptospirosis_probable,Kerala,Ernakulam,0,0.0,0.0,1
2022-09-14,leptospirosis_probable,Kerala,Kannur,1,0.0009674878902766,0.0009674878902766,1
2022-09-14,leptospirosis_probable,Kerala,Kollam,0,0.0,0.0,1
2022-09-14,malaria,Kerala,Ernakulam,0,0.0,0.0,1
2022-09-14,malaria,Kerala,Kottayam,1,0.0,0.0,1
2022-09-14,malaria,Kerala,Wayanad,1,0.0,0.0,1
2022-09-15,chicken_pox,Kerala,Ernakulam,0,0.0,0.0,1
2022-09-15,chicken_pox,Kerala,Malappuram,0,0.0001034470126337,0.0001034470126337,1
2022-09-15,chicken_pox,Kerala,Palakkad,0,9.33951349144282e-05,9.33951349144282e-05,1
2022-09-15,chicken_pox,Kerala,Wayanad,1,0.0,0.0,1
2022-09-15,dengue,Kerala,Kasaragod,1,0.0,0.0,1
2022-09-15,fever_ip,Kerala,Alappuzha,1,0.0,0.0,1
2022-09-15,fever_ip,Kerala,Kollam,0,0.0588147192520926,0.0588147192520926,1
2022-09-15,fever_ip,Kerala,Thrissur,0,0.0,0.0,1
2022-09-15,fever_op,Kerala,Alappuzha,1,0.0055899300327097,0.0055899300327097,1
2022-09-15,fever_op,Kerala,Thiruvananthapuram,1,0.0131383422957848,0.0131383422957848,1
2022-09-15,food_poisoning,Kerala,Thiruvananthapuram,0,0.0,0.0,1
2022-09-15,food_poisoning,Kerala,Thrissur,1,0.0,0.0,1
2022-09-15,hepatitis_a_confirmed,Kerala,Alappuzha,1,0.0,0.0,1
2022-09-15,hepatitis_a_confirmed,Kerala,Kasaragod,1,0.0,0.0,1
2022-09-15,hepatitis_a_confirmed,Kerala,Thrissur,0,0.0001835432135684,0.0001835432135684,1
2022-09-15,leptospirosis_confirmed,Kerala,Idukki,1,0.0,0.0,1
2022-09-15,leptospirosis_confirmed,Kerala,Kollam,1,0.0024948907399112,0.0024948907399112,1
2022-09-15,leptospirosis_probable,Kerala,Kasaragod,0,0.0,0.0,1
2022-09-15,leptospirosis_probable,Kerala,Kottayam,0,0.0,0.0,1
2022-09-15,leptospirosis_probable,Kerala,Malappuram,1,0.0011488561776688,0.0011488561776688,1
2022-09-15,leptospirosis_probable,Kerala,Palakkad,1,0.0033862076159683,0.0033862076159683,1
2022-09-16,chicken_pox,Kerala,Ernakulam,1,0.0,0.0,1
2022-09-16,chicken_pox,Kerala,Kottayam,1,0.0008868638994202,0.0008868638994202,1
2022-09-16,chicken_pox,Kerala,Palakkad,1,0.0,0.0,1
2022-09-16,chicken_pox,Kerala,Thiruvananthapuram,0,0.0,0.0,1
2022-09-16,chikungunya,Kerala,Kottayam,0,0.0,0.0,1
2022-09-16,fever_ip,Kerala,Kannur,1,0.0123477741428072,0.0123477741428072,1
2022-09-16,fever_ip,Kerala,Kasaragod,0,0.0001549599794973,0.0001549599794973,1
2022-09-16,fever_op,Kerala,Kollam,1,0.012186154047359,0.012186154047359,1
2022-09-16,fever_op,Kerala,Malappuram,0,0.0,0.0,1
2022-09-16,fever_op,Kerala,Palakkad,1,0.0059424763991313,0.0059424763991313,1
2022-09-16,fever_op,Kerala,Wayanad,0,0.0,0.0,1
2022-09-16,food_poisoning,Kerala,Kozhikode,0,0.0001253204226445,0.0001253204226445,1
2022-09-16,hepatitis_a_confirmed,Kerala,Kollam,0,0.0,0.0,1
2022-09-16,hepatitis_a_confirmed,Kerala,Malappuram,1,0.0,0.0,1
2022-09-17,chicken_pox,Kerala,Kannur,1,0.0,0.0,1
2022-09-17,chicken_pox,Kerala,Kottayam,1,0.0,0.0,1
2022-09-17,chicken_pox,Kerala,Pathanamthitta,0,0.0013908789571969,0.0013908789571969,2
2022-09-17,fever_ip,Kerala,Alappuzha,1,0.0192673236730733,0.0192673236730733,1
2022-09-17,fever_ip,Kerala,Kannur,0,0.0,0.0,1
2022-09-17,fever_ip,Kerala,Thiruvananthapuram,1,0.0,0.0,1
2022-09-17,hepatitis_a_confirmed,Kerala,Alappuzha,0,0.0,0.0,1
2022-09-17,hepatitis_a_confirmed,Kerala,Ernakulam,0,0.0,0.0,1
2022-09-17,hepatitis_a_confirmed,Kerala,Kannur,0,0.0004614620189306,0.0004614620189306,1
2022-09-18,chicken_pox,Kerala,Alappuzha,1,9.989833954446306e-05,9.989833954446306e-05,1
2022-09-18,chicken_pox,Kerala,Kannur,0,0.0038849161700308,0.0038849161700308,1
2022-09-18,chicken_pox,Kerala,Palakkad,1,0.0003628079588537,0.0003628079588537,1
2022-09-18,chicken_pox,Kerala,Thiruvananthapuram,0,0.930362345888238,0.930362345888238,1
2022-09-18,fever_ip,Kerala,Pathanamthitta,0,0.0,0.0,1
2022-09-18,fever_ip,Kerala,Thrissur,0,0.0,0.0,1
2022-09-18,food_poisoning,Kerala,Palakkad,1,0.0,0.0,1
2022-09-18,food_poisoning,Kerala,Thiruvananthapuram,0,0.0,0.0,1
2022-09-18,hepatitis_a_confirmed,Kerala,Ernakulam,1,0.0,0.0,1
2022-09-18,hepatitis_a_confirmed,Kerala,Kottayam,1,0.0,0.0,1
2022-09-18,hepatitis_a_confirmed,Kerala,Malappuram,1,0.0,0.0,1
2022-09-19,fever_ip,Kerala,Kasaragod,2,0.0085327497262824,0.0078300014887818,2
2022-09-19,fever_ip,Kerala,Wayanad,2,0.0019740433838786,0.0019740433838786,2
2022-09-19,food_poisoning,Kerala,Thiruvananthapuram,1,0.0,0.0,1
2022-09-20,fever_ip,Kerala,Kannur,1,0.0,0.0,1
2022-09-20,fever_ip,Kerala,Palakkad,1,0.0162423376111652,0.0162423376111652,1
2022-09-20,fever_ip,Kerala,Thiruvananthapuram,0,0.0,0.0,1
2022-09-20,food_poisoning,Kerala,Idukki,1,0.0,0.0,1
2022-09-20,food_poisoning,Kerala,Kollam,1,0.0,0.0,1
2022-09-20,food_poisoning,Kerala,Palakkad,1,0.058175099071911,0.058175099071911,1
2022-09-21,fever_ip,Kerala,Kannur,0,0.0,0.0,1
2022-09-21,food_poisoning,Kerala,Alappuzha,0,0.0005795279225613,0.0005795279225613,2
2022-09-22,fever_ip,Kerala,Kannur,0,0.0011345459442299,0.0011345459442299,1
2022-09-22,fever_ip,Kerala,Kozhikode,0,0.0019914125741528,0.0019914125741528,1
2022-09-23,fever_ip,Kerala,Kasaragod,1,0.0,0.0,1
2022-09-23,fever_ip,Kerala,Malappuram,1,0.0014713878331291,0.0014713878331291,1
2022-09-24,chikungunya,Kerala,Ernakulam,0,0.0,0.0,1
2022-09-30,chikungunya,Kerala,Malappuram,1,0.0,0.0,1
2022-10-01,influenza_h1n1_seasonal,Kerala,Idukki,0,0.0,0.0,1
2022-10-01,influenza_h1n1_seasonal,Kerala,Kasaragod,1,0.0,0.0,1
2022-10-02,influenza_h1n1_seasonal,Kerala,Idukki,0,0.0042192354307101,0.0042192354307101,1
2022-10-03,influenza_h1n1_seasonal,Kerala,Ernakulam,0,0.0,0.0,1
2022-10-03,influenza_h1n1_seasonal,Kerala,Kottayam,0,0.0004178492771592,0.0004178492771592,1
2022-10-03,influenza_h1n1_seasonal,Kerala,Thrissur,0,0.0007143319043446,0.0007143319043446,2
2022-10-04,influenza_h1n1_seasonal,Kerala,Kannur,0,0.0,0.0,1
2022-10-05,influenza_h1n1_seasonal,Kerala,Alappuzha,0,0.0,0.0,1
2022-10-05,influenza_h1n1_seasonal,Kerala,Idukki,0,0.0,0.0,1
2022-10-05,influenza_h1n1_seasonal,Kerala,Kannur,1,0.1799701898542718,0.1799701898542718,1
2022-10-05,influenza_h1n1_seasonal,Kerala,Thrissur,0,0.0,0.0,1
2022-10-06,influenza_h1n1_seasonal,Kerala,Idukki,0,0.0,0.0,1
2022-10-06,influenza_h1n1_seasonal,Kerala,Thiruvananthapuram,0,0.0,0.0,1
2022-10-07,influenza_h1n1_seasonal,Kerala,Kollam,0,0.0,0.0,1
2022-10-08,influenza_h1n1_seasonal,Kerala,Wayanad,0,0.002329137513629,0.002329137513629,1
2022-10-12,hepatitis_a_probable,Kerala,Kannur,1,0.0,0.0,1
2022-10-13,acute_diarrheal_disease,Kerala,Malappuram,0,0.0,0.0,1
2022-10-13,hepatitis_a_probable,Kerala,Ernakulam,1,0.003190697813696,0.003190697813696,1
2022-10-13,hepatitis_a_probable,Kerala,Kannur,0,0.0,0.0,1
2022-10-13,hepatitis_a_probable,Kerala,Malappuram,1,0.0001962435084051,0.0001962435084051,1
2022-10-13,hepatitis_b,Kerala,Ernakulam,1,4.031199542819508e-05,4.031199542819508e-05,1
2022-10-13,hepatitis_b,Kerala,Idukki,1,0.0,0.0,1
2022-10-13,hepatitis_b,Kerala,Thrissur,0,0.0006479001054031,0.0006479001054031,1
2022-10-13,typhoid,Kerala,Kollam,0,0.0,0.0,2
2022-10-14,acute_diarrheal_disease,Kerala,Kasaragod,1,0.0002096223762266,0.0002096223762266,1
2022-10-14,acute_diarrheal_disease,Kerala,Kollam,1,0.0,0.0,1
2022-10-14,hepatitis_a_probable,Kerala,Palakkad,1,0.0,0.0,1
2022-10-14,hepatitis_a_probable,Kerala,Thiruvananthapuram,1,0.0,0.0,1
2022-10-14,hepatitis_b,Kerala,Ernakulam,2,0.0169773197065759,0.0138667501267032,2
2022-10-14,hepatitis_b,Kerala,Idukki,1,8.868638994202917e-05,8.868638994202917e-05,1
2022-10-14,hepatitis_b,Kerala,Kannur,1,0.0,0.0,1
2022-10-14,hepatitis_b,Kerala,Kasaragod,0,0.3373685072099475,0.3373685072099475,1
2022-10-14,hepatitis_b,Kerala,Palakkad,1,0.0010884238765612,0.0010884238765612,2
2022-10-14,scrub_typhus,Kerala,Palakkad,0,0.0,0.0,1
2022-10-14,typhoid,Kerala,Pathanamthitta,0,0.0,0.0,1
2022-10-14,typhoid,Kerala,Thrissur,1,0.0,0.0,1
2022-10-15,acute_diarrheal_disease,Kerala,Kollam,0,0.0,0.0,1
2022-10-15,acute_diarrheal_disease,Kerala,Kozhikode,0,0.0006853039222793,0.0006853039222793,1
2022-10-15,dengue,Kerala,Kottayam,0,0.0002553093043785,0.0002553093043785,1
2022-10-15,hepatitis_a_probable,Kerala,Ernakulam,1,0.0,0.0,1
2022-10-15,hepatitis_a_probable,Kerala,Kasaragod,3,0.0105187586496748,0.009746198683825,2
2022-10-15,hepatitis_b,Kerala,Ernakulam,2,0.0,0.0,2
2022-10-15,hepatitis_b,Kerala,Wayanad,0,0.0031367867000124,0.0031367867000124,1
2022-10-15,scrub_typhus,Kerala,Kasaragod,0,0.0,0.0,2
2022-10-15,scrub_typhus,Kerala,Palakkad,1,0.0,0.0,1
2022-10-15,typhoid,Kerala,Ernakulam,0,0.0,0.0,1
2022-10-16,acute_diarrheal_disease,Kerala,Ernakulam,0,0.0,0.0,1
2022-10-16,acute_diarrheal_disease,Kerala,Kasaragod,1,0.0016192931689679,0.0016192931689679,1
2022-10-16,acute_diarrheal_disease,Kerala,Pathanamthitta,1,0.0,0.0,1
2022-10-16,acute_diarrheal_disease,Kerala,Thrissur,0,0.0023634770145291,0.0023634770145291,1
2022-10-16,dengue,Kerala,Alappuzha,0,0.0,0.0,1
2022-10-16,dengue,Kerala,Ernakulam,0,0.0010502181910647,0.0010502181910647,1
2022-10-16,dengue,Kerala,Malappuram,1,0.0,0.0,2
2022-10-16,dengue,Kerala,Thrissur,1,0.0055681097224647,0.005406861740752,2
2022-10-16,hepatitis_a_probable,Kerala,Ernakulam,1,0.0011556105356082,0.0011556105356082,1
2022-10-16,hepatitis_a_probable,Kerala,Pathanamthitta,1,0.0,0.0,1
2022-10-16,hepatitis_b,Kerala,Kollam,0,4.031199542819508e-05,4.031199542819508e-05,1
2022-10-16,hepatitis_b,Kerala,Kozhikode,0,0.0,0.0,1
2022-10-16,hepatitis_b,Kerala,Palakkad,0,0.0,0.0,1
2022-10-16,hepatitis_c,Kerala,Kasaragod,0,0.0006109632085161,0.0006109632085161,1
2022-10-16,hepatitis_c,Kerala,Malappuram,0,0.0,0.0,1
2022-10-16,leptospirosis_confirmed,Kerala,Kollam,1,0.000185005571067,0.000185005571067,1
2022-10-16,malaria,Kerala,Malappuram,0,0.0,0.0,1
2022-10-16,malaria,Kerala,Palakkad,0,0.0037075931750198,0.0037075931750198,1
2022-10-16,scrub_typhus,Kerala,Kannur,0,0.0,0.0,1
2022-10-17,acute_diarrheal_disease,Kerala,Ernakulam,1,0.0,0.0,1
2022-10-17,acute_diarrheal_disease,Kerala,Idukki,0,0.0044133327974964,0.0044133327974964,1
2022-10-17,acute_diarrheal_disease,Kerala,Malappuram,1,0.0,0.0,1
2022-10-17,dengue,Kerala,Alappuzha,1,0.0824221559189124,0.0824221559189124,1
2022-10-17,dengue,Kerala,Kottayam,0,0.0002666237499848,0.0002666237499848,1
2022-10-17,dengue,Kerala,Malappuram,0,0.0030144109136689,0.0030144109136689,1
2022-10-17,dengue,Kerala,Palakkad,0,0.0,0.0,1
2022-10-17,dengue,Kerala,Thiruvananthapuram,1,0.0003029254789618,0.0003029254789618,1
2022-10-17,hepatitis_a_probable,Kerala,Idukki,0,0.0002586114541948,0.0002586114541948,1
2022-10-17,hepatitis_a_probable,Kerala,Kollam,1,0.0,0.0,1
2022-10-17,hepatitis_a_probable,Kerala,Thrissur,1,0.0,0.0,1
2022-10-17,hepatitis_b,Kerala,Ernakulam,1,0.0,0.0,1
2022-10-17,hepatitis_b,Kerala,Kottayam,0,0.0030883313068394,0.0030883313068394,1
2022-10-17,hepatitis_c,Kerala,Alappuzha,0,0.0,0.0,1
2022-10-17,hepatitis_c,Kerala,Ernakulam,0,0.0004837439451383,0.0004837439451383,1
2022-10-17,leptospirosis_confirmed,Kerala,Kollam,1,0.0009840954414171,0.0009840954414171,1
2022-10-17,leptospirosis_probable,Kerala,Palakkad,0,0.0,0.0,1
2022-10-17,malaria,Kerala,Kannur,0,0.0,0.0,1
2022-10-17,malaria,Kerala,Malappuram,0,0.0,0.0,1
2022-10-17,malaria,Kerala,Palakkad,0,0.0,0.0,1
2022-10-17,malaria,Kerala,Thiruvananthapuram,1,0.0,0.0,1
2022-10-17,scrub_typhus,Kerala,Kottayam,0,0.0576031311076477,0.0576031311076477,1
2022-10-17,scrub_typhus,Kerala,Thrissur,0,0.0003838136646328,0.0003838136646328,1
2022-10-17,typhoid,Kerala,Thrissur,1,0.0,0.0,1
2022-10-18,acute_diarrheal_disease,Kerala,Ernakulam,1,0.0,0.0,1
2022-10-18,dengue,Kerala,Kollam,0,0.0005643679359947,0.0005643679359947,1
2022-10-18,dengue,Kerala,Malappuram,0,3.803335520043203e-05,3.803335520043203e-05,1
2022-10-18,fever_op,Kerala,Kollam,0,0.0,0.0,1
2022-10-18,fever_op,Kerala,Malappuram,1,0.0001074986544751,0.0001074986544751,1
2022-10-18,fever_op,Kerala,Wayanad,0,0.6528782017215461,0.6528782017215461,1
2022-10-18,hepatitis_a_probable,Kerala,Kasaragod,1,0.0,0.0,1
2022-10-18,hepatitis_a_probable,Kerala,Kozhikode,0,0.0,0.0,1
2022-10-18,hepatitis_a_probable,Kerala,Palakkad,1,4.031199542819508e-05,4.031199542819508e-05,1
2022-10-18,hepatitis_a_probable,Kerala,Pathanamthitta,1,0.0047836901241458,0.0047836901241458,1
2022-10-18,hepatitis_b,Kerala,Kollam,0,0.0,0.0,1
2022-10-18,hepatitis_c,Kerala,Idukki,0,0.0017737277988405,0.0017737277988405,2
2022-10-18,leptospirosis_confirmed,Kerala,Ernakulam,0,0.0,0.0,1
2022-10-18,leptospirosis_confirmed,Kerala,Kottayam,0,8.599892358014952e-05,8.599892358014952e-05,1
2022-10-18,leptospirosis_confirmed,Kerala,Thiruvananthapuram,0,0.1197011007025743,0.1197011007025743,1
2022-10-18,leptospirosis_probable,Kerala,Ernakulam,1,0.0,0.0,1
2022-10-18,leptospirosis_probable,Kerala,Kollam,0,0.0055528409565606,0.0055528409565606,1
2022-10-18,leptospirosis_probable,Kerala,Kozhikode,0,0.0007235889058177,0.0007235889058177,1
2022-10-18,leptospirosis_probable,Kerala,Malappuram,0,0.0,0.0,1
2022-10-18,malaria,Kerala,Kannur,0,0.0,0.0,1
2022-10-18,scrub_typhus,Kerala,Idukki,0,0.0,0.0,1
2022-10-18,scrub_typhus,Kerala,Kannur,1,0.003743014161147,0.003743014161147,1
2022-10-18,typhoid,Kerala,Kasaragod,1,0.0,0.0,1
2022-10-19,dengue,Kerala,Ernakulam,0,0.0217853363708496,0.0217853363708496,2
2022-10-19,dengue,Kerala,Kannur,0,0.16881481458952582,0.168766440195012,2
2022-10-19,dengue,Kerala,Kozhikode,1,0.0006661285366848,0.0006661285366848,1
2022-10-19,dengue,Kerala,Thiruvananthapuram,1,0.005113998715201,0.005113998715201,2
2022-10-19,fever_op,Kerala,Kannur,1,0.0,0.0,1
2022-10-19,fever_op,Kerala,Kollam,0,0.0053359374334582,0.0053359374334582,1
2022-10-19,fever_op,Kerala,Pathanamthitta,1,0.0,0.0,1
2022-10-19,hepatitis_a_probable,Kerala,Palakkad,0,0.0,0.0,1
2022-10-19,hepatitis_a_probable,Kerala,Thrissur,1,0.0,0.0,1
2022-10-19,hepatitis_b,Kerala,Idukki,1,0.0,0.0,1
2022-10-19,hepatitis_b,Kerala,Kasaragod,0,0.0,0.0,1
2022-10-19,leptospirosis_confirmed,Kerala,Ernakulam,0,0.0,0.0,1
2022-10-19,leptospirosis_confirmed,Kerala,Thrissur,1,0.0,0.0,1
2022-10-19,leptospirosis_probable,Kerala,Idukki,1,0.0,0.0,1
2022-10-19,leptospirosis_probable,Kerala,Pathanamthitta,0,0.0,0.0,1
2022-10-19,malaria,Kerala,Alappuzha,0,0.0,0.0,1
2022-10-19,malaria,Kerala,Thiruvananthapuram,0,0.0,0.0,1
2022-10-19,scrub_typhus,Kerala,Kollam,1,0.0003935759471644,0.0003935759471644,1
2022-10-19,scrub_typhus,Kerala,Kottayam,0,0.0,0.0,1
2022-10-20,chicken_pox,Kerala,Ernakulam,0,0.0162702904136758,0.0162702904136758,1
2022-10-20,chicken_pox,Kerala,Malappuram,1,0.0007256159177075,0.0007256159177075,1
2022-10-20,dengue,Kerala,Kottayam,0,0.0001225484661017,0.0001225484661017,1
2022-10-20,dengue,Kerala,Thrissur,1,0.0015362269893469,0.0015362269893469,1
2022-10-20,dengue,Kerala,Wayanad,0,8.42887177134988e-05,8.42887177134988e-05,1
2022-10-20,hepatitis_a_confirmed,Kerala,Kannur,0,0.0,0.0,1
2022-10-20,hepatitis_a_probable,Kerala,Idukki,1,0.0,0.0,1
2022-10-20,hepatitis_c,Kerala,Kasaragod,0,0.0003050444603385,0.0003050444603385,1
2022-10-20,hepatitis_c,Kerala,Pathanamthitta,0,0.0,0.0,1
2022-10-20,leptospirosis_confirmed,Kerala,Malappuram,0,0.0,0.0,1
2022-10-20,leptospirosis_confirmed,Kerala,Palakkad,0,0.0,0.0,1
2022-10-20,leptospirosis_confirmed,Kerala,Thiruvananthapuram,0,0.0004434319497101,0.0004434319497101,1
2022-10-20,leptospirosis_probable,Kerala,Ernakulam,0,0.0166632039782987,0.0166632039782987,1
2022-10-20,leptospirosis_probable,Kerala,Palakkad,0,0.0,0.0,1
2022-10-20,malaria,Kerala,Thiruvananthapuram,0,0.0,0.0,1
2022-10-20,rabies_confirmed,Kerala,Kasaragod,1,0.0,0.0,1
2022-10-21,chicken_pox,Kerala,Ernakulam,0,0.0,0.0,1
2022-10-21,chicken_pox,Kerala,Kottayam,0,0.0,0.0,1
2022-10-21,dengue,Kerala,Alappuzha,1,8.062399085639016e-05,8.062399085639016e-05,1
2022-10-21,dengue,Kerala,Kollam,1,0.0,0.0,1
2022-10-21,dengue,Kerala,Kozhikode,0,0.0007256159177075,0.0007256159177075,1
2022-10-21,dengue,Kerala,Malappuram,1,0.0227879338455907,0.0227879338455907,1
2022-10-21,fever_op,Kerala,Alappuzha,1,0.0,0.0,1
2022-10-21,fever_op,Kerala,Ernakulam,1,0.0,0.0,1
2022-10-21,fever_op,Kerala,Thrissur,0,0.0,0.0,1
2022-10-21,hepatitis_a_confirmed,Kerala,Alappuzha,1,0.0086632683625838,0.0086632683625838,1
2022-10-21,hepatitis_a_confirmed,Kerala,Malappuram,0,0.0003628079588537,0.0003628079588537,1
2022-10-21,leptospirosis_confirmed,Kerala,Alappuzha,1,0.0,0.0,1
2022-10-21,leptospirosis_confirmed,Kerala,Kollam,1,0.0,0.0,1
2022-10-21,leptospirosis_confirmed,Kerala,Malappuram,0,0.0,0.0,1
2022-10-21,leptospirosis_confirmed,Kerala,Palakkad,0,0.0004663959371488,0.0004663959371488,1
2022-10-21,leptospirosis_confirmed,Kerala,Pathanamthitta,1,0.0,0.0,2
2022-10-21,leptospirosis_probable,Kerala,Alappuzha,0,0.0,0.0,1
2022-10-21,leptospirosis_probable,Kerala,Kannur,0,0.0049983158315242,0.0049983158315242,1
2022-10-21,leptospirosis_probable,Kerala,Kollam,0,0.0,0.0,1
2022-10-21,leptospirosis_probable,Kerala,Kottayam,0,0.0,0.0,1
2022-10-21,leptospirosis_probable,Kerala,Malappuram,0,0.0002418719725691,0.0002418719725691,1
2022-10-21,rabies_confirmed,Kerala,Kannur,1,0.0,0.0,1
2022-10-21,rabies_confirmed,Kerala,Kollam,0,0.0,0.0,1
2022-10-21,typhoid,Kerala,Thiruvananthapuram,0,0.0,0.0,1
2022-10-21,west_nile_confirmed,Kerala,Malappuram,1,0.0,0.0,1
2022-10-22,chicken_pox,Kerala,Alappuzha,0,0.0,0.0,1
2022-10-22,chicken_pox,Kerala,Thrissur,0,0.0,0.0,1
2022-10-22,dengue,Kerala,Kollam,1,0.0,0.0,1
2022-10-22,dengue,Kerala,Thiruvananthapuram,0,0.0,0.0,1
2022-10-22,dengue,Kerala,Thrissur,1,0.0016124798171278,0.0016124798171278,2
2022-10-22,fever_op,Kerala,Kannur,1,0.00189789317865,0.00189789317865,1
2022-10-22,fever_op,Kerala,Thiruvananthapuram,1,0.0004235515147294,0.0004235515147294,1
2022-10-22,fever_op,Kerala,Wayanad,1,0.0,0.0,1
2022-10-22,hepatitis_a_confirmed,Kerala,Alappuzha,0,0.0001167439848076,0.0001167439848076,1
2022-10-22,hepatitis_a_confirmed,Kerala,Kasaragod,1,0.0,0.0,1
2022-10-22,hepatitis_a_confirmed,Kerala,Kozhikode,1,0.0,0.0,1
2022-10-22,leptospirosis_confirmed,Kerala,Alappuzha,0,0.0355988365808582,0.0355988365808582,1
2022-10-22,leptospirosis_confirmed,Kerala,Thiruvananthapuram,0,0.0,0.0,1
2022-10-22,leptospirosis_confirmed,Kerala,Wayanad,0,0.0,0.0,1
2022-10-22,leptospirosis_probable,Kerala,Kottayam,0,0.0,0.0,1
2022-10-22,leptospirosis_probable,Kerala,Malappuram,0,0.0,0.0,1
2022-10-22,leptospirosis_probable,Kerala,Pathanamthitta,0,8.062399085639016e-05,8.062399085639016e-05,1
2022-10-22,west_nile_confirmed,Kerala,Kasaragod,1,0.0,0.0,1
2022-10-23,chicken_pox,Kerala,Kannur,1,0.0030046988202447,0.0030046988202447,1
2022-10-23,chicken_pox,Kerala,Kollam,0,0.0,0.0,1
2022-10-23,dengue,Kerala,Alappuzha,1,0.02233284546722,0.02233284546722,1
2022-10-23,dengue,Kerala,Thrissur,1,0.018878265222119,0.018878265222119,1
2022-10-23,fever_op,Kerala,Ernakulam,2,0.0,0.0,2
2022-10-23,hepatitis_a_confirmed,Kerala,Kasaragod,1,0.0,0.0,1
2022-10-23,hepatitis_c,Kerala,Thiruvananthapuram,0,0.0,0.0,1
2022-10-23,japanese_encephalitis,Kerala,Alappuzha,0,0.0,0.0,1
2022-10-23,leptospirosis_confirmed,Kerala,Alappuzha,1,0.0,0.0,1
2022-10-23,leptospirosis_confirmed,Kerala,Malappuram,1,0.0,0.0,2
2022-10-23,leptospirosis_probable,Kerala,Kozhikode,0,0.0001612479817127,0.0001612479817127,1
2022-10-23,malaria,Kerala,Malappuram,0,0.0,0.0,1
2022-10-23,shigella,Kerala,Idukki,0,0.0,0.0,1
2022-10-24,chicken_pox,Kerala,Kasaragod,0,0.0002428706344541,0.0002428706344541,1
2022-10-24,chicken_pox,Kerala,Kottayam,1,0.9999999983333334,0.9999999983333334,1
2022-10-24,chicken_pox,Kerala,Thiruvananthapuram,0,0.0,0.0,1
2022-10-24,fever_op,Kerala,Ernakulam,1,0.0,0.0,1
2022-10-24,fever_op,Kerala,Kasaragod,1,0.0001482413135926,0.0001482413135926,1
2022-10-24,fever_op,Kerala,Kollam,2,0.0,0.0,2
2022-10-24,fever_op,Kerala,Palakkad,0,0.025890366346031,0.025890366346031,1
2022-10-24,fever_op,Kerala,Pathanamthitta,0,0.0,0.0,1
2022-10-24,hepatitis_a_confirmed,Kerala,Kannur,1,0.0024517680647896,0.0024517680647896,1
2022-10-24,hepatitis_a_confirmed,Kerala,Kottayam,0,0.0,0.0,1
2022-10-24,hepatitis_a_confirmed,Kerala,Wayanad,1,0.0024667836675274,0.0024667836675274,1
2022-10-24,leptospirosis_probable,Kerala,Ernakulam,0,0.0,0.0,1
2022-10-24,leptospirosis_probable,Kerala,Pathanamthitta,0,0.0,0.0,1
2022-10-24,malaria,Kerala,Kottayam,0,0.0254826512984918,0.0254826512984918,1
2022-10-24,shigella,Kerala,Palakkad,1,0.0,0.0,1
2022-10-25,chicken_pox,Kerala,Ernakulam,1,0.0017626879655537,0.0017626879655537,1
2022-10-25,chicken_pox,Kerala,Idukki,1,3.13537742219295e-05,3.13537742219295e-05,1
2022-10-25,chicken_pox,Kerala,Pathanamthitta,0,0.0,0.0,1
2022-10-25,chicken_pox,Kerala,Wayanad,1,0.0,0.0,1
2022-10-25,fever_ip,Kerala,Pathanamthitta,1,0.0001776017151284,0.0001776017151284,1
2022-10-25,fever_op,Kerala,Ernakulam,1,0.0,0.0,1
2022-10-25,fever_op,Kerala,Kasaragod,0,2.239555301566393e-05,2.239555301566393e-05,1
2022-10-25,hepatitis_a_confirmed,Kerala,Kottayam,1,0.0,0.0,1
2022-10-25,hepatitis_a_confirmed,Kerala,Kozhikode,1,0.9999999983333334,0.9999999983333334,1
2022-10-25,hepatitis_a_confirmed,Kerala,Pathanamthitta,1,0.0,0.0,2
2022-10-25,leptospirosis_confirmed,Kerala,Alappuzha,0,0.0002381106347815,0.0002381106347815,1
2022-10-25,leptospirosis_confirmed,Kerala,Kannur,1,0.0,0.0,1
2022-10-25,leptospirosis_confirmed,Kerala,Kottayam,0,0.9999999983333334,0.9999999983333334,1
2022-10-25,leptospirosis_confirmed,Kerala,Kozhikode,0,0.9999999983333334,0.9999999983333334,1
2022-10-25,leptospirosis_confirmed,Kerala,Palakkad,0,0.0,0.0,1
2022-10-25,leptospirosis_probable,Kerala,Palakkad,0,0.0,0.0,1
2022-10-26,fever_ip,Kerala,Kasaragod,1,0.0018946637851251,0.0018946637851251,1
2022-10-26,fever_ip,Kerala,Thiruvananthapuram,0,0.0011053065178851,0.0011053065178851,1
2022-10-26,hepatitis_a_confirmed,Kerala,Alappuzha,0,0.9999999983333334,0.9999999983333334,1
2022-10-26,hepatitis_a_confirmed,Kerala,Ernakulam,1,0.0,0.0,1
2022-10-26,hepatitis_a_confirmed,Kerala,Kasaragod,0,0.0006483682993439,0.0006483682993439,1
2022-10-26,leptospirosis_confirmed,Kerala,Alappuzha,0,0.0,0.0,1
2022-10-26,leptospirosis_confirmed,Kerala,Kottayam,0,0.0180569871410793,0.0180569871410793,1
2022-10-26,leptospirosis_confirmed,Kerala,Thiruvananthapuram,1,0.0,0.0,1
2022-10-26,leptospirosis_probable,Kerala,Pathanamthitta,0,0.0,0.0,1
2022-10-27,fever_ip,Kerala,Alappuzha,1,0.0,0.0,1
2022-10-27,fever_ip,Kerala,Kottayam,0,0.0,0.0,1
2022-10-27,fever_ip,Kerala,Malappuram,2,2.6160231810474425e-05,2.6160231810474425e-05,2
2022-10-27,fever_ip,Kerala,Palakkad,0,0.0,0.0,1
2022-10-27,leptospirosis_confirmed,Kerala,Kasaragod,0,0.0004892265442211,0.0004892265442211,1
2022-10-27,leptospirosis_confirmed,Kerala,Pathanamthitta,0,0.0233030288515335,0.0233030288515335,1
2022-10-27,leptospirosis_confirmed,Kerala,Thrissur,0,0.0002858486948544,0.0002858486948544,1
2022-10-28,fever_ip,Kerala,Thiruvananthapuram,0,0.507666842289164,0.507666842289164,1
2022-10-28,leptospirosis_confirmed,Kerala,Thrissur,0,0.0003396543544511,0.0003396543544511,1
2022-10-28,leptospirosis_probable,Kerala,Kozhikode,1,0.0014820064082663,0.0014820064082663,1
2022-10-28,shigella,Kerala,Ernakulam,0,0.3158199294957244,0.3158199294957244,1
2022-10-30,shigella,Kerala,Alappuzha,0,0.0001751159772114,0.0001751159772114,1
2022-10-30,shigella,Kerala,Idukki,0,0.0,0.0,1
2022-10-30,shigella,Kerala,Kasaragod,0,0.0,0.0,1
2022-10-31,shigella,Kerala,Thiruvananthapuram,0,0.0,0.0,1
2022-11-07,influenza_h1n1_seasonal,Kerala,Kottayam,1,0.0,0.0,1
2022-11-08,influenza_h1n1_seasonal,Kerala,Pathanamthitta,0,0.0,0.0,1
2022-11-08,influenza_h1n1_seasonal,Kerala,Thiruvananthapuram,0,0.0,0.0,1
2022-11-09,influenza_h1n1_seasonal,Kerala,Kottayam,0,0.0,0.0,2
2022-11-09,influenza_h1n1_seasonal,Kerala,Palakkad,0,0.0,0.0,1
2022-11-09,influenza_h1n1_seasonal,Kerala,Wayanad,0,0.0,0.0,1
2022-11-10,influenza_h1n1_seasonal,Kerala,Ernakulam,0,0.0,0.0,1
2022-11-11,influenza_h1n1_seasonal,Kerala,Kottayam,0,3.502319544229706e-05,3.502319544229706e-05,1
2022-11-12,influenza_h1n1_seasonal,Kerala,Alappuzha,0,0.0008032655385612,0.0008032655385612,1
2022-11-13,influenza_h1n1_seasonal,Kerala,Pathanamthitta,0,0.0,0.0,1
2022-11-13,influenza_h1n1_seasonal,Kerala,Thrissur,0,0.0,0.0,1
2022-11-13,influenza_h1n1_seasonal,Kerala,Wayanad,0,0.0012535478314778,0.0012535478314778,1
2022-11-15,influenza_h1n1_seasonal,Kerala,Alappuzha,0,0.0005570322420894,0.0005570322420894,1
2022-11-15,influenza_h1n1_seasonal,Kerala,Kasaragod,1,0.0,0.0,1
2022-11-16,influenza_h1n1_seasonal,Kerala,Pathanamthitta,0,0.0,0.0,1
2022-11-17,acute_diarrheal_disease,Kerala,Palakkad,0,0.0,0.0,1
2022-11-19,acute_diarrheal_disease,Kerala,Kozhikode,0,0.0,0.0,1
2022-11-19,acute_diarrheal_disease,Kerala,Malappuram,0,0.7408560027433414,0.7408560027433414,1
2022-11-19,acute_diarrheal_disease,Kerala,Pathanamthitta,0,0.0007989250284021,0.0007989250284021,1
2022-11-19,acute_encephalitis_syndrome,Kerala,Kottayam,1,0.0,0.0,1
2022-11-19,scrub_typhus,Kerala,Pathanamthitta,0,0.0004838708118359,0.0004838708118359,1
2022-11-19,typhoid,Kerala,Thiruvananthapuram,1,0.0,0.0,1
2022-11-20,acute_diarrheal_disease,Kerala,Kasaragod,0,0.0,0.0,1
2022-11-20,acute_diarrheal_disease,Kerala,Thrissur,0,4.031199542819508e-05,4.031199542819508e-05,1
2022-11-20,hepatitis_a_probable,Kerala,Palakkad,1,1.465890742843457e-05,1.465890742843457e-05,1
2022-11-20,hepatitis_b,Kerala,Kollam,0,0.0,0.0,1
2022-11-20,hepatitis_b,Kerala,Thrissur,0,2.5412796615889437e-05,2.5412796615889437e-05,1
2022-11-20,influenza_h1n1_seasonal,Kerala,Palakkad,0,0.0,0.0,1
2022-11-20,influenza_h1n1_seasonal,Kerala,Wayanad,1,0.004358573328827,0.004358573328827,1
2022-11-20,scrub_typhus,Kerala,Alappuzha,0,0.0,0.0,1
2022-11-20,scrub_typhus,Kerala,Malappuram,0,0.0,0.0,1
2022-11-20,scrub_typhus,Kerala,Pathanamthitta,0,0.890090514261423,0.890090514261423,1
2022-11-20,scrub_typhus,Kerala,Thrissur,0,0.0034388870817633,0.0034388870817633,1
2022-11-20,typhoid,Kerala,Pathanamthitta,0,0.0,0.0,1
2022-11-20,typhoid,Kerala,Wayanad,1,0.0,0.0,1
2022-11-21,acute_diarrheal_disease,Kerala,Kasaragod,0,0.0,0.0,1
2022-11-21,acute_diarrheal_disease,Kerala,Thrissur,1,0.0013358453044419,0.0013358453044419,1
2022-11-21,acute_encephalitis_syndrome,Kerala,Malappuram,0,0.0081285509024256,0.0081285509024256,1
2022-11-21,hepatitis_a_probable,Kerala,Pathanamthitta,1,0.0,0.0,1
2022-11-21,hepatitis_a_probable,Kerala,Thiruvananthapuram,1,0.0046822085672135,0.0046822085672135,1
2022-11-21,hepatitis_b,Kerala,Thrissur,0,0.0,0.0,1
2022-11-21,influenza_h1n1_seasonal,Kerala,Idukki,0,0.009748385803912,0.009748385803912,1
2022-11-21,scrub_typhus,Kerala,Kottayam,0,0.0,0.0,1
2022-11-21,scrub_typhus,Kerala,Pathanamthitta,0,0.0,0.0,1
2022-11-21,scrub_typhus,Kerala,Thiruvananthapuram,0,0.0,0.0,1
2022-11-22,acute_diarrheal_disease,Kerala,Kannur,0,0.9999999983333334,0.9999999983333334,1
2022-11-22,acute_diarrheal_disease,Kerala,Kozhikode,1,0.003680019503577,0.003680019503577,1
2022-11-22,acute_diarrheal_disease,Kerala,Malappuram,1,0.0017737277988405,0.0017737277988405,1
2022-11-22,acute_diarrheal_disease,Kerala,Thrissur,0,0.9999999983333334,0.9999999983333334,1
2022-11-22,acute_encephalitis_syndrome,Kerala,Palakkad,0,0.7110303205818685,0.7110303205818685,1
2022-11-22,dengue,Kerala,Kannur,1,0.0,0.0,1
2022-11-22,dengue,Kerala,Kasaragod,1,0.0,0.0,1
2022-11-22,dengue,Kerala,Thrissur,1,0.0,0.0,1
2022-11-22,hepatitis_a_probable,Kerala,Alappuzha,1,0.9999999983333334,0.9999999983333334,1
2022-11-22,hepatitis_a_probable,Kerala,Kannur,1,0.0002015599771409,0.0002015599771409,1
2022-11-22,hepatitis_a_probable,Kerala,Kasaragod,1,0.0,0.0,1
2022-11-22,hepatitis_a_probable,Kerala,Pathanamthitta,0,4.031199542819508e-05,4.031199542819508e-05,1
2022-11-22,hepatitis_b,Kerala,Thrissur,0,0.0079540293242834,0.0079540293242834,1
2022-11-22,hepatitis_c,Kerala,Ernakulam,0,0.0,0.0,1
2022-11-22,hepatitis_c,Kerala,Kollam,0,0.0,0.0,1
2022-11-22,scrub_typhus,Kerala,Kollam,0,0.0,0.0,1
2022-11-22,scrub_typhus,Kerala,Malappuram,0,0.0,0.0,1
2022-11-22,scrub_typhus,Kerala,Palakkad,0,0.489863563098541,0.489863563098541,1
2022-11-22,scrub_typhus,Kerala,Thrissur,0,0.0,0.0,1
2022-11-22,typhoid,Kerala,Thiruvananthapuram,1,0.0,0.0,1
2022-11-23,acute_diarrheal_disease,Kerala,Malappuram,1,0.0,0.0,1
2022-11-23,acute_diarrheal_disease,Kerala,Palakkad,0,0.0,0.0,1
2022-11-23,dengue,Kerala,Kannur,0,0.0005745878784976,0.0005745878784976,1
2022-11-23,dengue,Kerala,Kasaragod,1,0.0189805997957217,0.0189805997957217,1
2022-11-23,dengue,Kerala,Malappuram,1,0.0,0.0,1
2022-11-23,dengue,Kerala,Palakkad,2,0.0,0.0,2
2022-11-23,dengue,Kerala,Pathanamthitta,1,0.000284283619554,0.000284283619554,1
2022-11-23,dengue,Kerala,Thiruvananthapuram,0,0.0,0.0,1
2022-11-23,food_poisoning,Kerala,Kasaragod,1,0.0016579597768276,0.0016579597768276,1
2022-11-23,hepatitis_a_probable,Kerala,Pathanamthitta,0,0.0,0.0,1
2022-11-23,hepatitis_b,Kerala,Kozhikode,0,0.1736975749277623,0.1736975749277623,1
2022-11-23,hepatitis_c,Kerala,Ernakulam,0,0.0,0.0,1
2022-11-23,hepatitis_c,Kerala,Kasaragod,0,0.0,0.0,1
2022-11-23,hepatitis_c,Kerala,Palakkad,0,0.001388351813261,0.001388351813261,1
2022-11-23,malaria,Kerala,Thrissur,0,0.0,0.0,1
2022-11-23,scrub_typhus,Kerala,Ernakulam,0,0.0,0.0,1
2022-11-23,scrub_typhus,Kerala,Kottayam,1,4.031199542819508e-05,4.031199542819508e-05,1
2022-11-23,typhoid,Kerala,Kollam,1,0.0,0.0,1
2022-11-23,typhoid,Kerala,Thrissur,1,0.0,0.0,1
2022-11-24,acute_diarrheal_disease,Kerala,Kannur,0,0.0,0.0,1
2022-11-24,acute_diarrheal_disease,Kerala,Pathanamthitta,0,0.0167535435660364,0.0167535435660364,1
2022-11-24,acute_encephalitis_syndrome,Kerala,Alappuzha,0,0.0,0.0,1
2022-11-24,acute_encephalitis_syndrome,Kerala,Pathanamthitta,0,0.0,0.0,1
2022-11-24,dengue,Kerala,Ernakulam,1,0.0006576045718493,0.0006576045718493,1
2022-11-24,dengue,Kerala,Kollam,0,4.031199542819508e-05,4.031199542819508e-05,1
2022-11-24,dengue,Kerala,Kozhikode,2,0.0012705365904468,0.0012705365904468,2
2022-11-24,dengue,Kerala,Thiruvananthapuram,0,0.1302293334147879,0.1302293334147879,1
2022-11-24,food_poisoning,Kerala,Alappuzha,0,0.0,0.0,1
2022-11-24,food_poisoning,Kerala,Kasaragod,1,0.0019456277373698,0.0019456277373698,1
2022-11-24,food_poisoning,Kerala,Kozhikode,1,0.0,0.0,1
2022-11-24,food_poisoning,Kerala,Pathanamthitta,2,0.0,0.0,2
2022-11-24,food_poisoning,Kerala,Thrissur,0,0.0,0.0,1
2022-11-24,hepatitis_a_probable,Kerala,Idukki,1,0.0,0.0,1
2022-11-24,hepatitis_a_probable,Kerala,Kannur,1,4.031199542819508e-05,4.031199542819508e-05,1
2022-11-24,hepatitis_b,Kerala,Thrissur,0,0.1458792512716989,0.1458792512716989,1
2022-11-24,malaria,Kerala,Pathanamthitta,1,0.0,0.0,1
2022-11-25,chicken_pox,Kerala,Malappuram,0,0.0,0.0,1
2022-11-25,chicken_pox,Kerala,Pathanamthitta,0,0.0009271758948484,0.0009271758948484,1
2022-11-25,dengue,Kerala,Kannur,0,0.0004931813594376,0.0004931813594376,1
2022-11-25,dengue,Kerala,Kozhikode,1,0.0,0.0,1
2022-11-25,dengue,Kerala,Malappuram,1,0.0014858065528362,0.0014858065528362,2
2022-11-25,dengue,Kerala,Thiruvananthapuram,0,0.0,0.0,1
2022-11-25,fever_op,Kerala,Kasaragod,1,0.0004837439451383,0.0004837439451383,1
2022-11-25,food_poisoning,Kerala,Pathanamthitta,1,0.0,0.0,1
2022-11-25,hepatitis_a_probable,Kerala,Kozhikode,1,0.0004031199542819,0.0004031199542819,1
2022-11-25,hepatitis_b,Kerala,Idukki,1,0.0052221352395126,0.0052221352395126,1
2022-11-25,hepatitis_c,Kerala,Ernakulam,0,0.0,0.0,1
2022-11-25,hepatitis_c,Kerala,Kozhikode,0,0.0,0.0,1
2022-11-25,hepatitis_c,Kerala,Malappuram,0,0.0652514399004298,0.0652514399004298,1
2022-11-25,hepatitis_c,Kerala,Pathanamthitta,0,0.0424995716031138,0.0424995716031138,1
2022-11-25,malaria,Kerala,Ernakulam,0,0.0,0.0,1
2022-11-25,malaria,Kerala,Idukki,0,0.5027177110032105,0.5027177110032105,1
2022-11-25,malaria,Kerala,Kannur,0,0.4603781041342141,0.4603781041342141,1
2022-11-25,malaria,Kerala,Kollam,0,0.0,0.0,1
2022-11-25,malaria,Kerala,Malappuram,0,0.0,0.0,1
2022-11-26,dengue,Kerala,Kannur,1,0.0,0.0,1
2022-11-26,dengue,Kerala,Pathanamthitta,1,0.9999999983333334,0.9999999983333334,1
2022-11-26,dengue,Kerala,Wayanad,2,0.9999999983333334,0.9999999983333334,2
2022-11-26,fever_op,Kerala,Pathanamthitta,1,0.0,0.0,1
2022-11-26,hepatitis_a_confirmed,Kerala,Idukki,0,0.0,0.0,1
2022-11-26,hepatitis_a_probable,Kerala,Alappuzha,1,0.0003154851816119,0.0003154851816119,1
2022-11-26,hepatitis_a_probable,Kerala,Kannur,0,0.2045373038541642,0.2045373038541642,1
2022-11-26,hepatitis_b,Kerala,Alappuzha,0,0.526378051534963,0.526378051534963,1
2022-11-26,hepatitis_b,Kerala,Kasaragod,0,0.0,0.0,1
2022-11-26,hepatitis_b,Kerala,Thiruvananthapuram,1,0.0,0.0,1
2022-11-26,hepatitis_c,Kerala,Kollam,0,0.0,0.0,1
2022-11-26,malaria,Kerala,Alappuzha,1,0.0,0.0,1
2022-11-26,malaria,Kerala,Palakkad,0,0.0179692415726057,0.0179692415726057,1
2022-11-26,malaria,Kerala,Thiruvananthapuram,1,0.0151792691734696,0.0151792691734696,2
2022-11-26,rabies_confirmed,Kerala,Kollam,0,0.0,0.0,1
2022-11-27,chicken_pox,Kerala,Idukki,0,0.0,0.0,1
2022-11-27,dengue,Kerala,Alappuzha,0,0.0,0.0,1
2022-11-27,dengue,Kerala,Ernakulam,0,0.0,0.0,1
2022-11-27,dengue,Kerala,Idukki,1,0.0,0.0,1
2022-11-27,dengue,Kerala,Kollam,1,0.0,0.0,1
2022-11-27,dengue,Kerala,Kottayam,1,0.0,0.0,1
2022-11-27,fever_op,Kerala,Alappuzha,0,0.0,0.0,1
2022-11-27,fever_op,Kerala,Pathanamthitta,0,0.0,0.0,1
2022-11-27,hepatitis_a_confirmed,Kerala,Ernakulam,1,0.0002964826271853,0.0002964826271853,1
2022-11-27,hepatitis_a_confirmed,Kerala,Idukki,1,0.0,0.0,1
2022-11-27,hepatitis_a_confirmed,Kerala,Malappuram,0,0.0,0.0,1
2022-11-27,hepatitis_a_probable,Kerala,Alappuzha,1,0.0,0.0,1
2022-11-27,hepatitis_a_probable,Kerala,Kannur,1,0.0015285848148002,0.0015285848148002,1
2022-11-27,hepatitis_a_probable,Kerala,Kollam,1,0.0,0.0,1
2022-11-27,hepatitis_a_probable,Kerala,Malappuram,1,0.0,0.0,1
2022-11-27,hepatitis_a_probable,Kerala,Thrissur,1,0.0059682689930005,0.0059682689930005,1
2022-11-27,hepatitis_c,Kerala,Malappuram,0,1.6124798171278027e-05,1.6124798171278027e-05,1
2022-11-27,hepatitis_c,Kerala,Palakkad,0,0.0068278442256505,0.0068278442256505,1
2022-11-27,hepatitis_c,Kerala,Thrissur,0,0.0,0.0,1
2022-11-27,leptospirosis_probable,Kerala,Alappuzha,1,0.0,0.0,1
2022-11-27,leptospirosis_probable,Kerala,Kannur,0,0.0,0.0,1
2022-11-27,leptospirosis_probable,Kerala,Kasaragod,0,0.0002821839679973,0.0002821839679973,1
2022-11-27,leptospirosis_probable,Kerala,Kozhikode,0,0.4795676486085656,0.4795676486085656,1
2022-11-27,leptospirosis_probable,Kerala,Malappuram,0,0.0151299330910216,0.0151299330910216,1
2022-11-28,chicken_pox,Kerala,Kottayam,1,0.0,0.0,1
2022-11-28,chicken_pox,Kerala,Thrissur,1,0.0047149050401222,0.0047149050401222,1
2022-11-28,dengue,Kerala,Alappuzha,1,0.0004031199542819,0.0004031199542819,1
2022-11-28,dengue,Kerala,Ernakulam,2,7.329453714217285e-06,7.329453714217285e-06,2
2022-11-28,dengue,Kerala,Kozhikode,1,0.000257705417332,0.000257705417332,1
2022-11-28,dengue,Kerala,Malappuram,2,0.0006999148201856,0.0006999148201856,2
2022-11-28,dengue,Kerala,Palakkad,0,0.0,0.0,1
2022-11-28,fever_op,Kerala,Idukki,1,0.0,0.0,1
2022-11-28,food_poisoning,Kerala,Kannur,1,0.0011187438496945,0.0011187438496945,1
2022-11-28,food_poisoning,Kerala,Kottayam,1,0.0,0.0,1
2022-11-28,hepatitis_a_confirmed,Kerala,Alappuzha,0,0.0052103522412935,0.0052103522412935,1
2022-11-28,hepatitis_a_confirmed,Kerala,Thiruvananthapuram,0,0.0,0.0,1
2022-11-28,hepatitis_b,Kerala,Ernakulam,1,0.0,0.0,1
2022-11-28,hepatitis_b,Kerala,Kollam,1,0.1122674434954859,0.1122674434954859,1
2022-11-28,hepatitis_c,Kerala,Kottayam,0,0.0,0.0,1
2022-11-28,hepatitis_c,Kerala,Malappuram,0,0.0,0.0,1
2022-11-28,hepatitis_c,Kerala,Palakkad,1,0.0079848208725478,0.0079848208725478,1
2022-11-28,leptospirosis_confirmed,Kerala,Alappuzha,1,0.0,0.0,1
2022-11-28,leptospirosis_confirmed,Kerala,Idukki,1,0.0,0.0,1
2022-11-28,leptospirosis_confirmed,Kerala,Kasaragod,1,0.0,0.0,1
2022-11-28,leptospirosis_confirmed,Kerala,Thrissur,0,0.0,0.0,1
2022-11-28,leptospirosis_probable,Kerala,Alappuzha,1,4.031199542819508e-05,4.031199542819508e-05,1
2022-11-28,rabies_confirmed,Kerala,Thrissur,0,0.0,0.0,1
2022-11-28,rabies_probable,Kerala,Thiruvananthapuram,0,0.0,0.0,1
2022-11-28,zika,Kerala,Thiruvananthapuram,1,0.0,0.0,1
2022-11-29,chicken_pox,Kerala,Kannur,0,0.0,0.0,1
2022-11-29,hepatitis_a_confirmed,Kerala,Kottayam,0,0.0010077998857048,0.0010077998857048,1
2022-11-29,hepatitis_b,Kerala,Kollam,0,0.0,0.0,1
2022-11-29,hepatitis_b,Kerala,Kozhikode,1,4.031199542819508e-05,4.031199542819508e-05,1
2022-11-29,hepatitis_b,Kerala,Thrissur,0,0.0,0.0,1
2022-11-29,leptospirosis_confirmed,Kerala,Kottayam,1,0.0,0.0,1
2022-11-29,leptospirosis_probable,Kerala,Ernakulam,0,0.0011253830046327,0.0011253830046327,1
2022-11-30,chicken_pox,Kerala,Malappuram,1,0.0,0.0,1
2022-11-30,food_poisoning,Kerala,Alappuzha,1,0.0008608875566282,0.0008608875566282,1
2022-11-30,hepatitis_a_confirmed,Kerala,Kasaragod,1,0.0017334158034123,0.0017334158034123,1
2022-11-30,hepatitis_a_confirmed,Kerala,Kozhikode,1,0.0,0.0,1
2022-11-30,hepatitis_a_confirmed,Kerala,Malappuram,0,0.0084252070444927,0.0084252070444927,1
2022-11-30,hepatitis_b,Kerala,Kollam,0,0.0847452883210469,0.0847452883210469,1
2022-11-30,hepatitis_b,Kerala,Kottayam,0,0.0,0.0,1
2022-11-30,leptospirosis_probable,Kerala,Alappuzha,1,0.005461138222616595,0.0054208262271884,2
2022-11-30,leptospirosis_probable,Kerala,Kannur,0,0.0202296388133321,0.0202296388133321,1
2022-12-03,hepatitis_e,Kerala,Thrissur,1,0.0,0.0,1
2022-12-09,hepatitis_e,Kerala,Kozhikode,1,0.0,0.0,1
2022-12-11,hepatitis_e,Kerala,Thrissur,0,0.0003396543544511,0.0003396543544511,1
2022-12-19,hepatitis_e,Kerala,Palakkad,1,0.0,0.0,1
2022-12-23,influenza_h1n1_seasonal,Kerala,Kasaragod,1,0.0,0.0,1
2022-12-24,influenza_h1n1_seasonal,Kerala,Kasaragod,1,0.0006322986577245,0.0006322986577245,1
2022-12-24,influenza_h1n1_seasonal,Kerala,Kottayam,0,0.0,0.0,1
2022-12-24,influenza_h1n1_seasonal,Kerala,Thrissur,0,0.0,0.0,1
2022-12-25,acute_diarrheal_disease,Kerala,Thrissur,2,0.0,0.0,2
2022-12-25,scrub_typhus,Kerala,Ernakulam,0,0.0002294682816681,0.0002294682816681,1
2022-12-26,acute_diarrheal_disease,Kerala,Kannur,0,0.0,0.0,1
2022-12-26,acute_diarrheal_disease,Kerala,Kollam,1,0.0022367885411461,0.0022367885411461,1
2022-12-26,acute_diarrheal_disease,Kerala,Kottayam,0,0.0,0.0,1
2022-12-26,influenza_h1n1_seasonal,Kerala,Thrissur,0,0.007457719154216,0.007457719154216,1
2022-12-26,scrub_typhus,Kerala,Kozhikode,0,0.0040295746483747,0.0040295746483747,1
2022-12-26,scrub_typhus,Kerala,Malappuram,0,0.1346147208355586,0.1346147208355586,1
2022-12-26,typhoid,Kerala,Thiruvananthapuram,0,0.0,0.0,1
2022-12-27,acute_diarrheal_disease,Kerala,Alappuzha,1,4.031199542819508e-05,4.031199542819508e-05,1
2022-12-27,acute_diarrheal_disease,Kerala,Ernakulam,0,0.0,0.0,1
2022-12-27,acute_diarrheal_disease,Kerala,Kasaragod,1,0.0,0.0,1
2022-12-27,acute_diarrheal_disease,Kerala,Kottayam,0,0.0,0.0,1
2022-12-27,influenza_h1n1_seasonal,Kerala,Idukki,1,0.0,0.0,1
2022-12-27,influenza_h1n1_seasonal,Kerala,Thrissur,0,0.0,0.0,1
2022-12-27,malaria,Kerala,Thrissur,1,0.0293384553355912,0.0293384553355912,1
2022-12-27,scrub_typhus,Kerala,Kasaragod,0,0.0,0.0,1
2022-12-27,scrub_typhus,Kerala,Malappuram,0,0.0,0.0,1
2022-12-28,acute_diarrheal_disease,Kerala,Ernakulam,0,0.0,0.0,1
2022-12-28,acute_diarrheal_disease,Kerala,Malappuram,1,0.0,0.0,1
2022-12-28,acute_encephalitis_syndrome,Kerala,Palakkad,0,0.9999999983333334,0.9999999983333334,1
2022-12-28,fever_ip,Kerala,Kozhikode,1,0.0253368738844663,0.0253368738844663,1
2022-12-28,influenza_h1n1_seasonal,Kerala,Ernakulam,0,0.0,0.0,1
2022-12-28,influenza_h1n1_seasonal,Kerala,Kannur,1,0.0,0.0,1
2022-12-28,malaria,Kerala,Kollam,0,0.0117216258944572,0.0117216258944572,1
2022-12-28,scrub_typhus,Kerala,Idukki,0,0.0103945472849666,0.0103945472849666,1
2022-12-28,scrub_typhus,Kerala,Kollam,1,0.0,0.0,1
2022-12-28,scrub_typhus,Kerala,Kottayam,1,0.0101404536637414,0.0101404536637414,1
2022-12-28,scrub_typhus,Kerala,Thrissur,0,0.0,0.0,1
2022-12-29,acute_diarrheal_disease,Kerala,Kannur,0,0.0,0.0,1
2022-12-29,acute_diarrheal_disease,Kerala,Kasaragod,1,0.0005912425996135,0.0005912425996135,1
2022-12-29,acute_diarrheal_disease,Kerala,Malappuram,1,4.031199542819508e-05,4.031199542819508e-05,1
2022-12-29,acute_diarrheal_disease,Kerala,Palakkad,1,0.0,0.0,1
2022-12-29,acute_encephalitis_syndrome,Kerala,Kottayam,0,0.0,0.0,1
2022-12-29,fever_ip,Kerala,Idukki,0,0.0,0.0,1
2022-12-29,fever_op,Kerala,Malappuram,1,0.0,0.0,1
2022-12-29,fever_op,Kerala,Thrissur,0,0.0,0.0,1
2022-12-29,influenza_h1n1_seasonal,Kerala,Thiruvananthapuram,1,0.0,0.0,1
2022-12-29,malaria,Kerala,Malappuram,0,0.0522932995101263,0.0522932995101263,1
2022-12-29,malaria,Kerala,Wayanad,0,0.0,0.0,1
2022-12-29,scrub_typhus,Kerala,Malappuram,0,0.9999999983333334,0.9999999983333334,1
2022-12-29,typhoid,Kerala,Wayanad,0,0.0060815322551733,0.0060815322551733,1
2022-12-30,acute_diarrheal_disease,Kerala,Ernakulam,0,2.179026779902434e-06,2.179026779902434e-06,1
2022-12-30,acute_diarrheal_disease,Kerala,Idukki,0,0.0,0.0,1
2022-12-30,acute_diarrheal_disease,Kerala,Kollam,0,0.0024889281277229,0.0024889281277229,1
2022-12-30,acute_diarrheal_disease,Kerala,Pathanamthitta,1,0.0048847826127823,0.0048847826127823,1
2022-12-30,acute_diarrheal_disease,Kerala,Wayanad,0,4.031199542819508e-05,4.031199542819508e-05,1
2022-12-30,dengue,Kerala,Idukki,0,0.0,0.0,1
2022-12-30,dengue,Kerala,Kannur,0,0.0,0.0,1
2022-12-30,dengue,Kerala,Wayanad,1,0.0002821839679973,0.0002821839679973,1
2022-12-30,fever_ip,Kerala,Palakkad,0,0.0,0.0,1
2022-12-30,fever_ip,Kerala,Thrissur,0,0.0011187438496945,0.0011187438496945,1
2022-12-30,fever_op,Kerala,Thiruvananthapuram,1,0.0001873369664681,0.0001873369664681,1
2022-12-30,fever_op,Kerala,Thrissur,1,0.0,0.0,1
2022-12-30,hepatitis_c,Kerala,Wayanad,0,0.0112290424834412,0.0112290424834412,1
2022-12-30,influenza_h1n1_seasonal,Kerala,Idukki,0,0.0,0.0,1
2022-12-30,influenza_h1n1_seasonal,Kerala,Malappuram,1,0.0,0.0,1
2022-12-30,leptospirosis_confirmed,Kerala,Thrissur,1,0.9999999983333334,0.9999999983333334,1
2022-12-30,malaria,Kerala,Pathanamthitta,0,0.1499229350079211,0.1499229350079211,1
2022-12-30,monkeypox,Kerala,Idukki,0,0.0,0.0,1
2022-12-30,scrub_typhus,Kerala,Idukki,1,0.4784777033413006,0.4784777033413006,1
2022-12-30,scrub_typhus,Kerala,Pathanamthitta,0,0.0,0.0,1
2022-12-30,scrub_typhus,Kerala,Thiruvananthapuram,1,0.0,0.0,1
2022-12-30,scrub_typhus,Kerala,Thrissur,0,0.0,0.0,1
2022-12-30,typhoid,Kerala,Kottayam,0,0.0,0.0,1
2022-12-31,acute_diarrheal_disease,Kerala,Idukki,1,0.0,0.0,1
2022-12-31,acute_diarrheal_disease,Kerala,Palakkad,1,0.0,0.0,1
2022-12-31,dengue,Kerala,Thiruvananthapuram,1,0.0001426424453613,0.0001426424453613,1
2022-12-31,dengue,Kerala,Thrissur,1,0.0,0.0,1
2022-12-31,dengue,Kerala,Wayanad,1,0.0068113302344724,0.0068113302344724,1
2022-12-31,fever_ip,Kerala,Kozhikode,1,0.0,0.0,1
2022-12-31,fever_ip,Kerala,Thiruvananthapuram,1,0.0064075964680278,0.0064075964680278,1
2022-12-31,fever_op,Kerala,Idukki,1,0.0020039997297737,0.0020039997297737,1
2022-12-31,fever_op,Kerala,Kannur,1,0.0026185840772134,0.0026185840772134,1
2022-12-31,fever_op,Kerala,Thiruvananthapuram,0,0.0031408035764438,0.0031408035764438,1
2022-12-31,hepatitis_a_probable,Kerala,Kozhikode,0,8.062399085639016e-05,8.062399085639016e-05,1
2022-12-31,hepatitis_c,Kerala,Alappuzha,0,0.0,0.0,1
2022-12-31,hepatitis_c,Kerala,Ernakulam,1,0.0032756075582271,0.0032756075582271,1
2022-12-31,hepatitis_c,Kerala,Kozhikode,0,0.0,0.0,1
2022-12-31,hepatitis_c,Kerala,Palakkad,0,0.0,0.0,1
2022-12-31,leptospirosis_confirmed,Kerala,Thrissur,1,0.0,0.0,1
2022-12-31,malaria,Kerala,Kasaragod,0,0.9999999983333334,0.9999999983333334,1
2022-12-31,malaria,Kerala,Palakkad,0,0.000134168495781,0.000134168495781,1
2022-12-31,malaria,Kerala,Thrissur,0,0.0,0.0,1
2022-12-31,typhoid,Kerala,Ernakulam,0,0.0,0.0,1
2022-12-31,typhoid,Kerala,Kozhikode,0,0.0,0.0,1
2023-01-01,acute_diarrheal_disease,Kerala,Ernakulam,1,0.0,0.0,1
2023-01-01,acute_diarrheal_disease,Kerala,Palakkad,0,0.0164384630517352,0.0164384630517352,1
2023-01-01,acute_diarrheal_disease,Kerala,Wayanad,0,0.3107088387026347,0.3107088387026347,1
2023-01-01,chicken_pox,Kerala,Palakkad,1,0.0,0.0,1
2023-01-01,hepatitis_c,Kerala,Kannur,0,0.9999999983333334,0.9999999983333334,1
2023-01-01,hepatitis_c,Kerala,Kasaragod,0,8.062399085639016e-05,8.062399085639016e-05,1
2023-01-01,hepatitis_c,Kerala,Pathanamthitta,1,0.0,0.0,1
2023-01-01,leptospirosis_confirmed,Kerala,Kollam,1,0.0,0.0,2
2023-01-01,leptospirosis_confirmed,Kerala,Malappuram,0,0.0,0.0,1
2023-01-01,malaria,Kerala,Thiruvananthapuram,1,0.0002015599771409,0.0002015599771409,1
2023-01-02,acute_diarrheal_disease,Kerala,Kollam,1,0.0,0.0,1
2023-01-02,acute_diarrheal_disease,Kerala,Kozhikode,1,0.0039400788763928,0.0039400788763928,1
2023-01-02,chicken_pox,Kerala,Malappuram,0,0.0007734182337426,0.0007734182337426,1
2023-01-02,chicken_pox,Kerala,Palakkad,1,0.0,0.0,1
2023-01-02,leptospirosis_confirmed,Kerala,Alappuzha,0,0.0,0.0,1
2023-01-02,leptospirosis_confirmed,Kerala,Ernakulam,0,0.0,0.0,1
2023-01-02,leptospirosis_confirmed,Kerala,Kannur,0,0.0102795588341897,0.0102795588341897,1
2023-01-02,malaria,Kerala,Malappuram,0,0.0039744847946078,0.0039744847946078,1
2023-01-02,malaria,Kerala,Palakkad,0,0.0030684052387371,0.0030684052387371,1
2023-01-03,acute_diarrheal_disease,Kerala,Kottayam,0,1.400927817691882e-05,1.400927817691882e-05,1
2023-01-03,acute_diarrheal_disease,Kerala,Malappuram,1,0.9999999983333334,0.9999999983333334,1
2023-01-03,acute_diarrheal_disease,Kerala,Thrissur,0,0.00580492734166,0.00580492734166,1
2023-01-03,chicken_pox,Kerala,Kottayam,0,0.0040311995428195,0.0040311995428195,1
2023-01-03,chicken_pox,Kerala,Pathanamthitta,1,0.0025698919849104,0.0020882980128616,2
2023-01-03,chicken_pox,Kerala,Thiruvananthapuram,0,0.0004512095997409,0.0003222112143707,2
2023-01-04,acute_diarrheal_disease,Kerala,Idukki,1,0.0,0.0,1
2023-01-04,acute_diarrheal_disease,Kerala,Kottayam,0,0.0,0.0,1
2023-01-04,acute_diarrheal_disease,Kerala,Kozhikode,1,0.0007888485009544,0.0007888485009544,1
2023-01-04,acute_diarrheal_disease,Kerala,Pathanamthitta,0,0.001009353369937,0.001009353369937,1
2023-01-05,acute_diarrheal_disease,Kerala,Ernakulam,0,0.0067321032365085,0.0067321032365085,1
2023-02-01,dengue,Kerala,Kottayam,0,0.0,0.0,1
2023-02-01,dengue,Kerala,Pathanamthitta,1,0.0027797943645301,0.0027797943645301,1
2023-02-01,dengue,Kerala,Thiruvananthapuram,1,4.031199542819508e-05,4.031199542819508e-05,1
2023-02-01,hepatitis_a_probable,Kerala,Alappuzha,1,0.0,0.0,1
2023-02-01,hepatitis_a_probable,Kerala,Kannur,1,0.0,0.0,1
2023-02-01,shigella,Kerala,Ernakulam,0,0.0,0.0,1
2023-02-01,typhoid,Kerala,Pathanamthitta,0,0.0,0.0,1
2023-02-02,hepatitis_a_probable,Kerala,Ernakulam,0,0.000812896355286,0.000812896355286,1
2023-02-02,hepatitis_a_probable,Kerala,Kollam,1,0.0,0.0,1
2023-02-02,shigella,Kerala,Malappuram,0,0.0,0.0,1
2023-02-03,hepatitis_a_probable,Kerala,Idukki,0,0.0,0.0,1
2023-02-03,hepatitis_a_probable,Kerala,Palakkad,1,0.0001343733180939,0.0001343733180939,1
2023-02-03,typhoid,Kerala,Pathanamthitta,0,0.9999999983333334,0.9999999983333334,1
2023-02-03,typhoid,Kerala,Wayanad,1,0.0,0.0,1
2023-02-04,acute_diarrheal_disease,Kerala,Kannur,0,0.0,0.0,1
2023-02-04,acute_diarrheal_disease,Kerala,Kozhikode,1,0.0033862076159683,0.0033862076159683,1
2023-02-04,chicken_pox,Kerala,Ernakulam,0,0.0,0.0,1
2023-02-04,chicken_pox,Kerala,Palakkad,0,0.0233567924374894,0.0233567924374894,1
2023-02-04,chicken_pox,Kerala,Thrissur,0,0.0,0.0,1
2023-02-05,acute_diarrheal_disease,Kerala,Alappuzha,1,0.0,0.0,1
2023-02-05,acute_diarrheal_disease,Kerala,Malappuram,0,0.504067171305339,0.504067171305339,1
2023-02-05,acute_diarrheal_disease,Kerala,Pathanamthitta,1,0.0,0.0,1
2023-02-05,chicken_pox,Kerala,Alappuzha,1,0.0089373747931253,0.0089373747931253,1
2023-02-05,chicken_pox,Kerala,Thrissur,1,0.0,0.0,1
2023-03-01,dengue,Kerala,Alappuzha,0,0.0169650191243847,0.0169650191243847,1
2023-03-01,dengue,Kerala,Ernakulam,0,0.7322539618670655,0.7322539618670655,1
2023-03-01,fever_ip,Kerala,Kannur,0,0.0728236814784609,0.0728236814784609,1
2023-03-01,scrub_typhus,Kerala,Kasaragod,0,0.0,0.0,1
2023-03-01,scrub_typhus,Kerala,Pathanamthitta,1,0.0,0.0,1
2023-03-02,dengue,Kerala,Kollam,0,0.036735116539122,0.036735116539122,1
2023-03-02,dengue,Kerala,Pathanamthitta,0,0.5024376146619339,0.5024376146619339,1
2023-03-02,fever_ip,Kerala,Kannur,0,0.0,0.0,1
2023-03-02,hepatitis_a_confirmed,Kerala,Kollam,1,0.0,0.0,1
2023-03-02,malaria,Kerala,Kollam,0,0.0074468222356446,0.0074468222356446,1
2023-03-02,scrub_typhus,Kerala,Pathanamthitta,1,0.0,0.0,1
2023-03-03,fever_ip,Kerala,Ernakulam,0,4.031199542819508e-05,4.031199542819508e-05,1
2023-03-03,fever_ip,Kerala,Kottayam,1,0.0002015599771409,0.0002015599771409,1
2023-03-03,hepatitis_a_confirmed,Kerala,Wayanad,0,0.0004098278159216,0.0004098278159216,1
2023-03-03,hepatitis_c,Kerala,Alappuzha,0,1.3470459785498836e-05,1.3470459785498836e-05,1
2023-03-03,malaria,Kerala,Kottayam,0,0.0001612479817127,0.0001612479817127,1
2023-03-03,malaria,Kerala,Pathanamthitta,0,0.0,0.0,1
2023-03-03,malaria,Kerala,Thiruvananthapuram,0,0.0,0.0,1
2023-03-03,monkeypox,Kerala,Malappuram,0,0.0,0.0,1
2023-03-04,hepatitis_a_confirmed,Kerala,Kasaragod,0,0.0011261283761285,0.0011261283761285,1
2023-03-04,hepatitis_a_probable,Kerala,Alappuzha,1,0.0107470835613444,0.0107470835613444,1
2023-03-04,shigella,Kerala,Idukki,0,0.0,0.0,1
2023-03-05,hepatitis_a_confirmed,Kerala,Alappuzha,1,0.0,0.0,1
2023-03-05,hepatitis_a_confirmed,Kerala,Thrissur,0,0.0,0.0,1
2023-03-05,hepatitis_a_probable,Kerala,Kannur,0,0.0008491358861279,0.0008491358861279,1
2023-03-05,hepatitis_a_probable,Kerala,Kozhikode,0,2.015599771409754e-05,2.015599771409754e-05,1
2023-03-06,hepatitis_a_confirmed,Kerala,Palakkad,0,0.0,0.0,1
2023-03-06,hepatitis_a_probable,Kerala,Idukki,0,0.9744990837201752,0.9744990837201752,1
2023-03-07,shigella,Kerala,Alappuzha,1,0.0017847066243839,0.0017847066243839,1
2023-04-01,fever_op,Kerala,Ernakulam,1,0.0,0.0,1
2023-04-01,fever_op,Kerala,Kasaragod,1,0.0056391811142098,0.0056391811142098,1
2023-04-01,fever_op,Kerala,Malappuram,0,0.0526656389353124,0.0526656389353124,1
2023-04-01,food_poisoning,Kerala,Wayanad,0,0.0,0.0,1
2023-04-01,leptospirosis_probable,Kerala,Thrissur,0,0.0142001452873726,0.0142001452873726,1
2023-04-02,fever_op,Kerala,Alappuzha,1,0.0002524276024111,0.0002524276024111,1
2023-04-02,fever_op,Kerala,Pathanamthitta,1,0.0,0.0,1
2023-04-02,food_poisoning,Kerala,Ernakulam,1,0.0008963818793054,0.0008963818793054,1
2023-04-02,leptospirosis_probable,Kerala,Ernakulam,0,0.0,0.0,1
2023-04-02,leptospirosis_probable,Kerala,Kannur,1,0.0,0.0,1
2023-04-02,leptospirosis_probable,Kerala,Kottayam,0,0.0,0.0,1
2023-04-02,leptospirosis_probable,Kerala,Palakkad,0,0.0020465932027392,0.0020465932027392,1
2023-04-03,fever_op,Kerala,Palakkad,2,0.0006046799314229,0.0006046799314229,1
2023-04-03,fever_op,Kerala,Thrissur,1,3.664726857108642e-05,3.664726857108642e-05,1
2023-04-03,leptospirosis_confirmed,Kerala,Malappuram,0,0.0001612479817127,0.0001612479817127,1
2023-04-04,fever_op,Kerala,Kollam,1,0.0,0.0,1
2023-04-04,food_poisoning,Kerala,Ernakulam,2,0.0006041591577739,0.000476221269563,1
2023-04-04,food_poisoning,Kerala,Kozhikode,0,0.0,0.0,1
2023-04-04,leptospirosis_confirmed,Kerala,Alappuzha,2,1.467649411475107,0.9569044489352944,2
2023-04-04,leptospirosis_confirmed,Kerala,Idukki,0,0.0001587404231876,0.0001587404231876,1
2023-04-04,leptospirosis_confirmed,Kerala,Wayanad,1,0.0010884238765612,0.0010884238765612,1
2023-04-04,malaria,Kerala,Kollam,0,0.0,0.0,1
2023-04-05,fever_op,Kerala,Alappuzha,1,0.0,0.0,1
2023-04-05,fever_op,Kerala,Ernakulam,0,0.1770726000238055,0.1770726000238055,1
2023-04-05,leptospirosis_confirmed,Kerala,Kannur,1,0.0011053065178851,0.0011053065178851,1
2023-04-05,malaria,Kerala,Idukki,0,0.0004031199542819,0.0004031199542819,2
2023-04-05,malaria,Kerala,Malappuram,0,0.0,0.0,1
2023-04-05,malaria,Kerala,Thiruvananthapuram,0,0.0,0.0,1
2023-04-05,malaria,Kerala,Wayanad,0,0.0,0.0,1
2023-04-06,fever_op,Kerala,Pathanamthitta,1,0.0212436013734922,0.0212436013734922,1
2023-04-06,food_poisoning,Kerala,Ernakulam,0,0.0,0.0,1
2023-04-06,food_poisoning,Kerala,Kollam,0,0.0,0.0,1
2023-04-06,malaria,Kerala,Kannur,0,4.031199542819508e-05,4.031199542819508e-05,1
2023-04-07,food_poisoning,Kerala,Kozhikode,0,2.6874663618796715e-05,2.6874663618796715e-05,1
2023-04-07,hepatitis_a_probable,Kerala,Idukki,0,0.0028269274914816,0.0028269274914816,1
2023-04-07,hepatitis_a_probable,Kerala,Palakkad,1,0.0,0.0,1
2023-04-08,hepatitis_a_probable,Kerala,Alappuzha,0,0.0,0.0,1
2023-04-10,shigella,Kerala,Malappuram,0,8.755798860574261e-05,8.755798860574261e-05,1
2023-04-11,shigella,Kerala,Palakkad,0,0.0,0.0,1
2023-04-14,shigella,Kerala,Kasaragod,0,2.6874663618796715e-05,2.6874663618796715e-05,1
2023-05-01,hepatitis_b,Kerala,Ernakulam,1,0.0055223029320109,0.0055223029320109,1
2023-05-01,hepatitis_b,Kerala,Palakkad,1,0.0223935857741974,0.0223935857741974,1
2023-05-01,hepatitis_b,Kerala,Wayanad,0,0.0,0.0,1
2023-05-02,cholera,Kerala,Alappuzha,0,0.0,0.0,1
2023-05-02,dengue,Kerala,Idukki,0,0.0,0.0,1
2023-05-02,dengue,Kerala,Kozhikode,1,0.0103892329206579,0.0103892329206579,1
2023-05-02,dengue,Kerala,Palakkad,0,0.0033451799972907,0.0033451799972907,1
2023-05-02,dengue,Kerala,Wayanad,1,0.0,0.0,1
2023-05-02,hepatitis_b,Kerala,Kannur,0,0.9999999983333334,0.9999999983333334,1
2023-05-02,rabies_confirmed,Kerala,Kollam,0,0.0,0.0,1
2023-05-03,chikungunya,Kerala,Wayanad,0,0.0,0.0,1
2023-05-03,dengue,Kerala,Idukki,1,0.0612840224473707,0.0612840224473707,2
2023-05-03,dengue,Kerala,Kasaragod,0,0.0,0.0,1
2023-05-03,dengue,Kerala,Kollam,1,0.0086751414161475,0.0086751414161475,1
2023-05-03,dengue,Kerala,Kottayam,0,0.0,0.0,1
2023-05-03,dengue,Kerala,Kozhikode,0,0.0104310385769673,0.0104310385769673,1
2023-05-03,dengue,Kerala,Thiruvananthapuram,1,0.0,0.0,1
2023-05-03,dengue,Kerala,Thrissur,1,0.0007161307423126,0.0007161307423126,1
2023-05-03,dengue,Kerala,Wayanad,1,2.6874663618796715e-05,2.6874663618796715e-05,1
2023-05-03,hepatitis_b,Kerala,Thrissur,0,0.0402820938986409,0.0402820938986409,1
2023-05-03,scrub_typhus,Kerala,Malappuram,0,0.0,0.0,1
2023-05-03,scrub_typhus,Kerala,Thrissur,0,4.327611273909177e-05,4.327611273909177e-05,1
2023-05-04,acute_encephalitis_syndrome,Kerala,Idukki,0,0.0,0.0,1
2023-05-04,dengue,Kerala,Ernakulam,0,0.0,0.0,1
2023-05-04,fever_ip,Kerala,Ernakulam,0,0.0,0.0,1
2023-05-04,fever_ip,Kerala,Kannur,1,0.0,0.0,1
2023-05-04,fever_ip,Kerala,Thrissur,1,0.0023110118132462,0.0023110118132462,1
2023-05-04,hepatitis_b,Kerala,Ernakulam,1,0.0017898525970118,0.0017898525970118,1
2023-05-04,scrub_typhus,Kerala,Kollam,0,0.0,0.0,1
2023-05-04,scrub_typhus,Kerala,Pathanamthitta,0,0.015742614261839,0.015742614261839,1
2023-05-05,hepatitis_b,Kerala,Kollam,0,0.0,0.0,1
2023-05-05,hepatitis_b,Kerala,Thiruvananthapuram,0,9.252238948646267e-05,9.252238948646267e-05,1
2023-05-05,hepatitis_b,Kerala,Wayanad,0,0.0,0.0,1
2023-05-06,fever_ip,Kerala,Ernakulam,0,0.0009332721520326,0.0009332721520326,1
2023-05-06,fever_ip,Kerala,Idukki,1,0.0515898119147148,0.0515898119147148,1
2023-05-06,fever_ip,Kerala,Malappuram,0,0.000378932757025,0.000378932757025,2
2023-05-06,fever_ip,Kerala,Thrissur,1,0.0,0.0,1
2023-05-06,hepatitis_b,Kerala,Alappuzha,0,0.0,0.0,1
2023-05-06,hepatitis_b,Kerala,Ernakulam,1,0.0,0.0,1
2023-05-06,leptospirosis_confirmed,Kerala,Thrissur,0,0.000352104082183,0.000352104082183,1
2023-05-07,fever_ip,Kerala,Kasaragod,0,0.0015783914644409,0.0015783914644409,1
2023-05-07,fever_op,Kerala,Kottayam,1,0.0,0.0,1
2023-05-07,hepatitis_a_confirmed,Kerala,Palakkad,1,0.003824437658557,0.003824437658557,1
2023-05-07,hepatitis_b,Kerala,Palakkad,1,0.0002015599771409,0.0002015599771409,1
2023-05-07,leptospirosis_confirmed,Kerala,Kasaragod,0,0.0,0.0,1
2023-05-07,leptospirosis_confirmed,Kerala,Palakkad,1,0.0,0.0,1
2023-05-07,malaria,Kerala,Kozhikode,0,8.062399085639016e-05,8.062399085639016e-05,1
2023-05-08,fever_op,Kerala,Malappuram,0,0.0,0.0,1
2023-05-08,fever_op,Kerala,Thrissur,1,0.0,0.0,1
2023-05-08,hepatitis_a_confirmed,Kerala,Kottayam,0,0.0002112173812643,0.0002112173812643,1
2023-05-08,rabies_probable,Kerala,Kottayam,0,0.0,0.0,1
2023-05-09,fever_op,Kerala,Alappuzha,1,0.0,0.0,1
2023-05-09,fever_op,Kerala,Wayanad,1,0.0,0.0,1
2023-05-09,rabies_probable,Kerala,Ernakulam,1,0.0,0.0,1
2023-05-11,chikungunya,Kerala,Thiruvananthapuram,0,0.0,0.0,1
2023-05-15,chikungunya,Kerala,Ernakulam,0,0.0,0.0,1
2023-06-03,dengue,Kerala,Thrissur,1,0.0001902007602943,0.0001902007602943,1
2023-06-03,hepatitis_b,Kerala,Kasaragod,0,0.0004952616581178,0.0004952616581178,1
2023-06-03,leptospirosis_probable,Kerala,Ernakulam,1,0.0311291366254869,0.0311291366254869,1
2023-06-03,leptospirosis_probable,Kerala,Kozhikode,0,0.0,0.0,1
2023-06-03,leptospirosis_probable,Kerala,Thiruvananthapuram,1,0.0121805928545879,0.0121805928545879,1
2023-06-03,malaria,Kerala,Kollam,0,2.5397914458045536e-05,2.5397914458045536e-05,1
2023-06-04,dengue,Kerala,Idukki,1,0.3416912419007691,0.3416912419007691,1
2023-06-04,dengue,Kerala,Kollam,2,0.0,0.0,1
2023-06-04,dengue,Kerala,Kozhikode,1,0.0,0.0,1
2023-06-04,dengue,Kerala,Malappuram,1,0.0022406699809967,0.0022406699809967,1
2023-06-04,dengue,Kerala,Thiruvananthapuram,1,0.0,0.0,1
2023-06-04,dengue,Kerala,Thrissur,0,0.6683900341803338,0.6677047302580545,2
2023-06-04,hepatitis_c,Kerala,Pathanamthitta,0,0.0,0.0,1
2023-06-04,leptospirosis_probable,Kerala,Thrissur,0,0.0,0.0,1
2023-06-04,typhoid,Kerala,Wayanad,0,0.0702731865045223,0.0702731865045223,1
2023-06-05,dengue,Kerala,Ernakulam,0,0.0,0.0,1
2023-06-05,dengue,Kerala,Kasaragod,0,0.0,0.0,1
2023-06-05,dengue,Kerala,Kollam,0,0.0,0.0,1
2023-06-05,dengue,Kerala,Malappuram,0,0.0002015599771409,0.0002015599771409,2
2023-06-05,dengue,Kerala,Palakkad,1,0.0004240224704299,0.0004240224704299,1
2023-06-05,dengue,Kerala,Thrissur,1,0.0117748091054667,0.0117748091054667,2
2023-06-05,hepatitis_c,Kerala,Kannur,0,0.0,0.0,1
2023-06-05,hepatitis_c,Kerala,Malappuram,0,0.3200133835908242,0.3200133835908242,1
2023-06-05,leptospirosis_probable,Kerala,Kozhikode,0,0.0004165572860913,0.0004165572860913,1
2023-06-05,typhoid,Kerala,Kannur,0,0.0,0.0,1
2023-06-05,typhoid,Kerala,Kasaragod,0,0.0,0.0,1
2023-06-06,dengue,Kerala,Kottayam,0,0.1534819861231015,0.1534819861231015,1
2023-06-06,dengue,Kerala,Kozhikode,0,6.729872831420443e-05,6.729872831420443e-05,1
2023-06-06,leptospirosis_probable,Kerala,Kollam,0,0.0,0.0,1
2023-06-06,leptospirosis_probable,Kerala,Kottayam,0,0.0200385472925326,0.0200385472925326,1
2023-06-06,typhoid,Kerala,Kasaragod,0,0.0014470143996779,0.0014470143996779,2
2023-06-06,typhoid,Kerala,Kollam,0,0.1189404979270263,0.1189404979270263,1
2023-06-08,hepatitis_b,Kerala,Kozhikode,0,0.0,0.0,1
2023-06-08,hepatitis_b,Kerala,Pathanamthitta,0,0.0,0.0,1
2023-06-08,hepatitis_b,Kerala,Thiruvananthapuram,0,0.7750890559686158,0.7750890559686158,1
2023-06-08,malaria,Kerala,Ernakulam,0,0.0011892038651317,0.0011892038651317,1
2023-06-09,hepatitis_b,Kerala,Idukki,0,0.0,0.0,1
2023-06-09,hepatitis_b,Kerala,Kasaragod,0,0.0003676453983051,0.0003676453983051,1
2023-06-09,hepatitis_b,Kerala,Kottayam,1,0.0,0.0,1
2023-06-09,malaria,Kerala,Ernakulam,0,0.0746959273992618,0.0746959273992618,1
2023-06-09,malaria,Kerala,Malappuram,0,0.0,0.0,1
2023-06-09,malaria,Kerala,Pathanamthitta,0,0.0,0.0,1
2023-06-10,dengue,Kerala,Kollam,1,0.0001036594168153,0.0001036594168153,1
2023-06-10,malaria,Kerala,Ernakulam,0,0.0,0.0,1
2023-06-10,malaria,Kerala,Kozhikode,0,0.0,0.0,1
2023-06-10,malaria,Kerala,Thiruvananthapuram,0,0.0186938303780086,0.0186938303780086,1
2023-06-10,malaria,Kerala,Thrissur,1,0.5068967584829708,0.5068967584829708,1
2023-06-11,hepatitis_b,Kerala,Kollam,0,2.267549742835973e-05,2.267549742835973e-05,1
2023-06-12,hepatitis_b,Kerala,Kannur,0,0.0,0.0,1
2023-06-12,hepatitis_b,Kerala,Kottayam,0,0.0479272228572812,0.0479272228572812,1
2023-06-12,hepatitis_b,Kerala,Pathanamthitta,1,0.0001573867237829,0.0001573867237829,1
2023-06-17,hepatitis_c,Kerala,Thiruvananthapuram,0,0.0,0.0,1
2023-06-24,dengue,Kerala,Ernakulam,0,0.0002496013793769,0.0002496013793769,1
2023-06-24,dengue,Kerala,Pathanamthitta,1,0.0,0.0,1
2023-06-24,leptospirosis_probable,Kerala,Kollam,0,0.0,0.0,1
2023-06-24,malaria,Kerala,Palakkad,0,0.0,0.0,1
2023-07-01,acute_diarrheal_disease,Kerala,Pathanamthitta,1,0.0,0.0,1
2023-07-01,acute_encephalitis_syndrome,Kerala,Thiruvananthapuram,1,0.0,0.0,1
2023-07-01,hepatitis_a_confirmed,Kerala,Kottayam,1,0.0,0.0,1
2023-07-05,scrub_typhus,Kerala,Ernakulam,0,0.0021396833473771,0.0021396833473771,1
2023-07-06,acute_diarrheal_disease,Kerala,Kasaragod,1,0.0002447230883306,0.0002447230883306,1
2023-07-06,acute_diarrheal_disease,Kerala,Palakkad,1,0.0086486150656177,0.0086486150656177,1
2023-07-06,dengue,Kerala,Idukki,1,0.0619258749501076,0.0619258749501076,1
2023-07-06,dengue,Kerala,Kollam,1,0.0,0.0,1
2023-07-06,dengue,Kerala,Kozhikode,0,0.0,0.0,1
2023-07-06,dengue,Kerala,Malappuram,0,0.0,0.0,1
2023-07-06,dengue,Kerala,Pathanamthitta,1,0.0011465730381081,0.0011465730381081,1
2023-07-06,dengue,Kerala,Thiruvananthapuram,0,0.0009698131258297,0.0009698131258297,1
2023-07-06,scrub_typhus,Kerala,Kozhikode,1,0.0,0.0,1
2023-07-07,acute_diarrheal_disease,Kerala,Alappuzha,1,4.031199542819508e-05,4.031199542819508e-05,1
2023-07-07,acute_diarrheal_disease,Kerala,Ernakulam,1,6.365051909715011e-05,6.365051909715011e-05,1
2023-07-07,acute_diarrheal_disease,Kerala,Kollam,0,0.0095832866800537,0.0095832866800537,1
2023-07-07,acute_diarrheal_disease,Kerala,Kottayam,1,0.16696435715513638,0.1666956105189485,2
2023-07-07,acute_diarrheal_disease,Kerala,Malappuram,0,0.0,0.0,1
2023-07-07,acute_diarrheal_disease,Kerala,Thiruvananthapuram,0,0.0,0.0,1
2023-07-07,dengue,Kerala,Alappuzha,0,0.9628727216876436,0.9628727216876436,2
2023-07-07,dengue,Kerala,Ernakulam,1,0.9999999983333334,0.9999999983333334,1
2023-07-07,dengue,Kerala,Kozhikode,2,0.0006632885082765,0.0006632885082765,2
2023-07-07,dengue,Kerala,Malappuram,0,0.0020939602918286,0.0020939602918286,1
2023-07-07,dengue,Kerala,Palakkad,1,0.0017166322564521,0.0017166322564521,1
2023-07-07,fever_ip,Kerala,Kottayam,1,0.0,0.0,1
2023-07-07,hepatitis_c,Kerala,Ernakulam,0,0.0,0.0,1
2023-07-07,leptospirosis_probable,Kerala,Wayanad,0,0.0003838136646328,0.0003838136646328,1
2023-07-08,acute_encephalitis_syndrome,Kerala,Kannur,0,0.0,0.0,1
2023-07-08,dengue,Kerala,Kasaragod,1,0.0,0.0,1
2023-07-08,dengue,Kerala,Kollam,1,0.0020419004663145,0.0020419004663145,1
2023-07-08,dengue,Kerala,Thiruvananthapuram,0,0.0,0.0,1
2023-07-08,fever_ip,Kerala,Kannur,1,0.0001270639830794,0.0001270639830794,1
2023-07-08,fever_op,Kerala,Alappuzha,0,0.0002149973089503,0.0002149973089503,1
2023-07-08,hepatitis_a_confirmed,Kerala,Malappuram,1,0.0001209359862845,0.0001209359862845,1
2023-07-08,hepatitis_a_confirmed,Kerala,Pathanamthitta,0,0.0005643679359947,0.0005643679359947,1
2023-07-08,hepatitis_a_confirmed,Kerala,Thrissur,0,0.0,0.0,1
2023-07-08,hepatitis_c,Kerala,Ernakulam,0,0.000132453699264,0.000132453699264,1
2023-07-08,hepatitis_c,Kerala,Kollam,0,0.4821550930812713,0.4821550930812713,1
2023-07-08,hepatitis_c,Kerala,Kozhikode,0,0.000439767222853,0.000439767222853,1
2023-07-08,hepatitis_c,Kerala,Pathanamthitta,0,0.0,0.0,1
2023-07-08,leptospirosis_confirmed,Kerala,Kannur,1,0.0,0.0,1
2023-07-09,fever_ip,Kerala,Idukki,0,0.0,0.0,1
2023-07-09,hepatitis_a_confirmed,Kerala,Alappuzha,0,0.0,0.0,1
2023-07-09,hepatitis_a_confirmed,Kerala,Kollam,0,0.0,0.0,1
2023-07-09,hepatitis_a_confirmed,Kerala,Pathanamthitta,1,0.0002015599771409,0.0002015599771409,1
2023-07-09,leptospirosis_confirmed,Kerala,Pathanamthitta,1,0.0285149645220532,0.0285149645220532,1
2023-07-10,fever_ip,Kerala,Malappuram,1,0.0004434319497101,0.0004434319497101,1
2023-07-10,fever_op,Kerala,Kannur,1,0.0029433852157044,0.0029433852157044,1
2023-07-10,hepatitis_a_confirmed,Kerala,Palakkad,0,0.0,0.0,1
2023-07-11,fever_op,Kerala,Thiruvananthapuram,0,0.0015587304898902,0.0015587304898902,1
2023-07-11,fever_op,Kerala,Thrissur,0,0.0095563681876165,0.0095563681876165,1
2023-07-11,hepatitis_a_confirmed,Kerala,Kozhikode,1,0.0,0.0,1
2023-07-12,fever_op,Kerala,Thiruvananthapuram,1,0.0,0.0,1
2023-07-12,hepatitis_a_confirmed,Kerala,Palakkad,1,0.0,0.0,1
2023-07-12,hepatitis_a_confirmed,Kerala,Pathanamthitta,1,0.0,0.0,1
2023-07-12,hepatitis_a_confirmed,Kerala,Thrissur,1,0.0,0.0,1
2023-07-13,hepatitis_a_confirmed,Kerala,Alappuzha,2,0.008040227488153449,0.0080301494892964,3
2023-07-13,hepatitis_a_confirmed,Kerala,Thiruvananthapuram,1,0.0,0.0,1
2023-07-15,dengue,Kerala,Malappuram,0,0.0008062399085639,0.0008062399085639,1
2023-07-15,dengue,Kerala,Wayanad,1,0.0,0.0,1
2023-07-15,fever_ip,Kerala,Thrissur,0,0.0020623717221775,0.0020623717221775,1
2023-07-15,hepatitis_c,Kerala,Pathanamthitta,0,0.0,0.0,2
2023-07-15,leptospirosis_confirmed,Kerala,Palakkad,1,0.0001770805933447,0.0001770805933447,1
2023-07-22,leptospirosis_probable,Kerala,Idukki,1,0.0,0.0,1
2023-07-29,dengue,Kerala,Kasaragod,1,0.0002741215689117,0.0002741215689117,1
2023-08-05,dengue,Kerala,Kottayam,0,0.0003224959634255,0.0003224959634255,1
2023-08-05,dengue,Kerala,Pathanamthitta,1,0.0016499624428184,0.0016499624428184,1
2023-08-07,acute_diarrheal_disease,Kerala,Pathanamthitta,1,0.0,0.0,1
2023-08-07,acute_diarrheal_disease,Kerala,Wayanad,0,0.0,0.0,1
2023-08-07,chicken_pox,Kerala,Malappuram,0,0.0546572494815651,0.0546572494815651,1
2023-08-07,chicken_pox,Kerala,Thrissur,1,0.0,0.0,1
2023-08-08,acute_diarrheal_disease,Kerala,Alappuzha,2,0.0047580470237954,0.0047580470237954,2
2023-08-08,acute_diarrheal_disease,Kerala,Ernakulam,1,4.031199542819508e-05,4.031199542819508e-05,1
2023-08-08,acute_diarrheal_disease,Kerala,Idukki,0,0.0,0.0,1
2023-08-08,acute_diarrheal_disease,Kerala,Palakkad,0,0.0,0.0,1
2023-08-08,chicken_pox,Kerala,Malappuram,0,0.0195710176175796,0.0195710176175796,1
2023-08-08,dengue,Kerala,Ernakulam,0,0.0,0.0,1
2023-08-08,dengue,Kerala,Idukki,1,0.0106981349184308,0.0106981349184308,1
2023-08-08,dengue,Kerala,Kozhikode,1,0.0,0.0,1
2023-08-08,dengue,Kerala,Palakkad,1,0.0,0.0,1
2023-08-08,dengue,Kerala,Pathanamthitta,1,0.0,0.0,1
2023-08-08,dengue,Kerala,Thiruvananthapuram,1,0.8441977555786442,0.8441977555786442,1
2023-08-08,scrub_typhus,Kerala,Ernakulam,0,0.0,0.0,1
2023-08-08,scrub_typhus,Kerala,Kannur,1,0.0,0.0,1
2023-08-08,scrub_typhus,Kerala,Palakkad,0,0.0,0.0,1
2023-08-09,cholera,Kerala,Ernakulam,0,0.0,0.0,1
2023-08-09,dengue,Kerala,Ernakulam,0,0.0046229084987267,0.0046229084987267,1
2023-08-09,dengue,Kerala,Idukki,0,0.0,0.0,1
2023-08-09,dengue,Kerala,Kollam,1,0.0006307762391793,0.0006307762391793,1
2023-08-09,dengue,Kerala,Malappuram,1,0.1543477633039121,0.1543477633039121,1
2023-08-09,dengue,Kerala,Palakkad,1,0.0,0.0,1
2023-08-10,chicken_pox,Kerala,Kannur,0,2.6874663618796715e-05,2.6874663618796715e-05,1
2023-08-10,cholera,Kerala,Kasaragod,1,0.0,0.0,1
2023-08-10,cholera,Kerala,Palakkad,0,0.0,0.0,1
2023-08-10,dengue,Kerala,Alappuzha,0,0.0,0.0,1
2023-08-10,dengue,Kerala,Idukki,1,0.0,0.0,1
2023-08-10,dengue,Kerala,Kasaragod,2,0.0006658056873931,0.0006658056873931,2
2023-08-10,dengue,Kerala,Kollam,0,0.0020389112830232,0.0020389112830232,1
2023-08-10,dengue,Kerala,Malappuram,3,0.0087366988536468,0.0087366988536468,3
2023-08-10,dengue,Kerala,Pathanamthitta,2,0.0,0.0,2
2023-08-11,dengue,Kerala,Pathanamthitta,0,4.537139566412239e-05,4.537139566412239e-05,1
2023-08-11,dengue,Kerala,Thiruvananthapuram,1,0.0082505217309705,0.0082505217309705,1
2023-08-11,dengue,Kerala,Thrissur,0,0.0,0.0,1
2023-08-11,fever_ip,Kerala,Alappuzha,1,0.0,0.0,1
2023-08-12,acute_encephalitis_syndrome,Kerala,Kottayam,1,0.0018245369708709,0.0018245369708709,1
2023-08-12,acute_encephalitis_syndrome,Kerala,Wayanad,1,0.0,0.0,1
2023-08-12,fever_ip,Kerala,Thrissur,2,0.009937845302383326,0.0098930763673996,2
2023-08-12,fever_op,Kerala,Thiruvananthapuram,1,0.5046131521265224,0.5046131521265224,1
2023-08-12,malaria,Kerala,Thiruvananthapuram,1,0.0,0.0,1
2023-08-13,fever_ip,Kerala,Alappuzha,1,0.0256033923077169,0.0256033923077169,1
2023-08-13,fever_op,Kerala,Kottayam,0,0.0,0.0,1
2023-08-13,fever_op,Kerala,Palakkad,1,0.0,0.0,1
2023-08-13,fever_op,Kerala,Thrissur,0,0.9999999983333334,0.9999999983333334,1
2023-08-14,cholera,Kerala,Palakkad,1,0.0,0.0,1
2023-08-14,fever_ip,Kerala,Ernakulam,1,0.0,0.0,1
2023-08-14,hepatitis_a_confirmed,Kerala,Alappuzha,1,0.0002687466361878902,0.0001881226453315,2
2023-08-14,hepatitis_a_confirmed,Kerala,Malappuram,1,0.0058051126309979,0.0058051126309979,1
2023-08-15,cholera,Kerala,Alappuzha,1,0.0,0.0,1
2023-08-15,hepatitis_a_confirmed,Kerala,Alappuzha,0,0.0,0.0,1
2023-08-15,west_nile_confirmed,Kerala,Palakkad,0,0.0,0.0,1
2023-08-16,acute_encephalitis_syndrome,Kerala,Kasaragod,1,0.7718842523320741,0.7718842523320741,1
2023-08-19,dengue,Kerala,Alappuzha,0,0.0,0.0,1
2023-08-19,shigella,Kerala,Kannur,0,0.0,0.0,1
2023-08-19,shigella,Kerala,Kollam,0,0.0,0.0,1
2023-08-19,shigella,Kerala,Thiruvananthapuram,0,0.0,0.0,1
2023-08-21,shigella,Kerala,Kasaragod,0,0.1392503093336861,0.1392503093336861,1
2023-08-21,shigella,Kerala,Thrissur,0,0.0,0.0,1
2023-08-26,acute_diarrheal_disease,Kerala,Alappuzha,1,0.0002821839679973,0.0002821839679973,1
2023-08-26,acute_encephalitis_syndrome,Kerala,Ernakulam,1,0.0,0.0,1
2023-08-26,dengue,Kerala,Ernakulam,1,0.0001668327537487,0.0001668327537487,1
2023-08-26,dengue,Kerala,Pathanamthitta,1,0.0009456502288252,0.0009456502288252,1
2023-08-26,fever_ip,Kerala,Pathanamthitta,1,0.0,0.0,1
2023-08-26,malaria,Kerala,Palakkad,0,0.0,0.0,1
2023-08-26,rabies_confirmed,Kerala,Kollam,0,0.000221715974855,0.000221715974855,1
2023-09-02,acute_diarrheal_disease,Kerala,Thiruvananthapuram,1,0.0,0.0,1
2023-09-02,dengue,Kerala,Kasaragod,0,0.0,0.0,1
2023-09-02,fever_ip,Kerala,Idukki,1,0.0027363916310939,0.0027363916310939,1
2023-09-02,fever_ip,Kerala,Pathanamthitta,0,0.0007143319043446,0.0007143319043446,1
2023-09-02,malaria,Kerala,Pathanamthitta,0,0.0,0.0,1
2023-09-02,scrub_typhus,Kerala,Ernakulam,0,0.0,0.0,1
2023-09-07,typhoid,Kerala,Alappuzha,0,0.0,0.0,1
2023-09-08,food_poisoning,Kerala,Kannur,1,0.0,0.0,1
2023-09-08,food_poisoning,Kerala,Kollam,0,0.0,0.0,1
2023-09-08,food_poisoning,Kerala,Kozhikode,1,0.0,0.0,1
2023-09-09,acute_diarrheal_disease,Kerala,Alappuzha,1,0.0,0.0,1
2023-09-09,acute_diarrheal_disease,Kerala,Kannur,0,0.0047418086496215,0.0047418086496215,1
2023-09-09,acute_diarrheal_disease,Kerala,Kollam,2,0.0302257012024685,0.0302257012024685,2
2023-09-09,acute_diarrheal_disease,Kerala,Kozhikode,1,0.0004856189216698,0.0004856189216698,1
2023-09-09,acute_diarrheal_disease,Kerala,Malappuram,1,0.5159404134643768,0.5159404134643768,1
2023-09-09,dengue,Kerala,Thrissur,0,0.0,0.0,1
2023-09-09,food_poisoning,Kerala,Kasaragod,1,0.0,0.0,1
2023-09-09,hepatitis_a_probable,Kerala,Kottayam,1,0.0002015599771409,0.0002015599771409,1
2023-09-09,hepatitis_a_probable,Kerala,Malappuram,0,4.031199542819508e-05,4.031199542819508e-05,1
2023-09-09,hepatitis_c,Kerala,Thiruvananthapuram,0,0.0,0.0,1
2023-09-09,leptospirosis_confirmed,Kerala,Idukki,1,0.0,0.0,1
2023-09-09,leptospirosis_confirmed,Kerala,Kannur,0,0.0,0.0,1
2023-09-09,leptospirosis_confirmed,Kerala,Kottayam,1,0.9999999983333334,0.9999999983333334,1
2023-09-09,leptospirosis_confirmed,Kerala,Thiruvananthapuram,0,0.0001814039794268,0.0001814039794268,1
2023-09-09,leptospirosis_probable,Kerala,Malappuram,1,0.0010077998857048,0.0010077998857048,1
2023-09-09,leptospirosis_probable,Kerala,Pathanamthitta,0,0.0,0.0,1
2023-09-09,scrub_typhus,Kerala,Alappuzha,0,0.0,0.0,1
2023-09-09,scrub_typhus,Kerala,Idukki,0,0.0,0.0,1
2023-09-09,scrub_typhus,Kerala,Kasaragod,0,0.0048930407242123,0.0048930407242123,1
2023-09-09,typhoid,Kerala,Kollam,0,0.0,0.0,1
2023-09-09,typhoid,Kerala,Palakkad,0,0.0,0.0,1
2023-09-10,acute_diarrheal_disease,Kerala,Palakkad,1,0.0,0.0,1
2023-09-10,chicken_pox,Kerala,Idukki,0,0.0015308318571773,0.0015308318571773,1
2023-09-10,chicken_pox,Kerala,Palakkad,0,0.0004520702344447,0.0004520702344447,1
2023-09-10,food_poisoning,Kerala,Kozhikode,0,0.009777049631314,0.009777049631314,1
2023-09-10,hepatitis_a_probable,Kerala,Alappuzha,0,0.0005750702356659,0.0005750702356659,1
2023-09-10,hepatitis_a_probable,Kerala,Ernakulam,1,0.0,0.0,1
2023-09-10,hepatitis_a_probable,Kerala,Kasaragod,0,8.062399085639016e-05,8.062399085639016e-05,1
2023-09-10,hepatitis_a_probable,Kerala,Kollam,0,0.0001392596205701,0.0001392596205701,1
2023-09-10,hepatitis_a_probable,Kerala,Thrissur,1,0.0,0.0,1
2023-09-10,hepatitis_c,Kerala,Kollam,0,0.0,0.0,1
2023-09-10,leptospirosis_confirmed,Kerala,Alappuzha,0,0.0039289845302908,0.0039289845302908,1
2023-09-10,leptospirosis_confirmed,Kerala,Kannur,0,0.0011187438496945,0.0011187438496945,1
2023-09-10,leptospirosis_confirmed,Kerala,Thiruvananthapuram,0,0.0070949111953623,0.0070949111953623,1
2023-09-10,leptospirosis_probable,Kerala,Kasaragod,0,0.0068682401579862,0.0068682401579862,1
2023-09-10,typhoid,Kerala,Kannur,0,0.0,0.0,1
2023-09-11,acute_diarrheal_disease,Kerala,Malappuram,1,0.0,0.0,1
2023-09-11,acute_diarrheal_disease,Kerala,Palakkad,0,8.062399085639016e-05,8.062399085639016e-05,1
2023-09-11,acute_diarrheal_disease,Kerala,Pathanamthitta,1,0.0,0.0,1
2023-09-11,acute_diarrheal_disease,Kerala,Thrissur,1,0.0,0.0,1
2023-09-11,chicken_pox,Kerala,Alappuzha,1,2.015599771409754e-05,2.015599771409754e-05,1
2023-09-11,dengue,Kerala,Ernakulam,1,0.0,0.0,1
2023-09-11,dengue,Kerala,Kannur,0,0.0,0.0,2
2023-09-11,dengue,Kerala,Kasaragod,0,0.0001343733180939,0.0001343733180939,1
2023-09-11,dengue,Kerala,Malappuram,1,0.0177775939950745,0.0177775939950745,2
2023-09-11,dengue,Kerala,Palakkad,1,0.0,0.0,1
2023-09-11,dengue,Kerala,Pathanamthitta,0,1.930796006017424e-05,1.930796006017424e-05,1
2023-09-11,dengue,Kerala,Thiruvananthapuram,1,0.3461439833235197,0.3461439833235197,1
2023-09-11,food_poisoning,Kerala,Kollam,0,0.0,0.0,1
2023-09-11,food_poisoning,Kerala,Kozhikode,1,0.0204509833449555,0.0204509833449555,1
2023-09-11,hepatitis_a_probable,Kerala,Ernakulam,0,0.0013644557453882,0.0013644557453882,1
2023-09-11,hepatitis_a_probable,Kerala,Malappuram,0,0.0,0.0,1
2023-09-11,hepatitis_c,Kerala,Ernakulam,0,0.0,0.0,1
2023-09-11,hepatitis_c,Kerala,Kannur,0,0.0019383034288385,0.0019383034288385,1
2023-09-11,hepatitis_c,Kerala,Palakkad,0,4.031199542819508e-05,4.031199542819508e-05,1
2023-09-11,leptospirosis_confirmed,Kerala,Kozhikode,0,0.0,0.0,1
2023-09-11,leptospirosis_confirmed,Kerala,Palakkad,1,0.0299062909455706,0.0299062909455706,1
2023-09-11,leptospirosis_probable,Kerala,Ernakulam,0,0.0,0.0,1
2023-09-11,leptospirosis_probable,Kerala,Pathanamthitta,0,0.0,0.0,1
2023-09-11,leptospirosis_probable,Kerala,Thiruvananthapuram,0,0.0,0.0,1
2023-09-11,scrub_typhus,Kerala,Kannur,0,4.031199542819508e-05,4.031199542819508e-05,1
2023-09-12,acute_diarrheal_disease,Kerala,Alappuzha,0,0.0,0.0,1
2023-09-12,acute_diarrheal_disease,Kerala,Kottayam,1,0.0,0.0,1
2023-09-12,chicken_pox,Kerala,Ernakulam,0,0.0007256159177075,0.0007256159177075,1
2023-09-12,chicken_pox,Kerala,Kottayam,1,0.1254850543920365,0.1254850543920365,1
2023-09-12,chicken_pox,Kerala,Malappuram,0,0.0002118406051021,0.0002118406051021,1
2023-09-12,chicken_pox,Kerala,Palakkad,0,0.0003518137782824,0.0003518137782824,1
2023-09-12,chicken_pox,Kerala,Thiruvananthapuram,1,0.0,0.0,1
2023-09-12,dengue,Kerala,Alappuzha,1,0.1464777901651954,0.1445159397210233,2
2023-09-12,dengue,Kerala,Ernakulam,1,0.0008331145721826,0.0008331145721826,2
2023-09-12,dengue,Kerala,Kollam,0,0.0,0.0,1
2023-09-12,hepatitis_c,Kerala,Ernakulam,0,0.0134090584871638,0.0129157017536584,2
2023-09-12,leptospirosis_confirmed,Kerala,Idukki,0,0.0,0.0,1
2023-09-12,leptospirosis_probable,Kerala,Palakkad,1,0.0102535985123724,0.0102535985123724,1
2023-09-12,malaria,Kerala,Thiruvananthapuram,0,0.0131396248247262,0.0131396248247262,1
2023-09-12,scrub_typhus,Kerala,Pathanamthitta,0,0.2025074510612792,0.2025074510612792,1
2023-09-12,scrub_typhus,Kerala,Thiruvananthapuram,0,0.0,0.0,1
2023-09-13,dengue,Kerala,Ernakulam,1,0.0028980269028552,0.0028980269028552,2
2023-09-13,dengue,Kerala,Idukki,0,0.0,0.0,1
2023-09-13,dengue,Kerala,Kannur,0,0.0029250215955976,0.0029250215955976,1
2023-09-13,dengue,Kerala,Kasaragod,2,0.0036111269207440002,0.0018853700890375,2
2023-09-13,dengue,Kerala,Kollam,1,0.0,0.0,1
2023-09-13,dengue,Kerala,Kottayam,1,0.0,0.0,1
2023-09-13,dengue,Kerala,Malappuram,1,0.0,0.0,1
2023-09-13,dengue,Kerala,Palakkad,1,0.0048049213048217,0.0048049213048217,1
2023-09-13,dengue,Kerala,Pathanamthitta,1,0.002700903693689,0.002700903693689,1
2023-09-13,food_poisoning,Kerala,Ernakulam,0,0.0012535478314778,0.0012535478314778,1
2023-09-13,hepatitis_c,Kerala,Alappuzha,0,0.0,0.0,1
2023-09-13,hepatitis_c,Kerala,Kozhikode,0,0.0,0.0,1
2023-09-13,leptospirosis_confirmed,Kerala,Kannur,1,0.0,0.0,1
2023-09-13,leptospirosis_probable,Kerala,Palakkad,0,0.0052237079897429,0.0052237079897429,1
2023-09-13,malaria,Kerala,Thrissur,1,0.0010291382965651,0.0010291382965651,1
2023-09-14,chicken_pox,Kerala,Idukki,1,0.0,0.0,1
2023-09-14,chicken_pox,Kerala,Thrissur,1,0.0228462681708946,0.0228462681708946,1
2023-09-14,dengue,Kerala,Idukki,0,0.0,0.0,1
2023-09-14,dengue,Kerala,Kollam,1,0.9999999983333334,0.9999999983333334,1
2023-09-14,dengue,Kerala,Kottayam,0,0.3341377078129177,0.3341377078129177,2
2023-09-14,dengue,Kerala,Kozhikode,1,0.0023035425958968,0.0023035425958968,1
2023-09-14,dengue,Kerala,Palakkad,0,0.0,0.0,1
2023-09-14,dengue,Kerala,Pathanamthitta,2,4.8374394513834085e-05,4.8374394513834085e-05,1
2023-09-14,dengue,Kerala,Thrissur,1,0.0223562985708133,0.0223562985708133,1
2023-09-14,dengue,Kerala,Wayanad,1,0.0,0.0,1
2023-09-14,fever_op,Kerala,Kollam,1,0.0001881226453315,0.0001881226453315,1
2023-09-14,fever_op,Kerala,Malappuram,1,0.0017931624716307,0.0017931624716307,1
2023-09-14,leptospirosis_confirmed,Kerala,Thiruvananthapuram,0,0.0,0.0,1
2023-09-14,leptospirosis_confirmed,Kerala,Thrissur,0,0.0,0.0,1
2023-09-14,leptospirosis_probable,Kerala,Kasaragod,0,0.0006853039222793,0.0006853039222793,2
2023-09-14,leptospirosis_probable,Kerala,Kollam,1,0.0,0.0,1
2023-09-14,leptospirosis_probable,Kerala,Kottayam,0,0.0035005959850464,0.0035005959850464,1
2023-09-14,malaria,Kerala,Kozhikode,0,0.0069269748181035,0.0069269748181035,1
2023-09-15,chicken_pox,Kerala,Pathanamthitta,0,0.0,0.0,1
2023-09-15,fever_ip,Kerala,Kannur,1,0.0107558336291946,0.0107558336291946,1
2023-09-15,fever_ip,Kerala,Malappuram,0,0.0,0.0,1
2023-09-15,fever_ip,Kerala,Palakkad,0,0.0,0.0,1
2023-09-15,fever_op,Kerala,Idukki,1,0.0136901649069348,0.0136901649069348,1
2023-09-15,fever_op,Kerala,Kannur,1,8.062399085639016e-05,8.062399085639016e-05,1
2023-09-15,fever_op,Kerala,Malappuram,0,0.0,0.0,1
2023-09-15,fever_op,Kerala,Pathanamthitta,1,0.0,0.0,1
2023-09-15,food_poisoning,Kerala,Malappuram,0,0.0,0.0,1
2023-09-15,hepatitis_a_confirmed,Kerala,Kannur,1,0.0,0.0,1
2023-09-15,hepatitis_a_confirmed,Kerala,Malappuram,1,0.0,0.0,1
2023-09-15,leptospirosis_confirmed,Kerala,Pathanamthitta,0,0.9999999983333334,0.9999999983333334,1
2023-09-15,leptospirosis_probable,Kerala,Idukki,1,0.0001463176130356,0.0001463176130356,1
2023-09-15,leptospirosis_probable,Kerala,Thiruvananthapuram,0,0.0,0.0,1
2023-09-15,malaria,Kerala,Palakkad,0,0.0,0.0,1
2023-09-16,acute_encephalitis_syndrome,Kerala,Alappuzha,0,0.0,0.0,1
2023-09-16,chicken_pox,Kerala,Malappuram,2,0.047100898910937196,0.0465476857106633,2
2023-09-16,chicken_pox,Kerala,Pathanamthitta,0,0.0,0.0,1
2023-09-16,chicken_pox,Kerala,Thiruvananthapuram,1,0.9999999983333334,0.9999999983333334,1
2023-09-16,dengue,Kerala,Thiruvananthapuram,1,0.0,0.0,1
2023-09-16,dengue,Kerala,Wayanad,1,0.0,0.0,1
2023-09-16,fever_ip,Kerala,Thiruvananthapuram,0,0.0028446739862831,0.0028446739862831,1
2023-09-16,fever_op,Kerala,Idukki,0,0.0012941759318461,0.0012941759318461,1
2023-09-16,fever_op,Kerala,Kannur,1,0.0196530949827449,0.0196530949827449,1
2023-09-16,food_poisoning,Kerala,Kottayam,1,0.0,0.0,3
2023-09-16,food_poisoning,Kerala,Pathanamthitta,1,0.0,0.0,1
2023-09-16,hepatitis_a_probable,Kerala,Malappuram,1,0.0037824462692951,0.0037824462692951,1
2023-09-16,hepatitis_c,Kerala,Malappuram,0,0.0,0.0,1
2023-09-16,hepatitis_c,Kerala,Palakkad,0,0.0236214545242375,0.0236214545242375,1
2023-09-16,leptospirosis_confirmed,Kerala,Pathanamthitta,0,2.5723969267965996e-05,2.5723969267965996e-05,1
2023-09-16,leptospirosis_probable,Kerala,Thiruvananthapuram,0,0.0,0.0,1
2023-09-17,chicken_pox,Kerala,Kannur,0,0.0003628079588537,0.0003628079588537,1
2023-09-17,chicken_pox,Kerala,Thrissur,1,0.1516696011503376,0.1516696011503376,1
2023-09-17,fever_ip,Kerala,Kollam,1,0.0002663202219251,0.0002663202219251,1
2023-09-17,fever_ip,Kerala,Pathanamthitta,1,0.0536203296129307,0.0536203296129307,1
2023-09-17,fever_op,Kerala,Ernakulam,1,0.0,0.0,1
2023-09-17,fever_op,Kerala,Kozhikode,1,0.0,0.0,1
2023-09-17,food_poisoning,Kerala,Idukki,1,0.0,0.0,1
2023-09-17,food_poisoning,Kerala,Kannur,0,0.9999999983333334,0.9999999983333334,1
2023-09-17,hepatitis_a_confirmed,Kerala,Kollam,1,0.0,0.0,1
2023-09-17,hepatitis_a_confirmed,Kerala,Malappuram,0,4.031199542819508e-05,4.031199542819508e-05,1
2023-09-18,chicken_pox,Kerala,Palakkad,0,0.01454923792532,0.01454923792532,1
2023-09-18,fever_ip,Kerala,Kollam,1,0.0,0.0,1
2023-09-18,fever_ip,Kerala,Malappuram,1,0.0,0.0,1
2023-09-18,fever_ip,Kerala,Palakkad,0,0.0001612479817127,0.0001612479817127,1
2023-09-18,fever_ip,Kerala,Pathanamthitta,1,0.0004594072537169,0.0004594072537169,1
2023-09-18,fever_ip,Kerala,Thiruvananthapuram,0,4.031199542819508e-05,4.031199542819508e-05,1
2023-09-18,food_poisoning,Kerala,Palakkad,1,0.0,0.0,1
2023-09-18,hepatitis_a_confirmed,Kerala,Thrissur,1,0.0,0.0,1
2023-09-19,fever_ip,Kerala,Palakkad,1,0.4136065122736203,0.4136065122736203,1
2023-09-20,food_poisoning,Kerala,Ernakulam,1,0.0477671218332954,0.0477671218332954,1
2023-09-21,chikungunya,Kerala,Kottayam,0,0.0,0.0,1
2023-09-21,fever_ip,Kerala,Alappuzha,0,0.0001612479817127,0.0001612479817127,1
2023-09-21,food_poisoning,Kerala,Pathanamthitta,1,0.0,0.0,1
2023-09-22,fever_ip,Kerala,Ernakulam,1,0.0019474626484167,0.0019474626484167,1
2023-09-22,fever_ip,Kerala,Kannur,0,0.027618805003396,0.027618805003396,1
2023-09-22,fever_ip,Kerala,Malappuram,1,0.0813513420164769,0.0813513420164769,1
2023-09-23,acute_diarrheal_disease,Kerala,Idukki,0,0.0008289798884138,0.0008289798884138,1
2023-09-23,dengue,Kerala,Thiruvananthapuram,1,0.0002687466361879,0.0002687466361879,1
2023-09-23,fever_ip,Kerala,Ernakulam,1,0.0,0.0,1
2023-09-23,hepatitis_a_confirmed,Kerala,Kasaragod,1,0.0137309644247496,0.0137309644247496,1
2023-09-23,hepatitis_a_confirmed,Kerala,Thiruvananthapuram,0,0.0,0.0,1
2023-09-23,leptospirosis_probable,Kerala,Ernakulam,1,0.0145228554859673,0.0145228554859673,1
2023-09-23,leptospirosis_probable,Kerala,Kottayam,0,0.0,0.0,1
2023-09-25,chikungunya,Kerala,Kottayam,1,0.0,0.0,1
2023-09-27,chikungunya,Kerala,Palakkad,0,0.0,0.0,1
2023-09-29,chikungunya,Kerala,Kollam,0,0.0,0.0,1
2023-09-30,dengue,Kerala,Idukki,1,0.000692137863544212,0.0006276386708591,2
2023-09-30,fever_op,Kerala,Malappuram,0,0.0013772910164299,0.0013772910164299,1
2023-09-30,food_poisoning,Kerala,Kasaragod,0,0.0,0.0,1
2023-09-30,hepatitis_a_confirmed,Kerala,Palakkad,0,0.0002821839679973,0.0002821839679973,1
2023-09-30,leptospirosis_confirmed,Kerala,Kollam,0,0.0002687466361879,0.0002687466361879,1
2023-09-30,typhoid,Kerala,Palakkad,0,0.0,0.0,1
2023-10-01,influenza_h1n1_seasonal,Kerala,Kannur,1,0.0,0.0,1
2023-10-02,influenza_h1n1_seasonal,Kerala,Thrissur,0,0.000476221269563,0.000476221269563,1
2023-10-03,influenza_h1n1_seasonal,Kerala,Idukki,0,0.9999999983333334,0.9999999983333334,1
2023-10-03,influenza_h1n1_seasonal,Kerala,Kollam,1,0.0,0.0,1
2023-10-04,influenza_h1n1_seasonal,Kerala,Kottayam,0,0.3362844115290449,0.3362844115290449,1
2023-10-04,influenza_h1n1_seasonal,Kerala,Palakkad,0,0.0,0.0,1
2023-10-05,influenza_h1n1_seasonal,Kerala,Kollam,1,5.165332649912924e-05,5.165332649912924e-05,1
2023-10-05,influenza_h1n1_seasonal,Kerala,Thrissur,0,0.0,0.0,1
2023-10-07,acute_diarrheal_disease,Kerala,Kozhikode,1,0.0,0.0,1
2023-10-07,dengue,Kerala,Ernakulam,1,0.0,0.0,1
2023-10-07,dengue,Kerala,Kozhikode,1,0.0014442350725898,0.0014442350725898,1
2023-10-07,dengue,Kerala,Thrissur,1,0.0,0.0,1
2023-10-07,hepatitis_a_probable,Kerala,Kannur,1,0.0043837624801735,0.0043837624801735,1
2023-10-07,hepatitis_c,Kerala,Thrissur,1,0.0035437774902732262,0.0034714671137258,2
2023-10-07,influenza_h1n1_seasonal,Kerala,Ernakulam,0,0.0081981361230504,0.0081981361230504,1
2023-10-07,influenza_h1n1_seasonal,Kerala,Palakkad,0,0.0,0.0,1
2023-10-07,influenza_h1n1_seasonal,Kerala,Thiruvananthapuram,0,0.0006708328506266,0.0006708328506266,1
2023-10-07,leptospirosis_confirmed,Kerala,Kasaragod,1,0.0001007799885704,0.0001007799885704,1
2023-10-07,leptospirosis_probable,Kerala,Kannur,1,8.062399085639016e-05,8.062399085639016e-05,1
2023-10-07,malaria,Kerala,Malappuram,1,0.0004031199542819,0.0004031199542819,1
2023-10-07,shigella,Kerala,Palakkad,0,0.0,0.0,1
2023-10-12,hepatitis_a_probable,Kerala,Kannur,1,0.0142269444002827,0.0142269444002827,1
2023-10-12,hepatitis_a_probable,Kerala,Kasaragod,1,0.0123151441850774,0.0123151441850774,1
2023-10-12,hepatitis_a_probable,Kerala,Pathanamthitta,0,0.0009255678755073,0.0009255678755073,1
2023-10-12,hepatitis_a_probable,Kerala,Wayanad,0,0.000476221269563,0.000476221269563,1
2023-10-13,acute_diarrheal_disease,Kerala,Kollam,0,0.0,0.0,1
2023-10-13,acute_diarrheal_disease,Kerala,Kottayam,1,0.0,0.0,1
2023-10-13,hepatitis_a_probable,Kerala,Alappuzha,1,0.0,0.0,1
2023-10-13,hepatitis_a_probable,Kerala,Ernakulam,1,0.0,0.0,1
2023-10-13,hepatitis_a_probable,Kerala,Thrissur,1,0.0,0.0,1
2023-10-13,hepatitis_b,Kerala,Kannur,1,8.958221206265572e-05,8.958221206265572e-05,1
2023-10-13,hepatitis_b,Kerala,Kasaragod,1,0.0,0.0,1
2023-10-13,scrub_typhus,Kerala,Ernakulam,0,0.0,0.0,1
2023-10-13,scrub_typhus,Kerala,Kasaragod,0,0.0004419335154172,0.0004419335154172,1
2023-10-13,typhoid,Kerala,Thiruvananthapuram,0,0.0,0.0,1
2023-10-13,typhoid,Kerala,Thrissur,1,0.0,0.0,1
2023-10-13,zika,Kerala,Kannur,1,0.0,0.0,1
2023-10-14,acute_diarrheal_disease,Kerala,Kollam,0,0.0,0.0,1
2023-10-14,acute_diarrheal_disease,Kerala,Malappuram,1,0.0,0.0,1
2023-10-14,acute_diarrheal_disease,Kerala,Thiruvananthapuram,1,0.0,0.0,1
2023-10-14,acute_diarrheal_disease,Kerala,Thrissur,1,0.0,0.0,1
2023-10-14,dengue,Kerala,Kottayam,0,0.003010349610274,0.003010349610274,1
2023-10-14,dengue,Kerala,Pathanamthitta,0,0.0,0.0,1
2023-10-14,fever_op,Kerala,Idukki,1,0.0,0.0,1
2023-10-14,hepatitis_a_probable,Kerala,Alappuzha,1,0.0,0.0,1
2023-10-14,hepatitis_a_probable,Kerala,Thiruvananthapuram,1,0.0015318558262714,0.0015318558262714,2
2023-10-14,hepatitis_b,Kerala,Kollam,0,0.0013562292185916,0.0013562292185916,1
2023-10-14,hepatitis_c,Kerala,Kasaragod,0,0.0,0.0,1
2023-10-14,hepatitis_c,Kerala,Kollam,0,0.0,0.0,1
2023-10-14,leptospirosis_probable,Kerala,Alappuzha,1,0.0007659279131357,0.0007659279131357,1
2023-10-14,leptospirosis_probable,Kerala,Ernakulam,0,0.0004434319497101,0.0004434319497101,1
2023-10-14,leptospirosis_probable,Kerala,Kottayam,0,0.0,0.0,1
2023-10-14,malaria,Kerala,Kannur,0,0.0,0.0,1
2023-10-14,scrub_typhus,Kerala,Wayanad,0,0.0,0.0,1
2023-10-14,typhoid,Kerala,Alappuzha,0,0.0,0.0,1
2023-10-14,west_nile_confirmed,Kerala,Pathanamthitta,0,0.0,0.0,1
2023-10-15,acute_diarrheal_disease,Kerala,Ernakulam,0,4.031199542819508e-05,4.031199542819508e-05,1
2023-10-15,dengue,Kerala,Alappuzha,0,0.0,0.0,1
2023-10-15,dengue,Kerala,Idukki,0,0.0037063144889349,0.0037063144889349,1
2023-10-15,dengue,Kerala,Kollam,1,0.0003455313893845,0.0003455313893845,1
2023-10-15,dengue,Kerala,Kozhikode,1,0.0417041781243725,0.0417041781243725,1
2023-10-15,dengue,Kerala,Malappuram,0,0.0,0.0,1
2023-10-15,dengue,Kerala,Thrissur,1,0.0,0.0,1
2023-10-15,hepatitis_a_probable,Kerala,Kollam,1,0.0,0.0,1
2023-10-15,hepatitis_a_probable,Kerala,Palakkad,1,0.0233908802459074,0.0233908802459074,1
2023-10-15,hepatitis_b,Kerala,Wayanad,0,0.0099273331542006,0.0099273331542006,1
2023-10-15,malaria,Kerala,Kozhikode,0,0.0,0.0,1
2023-10-15,scrub_typhus,Kerala,Malappuram,1,0.0,0.0,1
2023-10-16,dengue,Kerala,Ernakulam,1,0.0030780801691129,0.0030780801691129,1
2023-10-16,dengue,Kerala,Idukki,2,0.0,0.0,2
2023-10-16,dengue,Kerala,Kollam,1,0.0022046051978103,0.0022046051978103,1
2023-10-16,dengue,Kerala,Kottayam,0,0.0002180584300502,0.0002180584300502,1
2023-10-16,dengue,Kerala,Kozhikode,0,0.1451801394452795,0.1451801394452795,1
2023-10-16,dengue,Kerala,Palakkad,1,0.0,0.0,1
2023-10-16,dengue,Kerala,Pathanamthitta,2,0.0029518935749688,0.0029518935749688,2
2023-10-16,dengue,Kerala,Thrissur,1,0.0,0.0,1
2023-10-16,hepatitis_a_probable,Kerala,Kasaragod,1,0.0,0.0,1
2023-10-16,hepatitis_b,Kerala,Kasaragod,0,0.0386893030273213,0.0304264479339716,1
2023-10-16,hepatitis_b,Kerala,Pathanamthitta,1,0.1978399681670993,0.1903419370174551,2
2023-10-16,hepatitis_c,Kerala,Pathanamthitta,0,0.0,0.0,1
2023-10-16,leptospirosis_confirmed,Kerala,Idukki,0,0.0,0.0,1
2023-10-16,leptospirosis_probable,Kerala,Ernakulam,0,0.0110161297116877,0.0110161297116877,1
2023-10-16,leptospirosis_probable,Kerala,Palakkad,1,0.0,0.0,1
2023-10-16,leptospirosis_probable,Kerala,Thrissur,0,0.0038491177787058,0.0038491177787058,1
2023-10-16,malaria,Kerala,Alappuzha,0,0.0,0.0,1
2023-10-16,malaria,Kerala,Kozhikode,0,0.0004068713765407,0.0004068713765407,1
2023-10-16,scrub_typhus,Kerala,Kasaragod,0,0.0171734542273013,0.0171734542273013,1
2023-10-16,scrub_typhus,Kerala,Thiruvananthapuram,0,0.0,0.0,1
2023-10-16,typhoid,Kerala,Kozhikode,1,0.0,0.0,1
2023-10-17,acute_diarrheal_disease,Kerala,Kasaragod,0,0.5087713376537903,0.5087713376537903,1
2023-10-17,acute_diarrheal_disease,Kerala,Kollam,0,0.0,0.0,1
2023-10-17,acute_diarrheal_disease,Kerala,Malappuram,1,0.0,0.0,2
2023-10-17,acute_diarrheal_disease,Kerala,Thrissur,0,0.9936133647437816,0.9936133647437816,1
2023-10-17,dengue,Kerala,Idukki,0,6.0467993142292616e-05,6.0467993142292616e-05,1
2023-10-17,dengue,Kerala,Kannur,0,0.0,0.0,1
2023-10-17,dengue,Kerala,Kottayam,1,0.0,0.0,1
2023-10-17,dengue,Kerala,Malappuram,1,0.0,0.0,1
2023-10-17,dengue,Kerala,Thiruvananthapuram,1,0.0020213586278994,0.0020213586278994,1
2023-10-17,dengue,Kerala,Thrissur,1,0.0,0.0,1
2023-10-17,hepatitis_a_probable,Kerala,Ernakulam,1,0.0,0.0,1
2023-10-17,hepatitis_a_probable,Kerala,Kottayam,1,0.0,0.0,1
2023-10-17,hepatitis_b,Kerala,Pathanamthitta,0,0.0,0.0,1
2023-10-17,hepatitis_c,Kerala,Alappuzha,0,0.0,0.0,1
2023-10-17,hepatitis_c,Kerala,Ernakulam,0,0.6842077169302899,0.6842077169302899,1
2023-10-17,leptospirosis_confirmed,Kerala,Alappuzha,0,0.0,0.0,1
2023-10-17,leptospirosis_probable,Kerala,Pathanamthitta,0,0.0010372920682669,0.0010372920682669,1
2023-10-17,scrub_typhus,Kerala,Ernakulam,0,0.2566874610718399,0.2566874610718399,1
2023-10-17,scrub_typhus,Kerala,Kannur,0,5.374932723759343e-05,5.374932723759343e-05,1
2023-10-18,acute_diarrheal_disease,Kerala,Malappuram,0,2.015599771409754e-05,2.015599771409754e-05,1
2023-10-18,acute_diarrheal_disease,Kerala,Thrissur,1,0.0,0.0,1
2023-10-18,dengue,Kerala,Ernakulam,2,1.001967505185226,0.9999999983333334,2
2023-10-18,dengue,Kerala,Kottayam,0,0.0,0.0,1
2023-10-18,dengue,Kerala,Kozhikode,1,0.0,0.0,1
2023-10-18,dengue,Kerala,Malappuram,1,0.0,0.0,1
2023-10-18,dengue,Kerala,Palakkad,1,0.0,0.0,1
2023-10-18,dengue,Kerala,Thrissur,1,0.0,0.0,1
2023-10-18,fever_op,Kerala,Ernakulam,1,0.0018508368277192,0.0018508368277192,1
2023-10-18,fever_op,Kerala,Kasaragod,1,0.0014847303408576,0.0014847303408576,1
2023-10-18,hepatitis_a_probable,Kerala,Ernakulam,1,0.0023952290030836,0.0023952290030836,1
2023-10-18,hepatitis_b,Kerala,Kasaragod,0,7.946393343399603e-05,7.946393343399603e-05,1
2023-10-18,hepatitis_b,Kerala,Kozhikode,0,0.0025094217154051,0.0025094217154051,1
2023-10-18,hepatitis_b,Kerala,Thrissur,1,0.0665643014924564,0.0665643014924564,1
2023-10-18,leptospirosis_confirmed,Kerala,Malappuram,0,0.0013281553341502,0.0013281553341502,1
2023-10-18,leptospirosis_probable,Kerala,Kottayam,0,0.0,0.0,1
2023-10-18,malaria,Kerala,Ernakulam,0,0.0018121201754388,0.0018121201754388,1
2023-10-18,malaria,Kerala,Kannur,0,0.0045026489182636,0.0045026489182636,1
2023-10-18,malaria,Kerala,Malappuram,1,0.0,0.0,1
2023-10-18,malaria,Kerala,Thiruvananthapuram,1,0.0537428185299981,0.0534940179332148,2
2023-10-18,scrub_typhus,Kerala,Ernakulam,0,0.0001886968635839,0.0001886968635839,1
2023-10-18,scrub_typhus,Kerala,Kozhikode,1,0.0029925622628511,0.0029925622628511,1
2023-10-18,typhoid,Kerala,Malappuram,0,0.0,0.0,1
2023-10-18,typhoid,Kerala,Palakkad,0,0.0,0.0,1
2023-10-19,chicken_pox,Kerala,Kottayam,0,3.003638875041985e-05,3.003638875041985e-05,1
2023-10-19,chicken_pox,Kerala,Thrissur,1,0.0003628079588537,0.0003628079588537,1
2023-10-19,dengue,Kerala,Alappuzha,1,0.22569875091596428,0.2255375029342516,2
2023-10-19,dengue,Kerala,Ernakulam,0,0.0,0.0,1
2023-10-19,dengue,Kerala,Kasaragod,0,0.0,0.0,1
2023-10-19,dengue,Kerala,Kollam,1,0.0,0.0,1
2023-10-19,dengue,Kerala,Malappuram,3,0.0020407947685523,0.0020407947685523,3
2023-10-19,dengue,Kerala,Palakkad,1,0.030314975220824,0.0264385244775578,2
2023-10-19,dengue,Kerala,Pathanamthitta,0,0.0679829651618695,0.0679829651618695,1
2023-10-19,dengue,Kerala,Thrissur,1,0.0004434319497101,0.0004434319497101,1
2023-10-19,fever_op,Kerala,Alappuzha,1,0.0002418719725691,0.0002418719725691,1
2023-10-19,hepatitis_b,Kerala,Kannur,1,0.0,0.0,1
2023-10-19,leptospirosis_confirmed,Kerala,Kannur,0,0.0006190062490505,0.0006190062490505,1
2023-10-19,leptospirosis_confirmed,Kerala,Kasaragod,0,0.0,0.0,1
2023-10-19,leptospirosis_probable,Kerala,Kollam,0,0.9999999983333334,0.9999999983333334,1
2023-10-19,leptospirosis_probable,Kerala,Pathanamthitta,0,0.0287332283178496,0.0287332283178496,1
2023-10-19,malaria,Kerala,Pathanamthitta,0,0.0022967066897444,0.0022967066897444,1
2023-10-19,scrub_typhus,Kerala,Ernakulam,0,0.0,0.0,1
2023-10-20,chicken_pox,Kerala,Idukki,1,0.000568707247046,0.000568707247046,1
2023-10-20,chicken_pox,Kerala,Thiruvananthapuram,2,0.9999999983333334,0.9999999983333334,2
2023-10-20,chicken_pox,Kerala,Thrissur,0,0.0016263413804035,0.0016263413804035,1
2023-10-20,dengue,Kerala,Ernakulam,1,0.0,0.0,1
2023-10-20,dengue,Kerala,Kasaragod,0,0.1872342820415845,0.1872342820415845,1
2023-10-20,dengue,Kerala,Kollam,2,0.0851746218477588,0.0851746218477588,2
2023-10-20,dengue,Kerala,Kozhikode,2,0.0,0.0,2
2023-10-20,dengue,Kerala,Pathanamthitta,1,0.0,0.0,2
2023-10-20,dengue,Kerala,Thiruvananthapuram,1,0.0,0.0,1
2023-10-20,dengue,Kerala,Thrissur,0,2.015599771409754e-05,2.015599771409754e-05,1
2023-10-20,dengue,Kerala,Wayanad,0,0.0,0.0,1
2023-10-20,hepatitis_a_probable,Kerala,Kannur,0,0.0,0.0,1
2023-10-20,hepatitis_c,Kerala,Ernakulam,0,0.0,0.0,1
2023-10-20,leptospirosis_probable,Kerala,Kollam,0,0.0211401313102923,0.0211401313102923,1
2023-10-20,leptospirosis_probable,Kerala,Malappuram,1,0.0,0.0,1
2023-10-20,malaria,Kerala,Ernakulam,0,0.010360192504756,0.010360192504756,2
2023-10-20,malaria,Kerala,Kasaragod,0,0.0,0.0,1
2023-10-20,malaria,Kerala,Kollam,0,0.0,0.0,1
2023-10-20,malaria,Kerala,Palakkad,0,0.0731179772226611,0.0731179772226611,1
2023-10-20,malaria,Kerala,Pathanamthitta,0,0.0692560081456391,0.0692560081456391,1
2023-10-21,acute_diarrheal_disease,Kerala,Kollam,1,0.0003628079588537,0.0003628079588537,1
2023-10-21,dengue,Kerala,Alappuzha,0,0.0,0.0,1
2023-10-21,dengue,Kerala,Ernakulam,1,0.0020649351731986,0.0014837445432081,2
2023-10-21,dengue,Kerala,Idukki,3,0.0241315719592918,0.0219201710672309,3
2023-10-21,dengue,Kerala,Kollam,0,0.0,0.0,1
2023-10-21,dengue,Kerala,Kottayam,1,0.0015318558262714,0.0015318558262714,1
2023-10-21,dengue,Kerala,Thiruvananthapuram,1,0.0,0.0,1
2023-10-21,dengue,Kerala,Thrissur,1,1.2403690900983095e-05,1.2403690900983095e-05,1
2023-10-21,fever_op,Kerala,Ernakulam,1,0.4185685519008553,0.4185685519008553,1
2023-10-21,fever_op,Kerala,Idukki,1,0.0003069596398313,0.0003069596398313,1
2023-10-21,fever_op,Kerala,Kasaragod,1,0.0,0.0,1
2023-10-21,fever_op,Kerala,Thiruvananthapuram,2,0.0010660960808761,0.0010660960808761,1
2023-10-21,hepatitis_a_confirmed,Kerala,Alappuzha,1,0.0,0.0,1
2023-10-21,hepatitis_a_confirmed,Kerala,Ernakulam,1,0.0013864958185267,0.0013864958185267,1
2023-10-21,hepatitis_a_confirmed,Kerala,Kannur,1,0.0002004970128941,0.0002004970128941,1
2023-10-21,hepatitis_a_confirmed,Kerala,Thiruvananthapuram,1,0.0010749865447518,0.0010749865447518,1
2023-10-21,hepatitis_a_probable,Kerala,Thrissur,1,0.0,0.0,1
2023-10-21,influenza_h1n1_seasonal,Kerala,Idukki,0,0.0,0.0,1
2023-10-21,leptospirosis_confirmed,Kerala,Kannur,1,0.0,0.0,1
2023-10-21,leptospirosis_confirmed,Kerala,Wayanad,1,0.0006388362063752,0.0006388362063752,1
2023-10-21,leptospirosis_probable,Kerala,Kasaragod,0,0.0,0.0,1
2023-10-21,leptospirosis_probable,Kerala,Kottayam,0,0.0013468949060714,0.0013468949060714,1
2023-10-21,malaria,Kerala,Alappuzha,0,0.0,0.0,1
2023-10-21,malaria,Kerala,Kannur,0,0.0001209359862845,0.0001209359862845,1
2023-10-21,malaria,Kerala,Kozhikode,0,0.000646283917919,0.000646283917919,1
2023-10-21,malaria,Kerala,Palakkad,0,0.0020191894153805,0.0020191894153805,1
2023-10-21,malaria,Kerala,Pathanamthitta,0,0.0,0.0,1
2023-10-21,scrub_typhus,Kerala,Kasaragod,1,0.0,0.0,1
2023-10-21,scrub_typhus,Kerala,Thiruvananthapuram,0,0.0002257471743978,0.0002257471743978,1
2023-10-21,zika,Kerala,Pathanamthitta,1,0.0,0.0,1
2023-10-22,chicken_pox,Kerala,Alappuzha,0,0.0,0.0,1
2023-10-22,chicken_pox,Kerala,Ernakulam,0,0.0,0.0,1
2023-10-22,chicken_pox,Kerala,Kozhikode,0,0.0351601534264433,0.0351601534264433,1
2023-10-22,dengue,Kerala,Kannur,1,0.0006184921572263,0.0006184921572263,1
2023-10-22,dengue,Kerala,Kottayam,1,0.0122296631451568,0.0122296631451568,1
2023-10-22,dengue,Kerala,Palakkad,0,0.0,0.0,2
2023-10-22,dengue,Kerala,Thiruvananthapuram,1,1.7916442412531142e-05,1.7916442412531142e-05,1
2023-10-22,dengue,Kerala,Wayanad,0,0.0062224995814629,0.0062224995814629,1
2023-10-22,hepatitis_a_confirmed,Kerala,Malappuram,0,0.0023145159558174,0.0023145159558174,1
2023-10-22,leptospirosis_confirmed,Kerala,Ernakulam,0,0.0,0.0,1
2023-10-22,malaria,Kerala,Thiruvananthapuram,0,0.0161982546133414,0.0161982546133414,1
2023-10-22,rabies_confirmed,Kerala,Kottayam,0,0.0,0.0,1
2023-10-23,chicken_pox,Kerala,Malappuram,1,0.0,0.0,1
2023-10-23,dengue,Kerala,Idukki,0,8.192733345271523e-05,8.192733345271523e-05,1
2023-10-23,dengue,Kerala,Kasaragod,0,0.0,0.0,1
2023-10-23,dengue,Kerala,Malappuram,1,0.0,0.0,1
2023-10-23,fever_op,Kerala,Idukki,1,4.845079582473021e-05,4.845079582473021e-05,1
2023-10-23,fever_op,Kerala,Palakkad,1,0.0,0.0,1
2023-10-23,fever_op,Kerala,Wayanad,0,0.7085162213448105,0.7085162213448105,1
2023-10-23,leptospirosis_confirmed,Kerala,Alappuzha,0,0.0,0.0,1
2023-10-23,leptospirosis_confirmed,Kerala,Idukki,0,0.5293177858464277,0.5293177858464277,1
2023-10-23,leptospirosis_probable,Kerala,Kozhikode,0,0.0,0.0,1
2023-10-23,shigella,Kerala,Kannur,0,0.0,0.0,1
2023-10-23,shigella,Kerala,Malappuram,0,0.0128466902648407,0.0128466902648407,1
2023-10-24,chicken_pox,Kerala,Pathanamthitta,0,0.0006784584890933,0.0006784584890933,1
2023-10-24,fever_op,Kerala,Alappuzha,1,0.0,0.0,1
2023-10-24,fever_op,Kerala,Kottayam,0,0.0,0.0,1
2023-10-24,fever_op,Kerala,Wayanad,0,0.0,0.0,1
2023-10-24,hepatitis_a_confirmed,Kerala,Ernakulam,1,0.0,0.0,1
2023-10-24,leptospirosis_confirmed,Kerala,Malappuram,0,0.851511733659102,0.851511733659102,1
2023-10-24,leptospirosis_confirmed,Kerala,Wayanad,1,0.003426621407703,0.003426621407703,1
2023-10-24,leptospirosis_probable,Kerala,Alappuzha,0,0.2626348829565532,0.2626348829565532,1
2023-10-24,leptospirosis_probable,Kerala,Kasaragod,0,0.0,0.0,1
2023-10-25,chicken_pox,Kerala,Thiruvananthapuram,0,0.0,0.0,1
2023-10-25,fever_ip,Kerala,Thiruvananthapuram,0,0.0,0.0,1
2023-10-25,fever_op,Kerala,Thrissur,1,0.0136394631854302,0.0136394631854302,1
2023-10-25,leptospirosis_probable,Kerala,Idukki,1,0.0290351777582171,0.0290351777582171,1
2023-10-25,leptospirosis_probable,Kerala,Malappuram,0,0.0141556621561248,0.0141556621561248,1
2023-10-25,leptospirosis_probable,Kerala,Thrissur,0,0.0,0.0,1
2023-10-25,shigella,Kerala,Kottayam,1,0.0003828260817169,0.0003828260817169,1
2023-10-26,fever_ip,Kerala,Ernakulam,1,0.0018368864152775,0.0018368864152775,1
2023-10-26,fever_ip,Kerala,Thiruvananthapuram,1,0.0,0.0,1
2023-10-26,fever_op,Kerala,Kottayam,1,0.1733486020812107,0.1733486020812107,1
2023-10-26,hepatitis_a_confirmed,Kerala,Thrissur,0,0.0036151083724923,0.0036151083724923,1
2023-10-26,leptospirosis_confirmed,Kerala,Kasaragod,0,0.0002418719725691,0.0002418719725691,1
2023-10-26,leptospirosis_confirmed,Kerala,Palakkad,1,0.0143510703724374,0.0143510703724374,1
2023-10-26,leptospirosis_probable,Kerala,Kasaragod,0,0.0010860483011354,0.0010860483011354,1
2023-10-26,leptospirosis_probable,Kerala,Kollam,0,0.0,0.0,1
2023-10-26,leptospirosis_probable,Kerala,Pathanamthitta,0,0.0004031199542819,0.0004031199542819,1
2023-10-26,shigella,Kerala,Ernakulam,0,0.0,0.0,1
2023-10-26,shigella,Kerala,Idukki,0,0.0,0.0,1
2023-10-27,fever_ip,Kerala,Idukki,1,0.0,0.0,1
2023-10-27,fever_ip,Kerala,Kollam,1,0.0,0.0,1
2023-10-27,hepatitis_a_confirmed,Kerala,Alappuzha,0,0.0,0.0,1
2023-10-27,hepatitis_a_confirmed,Kerala,Ernakulam,1,0.0015231557950443,0.0015231557950443,1
2023-10-27,hepatitis_a_confirmed,Kerala,Idukki,1,0.0,0.0,1
2023-10-27,leptospirosis_probable,Kerala,Kottayam,0,0.001269861779297,0.001269861779297,1
2023-10-28,acute_diarrheal_disease,Kerala,Malappuram,1,3.3198113882043e-05,3.3198113882043e-05,1
2023-10-28,amoebic_meningo_encephalitis_confirmed,Kerala,Thiruvananthapuram,1,0.0,0.0,1
2023-10-28,chicken_pox,Kerala,Kozhikode,0,0.0,0.0,1
2023-10-28,dengue,Kerala,Ernakulam,0,0.0001007799885704,0.0001007799885704,1
2023-10-28,dengue,Kerala,Kottayam,1,0.0,0.0,1
2023-10-28,dengue,Kerala,Palakkad,1,0.0004031199542819,0.0004031199542819,1
2023-10-28,dengue,Kerala,Pathanamthitta,1,0.0,0.0,1
2023-10-28,fever_ip,Kerala,Kollam,1,0.0,0.0,1
2023-10-28,fever_ip,Kerala,Thrissur,1,0.0,0.0,1
2023-10-28,hepatitis_a_confirmed,Kerala,Kottayam,1,0.0001074986544751,0.0001074986544751,1
2023-10-28,hepatitis_c,Kerala,Malappuram,0,0.0,0.0,1
2023-10-28,shigella,Kerala,Kasaragod,0,0.0008289798884138,0.0008289798884138,1
2023-10-28,shigella,Kerala,Pathanamthitta,0,0.0,0.0,1
2023-10-30,west_nile_confirmed,Kerala,Kollam,0,0.0,0.0,1
2023-11-04,acute_diarrheal_disease,Kerala,Kasaragod,1,0.0019307277873476,0.0019307277873476,1
2023-11-04,acute_diarrheal_disease,Kerala,Kozhikode,1,1.7276569469226453e-05,1.7276569469226453e-05,1
2023-11-04,chicken_pox,Kerala,Ernakulam,1,0.0,0.0,1
2023-11-04,dengue,Kerala,Thiruvananthapuram,1,0.0,0.0,1
2023-11-04,dengue,Kerala,Thrissur,0,0.0016124798171278,0.0016124798171278,1
2023-11-04,fever_op,Kerala,Wayanad,1,0.0002149973089503,0.0002149973089503,1
2023-11-04,hepatitis_a_confirmed,Kerala,Malappuram,0,0.0,0.0,1
2023-11-04,hepatitis_a_probable,Kerala,Ernakulam,1,0.0,0.0,1
2023-11-04,influenza_h1n1_seasonal,Kerala,Kottayam,0,0.0,0.0,2
2023-11-04,scrub_typhus,Kerala,Pathanamthitta,1,0.0001482413135926,0.0001482413135926,1
2023-11-08,influenza_h1n1_seasonal,Kerala,Kottayam,0,0.0,0.0,1
2023-11-08,influenza_h1n1_seasonal,Kerala,Wayanad,1,0.0,0.0,1
2023-11-09,influenza_h1n1_seasonal,Kerala,Kottayam,1,0.0076330620274342,0.0076330620274342,1
2023-11-09,influenza_h1n1_seasonal,Kerala,Malappuram,1,0.0,0.0,1
2023-11-09,influenza_h1n1_seasonal,Kerala,Thrissur,0,0.0,0.0,1
2023-11-09,influenza_h1n1_seasonal,Kerala,Wayanad,0,0.0130346111704255,0.0130346111704255,1
2023-11-10,influenza_h1n1_seasonal,Kerala,Kottayam,1,0.0120292079786061,0.0120292079786061,1
2023-11-10,influenza_h1n1_seasonal,Kerala,Malappuram,0,0.0,0.0,1
2023-11-10,influenza_h1n1_seasonal,Kerala,Palakkad,0,0.0024543608251476,0.0024543608251476,1
2023-11-11,acute_diarrheal_disease,Kerala,Thrissur,1,0.0,0.0,1
2023-11-11,acute_encephalitis_syndrome,Kerala,Pathanamthitta,1,0.0,0.0,1
2023-11-11,chicken_pox,Kerala,Malappuram,1,0.0004031199542819,0.0004031199542819,1
2023-11-11,dengue,Kerala,Kottayam,0,0.0039991341228527,0.0039991341228527,1
2023-11-11,dengue,Kerala,Kozhikode,1,0.0,0.0,1
2023-11-11,hepatitis_a_probable,Kerala,Palakkad,1,0.0,0.0,1
2023-11-11,hepatitis_b,Kerala,Thiruvananthapuram,0,0.0,0.0,1
2023-11-11,influenza_h1n1_seasonal,Kerala,Palakkad,0,0.0,0.0,1
2023-11-11,leptospirosis_confirmed,Kerala,Thiruvananthapuram,0,0.0008454114634174,0.0008454114634174,1
2023-11-11,malaria,Kerala,Pathanamthitta,0,0.0,0.0,1
2023-11-11,scrub_typhus,Kerala,Pathanamthitta,1,0.0062483592913702,0.0062483592913702,1
2023-11-11,typhoid,Kerala,Thrissur,0,0.0,0.0,1
2023-11-12,influenza_h1n1_seasonal,Kerala,Alappuzha,1,0.0,0.0,1
2023-11-12,influenza_h1n1_seasonal,Kerala,Pathanamthitta,0,0.0,0.0,1
2023-11-12,influenza_h1n1_seasonal,Kerala,Thiruvananthapuram,0,0.0553099445265771,0.0553099445265771,1
2023-11-12,influenza_h1n1_seasonal,Kerala,Wayanad,1,0.0,0.0,1
2023-11-13,influenza_h1n1_seasonal,Kerala,Malappuram,1,0.0596219951430516,0.0596219951430516,1
2023-11-13,influenza_h1n1_seasonal,Kerala,Thiruvananthapuram,0,0.0021235275125806,0.0021235275125806,1
2023-11-17,influenza_h1n1_seasonal,Kerala,Kollam,1,0.0039690568562368,0.0039690568562368,1
2023-11-18,acute_diarrheal_disease,Kerala,Kannur,1,0.0,0.0,1
2023-11-18,acute_diarrheal_disease,Kerala,Kasaragod,1,0.0,0.0,1
2023-11-18,acute_diarrheal_disease,Kerala,Palakkad,1,0.0,0.0,1
2023-11-18,acute_encephalitis_syndrome,Kerala,Ernakulam,1,6.803160993758527e-05,6.803160993758527e-05,1
2023-11-18,dengue,Kerala,Kannur,0,0.0006456896089059,0.0006456896089059,1
2023-11-18,dengue,Kerala,Kasaragod,1,0.0035176694017029,0.0035176694017029,1
2023-11-18,dengue,Kerala,Kottayam,1,0.0,0.0,1
2023-11-18,dengue,Kerala,Thrissur,0,0.0001353331275089,0.0001353331275089,1
2023-11-18,food_poisoning,Kerala,Ernakulam,0,0.0022987858461504,0.0022987858461504,1
2023-11-18,influenza_h1n1_seasonal,Kerala,Ernakulam,0,0.0,0.0,1
2023-11-18,influenza_h1n1_seasonal,Kerala,Pathanamthitta,1,0.9999999983333334,0.9999999983333334,1
2023-11-18,influenza_h1n1_seasonal,Kerala,Thiruvananthapuram,0,0.0013563370954083,0.0013563370954083,1
2023-11-19,acute_diarrheal_disease,Kerala,Ernakulam,1,0.0,0.0,1
2023-11-19,hepatitis_b,Kerala,Ernakulam,1,0.0156542104451134,0.0156542104451134,1
2023-11-19,hepatitis_b,Kerala,Kottayam,0,0.0125043172754404,0.0125043172754404,1
2023-11-19,hepatitis_b,Kerala,Wayanad,0,0.0,0.0,1
2023-11-19,influenza_h1n1_seasonal,Kerala,Pathanamthitta,0,0.0,0.0,1
2023-11-19,scrub_typhus,Kerala,Kollam,0,0.0,0.0,1
2023-11-19,scrub_typhus,Kerala,Pathanamthitta,0,0.1599948279686945,0.1599948279686945,1
2023-11-19,typhoid,Kerala,Ernakulam,0,0.0014192119468498,0.0014192119468498,1
2023-11-20,acute_diarrheal_disease,Kerala,Alappuzha,1,0.0,0.0,1
2023-11-20,acute_diarrheal_disease,Kerala,Kottayam,1,0.0004031199542819,0.0004031199542819,1
2023-11-20,acute_diarrheal_disease,Kerala,Malappuram,1,0.0,0.0,1
2023-11-20,acute_diarrheal_disease,Kerala,Palakkad,2,0.00011421732037988604,6.0467993142292616e-05,2
2023-11-20,acute_diarrheal_disease,Kerala,Thiruvananthapuram,1,0.0,0.0,1
2023-11-20,hepatitis_b,Kerala,Alappuzha,1,0.0112546069872927,0.0112546069872927,1
2023-11-20,hepatitis_b,Kerala,Idukki,1,0.0,0.0,1
2023-11-20,hepatitis_b,Kerala,Kozhikode,1,0.0021770197062467,0.0021770197062467,1
2023-11-20,influenza_h1n1_seasonal,Kerala,Kozhikode,0,0.0,0.0,1
2023-11-20,scrub_typhus,Kerala,Pathanamthitta,0,9.674937949140096e-05,9.674937949140096e-05,1
2023-11-20,typhoid,Kerala,Alappuzha,0,0.0,0.0,1
2023-11-20,typhoid,Kerala,Kottayam,0,0.0016579597768276,0.0016579597768276,1
2023-11-21,acute_diarrheal_disease,Kerala,Ernakulam,1,0.0017468531352217,0.0017468531352217,1
2023-11-21,acute_diarrheal_disease,Kerala,Kannur,1,0.9999999983333334,0.9999999983333334,1
2023-11-21,acute_diarrheal_disease,Kerala,Malappuram,1,0.0,0.0,1
2023-11-21,acute_diarrheal_disease,Kerala,Palakkad,0,0.0006941759066305,0.0006941759066305,1
2023-11-21,acute_diarrheal_disease,Kerala,Wayanad,1,0.0002091890018809,0.0002091890018809,1
2023-11-21,cholera,Kerala,Alappuzha,1,0.0281886698127287,0.0281886698127287,1
2023-11-21,hepatitis_a_probable,Kerala,Kottayam,0,0.0004031199542819,0.0004031199542819,1
2023-11-21,hepatitis_a_probable,Kerala,Palakkad,1,0.0,0.0,1
2023-11-21,hepatitis_b,Kerala,Ernakulam,2,0.0036187623452367344,0.0035703879507229,2
2023-11-21,hepatitis_b,Kerala,Kollam,0,0.0555787345363528,0.0555787345363528,1
2023-11-21,influenza_h1n1_seasonal,Kerala,Kannur,1,0.0,0.0,1
2023-11-21,influenza_h1n1_seasonal,Kerala,Palakkad,0,0.0,0.0,1
2023-11-21,influenza_h1n1_seasonal,Kerala,Pathanamthitta,1,5.795279225613556e-05,5.795279225613556e-05,1
2023-11-21,scrub_typhus,Kerala,Kollam,1,0.0002975133932991,0.0002975133932991,1
2023-11-22,acute_diarrheal_disease,Kerala,Kottayam,1,0.0,0.0,1
2023-11-22,dengue,Kerala,Ernakulam,0,0.0,0.0,1
2023-11-22,dengue,Kerala,Thrissur,1,0.0005643679359947,0.0005643679359947,1
2023-11-22,hepatitis_a_probable,Kerala,Ernakulam,0,0.0,0.0,1
2023-11-22,hepatitis_a_probable,Kerala,Thrissur,1,0.0540994851232343,0.0540994851232343,1
2023-11-22,hepatitis_b,Kerala,Kollam,0,0.0,0.0,1
2023-11-22,hepatitis_b,Kerala,Malappuram,0,0.4113272604162463,0.4113272604162463,1
2023-11-22,hepatitis_b,Kerala,Thiruvananthapuram,1,0.0,0.0,1
2023-11-22,scrub_typhus,Kerala,Thiruvananthapuram,0,0.0,0.0,1
2023-11-22,typhoid,Kerala,Kozhikode,0,0.0543468333785981,0.0543468333785981,1
2023-11-22,typhoid,Kerala,Malappuram,0,0.0,0.0,1
2023-11-23,acute_diarrheal_disease,Kerala,Idukki,1,0.9999999983333334,0.9999999983333334,1
2023-11-23,acute_diarrheal_disease,Kerala,Kannur,0,0.0,0.0,1
2023-11-23,acute_diarrheal_disease,Kerala,Kollam,1,0.0172826368232415,0.0172826368232415,1
2023-11-23,acute_diarrheal_disease,Kerala,Pathanamthitta,0,0.0001612479817127,0.0001612479817127,1
2023-11-23,dengue,Kerala,Ernakulam,1,2.9612217093771247e-05,2.9612217093771247e-05,2
2023-11-23,dengue,Kerala,Idukki,1,0.0,0.0,1
2023-11-23,dengue,Kerala,Kottayam,0,0.0,0.0,1
2023-11-23,dengue,Kerala,Malappuram,1,0.0,0.0,1
2023-11-23,dengue,Kerala,Palakkad,0,0.0,0.0,1
2023-11-23,dengue,Kerala,Thiruvananthapuram,1,0.0004251083154246,0.0004251083154246,1
2023-11-23,dengue,Kerala,Wayanad,1,0.0,0.0,2
2023-11-23,hepatitis_a_probable,Kerala,Alappuzha,1,0.0,0.0,1
2023-11-23,hepatitis_a_probable,Kerala,Kasaragod,0,0.0,0.0,1
2023-11-23,hepatitis_b,Kerala,Idukki,0,0.0,0.0,1
2023-11-23,hepatitis_b,Kerala,Palakkad,0,0.0063289832822266,0.0063289832822266,1
2023-11-23,hepatitis_b,Kerala,Thrissur,1,0.0,0.0,1
2023-11-23,hepatitis_c,Kerala,Ernakulam,0,0.0,0.0,1
2023-11-23,scrub_typhus,Kerala,Kannur,0,0.0016590331615284,0.0016590331615284,1
2023-11-23,scrub_typhus,Kerala,Kasaragod,0,0.0,0.0,1
2023-11-23,scrub_typhus,Kerala,Kollam,0,0.0008625805031959,0.0008625805031959,1
2023-11-24,acute_diarrheal_disease,Kerala,Alappuzha,0,0.0072065950263133,0.0072065950263133,1
2023-11-24,acute_diarrheal_disease,Kerala,Kasaragod,0,0.0,0.0,1
2023-11-24,acute_diarrheal_disease,Kerala,Kollam,1,0.0,0.0,1
2023-11-24,acute_diarrheal_disease,Kerala,Kottayam,1,0.0,0.0,1
2023-11-24,acute_encephalitis_syndrome,Kerala,Kasaragod,0,0.0,0.0,1
2023-11-24,dengue,Kerala,Alappuzha,1,0.0012255690459734,0.0012255690459734,2
2023-11-24,dengue,Kerala,Ernakulam,1,0.0,0.0,1
2023-11-24,dengue,Kerala,Kannur,0,0.0,0.0,1
2023-11-24,dengue,Kerala,Kasaragod,1,0.9999999983333334,0.9999999983333334,2
2023-11-24,dengue,Kerala,Kozhikode,2,0.0019760167319602,0.0018631431447613,2
2023-11-24,dengue,Kerala,Malappuram,1,0.0077064902926742,0.0077064902926742,1
2023-11-24,dengue,Kerala,Pathanamthitta,0,0.0,0.0,1
2023-11-24,dengue,Kerala,Thiruvananthapuram,0,0.0,0.0,1
2023-11-24,food_poisoning,Kerala,Malappuram,1,0.003255451560513,0.003255451560513,1
2023-11-24,hepatitis_c,Kerala,Kannur,0,0.0,0.0,1
2023-11-24,malaria,Kerala,Alappuzha,0,0.0,0.0,1
2023-11-24,scrub_typhus,Kerala,Kollam,0,0.0,0.0,1
2023-11-24,scrub_typhus,Kerala,Pathanamthitta,0,0.0,0.0,1
2023-11-25,dengue,Kerala,Alappuzha,1,0.0,0.0,1
2023-11-25,dengue,Kerala,Ernakulam,1,0.0,0.0,1
2023-11-25,dengue,Kerala,Idukki,1,4.479110603132786e-05,4.479110603132786e-05,1
2023-11-25,dengue,Kerala,Kannur,0,0.0023278963032598,0.0023278963032598,1
2023-11-25,dengue,Kerala,Kollam,0,0.0,0.0,1
2023-11-25,dengue,Kerala,Kottayam,0,0.0,0.0,1
2023-11-25,dengue,Kerala,Malappuram,1,0.0098847628617422,0.0098847628617422,1
2023-11-25,dengue,Kerala,Palakkad,1,0.0005240559405665,0.0005240559405665,2
2023-11-25,dengue,Kerala,Pathanamthitta,1,0.0,0.0,1
2023-11-25,dengue,Kerala,Thiruvananthapuram,1,0.0,0.0,1
2023-11-25,dengue,Kerala,Thrissur,2,0.0421068218754694,0.0421068218754694,2
2023-11-25,hepatitis_a_probable,Kerala,Palakkad,1,0.0,0.0,1
2023-11-25,hepatitis_c,Kerala,Alappuzha,0,0.0015584339554216,0.0015584339554216,2
2023-11-25,influenza_h1n1_seasonal,Kerala,Alappuzha,0,0.0017726077608968,0.0017726077608968,1
2023-11-25,leptospirosis_probable,Kerala,Kasaragod,0,0.0,0.0,1
2023-11-25,malaria,Kerala,Ernakulam,0,0.0005492939259902,0.0005492939259902,1
2023-11-25,malaria,Kerala,Palakkad,0,0.0009974129186244,0.0009974129186244,1
2023-11-25,rabies_confirmed,Kerala,Kasaragod,0,0.0,0.0,1
2023-11-26,dengue,Kerala,Ernakulam,1,0.0004834851167807,0.0004834851167807,1
2023-11-26,dengue,Kerala,Kannur,1,0.0016931038079841,0.0016931038079841,1
2023-11-26,dengue,Kerala,Kottayam,1,0.0006973975209077,0.0006973975209077,1
2023-11-26,dengue,Kerala,Malappuram,1,0.0,0.0,1
2023-11-26,dengue,Kerala,Pathanamthitta,1,0.0,0.0,1
2023-11-26,dengue,Kerala,Thiruvananthapuram,2,0.0100596263206185,0.0100596263206185,2
2023-11-26,dengue,Kerala,Thrissur,2,0.0,0.0,2
2023-11-26,food_poisoning,Kerala,Kottayam,0,0.000402483537465,0.000402483537465,1
2023-11-26,hepatitis_a_probable,Kerala,Thrissur,1,0.0033593329523495,0.0033593329523495,1
2023-11-26,hepatitis_b,Kerala,Idukki,0,0.0009394793973048,0.0009394793973048,1
2023-11-26,hepatitis_b,Kerala,Kasaragod,1,1.400927817691882e-05,1.400927817691882e-05,1
2023-11-26,hepatitis_c,Kerala,Kottayam,0,0.0,0.0,1
2023-11-26,hepatitis_c,Kerala,Malappuram,0,0.0,0.0,1
2023-11-26,malaria,Kerala,Kasaragod,0,0.0001566934789347,0.0001566934789347,1
2023-11-26,malaria,Kerala,Thiruvananthapuram,0,0.0,0.0,1
2023-11-26,malaria,Kerala,Wayanad,1,6.0467993142292616e-05,6.0467993142292616e-05,1
2023-11-27,chicken_pox,Kerala,Thiruvananthapuram,0,0.0001074986544751,0.0001074986544751,1
2023-11-27,dengue,Kerala,Kasaragod,1,0.0002533896855486,0.0002533896855486,2
2023-11-27,dengue,Kerala,Kollam,0,0.0060199246506104,0.0060199246506104,1
2023-11-27,dengue,Kerala,Malappuram,2,0.0952950827049502,0.0952950827049502,2
2023-11-27,dengue,Kerala,Palakkad,1,0.0004434319497101,0.0004434319497101,1
2023-11-27,dengue,Kerala,Pathanamthitta,1,0.0044571169918413,0.0036191213673312,3
2023-11-27,dengue,Kerala,Thiruvananthapuram,1,0.0004299946179007,0.0004299946179007,1
2023-11-27,dengue,Kerala,Thrissur,2,0.0176218196353095,0.0176218196353095,2
2023-11-27,food_poisoning,Kerala,Kasaragod,1,0.0,0.0,1
2023-11-27,food_poisoning,Kerala,Malappuram,1,0.021166106609595,0.021166106609595,1
2023-11-27,hepatitis_a_confirmed,Kerala,Kollam,1,0.0013428072584961,0.0013428072584961,1
2023-11-27,hepatitis_a_confirmed,Kerala,Palakkad,1,0.003387159561276,0.003387159561276,1
2023-11-27,hepatitis_b,Kerala,Malappuram,0,0.0001244499113423,0.0001244499113423,1
2023-11-27,hepatitis_c,Kerala,Kollam,0,0.0,0.0,1
2023-11-27,hepatitis_c,Kerala,Kozhikode,0,0.0,0.0,1
2023-11-27,leptospirosis_confirmed,Kerala,Wayanad,0,0.0002539385094526,0.0002539385094526,1
2023-11-28,chicken_pox,Kerala,Kannur,1,0.0040280513340953,0.0040280513340953,1
2023-11-28,chicken_pox,Kerala,Malappuram,1,0.0195501021846152,0.0195501021846152,1
2023-11-28,dengue,Kerala,Idukki,0,0.0,0.0,1
2023-11-28,dengue,Kerala,Kannur,0,0.0,0.0,1
2023-11-28,dengue,Kerala,Kasaragod,1,0.0,0.0,1
2023-11-28,dengue,Kerala,Kollam,0,0.0834963309712903,0.0834963309712903,1
2023-11-28,dengue,Kerala,Malappuram,1,0.0,0.0,1
2023-11-28,dengue,Kerala,Pathanamthitta,1,0.0,0.0,1
2023-11-28,dengue,Kerala,Thiruvananthapuram,1,0.0004146207615015,0.0004146207615015,1
2023-11-28,dengue,Kerala,Thrissur,0,0.0,0.0,1
2023-11-28,dengue,Kerala,Wayanad,1,0.0143510703724374,0.0143510703724374,1
2023-11-28,fever_op,Kerala,Idukki,1,0.0,0.0,1
2023-11-28,food_poisoning,Kerala,Thiruvananthapuram,0,2.6874663618796715e-05,2.6874663618796715e-05,1
2023-11-28,hepatitis_b,Kerala,Ernakulam,1,0.0,0.0,1
2023-11-28,hepatitis_c,Kerala,Palakkad,0,0.0,0.0,1
2023-11-29,chicken_pox,Kerala,Alappuzha,1,0.0,0.0,1
2023-11-29,chicken_pox,Kerala,Kannur,1,0.0,0.0,1
2023-11-29,food_poisoning,Kerala,Palakkad,1,0.0003099199589947,0.0003099199589947,1
2023-11-29,hepatitis_a_confirmed,Kerala,Palakkad,1,0.0002150567552804,0.0002150567552804,1
2023-11-29,hepatitis_b,Kerala,Kottayam,0,0.0,0.0,1
2023-11-29,hepatitis_c,Kerala,Kozhikode,0,0.0015119766837861,0.0015119766837861,1
2023-11-29,leptospirosis_confirmed,Kerala,Thrissur,1,0.0014329082011294,0.0014329082011294,1
2023-11-29,leptospirosis_probable,Kerala,Idukki,1,0.0643522249236427,0.0643522249236427,1
2023-11-30,chicken_pox,Kerala,Ernakulam,0,0.0001167439848076,0.0001167439848076,1
2023-11-30,chicken_pox,Kerala,Kollam,0,0.0,0.0,1
2023-11-30,chicken_pox,Kerala,Thrissur,1,0.0082438030650658,0.0082438030650658,1
2023-11-30,hepatitis_a_confirmed,Kerala,Alappuzha,1,0.0024097615044854,0.0024097615044854,1
2023-11-30,hepatitis_a_confirmed,Kerala,Idukki,1,0.1035307655340986,0.1035307655340986,1
2023-11-30,hepatitis_a_confirmed,Kerala,Kannur,0,8.062399085639016e-05,8.062399085639016e-05,1
2023-11-30,hepatitis_a_confirmed,Kerala,Malappuram,0,0.0018642593827626,0.0018642593827626,1
2023-11-30,hepatitis_b,Kerala,Palakkad,1,0.0,0.0,2
2023-12-02,acute_diarrheal_disease,Kerala,Thrissur,1,0.0,0.0,1
2023-12-02,dengue,Kerala,Pathanamthitta,1,0.0001289983853702,0.0001289983853702,1
2023-12-02,influenza_h1n1_seasonal,Kerala,Thiruvananthapuram,0,0.0007171055034443,0.0007171055034443,1
2023-12-02,malaria,Kerala,Palakkad,0,0.0,0.0,1
2023-12-02,scrub_typhus,Kerala,Thrissur,0,0.0,0.0,1
2023-12-05,hepatitis_e,Kerala,Ernakulam,0,0.0,0.0,1
2023-12-09,acute_diarrheal_disease,Kerala,Idukki,0,0.0,0.0,1
2023-12-09,acute_diarrheal_disease,Kerala,Malappuram,0,0.0,0.0,1
2023-12-09,hepatitis_a_probable,Kerala,Alappuzha,1,0.0005240559405665,0.0005240559405665,1
2023-12-09,influenza_h1n1_seasonal,Kerala,Ernakulam,0,0.0,0.0,1
2023-12-09,malaria,Kerala,Alappuzha,0,0.000870739101249,0.000870739101249,1
2023-12-09,scrub_typhus,Kerala,Kollam,0,0.006403498677576,0.006403498677576,1
2023-12-09,typhoid,Kerala,Malappuram,0,0.0,0.0,1
2023-12-16,malaria,Kerala,Alappuzha,0,0.0166401742220293,0.0166401742220293,1
2023-12-22,influenza_h1n1_seasonal,Kerala,Kottayam,0,0.0021352306989344,0.0021352306989344,1
2023-12-23,dengue,Kerala,Thrissur,1,0.0,0.0,1
2023-12-23,influenza_h1n1_seasonal,Kerala,Alappuzha,1,0.0,0.0,1
2023-12-23,influenza_h1n1_seasonal,Kerala,Ernakulam,0,0.0907050197431786,0.0907050197431786,1
2023-12-23,influenza_h1n1_seasonal,Kerala,Kottayam,1,0.0001074986544751,0.0001074986544751,1
2023-12-23,influenza_h1n1_seasonal,Kerala,Malappuram,0,0.000444723940778,0.000444723940778,1
2023-12-23,scrub_typhus,Kerala,Alappuzha,0,0.0,0.0,1
2023-12-25,acute_diarrheal_disease,Kerala,Kottayam,0,0.2122257340728656,0.2122257340728656,1
2023-12-25,acute_diarrheal_disease,Kerala,Thrissur,0,0.0017377088027442,0.0017377088027442,1
2023-12-25,influenza_h1n1_seasonal,Kerala,Ernakulam,0,0.0,0.0,1
2023-12-25,typhoid,Kerala,Thrissur,1,0.0,0.0,1
2023-12-26,acute_diarrheal_disease,Kerala,Ernakulam,0,0.0003582758410245,0.0003582758410245,1
2023-12-26,acute_diarrheal_disease,Kerala,Kollam,1,0.0,0.0,1
2023-12-26,acute_diarrheal_disease,Kerala,Malappuram,1,0.00580492734166,0.00580492734166,1
2023-12-26,acute_encephalitis_syndrome,Kerala,Kottayam,1,0.0004405325050799,0.0004405325050799,1
2023-12-26,acute_encephalitis_syndrome,Kerala,Thiruvananthapuram,0,0.0,0.0,1
2023-12-26,influenza_h1n1_seasonal,Kerala,Idukki,1,0.0,0.0,1
2023-12-26,influenza_h1n1_seasonal,Kerala,Kozhikode,0,0.0,0.0,1
2023-12-26,scrub_typhus,Kerala,Kollam,0,0.0142159032723132,0.0142159032723132,1
2023-12-26,scrub_typhus,Kerala,Palakkad,0,0.0,0.0,1
2023-12-26,typhoid,Kerala,Pathanamthitta,0,0.4071764869327785,0.4071764869327785,1
2023-12-27,acute_diarrheal_disease,Kerala,Alappuzha,1,0.0,0.0,1
2023-12-27,acute_diarrheal_disease,Kerala,Ernakulam,1,0.042643256857449,0.042643256857449,1
2023-12-27,acute_diarrheal_disease,Kerala,Kollam,0,0.0146780681547378,0.0146780681547378,1
2023-12-27,acute_diarrheal_disease,Kerala,Malappuram,1,0.2331599822451839,0.2331599822451839,1
2023-12-27,acute_diarrheal_disease,Kerala,Palakkad,1,4.031199542819508e-05,4.031199542819508e-05,2
2023-12-27,acute_diarrheal_disease,Kerala,Wayanad,1,0.0,0.0,1
2023-12-27,acute_encephalitis_syndrome,Kerala,Kottayam,1,0.006129863830659,0.006129863830659,1
2023-12-27,influenza_h1n1_seasonal,Kerala,Kottayam,0,0.0005298147970562,0.0005298147970562,1
2023-12-27,malaria,Kerala,Wayanad,1,6.910627787690584e-05,6.910627787690584e-05,1
2023-12-27,scrub_typhus,Kerala,Thiruvananthapuram,0,8.062399085639016e-05,8.062399085639016e-05,1
2023-12-27,typhoid,Kerala,Kasaragod,1,0.0,0.0,1
2023-12-28,acute_diarrheal_disease,Kerala,Palakkad,0,0.0,0.0,1
2023-12-28,acute_diarrheal_disease,Kerala,Wayanad,1,0.0,0.0,1
2023-12-28,influenza_h1n1_seasonal,Kerala,Alappuzha,0,0.0,0.0,1
2023-12-28,influenza_h1n1_seasonal,Kerala,Idukki,1,0.0,0.0,1
2023-12-28,influenza_h1n1_seasonal,Kerala,Palakkad,0,0.0,0.0,1
2023-12-28,influenza_h1n1_seasonal,Kerala,Thrissur,1,0.0024329036197034,0.0024329036197034,2
2023-12-28,malaria,Kerala,Pathanamthitta,0,0.0,0.0,1
2023-12-29,acute_diarrheal_disease,Kerala,Alappuzha,0,0.0,0.0,1
2023-12-29,acute_diarrheal_disease,Kerala,Kasaragod,1,0.0,0.0,1
2023-12-29,acute_diarrheal_disease,Kerala,Kozhikode,1,0.0,0.0,1
2023-12-29,acute_diarrheal_disease,Kerala,Malappuram,1,0.0,0.0,1
2023-12-29,acute_encephalitis_syndrome,Kerala,Kozhikode,0,0.0104947717992585,0.0104947717992585,1
2023-12-29,fever_ip,Kerala,Kannur,0,0.0001180565580397,0.0001180565580397,1
2023-12-29,fever_ip,Kerala,Malappuram,2,0.0,0.0,2
2023-12-29,fever_ip,Kerala,Palakkad,1,0.0,0.0,1
2023-12-29,fever_ip,Kerala,Pathanamthitta,1,0.0,0.0,1
2023-12-29,fever_op,Kerala,Alappuzha,1,0.0,0.0,1
2023-12-29,fever_op,Kerala,Ernakulam,1,0.0003871313918108,0.0003871313918108,1
2023-12-29,fever_op,Kerala,Kottayam,1,0.0,0.0,1
2023-12-29,scrub_typhus,Kerala,Palakkad,1,0.0001074986544751,0.0001074986544751,1
2023-12-30,acute_diarrheal_disease,Kerala,Kozhikode,1,0.0001727656946922,0.0001727656946922,1
2023-12-30,acute_diarrheal_disease,Kerala,Thiruvananthapuram,1,0.0,0.0,1
2023-12-30,acute_diarrheal_disease,Kerala,Thrissur,1,0.0002355827605017,0.0002355827605017,1
2023-12-30,dengue,Kerala,Alappuzha,1,0.0,0.0,2
2023-12-30,dengue,Kerala,Ernakulam,0,0.0024855059095796,0.0024855059095796,1
2023-12-30,dengue,Kerala,Kannur,1,0.0216447839195635,0.0216447839195635,1
2023-12-30,dengue,Kerala,Kollam,0,0.0,0.0,1
2023-12-30,dengue,Kerala,Thiruvananthapuram,0,0.0,0.0,1
2023-12-30,dengue,Kerala,Thrissur,1,8.062399085639016e-05,8.062399085639016e-05,1
2023-12-30,fever_ip,Kerala,Idukki,0,0.0,0.0,1
2023-12-30,fever_ip,Kerala,Kozhikode,1,0.0,0.0,1
2023-12-30,fever_ip,Kerala,Malappuram,1,3.2249596342556054e-05,3.2249596342556054e-05,1
2023-12-30,fever_ip,Kerala,Thiruvananthapuram,1,0.0017127181523777,0.0017127181523777,1
2023-12-30,hepatitis_a_probable,Kerala,Thrissur,1,0.0,0.0,1
2023-12-30,hepatitis_c,Kerala,Ernakulam,0,0.0002015599771409,0.0002015599771409,1
2023-12-30,hepatitis_c,Kerala,Pathanamthitta,0,0.0016124798171278,0.0016124798171278,1
2023-12-30,influenza_h1n1_seasonal,Kerala,Ernakulam,0,0.0,0.0,1
2023-12-30,leptospirosis_confirmed,Kerala,Thrissur,0,0.0,0.0,1
2023-12-30,malaria,Kerala,Idukki,0,0.0,0.0,1
2023-12-30,malaria,Kerala,Kasaragod,0,0.0,0.0,1
2023-12-30,scrub_typhus,Kerala,Kollam,0,0.7791292600888409,0.7791292600888409,1
2023-12-30,scrub_typhus,Kerala,Palakkad,1,0.0002418719725691,0.0002418719725691,1
2023-12-31,acute_diarrheal_disease,Kerala,Kozhikode,1,0.0,0.0,1
2023-12-31,acute_diarrheal_disease,Kerala,Palakkad,0,0.0,0.0,1
2023-12-31,acute_diarrheal_disease,Kerala,Pathanamthitta,0,0.6192966956936342,0.6192966956936342,1
2023-12-31,dengue,Kerala,Alappuzha,0,0.0,0.0,2
2023-12-31,dengue,Kerala,Ernakulam,1,0.0,0.0,1
2023-12-31,dengue,Kerala,Kannur,1,0.0,0.0,1
2023-12-31,dengue,Kerala,Kollam,1,0.0052794984323585,0.0052794984323585,2
2023-12-31,dengue,Kerala,Malappuram,1,4.8374394513834085e-05,4.8374394513834085e-05,1
2023-12-31,dengue,Kerala,Wayanad,1,0.0001209359862845,0.0001209359862845,1
2023-12-31,fever_ip,Kerala,Idukki,1,0.0,0.0,1
2023-12-31,fever_op,Kerala,Kozhikode,1,0.0053421645032249,0.0053421645032249,1
2023-12-31,fever_op,Kerala,Wayanad,1,0.0178351861404756,0.0178351861404756,1
2023-12-31,hepatitis_a_probable,Kerala,Alappuzha,0,0.0029581696986376,0.0029581696986376,1
2023-12-31,hepatitis_a_probable,Kerala,Kasaragod,1,0.0,0.0,1
2023-12-31,influenza_h1n1_seasonal,Kerala,Thrissur,1,0.0,0.0,1
2023-12-31,leptospirosis_confirmed,Kerala,Kannur,0,0.0,0.0,1
2023-12-31,leptospirosis_confirmed,Kerala,Wayanad,1,8.062399085639016e-05,8.062399085639016e-05,1
2023-12-31,malaria,Kerala,Idukki,0,0.0128296679235552,0.0128296679235552,1
2023-12-31,malaria,Kerala,Malappuram,0,0.9999999983333334,0.9999999983333334,2
2023-12-31,scrub_typhus,Kerala,Kottayam,0,0.0004057771455511,0.0004057771455511,1
2023-12-31,scrub_typhus,Kerala,Pathanamthitta,0,0.0,0.0,1
2023-12-31,scrub_typhus,Kerala,Thrissur,0,0.0,0.0,1
2024-01-01,acute_diarrheal_disease,Kerala,Kannur,1,0.0,0.0,1
2024-01-01,acute_diarrheal_disease,Kerala,Thrissur,1,0.0,0.0,1
2024-01-01,chicken_pox,Kerala,Malappuram,0,0.0,0.0,1
2024-01-01,hepatitis_c,Kerala,Ernakulam,1,0.00034730334522746617,0.0003224959634255,2
2024-01-01,hepatitis_c,Kerala,Idukki,0,0.0246939004868705,0.0246939004868705,1
2024-01-01,hepatitis_c,Kerala,Kasaragod,0,0.0,0.0,1
2024-01-01,leptospirosis_confirmed,Kerala,Thrissur,0,0.0009025417394246,0.0009025417394246,1
2024-01-01,malaria,Kerala,Alappuzha,0,0.0707404631799739,0.0707404631799739,1
2024-01-01,malaria,Kerala,Thiruvananthapuram,1,0.0,0.0,1
2024-01-02,acute_diarrheal_disease,Kerala,Ernakulam,1,0.0,0.0,1
2024-01-02,acute_diarrheal_disease,Kerala,Kollam,0,8.062399085639016e-05,8.062399085639016e-05,1
2024-01-02,acute_diarrheal_disease,Kerala,Malappuram,1,0.0007699970439693,0.0007699970439693,2
2024-01-02,chicken_pox,Kerala,Alappuzha,1,0.0038056106664813,0.0038056106664813,1
2024-01-02,chicken_pox,Kerala,Kollam,0,0.0,0.0,1
2024-01-02,chicken_pox,Kerala,Thiruvananthapuram,0,0.0001266948427743,0.0001266948427743,1
2024-01-02,chicken_pox,Kerala,Thrissur,1,0.0002947693454264,0.0002947693454264,1
2024-01-02,hepatitis_c,Kerala,Palakkad,0,0.0187910741002714,0.0187910741002714,1
2024-01-02,leptospirosis_confirmed,Kerala,Kottayam,0,0.0,0.0,1
2024-01-02,leptospirosis_confirmed,Kerala,Palakkad,1,0.0,0.0,1
2024-01-03,acute_diarrheal_disease,Kerala,Kasaragod,0,0.0011367359028396,0.0011367359028396,1
2024-01-03,acute_diarrheal_disease,Kerala,Malappuram,0,0.0,0.0,1
2024-01-03,amoebic_meningo_encephalitis_confirmed,Kerala,Thiruvananthapuram,1,0.3362361537629679,0.3362361537629679,1
2024-01-03,chicken_pox,Kerala,Alappuzha,0,0.0,0.0,1
2024-01-03,chicken_pox,Kerala,Thiruvananthapuram,1,0.0004403310269849,0.0004403310269849,1
2024-01-04,acute_diarrheal_disease,Kerala,Ernakulam,1,0.001048111881133,0.001048111881133,1
2024-01-04,acute_diarrheal_disease,Kerala,Idukki,1,0.0024187197256917,0.0024187197256917,1
2024-01-13,acute_diarrheal_disease,Kerala,Thiruvananthapuram,1,0.0032153270630157,0.0032153270630157,1
2024-01-13,acute_diarrheal_disease,Kerala,Thrissur,1,0.0410350303276012,0.0410350303276012,1
2024-01-13,chicken_pox,Kerala,Idukki,0,0.0001861993283008,0.0001861993283008,1
2024-01-13,hepatitis_c,Kerala,Alappuzha,0,0.0052976672849765,0.0052976672849765,1
2024-01-13,leptospirosis_confirmed,Kerala,Malappuram,0,5.51637832175301e-05,5.51637832175301e-05,1
2024-01-14,amoebic_meningo_encephalitis_confirmed,Kerala,Palakkad,1,0.0,0.0,1
2024-01-20,acute_diarrheal_disease,Kerala,Thrissur,0,8.566299028491453e-05,8.566299028491453e-05,1
2024-01-27,malaria,Kerala,Palakkad,1,0.000356442906944,0.000356442906944,1
2024-02-01,dengue,Kerala,Idukki,1,0.0005596253482972,0.0005596253482972,1
2024-02-01,typhoid,Kerala,Thrissur,1,5.473771651465052e-05,5.473771651465052e-05,1
2024-02-02,hepatitis_a_probable,Kerala,Kozhikode,0,0.0026326505086069,0.0026326505086069,1
2024-02-02,shigella,Kerala,Ernakulam,0,0.0356047998686726,0.0356047998686726,2
2024-02-02,typhoid,Kerala,Malappuram,0,0.0,0.0,1
2024-02-03,hepatitis_a_probable,Kerala,Malappuram,1,0.000846551903992,0.000846551903992,1
2024-02-03,typhoid,Kerala,Wayanad,1,0.0033484952650038,0.0033484952650038,1
2024-02-04,acute_diarrheal_disease,Kerala,Ernakulam,1,0.1267924654913341,0.1267924654913341,1
2024-02-05,acute_diarrheal_disease,Kerala,Ernakulam,1,0.0214419164250777,0.0214419164250777,1
2024-02-05,chicken_pox,Kerala,Kasaragod,0,0.0,0.0,1
2024-02-05,chicken_pox,Kerala,Kozhikode,1,0.0461905197584909,0.0461905197584909,1
2024-02-05,chicken_pox,Kerala,Thrissur,1,0.0001360529845701,0.0001360529845701,1
2024-02-06,chicken_pox,Kerala,Pathanamthitta,0,0.0,0.0,1
2024-02-10,acute_diarrheal_disease,Kerala,Pathanamthitta,1,0.0,0.0,1
2024-02-10,dengue,Kerala,Kollam,1,0.0,0.0,1
2024-02-17,chicken_pox,Kerala,Malappuram,0,0.0,0.0,1
2024-03-01,dengue,Kerala,Ernakulam,0,0.0,0.0,1
2024-03-01,dengue,Kerala,Idukki,1,0.0,0.0,1
2024-03-01,dengue,Kerala,Kollam,1,0.0273961383920058,0.0273961383920058,1
2024-03-01,dengue,Kerala,Kozhikode,0,0.0003386207615968,0.0003386207615968,1
2024-03-01,dengue,Kerala,Malappuram,1,0.0063083846168921,0.0063083846168921,1
2024-03-01,fever_ip,Kerala,Ernakulam,1,0.0013534316347289,0.0013534316347289,1
2024-03-01,fever_ip,Kerala,Malappuram,0,0.0,0.0,1
2024-03-01,hepatitis_a_confirmed,Kerala,Thiruvananthapuram,2,0.0719170747438924,0.0719170747438924,1
2024-03-02,dengue,Kerala,Kottayam,1,0.0,0.0,1
2024-03-02,dengue,Kerala,Thrissur,0,0.0,0.0,1
2024-03-02,hepatitis_a_confirmed,Kerala,Thrissur,0,0.0,0.0,1
2024-03-02,hepatitis_c,Kerala,Kasaragod,0,0.0,0.0,1
2024-03-02,shigella,Kerala,Alappuzha,0,0.0,0.0,1
2024-03-03,fever_ip,Kerala,Pathanamthitta,0,0.0770740541066131,0.0770740541066131,1
2024-03-03,hepatitis_a_confirmed,Kerala,Kannur,1,0.0033021939065753,0.0033021939065753,1
2024-03-03,hepatitis_a_confirmed,Kerala,Thrissur,0,0.0,0.0,1
2024-03-03,hepatitis_a_confirmed,Kerala,Wayanad,0,3.838136646328731e-05,3.838136646328731e-05,1
2024-03-03,hepatitis_c,Kerala,Kannur,0,0.0036216475111732,0.0036216475111732,1
2024-03-03,malaria,Kerala,Malappuram,0,8.062399085639016e-05,8.062399085639016e-05,1
2024-03-04,hepatitis_a_confirmed,Kerala,Kannur,0,0.0103699930835907,0.0103699930835907,1
2024-03-04,hepatitis_a_confirmed,Kerala,Malappuram,0,0.9999999983333334,0.9999999983333334,1
2024-03-04,hepatitis_a_probable,Kerala,Malappuram,1,0.0,0.0,1
2024-03-04,hepatitis_a_probable,Kerala,Wayanad,1,4.031199542819508e-05,4.031199542819508e-05,1
2024-03-05,hepatitis_a_confirmed,Kerala,Kasaragod,0,0.0,0.0,2
2024-03-05,hepatitis_a_probable,Kerala,Kannur,1,0.1496838198043326,0.1496838198043326,1
2024-03-05,hepatitis_a_probable,Kerala,Kollam,1,0.0,0.0,1
2024-03-06,hepatitis_a_confirmed,Kerala,Idukki,1,0.0,0.0,1
2024-03-06,shigella,Kerala,Ernakulam,0,0.0,0.0,1
2024-03-07,shigella,Kerala,Idukki,0,0.000476221269563,0.000476221269563,1
2024-03-09,dengue,Kerala,Ernakulam,0,0.0010624663770396,0.0010624663770396,1
2024-03-16,fever_ip,Kerala,Ernakulam,1,1.7180361155471816e-05,1.7180361155471816e-05,1
2024-03-16,hepatitis_a_confirmed,Kerala,Ernakulam,0,0.0019021906053366,0.0019021906053366,1
2024-03-16,hepatitis_a_confirmed,Kerala,Wayanad,0,0.0001829685593707,0.0001829685593707,1
2024-03-23,hepatitis_a_probable,Kerala,Idukki,0,0.0,0.0,1
2024-04-01,fever_op,Kerala,Idukki,1,0.2088295687916926,0.2088295687916926,1
2024-04-01,fever_op,Kerala,Kollam,1,0.0,0.0,1
2024-04-01,fever_op,Kerala,Thiruvananthapuram,1,0.0,0.0,1
2024-04-01,leptospirosis_probable,Kerala,Kottayam,0,0.0,0.0,1
2024-04-02,fever_op,Kerala,Idukki,0,0.2560237184565883,0.2560237184565883,1
2024-04-02,food_poisoning,Kerala,Kottayam,0,0.1619115583093283,0.1619115583093283,1
2024-04-02,leptospirosis_probable,Kerala,Kollam,0,0.0,0.0,1
2024-04-03,fever_op,Kerala,Kannur,0,0.0,0.0,1
2024-04-03,food_poisoning,Kerala,Idukki,1,0.0006267739157389,0.0006267739157389,1
2024-04-03,food_poisoning,Kerala,Kannur,1,0.0,0.0,1
2024-04-03,leptospirosis_confirmed,Kerala,Kasaragod,0,0.0316935703938068,0.0316935703938068,1
2024-04-03,malaria,Kerala,Wayanad,0,0.0019383034288385,0.0019383034288385,1
2024-04-04,fever_op,Kerala,Thrissur,0,0.0290710132104933,0.0290710132104933,1
2024-04-04,fever_op,Kerala,Wayanad,0,0.0143510703724374,0.0143510703724374,1
2024-04-04,leptospirosis_confirmed,Kerala,Pathanamthitta,0,0.0014568635417752,0.0014568635417752,1
2024-04-04,malaria,Kerala,Kottayam,1,0.0,0.0,1
2024-04-04,west_nile_probable,Kerala,Kasaragod,0,0.0,0.0,1
2024-04-05,fever_op,Kerala,Ernakulam,0,0.0,0.0,1
2024-04-05,fever_op,Kerala,Idukki,0,0.0,0.0,1
2024-04-05,fever_op,Kerala,Palakkad,0,4.031199542819508e-05,4.031199542819508e-05,1
2024-04-05,food_poisoning,Kerala,Ernakulam,0,0.0014741493524625,0.0014741493524625,1
2024-04-05,leptospirosis_confirmed,Kerala,Wayanad,1,0.0004740134634832,0.0004740134634832,1
2024-04-06,fever_op,Kerala,Kasaragod,1,0.0014109198399868,0.0014109198399868,1
2024-04-06,fever_op,Kerala,Kozhikode,1,0.000846551903992,0.000846551903992,1
2024-04-06,malaria,Kerala,Palakkad,0,0.0,0.0,1
2024-04-07,hepatitis_a_probable,Kerala,Alappuzha,1,6.768644456014181e-05,6.768644456014181e-05,2
2024-04-07,hepatitis_a_probable,Kerala,Kottayam,1,0.0010884238765612,0.0010884238765612,1
2024-04-07,hepatitis_a_probable,Kerala,Thrissur,0,4.448220185180146e-05,4.448220185180146e-05,1
2024-04-08,hepatitis_a_probable,Kerala,Thiruvananthapuram,1,0.0,0.0,1
2024-04-09,shigella,Kerala,Malappuram,0,0.0,0.0,1
2024-04-10,shigella,Kerala,Kollam,0,0.0099628957204494,0.0099628957204494,1
2024-04-13,fever_op,Kerala,Pathanamthitta,1,0.0,0.0,1
2024-04-13,leptospirosis_confirmed,Kerala,Kollam,1,0.0,0.0,1
2024-04-13,shigella,Kerala,Kasaragod,0,0.0219116064245824,0.0219116064245824,1
2024-04-20,malaria,Kerala,Kasaragod,0,0.0,0.0,1
2024-05-01,chikungunya,Kerala,Ernakulam,1,0.0001478104969585,0.0001478104969585,1
2024-05-02,cholera,Kerala,Malappuram,1,0.0,0.0,1
2024-05-02,dengue,Kerala,Alappuzha,1,5.038999428524384e-05,5.038999428524384e-05,1
2024-05-02,dengue,Kerala,Kannur,1,0.0,0.0,1
2024-05-02,hepatitis_b,Kerala,Kasaragod,0,0.0,0.0,1
2024-05-03,dengue,Kerala,Idukki,1,0.0,0.0,1
2024-05-03,dengue,Kerala,Kannur,1,3.934823941021221e-06,3.934823941021221e-06,1
2024-05-03,dengue,Kerala,Kollam,1,0.0,0.0,1
2024-05-03,rabies_confirmed,Kerala,Palakkad,0,0.0,0.0,1
2024-05-03,scrub_typhus,Kerala,Ernakulam,0,0.0,0.0,2
2024-05-03,scrub_typhus,Kerala,Pathanamthitta,0,0.012254072238464999,0.0118106402887549,2
2024-05-04,cholera,Kerala,Alappuzha,0,0.0,0.0,1
2024-05-04,dengue,Kerala,Kasaragod,1,0.0,0.0,1
2024-05-04,fever_ip,Kerala,Wayanad,0,0.0,0.0,1
2024-05-04,hepatitis_b,Kerala,Kannur,1,0.0,0.0,1
2024-05-04,hepatitis_b,Kerala,Kozhikode,0,0.9166731096321188,0.9166731096321188,1
2024-05-04,scrub_typhus,Kerala,Kollam,2,0.0036280795885375,0.0036280795885375,1
2024-05-04,scrub_typhus,Kerala,Thiruvananthapuram,0,0.0078823747783759,0.0078823747783759,1
2024-05-05,hepatitis_b,Kerala,Idukki,1,0.0257363526779898,0.0257363526779898,1
2024-05-05,hepatitis_b,Kerala,Kollam,0,0.0020424744350285,0.0020424744350285,1
2024-05-05,hepatitis_b,Kerala,Thrissur,1,0.0,0.0,1
2024-05-05,rabies_confirmed,Kerala,Kottayam,0,0.0,0.0,1
2024-05-05,rabies_confirmed,Kerala,Thiruvananthapuram,0,0.0,0.0,1
2024-05-06,acute_encephalitis_syndrome,Kerala,Wayanad,1,0.0003729146165648,0.0003729146165648,1
2024-05-06,hepatitis_a_confirmed,Kerala,Wayanad,1,0.0,0.0,1
2024-05-06,hepatitis_b,Kerala,Thiruvananthapuram,0,0.0,0.0,1
2024-05-06,hepatitis_b,Kerala,Thrissur,1,1.0021609668809575,0.9999999983333334,2
2024-05-06,leptospirosis_confirmed,Kerala,Ernakulam,1,0.0,0.0,1
2024-05-06,leptospirosis_confirmed,Kerala,Malappuram,0,0.0,0.0,1
2024-05-07,fever_ip,Kerala,Kannur,1,2.3035425958968614e-05,2.3035425958968614e-05,1
2024-05-07,fever_ip,Kerala,Malappuram,2,0.0030993122614192,0.0030993122614192,1
2024-05-07,leptospirosis_confirmed,Kerala,Kollam,1,2.48073818019662e-05,2.48073818019662e-05,1
2024-05-07,malaria,Kerala,Kollam,0,0.0255174931060474,0.0255174931060474,1
2024-05-07,malaria,Kerala,Wayanad,0,0.0,0.0,1
2024-05-09,fever_op,Kerala,Idukki,1,0.0014351070372437,0.0014351070372437,1
2024-05-11,chikungunya,Kerala,Kottayam,0,0.0,0.0,1
2024-05-11,hepatitis_b,Kerala,Idukki,0,0.0,0.0,1
2024-05-11,leptospirosis_confirmed,Kerala,Pathanamthitta,1,0.0,0.0,1
2024-05-12,chikungunya,Kerala,Pathanamthitta,0,0.0,0.0,1
2024-05-18,acute_encephalitis_syndrome,Kerala,Kasaragod,1,0.0,0.0,1
2024-05-18,hepatitis_a_confirmed,Kerala,Ernakulam,0,0.003944737794838,0.003944737794838,1
2024-05-25,dengue,Kerala,Malappuram,0,0.0,0.0,1
2024-05-25,scrub_typhus,Kerala,Palakkad,1,0.0,0.0,1
2024-06-03,dengue,Kerala,Malappuram,1,0.0,0.0,1
2024-06-04,dengue,Kerala,Idukki,1,0.0,0.0,1
2024-06-04,dengue,Kerala,Kannur,0,0.0,0.0,1
2024-06-04,dengue,Kerala,Kasaragod,1,0.8796473213273815,0.8796473213273815,1
2024-06-04,dengue,Kerala,Kollam,1,0.0,0.0,1
2024-06-04,dengue,Kerala,Malappuram,1,0.0006576028950838,0.0006576028950838,1
2024-06-04,hepatitis_c,Kerala,Alappuzha,0,0.004387975640569,0.004387975640569,1
2024-06-04,leptospirosis_probable,Kerala,Kannur,0,0.0068819422831404,0.0068819422831404,1
2024-06-04,typhoid,Kerala,Idukki,0,0.0,0.0,1
2024-06-04,typhoid,Kerala,Kollam,0,0.0,0.0,1
2024-06-05,dengue,Kerala,Ernakulam,1,0.0038072267506935,0.0038072267506935,1
2024-06-05,dengue,Kerala,Kottayam,1,0.0008360025562371,0.0008360025562371,1
2024-06-05,dengue,Kerala,Thiruvananthapuram,1,0.134426995761486,0.134426995761486,1
2024-06-05,hepatitis_c,Kerala,Alappuzha,0,0.0030059995946605,0.0030059995946605,1
2024-06-05,hepatitis_c,Kerala,Thrissur,0,0.0,0.0,1
2024-06-06,dengue,Kerala,Thrissur,1,0.0001209359862845,0.0001209359862845,1
2024-06-06,typhoid,Kerala,Idukki,0,0.0,0.0,1
2024-06-07,hepatitis_b,Kerala,Alappuzha,1,0.0002149973089503,0.0002149973089503,1
2024-06-09,hepatitis_b,Kerala,Ernakulam,1,0.0,0.0,1
2024-06-10,malaria,Kerala,Kasaragod,0,0.0082639590627799,0.0082639590627799,1
2024-06-10,malaria,Kerala,Palakkad,0,0.0036780300621378,0.0036780300621378,2
2024-06-11,hepatitis_b,Kerala,Alappuzha,1,0.0737642907043117,0.0737642907043117,1
2024-06-11,hepatitis_b,Kerala,Ernakulam,2,0.8655368963170544,0.8655368963170544,2
2024-06-11,hepatitis_b,Kerala,Thiruvananthapuram,0,0.2139322176630105,0.2139322176630105,1
2024-06-12,hepatitis_b,Kerala,Idukki,1,4.031199542819508e-05,4.031199542819508e-05,1
2024-07-05,scrub_typhus,Kerala,Alappuzha,0,0.0818552627168685,0.0818552627168685,1
2024-07-05,scrub_typhus,Kerala,Malappuram,1,0.000349661055923,0.000349661055923,1
2024-07-06,acute_diarrheal_disease,Kerala,Kottayam,0,0.0220585905698303,0.0220585905698303,1
2024-07-06,hepatitis_c,Kerala,Kottayam,0,0.0,0.0,1
2024-07-06,hepatitis_c,Kerala,Wayanad,0,0.0002106410837169,0.0002106410837169,1
2024-07-06,scrub_typhus,Kerala,Palakkad,1,0.0027813773496549,0.0027813773496549,1
2024-07-07,dengue,Kerala,Kannur,0,0.0,0.0,1
2024-07-07,dengue,Kerala,Kottayam,0,0.0,0.0,1
2024-07-07,dengue,Kerala,Thiruvananthapuram,1,0.0006344769275486,0.0006344769275486,1
2024-07-07,fever_ip,Kerala,Kollam,1,0.0001612479817127,0.0001612479817127,1
2024-07-07,leptospirosis_probable,Kerala,Alappuzha,1,0.0,0.0,1
2024-07-07,leptospirosis_probable,Kerala,Kottayam,0,0.0095316754677648,0.0095316754677648,1
2024-07-08,dengue,Kerala,Ernakulam,1,0.0237556158308653,0.0237556158308653,1
2024-07-08,hepatitis_a_confirmed,Kerala,Pathanamthitta,1,0.0008370246459487,0.0008370246459487,1
2024-07-08,leptospirosis_probable,Kerala,Ernakulam,1,5.690032332686208e-05,5.690032332686208e-05,1
2024-07-09,fever_ip,Kerala,Malappuram,1,0.0001612479817127,0.0001612479817127,1
2024-07-09,hepatitis_a_confirmed,Kerala,Malappuram,1,0.9999999983333334,0.9999999983333334,1
2024-07-09,hepatitis_c,Kerala,Kottayam,0,0.0,0.0,1
2024-07-10,fever_ip,Kerala,Kollam,1,0.0049583754376679,0.0049583754376679,1
2024-07-10,fever_ip,Kerala,Kozhikode,1,0.0,0.0,1
2024-07-10,fever_ip,Kerala,Malappuram,0,0.0,0.0,1
2024-07-10,fever_op,Kerala,Thrissur,1,0.0070758128929169,0.0070758128929169,1
2024-07-10,hepatitis_a_confirmed,Kerala,Kasaragod,0,0.0482846629925555,0.0482846629925555,1
2024-07-10,hepatitis_a_confirmed,Kerala,Kozhikode,1,0.0068933512182213,0.0068933512182213,1
2024-07-10,hepatitis_a_confirmed,Kerala,Wayanad,0,0.664281464696993,0.664281464696993,1
2024-07-11,fever_op,Kerala,Idukki,0,0.0060394130375045,0.0060394130375045,1
2024-07-11,fever_op,Kerala,Pathanamthitta,0,8.062399085639016e-05,8.062399085639016e-05,1
2024-07-12,hepatitis_a_confirmed,Kerala,Ernakulam,0,0.0,0.0,1
2024-07-13,hepatitis_a_confirmed,Kerala,Palakkad,1,0.0,0.0,1
2024-08-07,chicken_pox,Kerala,Malappuram,1,0.0,0.0,1
2024-08-07,chicken_pox,Kerala,Pathanamthitta,0,7.245368203155519e-06,7.245368203155519e-06,1
2024-08-07,scrub_typhus,Kerala,Thiruvananthapuram,1,0.0,0.0,1
2024-08-08,acute_diarrheal_disease,Kerala,Malappuram,1,0.0404819777736876,0.0404819777736876,1
2024-08-08,dengue,Kerala,Idukki,0,0.0,0.0,1
2024-08-08,dengue,Kerala,Palakkad,1,0.0,0.0,1
2024-08-08,dengue,Kerala,Pathanamthitta,0,0.0,0.0,1
2024-08-08,dengue,Kerala,Thiruvananthapuram,1,0.0007420305904703,0.0007420305904703,1
2024-08-09,chicken_pox,Kerala,Idukki,0,0.0,0.0,1
2024-08-09,chicken_pox,Kerala,Kasaragod,0,0.0,0.0,1
2024-08-09,chicken_pox,Kerala,Malappuram,0,0.0,0.0,1
2024-08-09,cholera,Kerala,Kollam,1,0.0,0.0,1
2024-08-09,dengue,Kerala,Ernakulam,0,0.0002418719725691,0.0002418719725691,1
2024-08-09,dengue,Kerala,Idukki,0,0.0040311995428195,0.0040311995428195,1
2024-08-09,dengue,Kerala,Kollam,1,0.0001343733180939,0.0001343733180939,2
2024-08-09,dengue,Kerala,Malappuram,2,0.0,0.0,2
2024-08-09,dengue,Kerala,Pathanamthitta,0,0.0002015599771409,0.0002015599771409,1
2024-08-09,dengue,Kerala,Thiruvananthapuram,1,0.0004434319497101,0.0004434319497101,2
2024-08-10,dengue,Kerala,Kasaragod,1,0.0,0.0,1
2024-08-10,dengue,Kerala,Kozhikode,1,0.0,0.0,1
2024-08-10,dengue,Kerala,Malappuram,0,0.0071211773354113,0.0071211773354113,1
2024-08-11,dengue,Kerala,Ernakulam,0,0.0052324679470912,0.0052324679470912,1
2024-08-11,dengue,Kerala,Kollam,1,0.0019752877759815,0.0019752877759815,1
2024-08-11,dengue,Kerala,Thrissur,0,0.0,0.0,1
2024-08-11,malaria,Kerala,Thrissur,0,0.0110454190226683,0.0110454190226683,1
2024-08-12,cholera,Kerala,Kasaragod,1,0.0,0.0,1
2024-08-12,fever_ip,Kerala,Kannur,0,0.0,0.0,1
2024-08-12,fever_ip,Kerala,Malappuram,1,0.0,0.0,1
2024-08-12,malaria,Kerala,Alappuzha,0,0.0005220061780871,0.0005220061780871,1
2024-08-13,acute_encephalitis_syndrome,Kerala,Thiruvananthapuram,0,0.0044407914001447,0.0044407914001447,1
2024-08-13,fever_op,Kerala,Kozhikode,1,0.0,0.0,1
2024-08-13,fever_op,Kerala,Pathanamthitta,1,0.0,0.0,1
2024-08-13,west_nile_confirmed,Kerala,Kollam,0,0.0,0.0,1
2024-08-14,fever_ip,Kerala,Malappuram,0,0.0022602442878874,0.0022602442878874,1
2024-08-14,fever_ip,Kerala,Pathanamthitta,1,0.0,0.0,1
2024-08-14,fever_ip,Kerala,Thrissur,0,0.0005428682050996,0.0005428682050996,1
2024-08-16,rabies_confirmed,Kerala,Kozhikode,0,0.0,0.0,1
2024-08-20,shigella,Kerala,Malappuram,1,0.076608973648337,0.076608973648337,1
2024-08-21,shigella,Kerala,Thrissur,0,0.0,0.0,1
2024-09-08,food_poisoning,Kerala,Malappuram,1,0.0,0.0,1
2024-09-08,leptospirosis_probable,Kerala,Palakkad,0,0.1320422606170343,0.1320422606170343,1
2024-09-08,typhoid,Kerala,Thrissur,0,0.0032521210096169,0.0032521210096169,1
2024-09-09,acute_diarrheal_disease,Kerala,Kozhikode,2,0.0368138954249604,0.0324368448846738,2
2024-09-09,acute_diarrheal_disease,Kerala,Thrissur,0,0.0,0.0,1
2024-09-09,food_poisoning,Kerala,Malappuram,0,0.1187257369895161,0.1187257369895161,1
2024-09-09,hepatitis_c,Kerala,Alappuzha,0,0.2398365397838009,0.2293992519693063,1
2024-09-09,scrub_typhus,Kerala,Ernakulam,0,0.0,0.0,1
2024-09-09,scrub_typhus,Kerala,Thrissur,0,0.9999999983333334,0.9999999983333334,1
2024-09-10,acute_diarrheal_disease,Kerala,Alappuzha,0,0.025708921659819,0.025708921659819,1
2024-09-10,acute_diarrheal_disease,Kerala,Palakkad,1,0.0156285274542022,0.0156285274542022,2
2024-09-10,acute_diarrheal_disease,Kerala,Thiruvananthapuram,0,0.0,0.0,1
2024-09-10,acute_diarrheal_disease,Kerala,Thrissur,0,0.0348441125028617,0.0348441125028617,1
2024-09-10,chicken_pox,Kerala,Malappuram,1,8.062399085639016e-05,8.062399085639016e-05,1
2024-09-10,food_poisoning,Kerala,Kottayam,0,0.0003999942425379,0.0003999942425379,1
2024-09-10,hepatitis_a_probable,Kerala,Kozhikode,1,0.0,0.0,1
2024-09-10,hepatitis_c,Kerala,Ernakulam,0,0.0002015599771409,0.0002015599771409,1
2024-09-10,leptospirosis_confirmed,Kerala,Thrissur,0,0.0,0.0,1
2024-09-10,leptospirosis_probable,Kerala,Kozhikode,0,0.0,0.0,1
2024-09-10,leptospirosis_probable,Kerala,Palakkad,0,0.0,0.0,1
2024-09-10,leptospirosis_probable,Kerala,Pathanamthitta,0,0.0052976672849765,0.0052976672849765,1
2024-09-11,chicken_pox,Kerala,Pathanamthitta,0,0.0,0.0,1
2024-09-11,dengue,Kerala,Kottayam,0,0.0108433691303469,0.0108433691303469,1
2024-09-11,hepatitis_c,Kerala,Pathanamthitta,0,2.3035425958968614e-05,2.3035425958968614e-05,1
2024-09-11,leptospirosis_confirmed,Kerala,Pathanamthitta,0,3.13537742219295e-05,3.13537742219295e-05,1
2024-09-11,leptospirosis_confirmed,Kerala,Wayanad,1,0.0,0.0,1
2024-09-11,leptospirosis_probable,Kerala,Alappuzha,0,0.0,0.0,1
2024-09-11,leptospirosis_probable,Kerala,Ernakulam,1,0.0007091165453381,0.0007091165453381,1
2024-09-11,scrub_typhus,Kerala,Kottayam,1,0.0363774635007506,0.0363774635007506,1
2024-09-12,dengue,Kerala,Ernakulam,0,0.0011603134455657,0.0011603134455657,1
2024-09-12,dengue,Kerala,Malappuram,1,0.0,0.0,1
2024-09-12,dengue,Kerala,Pathanamthitta,1,0.0106255210925592,0.0106255210925592,1
2024-09-12,dengue,Kerala,Thrissur,1,0.0227311427020162,0.0227311427020162,1
2024-09-12,hepatitis_c,Kerala,Kottayam,0,0.0148126743917317,0.0148126743917317,1
2024-09-12,leptospirosis_confirmed,Kerala,Alappuzha,0,0.0,0.0,1
2024-09-12,leptospirosis_confirmed,Kerala,Ernakulam,1,0.0147481958489282,0.0147481958489282,1
2024-09-12,malaria,Kerala,Ernakulam,0,0.0049718127694773,0.0049718127694773,1
2024-09-12,scrub_typhus,Kerala,Thiruvananthapuram,0,0.0,0.0,1
2024-09-12,typhoid,Kerala,Wayanad,1,0.0057825272463943,0.0057825272463943,1
2024-09-13,chicken_pox,Kerala,Kasaragod,0,0.0,0.0,1
2024-09-13,chicken_pox,Kerala,Wayanad,0,0.5176800404642751,0.5176800404642751,1
2024-09-13,dengue,Kerala,Kottayam,0,0.0,0.0,1
2024-09-13,dengue,Kerala,Wayanad,0,0.0,0.0,1
2024-09-13,food_poisoning,Kerala,Kollam,1,0.0184878894078411,0.0184878894078411,1
2024-09-13,leptospirosis_confirmed,Kerala,Idukki,0,0.0013096799053813,0.0013096799053813,1
2024-09-13,leptospirosis_confirmed,Kerala,Kannur,1,0.0,0.0,1
2024-09-13,leptospirosis_confirmed,Kerala,Thrissur,0,0.0002418719725691,0.0002418719725691,1
2024-09-13,leptospirosis_probable,Kerala,Pathanamthitta,0,0.0,0.0,1
2024-09-13,leptospirosis_probable,Kerala,Thrissur,0,0.0005442549265616,0.0005442549265616,1
2024-09-13,malaria,Kerala,Ernakulam,0,8.062399085639016e-05,8.062399085639016e-05,1
2024-09-13,malaria,Kerala,Pathanamthitta,0,0.0,0.0,1
2024-09-13,west_nile_probable,Kerala,Palakkad,1,0.0,0.0,1
2024-09-14,chicken_pox,Kerala,Thiruvananthapuram,0,0.0003986408436788,0.0003986408436788,1
2024-09-14,dengue,Kerala,Kannur,0,0.1161111392927186,0.1161111392927186,2
2024-09-14,dengue,Kerala,Malappuram,1,0.2204465673821014,0.2204465673821014,1
2024-09-14,dengue,Kerala,Pathanamthitta,1,0.0,0.0,1
2024-09-14,leptospirosis_confirmed,Kerala,Alappuzha,0,0.0080366896744195,0.0080366896744195,1
2024-09-14,leptospirosis_confirmed,Kerala,Thiruvananthapuram,0,0.1527234869958806,0.1527234869958806,1
2024-09-14,leptospirosis_probable,Kerala,Kollam,0,0.0,0.0,1
2024-09-14,malaria,Kerala,Thiruvananthapuram,0,0.0,0.0,1
2024-09-15,fever_ip,Kerala,Pathanamthitta,1,0.0862807740518308,0.0862807740518308,1
2024-09-15,food_poisoning,Kerala,Kollam,1,0.0401676319648838,0.0401676319648838,1
2024-09-15,hepatitis_a_confirmed,Kerala,Idukki,0,0.0,0.0,1
2024-09-15,leptospirosis_confirmed,Kerala,Ernakulam,0,0.0846053169800472,0.0846053169800472,1
2024-09-15,leptospirosis_confirmed,Kerala,Idukki,0,0.0,0.0,1
2024-09-15,leptospirosis_confirmed,Kerala,Palakkad,0,0.0,0.0,1
2024-09-15,leptospirosis_probable,Kerala,Ernakulam,0,5.374932723759343e-05,5.374932723759343e-05,1
2024-09-15,leptospirosis_probable,Kerala,Idukki,0,0.0,0.0,1
2024-09-15,leptospirosis_probable,Kerala,Thrissur,0,0.0287071989652738,0.0287071989652738,1
2024-09-16,fever_op,Kerala,Kottayam,1,0.0021841772068367,0.0021841772068367,1
2024-09-16,fever_op,Kerala,Pathanamthitta,1,0.0,0.0,1
2024-09-17,chicken_pox,Kerala,Kasaragod,0,0.0,0.0,1
2024-09-17,chicken_pox,Kerala,Malappuram,1,0.0011666259356853,0.0011666259356853,1
2024-09-17,chicken_pox,Kerala,Palakkad,0,0.0,0.0,1
2024-09-17,chicken_pox,Kerala,Wayanad,0,0.0,0.0,1
2024-09-17,fever_ip,Kerala,Kannur,1,0.0053614953919499,0.0053614953919499,1
2024-09-17,fever_ip,Kerala,Thiruvananthapuram,1,0.0,0.0,1
2024-09-17,fever_op,Kerala,Kottayam,1,3.5832884825062285e-05,3.5832884825062285e-05,1
2024-09-17,hepatitis_a_confirmed,Kerala,Malappuram,0,0.0006174100352423,0.0006174100352423,1
2024-09-18,chicken_pox,Kerala,Kozhikode,0,0.0215652475155761,0.0215652475155761,1
2024-09-18,hepatitis_a_confirmed,Kerala,Palakkad,0,0.0040419095914136,0.0040419095914136,1
2024-09-19,fever_ip,Kerala,Thiruvananthapuram,0,0.0012023329647035,0.0012023329647035,1
2024-09-19,food_poisoning,Kerala,Malappuram,0,0.0,0.0,1
2024-09-19,hepatitis_a_confirmed,Kerala,Kannur,0,0.0,0.0,1
2024-09-21,fever_ip,Kerala,Kannur,0,0.0,0.0,1
2024-09-22,fever_ip,Kerala,Thiruvananthapuram,1,0.0,0.0,1
2024-09-22,food_poisoning,Kerala,Malappuram,1,0.0011488918697035,0.0011488918697035,1
2024-10-01,influenza_h1n1_seasonal,Kerala,Ernakulam,0,0.0001298785280626,0.0001298785280626,1
2024-10-01,influenza_h1n1_seasonal,Kerala,Idukki,0,0.0077944591146707,0.0077944591146707,1
2024-10-01,influenza_h1n1_seasonal,Kerala,Kozhikode,0,0.0063182591650869,0.0039505755519631,2
2024-10-01,influenza_h1n1_seasonal,Kerala,Pathanamthitta,0,0.0,0.0,1
2024-10-02,influenza_h1n1_seasonal,Kerala,Ernakulam,0,0.0,0.0,1
2024-10-02,influenza_h1n1_seasonal,Kerala,Thiruvananthapuram,0,0.0,0.0,1
2024-10-02,influenza_h1n1_seasonal,Kerala,Thrissur,0,0.9999999983333334,0.9999999983333334,1
2024-10-02,influenza_h1n1_seasonal,Kerala,Wayanad,0,0.0008312611471055,0.0008312611471055,1
2024-10-05,influenza_h1n1_seasonal,Kerala,Palakkad,0,4.2433679398100055e-06,4.2433679398100055e-06,1
2024-10-05,influenza_h1n1_seasonal,Kerala,Wayanad,1,0.0020522720836644,0.0020522720836644,1
2024-10-06,influenza_h1n1_seasonal,Kerala,Thiruvananthapuram,0,0.0081102063478213,0.0081102063478213,1
2024-10-12,hepatitis_a_probable,Kerala,Alappuzha,0,0.0040311995428195,0.0040311995428195,1
2024-10-13,acute_diarrheal_disease,Kerala,Thiruvananthapuram,1,0.0,0.0,1
2024-10-13,scrub_typhus,Kerala,Kasaragod,0,0.0024201580932692,0.0024201580932692,1
2024-10-13,typhoid,Kerala,Malappuram,1,0.0,0.0,1
2024-10-14,acute_diarrheal_disease,Kerala,Kannur,0,0.0029715076017806,0.0029715076017806,1
2024-10-14,acute_diarrheal_disease,Kerala,Kasaragod,0,0.0,0.0,1
2024-10-14,hepatitis_a_probable,Kerala,Kasaragod,1,0.0,0.0,1
2024-10-14,hepatitis_a_probable,Kerala,Thrissur,1,0.0,0.0,1
2024-10-14,hepatitis_b,Kerala,Thrissur,0,0.0071739923917253,0.0071739923917253,1
2024-10-14,scrub_typhus,Kerala,Malappuram,0,0.0,0.0,1
2024-10-14,typhoid,Kerala,Kasaragod,1,0.0,0.0,1
2024-10-15,acute_diarrheal_disease,Kerala,Kozhikode,1,0.0,0.0,1
2024-10-15,acute_diarrheal_disease,Kerala,Palakkad,1,0.001451231835415,0.001451231835415,1
2024-10-15,hepatitis_b,Kerala,Alappuzha,2,7.329453714217287e-05,7.329453714217287e-05,2
2024-10-15,hepatitis_b,Kerala,Kannur,0,0.0114716421275663,0.0114716421275663,1
2024-10-15,hepatitis_c,Kerala,Ernakulam,0,0.0,0.0,2
2024-10-15,scrub_typhus,Kerala,Ernakulam,0,0.0,0.0,1
2024-10-15,scrub_typhus,Kerala,Kollam,0,0.001613193411334,0.001613193411334,1
2024-10-16,acute_diarrheal_disease,Kerala,Thrissur,0,0.0061449677851203,0.0061449677851203,1
2024-10-16,dengue,Kerala,Idukki,0,0.0,0.0,1
2024-10-16,dengue,Kerala,Thiruvananthapuram,1,0.0,0.0,1
2024-10-16,dengue,Kerala,Wayanad,1,0.000696144324372,0.000696144324372,1
2024-10-16,hepatitis_a_probable,Kerala,Kozhikode,1,0.0127676017121333,0.0127676017121333,1
2024-10-16,hepatitis_a_probable,Kerala,Thrissur,1,0.106536246829639,0.106536246829639,1
2024-10-16,leptospirosis_confirmed,Kerala,Idukki,0,0.0136496227230592,0.0136496227230592,1
2024-10-16,scrub_typhus,Kerala,Kottayam,1,0.0009043620518078,0.0009043620518078,1
2024-10-16,west_nile_probable,Kerala,Thrissur,1,0.0,0.0,1
2024-10-17,acute_diarrheal_disease,Kerala,Idukki,1,0.0,0.0,1
2024-10-17,acute_diarrheal_disease,Kerala,Kannur,1,0.0,0.0,1
2024-10-17,acute_diarrheal_disease,Kerala,Malappuram,0,0.0,0.0,1
2024-10-17,acute_diarrheal_disease,Kerala,Palakkad,0,0.0,0.0,1
2024-10-17,dengue,Kerala,Kasaragod,1,0.0,0.0,1
2024-10-17,dengue,Kerala,Kollam,1,0.0,0.0,1
2024-10-17,dengue,Kerala,Kottayam,1,0.0063117568070679,0.0063117568070679,1
2024-10-17,hepatitis_b,Kerala,Kollam,1,0.0019342971759781,0.0019342971759781,1
2024-10-17,hepatitis_c,Kerala,Kottayam,0,0.0216020705517611,0.0216020705517611,1
2024-10-17,leptospirosis_probable,Kerala,Kollam,0,0.0091306549680645,0.0091306549680645,1
2024-10-17,leptospirosis_probable,Kerala,Malappuram,0,0.0,0.0,1
2024-10-17,malaria,Kerala,Alappuzha,0,0.0,0.0,1
2024-10-17,malaria,Kerala,Thrissur,0,0.0017842725231911,0.0017842725231911,1
2024-10-17,scrub_typhus,Kerala,Idukki,0,0.0,0.0,1
2024-10-17,typhoid,Kerala,Thiruvananthapuram,1,0.0,0.0,1
2024-10-18,dengue,Kerala,Kollam,2,0.0,0.0,2
2024-10-18,fever_op,Kerala,Malappuram,1,0.0005022686128168,0.0005022686128168,1
2024-10-18,hepatitis_a_probable,Kerala,Kannur,1,0.0,0.0,1
2024-10-18,hepatitis_a_probable,Kerala,Palakkad,1,0.0001457707419223,0.0001457707419223,1
2024-10-18,hepatitis_c,Kerala,Kottayam,0,0.0007256159177075,0.0007256159177075,1
2024-10-18,leptospirosis_confirmed,Kerala,Idukki,0,0.0,0.0,1
2024-10-18,leptospirosis_confirmed,Kerala,Pathanamthitta,0,0.0,0.0,1
2024-10-18,leptospirosis_confirmed,Kerala,Thrissur,0,0.0,0.0,1
2024-10-18,leptospirosis_probable,Kerala,Idukki,1,0.0112580413437706,0.0112580413437706,1
2024-10-18,leptospirosis_probable,Kerala,Kannur,0,0.0056197049472722,0.0056197049472722,1
2024-10-18,leptospirosis_probable,Kerala,Thrissur,0,0.0,0.0,1
2024-10-18,malaria,Kerala,Malappuram,0,0.0,0.0,1
2024-10-18,malaria,Kerala,Pathanamthitta,0,0.0,0.0,1
2024-10-18,scrub_typhus,Kerala,Kottayam,1,0.0,0.0,1
2024-10-18,west_nile_probable,Kerala,Kollam,0,0.0,0.0,1
2024-10-19,dengue,Kerala,Ernakulam,1,0.0,0.0,1
2024-10-19,dengue,Kerala,Kannur,0,4.031199542819508e-05,4.031199542819508e-05,1
2024-10-19,fever_op,Kerala,Idukki,1,0.0,0.0,1
2024-10-19,fever_op,Kerala,Kollam,1,0.0,0.0,1
2024-10-19,hepatitis_b,Kerala,Palakkad,1,0.0,0.0,1
2024-10-19,leptospirosis_confirmed,Kerala,Palakkad,0,0.0120129746376021,0.0120129746376021,1
2024-10-19,scrub_typhus,Kerala,Kollam,0,0.0,0.0,1
2024-10-19,scrub_typhus,Kerala,Pathanamthitta,0,0.0004403310269849,0.0004403310269849,1
2024-10-19,typhoid,Kerala,Palakkad,0,0.0,0.0,1
2024-10-20,amoebic_meningo_encephalitis_confirmed,Kerala,Thiruvananthapuram,1,0.0,0.0,1
2024-10-20,dengue,Kerala,Kozhikode,1,4.031199542819508e-05,4.031199542819508e-05,1
2024-10-20,dengue,Kerala,Thrissur,1,0.0037669041967522,0.0037669041967522,1
2024-10-20,hepatitis_c,Kerala,Idukki,0,0.0,0.0,1
2024-10-20,hepatitis_c,Kerala,Kottayam,0,0.0918794409333712,0.0918794409333712,1
2024-10-21,chicken_pox,Kerala,Thiruvananthapuram,1,0.0,0.0,1
2024-10-21,chicken_pox,Kerala,Thrissur,0,0.0001256234276134,0.0001256234276134,1
2024-10-21,dengue,Kerala,Alappuzha,0,0.0006987412540887,0.0006987412540887,1
2024-10-21,dengue,Kerala,Kannur,1,0.0177251667958021,0.0177251667958021,1
2024-10-21,dengue,Kerala,Kollam,1,0.4647800781470459,0.4647800781470459,1
2024-10-21,dengue,Kerala,Thiruvananthapuram,0,0.0,0.0,1
2024-10-21,fever_op,Kerala,Palakkad,1,0.0002821839679973,0.0002821839679973,1
2024-10-21,leptospirosis_confirmed,Kerala,Kollam,0,0.0,0.0,1
2024-10-21,leptospirosis_confirmed,Kerala,Wayanad,0,0.0,0.0,1
2024-10-21,leptospirosis_probable,Kerala,Thrissur,0,0.0,0.0,1
2024-10-21,malaria,Kerala,Alappuzha,0,0.0,0.0,1
2024-10-21,malaria,Kerala,Kollam,0,0.0036215732331014,0.0036215732331014,1
2024-10-21,malaria,Kerala,Malappuram,0,4.031199542819508e-05,4.031199542819508e-05,1
2024-10-22,chicken_pox,Kerala,Thiruvananthapuram,0,0.0146193641147778,0.0146193641147778,1
2024-10-22,dengue,Kerala,Ernakulam,1,0.5018091716106216,0.5018091716106216,1
2024-10-22,dengue,Kerala,Kannur,1,0.0,0.0,1
2024-10-22,dengue,Kerala,Kasaragod,1,0.0018396350227612,0.0018396350227612,1
2024-10-22,dengue,Kerala,Thiruvananthapuram,1,0.0,0.0,1
2024-10-22,hepatitis_a_confirmed,Kerala,Idukki,0,0.0033512011473112,0.0033512011473112,1
2024-10-22,hepatitis_a_confirmed,Kerala,Kozhikode,1,0.0038857294965694,0.0038857294965694,1
2024-10-22,malaria,Kerala,Ernakulam,0,0.0313279216680067,0.0313279216680067,1
2024-10-23,chicken_pox,Kerala,Thiruvananthapuram,0,0.0,0.0,1
2024-10-23,dengue,Kerala,Malappuram,1,0.0005039812982109,0.0005039812982109,1
2024-10-23,hepatitis_a_confirmed,Kerala,Kozhikode,1,0.0,0.0,1
2024-10-23,hepatitis_c,Kerala,Kannur,0,0.0,0.0,1
2024-10-23,leptospirosis_confirmed,Kerala,Alappuzha,0,0.0,0.0,1
2024-10-24,leptospirosis_confirmed,Kerala,Ernakulam,0,0.0,0.0,1
2024-10-25,fever_op,Kerala,Thrissur,1,0.0,0.0,1
2024-10-26,leptospirosis_probable,Kerala,Kozhikode,1,0.0049190435599402,0.0049190435599402,1
2024-10-27,leptospirosis_probable,Kerala,Kannur,0,0.0,0.0,1
2024-10-27,leptospirosis_probable,Kerala,Kasaragod,1,0.0,0.0,1
2024-11-08,influenza_h1n1_seasonal,Kerala,Kasaragod,1,0.0,0.0,1
2024-11-08,influenza_h1n1_seasonal,Kerala,Wayanad,0,0.0,0.0,1
2024-11-09,influenza_h1n1_seasonal,Kerala,Kottayam,1,0.9999999983333334,0.9999999983333334,1
2024-11-09,influenza_h1n1_seasonal,Kerala,Thiruvananthapuram,0,0.0051628633031932,0.0051628633031932,1
2024-11-10,influenza_h1n1_seasonal,Kerala,Malappuram,0,0.0044343076706632,0.0044343076706632,1
2024-11-10,influenza_h1n1_seasonal,Kerala,Palakkad,1,0.0,0.0,1
2024-11-11,influenza_h1n1_seasonal,Kerala,Ernakulam,0,0.0,0.0,1
2024-11-11,influenza_h1n1_seasonal,Kerala,Idukki,1,0.1411465905807317,0.1411465905807317,1
2024-11-11,influenza_h1n1_seasonal,Kerala,Kasaragod,1,0.0,0.0,1
2024-11-12,influenza_h1n1_seasonal,Kerala,Wayanad,0,0.0,0.0,1
2024-11-14,influenza_h1n1_seasonal,Kerala,Alappuzha,1,0.0,0.0,1
2024-11-16,influenza_h1n1_seasonal,Kerala,Malappuram,0,0.0,0.0,1
2024-11-18,acute_diarrheal_disease,Kerala,Ernakulam,1,0.000232264428618724,0.0001948318614354,2
2024-11-18,acute_diarrheal_disease,Kerala,Kasaragod,1,0.0122532889745408,0.0122532889745408,1
2024-11-18,acute_diarrheal_disease,Kerala,Palakkad,0,0.0837462642372717,0.0837462642372717,1
2024-11-18,acute_diarrheal_disease,Kerala,Thrissur,0,0.0002015599771409,0.0002015599771409,1
2024-11-19,acute_diarrheal_disease,Kerala,Kollam,1,0.0001736516726137,0.0001736516726137,1
2024-11-19,hepatitis_b,Kerala,Wayanad,0,0.001024359088512,0.001024359088512,1
2024-11-19,influenza_h1n1_seasonal,Kerala,Kasaragod,0,0.0053162079342293,0.0053162079342293,1
2024-11-20,acute_diarrheal_disease,Kerala,Malappuram,0,0.0,0.0,1
2024-11-20,acute_encephalitis_syndrome,Kerala,Kasaragod,0,0.0003196410999127,0.0003196410999127,1
2024-11-20,scrub_typhus,Kerala,Kasaragod,0,0.0,0.0,1
2024-11-21,acute_diarrheal_disease,Kerala,Kannur,1,4.031199542819508e-05,4.031199542819508e-05,1
2024-11-21,hepatitis_b,Kerala,Alappuzha,1,0.0,0.0,1
2024-11-21,scrub_typhus,Kerala,Ernakulam,0,0.0121042529238603,0.0103350406875632,1
2024-11-22,hepatitis_a_probable,Kerala,Alappuzha,2,0.0,0.0,2
2024-11-22,hepatitis_a_probable,Kerala,Thrissur,1,0.0,0.0,1
2024-11-22,hepatitis_b,Kerala,Kottayam,0,0.0,0.0,1
2024-11-22,hepatitis_b,Kerala,Thiruvananthapuram,0,0.0,0.0,1
2024-11-23,acute_diarrheal_disease,Kerala,Thrissur,1,0.1375198793249349,0.1375198793249349,1
2024-11-23,dengue,Kerala,Kottayam,0,0.0122537105097118,0.0122537105097118,1
2024-11-23,dengue,Kerala,Pathanamthitta,0,0.0,0.0,1
2024-11-23,rabies_probable,Kerala,Kasaragod,1,0.0122514136778868,0.0122514136778868,1
2024-11-23,typhoid,Kerala,Idukki,0,0.0001934975780553,0.0001934975780553,1
2024-11-24,dengue,Kerala,Ernakulam,2,0.0,0.0,2
2024-11-24,dengue,Kerala,Kasaragod,0,0.6277959111889448,0.6277959111889448,1
2024-11-24,dengue,Kerala,Thrissur,1,0.1926948161869957,0.1926948161869957,1
2024-11-24,food_poisoning,Kerala,Kottayam,1,0.0,0.0,1
2024-11-24,hepatitis_a_probable,Kerala,Kozhikode,1,0.0,0.0,1
2024-11-24,malaria,Kerala,Kollam,0,0.0,0.0,1
2024-11-24,typhoid,Kerala,Pathanamthitta,0,0.0030687779285995,0.0030687779285995,1
2024-11-24,west_nile_probable,Kerala,Thrissur,1,0.0,0.0,1
2024-11-25,dengue,Kerala,Idukki,0,3.7432567183324e-05,3.7432567183324e-05,1
2024-11-25,dengue,Kerala,Kasaragod,0,0.0,0.0,1
2024-11-25,dengue,Kerala,Kottayam,1,6.821077571280704e-06,6.821077571280704e-06,1
2024-11-25,fever_op,Kerala,Malappuram,1,0.0,0.0,1
2024-11-25,malaria,Kerala,Idukki,0,0.9999999983333334,0.9999999983333334,1
2024-11-26,hepatitis_a_confirmed,Kerala,Ernakulam,1,0.0342600261928228,0.0342600261928228,1
2024-11-26,hepatitis_c,Kerala,Pathanamthitta,0,0.0019778901753326,0.0019778901753326,1
2024-11-27,hepatitis_c,Kerala,Kannur,0,0.0111935208776575,0.0111935208776575,1
2024-11-28,hepatitis_c,Kerala,Idukki,0,0.0,0.0,1
2024-11-29,dengue,Kerala,Wayanad,0,0.0,0.0,1
2024-11-29,hepatitis_b,Kerala,Thiruvananthapuram,1,0.0096345669073386,0.0096345669073386,1
2024-12-04,hepatitis_e,Kerala,Thrissur,1,0.0535282227192937,0.0535282227192937,1
2024-12-23,influenza_h1n1_seasonal,Kerala,Ernakulam,0,0.059321081809117,0.059321081809117,1
2024-12-24,influenza_h1n1_seasonal,Kerala,Thiruvananthapuram,1,0.0,0.0,1
2024-12-24,influenza_h1n1_seasonal,Kerala,Wayanad,0,0.0018677891215063,0.0018677891215063,1
2024-12-25,influenza_h1n1_seasonal,Kerala,Thiruvananthapuram,1,1.007799885704877e-05,1.007799885704877e-05,1
2024-12-26,acute_diarrheal_disease,Kerala,Malappuram,0,0.0,0.0,1
2024-12-26,influenza_h1n1_seasonal,Kerala,Malappuram,0,0.0028711956128772,0.0028711956128772,1
2024-12-27,malaria,Kerala,Thiruvananthapuram,0,0.0,0.0,1
2024-12-27,scrub_typhus,Kerala,Malappuram,1,0.0,0.0,1
2024-12-28,acute_diarrheal_disease,Kerala,Alappuzha,1,0.0,0.0,1
2024-12-28,influenza_h1n1_seasonal,Kerala,Idukki,0,0.3235681958555081,0.3235681958555081,1
