cluster_id,disease,date,state,district,taluk,latitude,longitude,outbreak_intensity
1,acute_diarrheal_disease,2020-01-01,Kerala,Palakkad,Pattambi,10.8,76.2,0.0
2,acute_diarrheal_disease,2020-01-01,Kerala,Thiruvananthapuram,Varkala,8.7379,76.7163,0.0
3,acute_diarrheal_disease,2020-01-02,Kerala,Kollam,Punalur,9.0089,76.9269,0.0
4,acute_diarrheal_disease,2020-01-03,Kerala,Thrissur,Mukundapuram,10.3333,76.2167,0.0
5,acute_diarrheal_disease,2020-01-03,Kerala,Ernakulam,Aluva,10.1075,76.3516,0.0
5,acute_diarrheal_disease,2020-01-03,Kerala,Ernakulam,Aluva,10.1075,76.3516,0.0002964826271853
6,acute_diarrheal_disease,2020-01-04,Kerala,Thiruvananthapuram,Nedumangad,8.6036,77.0031,0.0
6,acute_diarrheal_disease,2020-01-04,Kerala,Thiruvananthapuram,Neyyattinkara,8.4004,77.0872,0.0
7,acute_diarrheal_disease,2020-01-04,Kerala,Ernakulam,Kothamangalam,10.0667,76.6333,0.0
8,acute_diarrheal_disease,2020-07-06,Kerala,Ernakulam,Kochi,9.9312,76.2673,0.0
9,acute_diarrheal_disease,2020-07-07,Kerala,Malappuram,Perinthalmanna,10.9667,76.2167,0.0
10,acute_diarrheal_disease,2020-08-08,Kerala,Kannur,Iritty,11.9333,75.7,0.0
11,acute_diarrheal_disease,2020-08-08,Kerala,Thiruvananthapuram,Varkala,8.7379,76.7163,0.0
12,acute_diarrheal_disease,2020-08-09,Kerala,Thiruvananthapuram,Neyyattinkara,8.4004,77.0872,0.036919912725183
13,acute_diarrheal_disease,2020-09-09,Kerala,Palakkad,Alathur,10.6333,76.55,0.0
14,acute_diarrheal_disease,2020-09-09,Kerala,Thrissur,Kunnamkulam,10.65,76.0667,0.0
15,acute_diarrheal_disease,2020-09-10,Kerala,Alappuzha,Cherthala,9.6833,76.3333,0.0
16,acute_diarrheal_disease,2020-09-11,Kerala,Malappuram,Tirurangadi,11.0,75.9333,0.0
16,acute_diarrheal_disease,2020-09-11,Kerala,Malappuram,Kondotty,11.15,75.9667,0.0
16,acute_diarrheal_disease,2020-09-11,Kerala,Kozhikode,Kozhikode,11.2450558,75.7754716,0.0
17,acute_diarrheal_disease,2020-09-11,Kerala,Ernakulam,Kochi,9.9312,76.2673,0.0194319293745078
17,acute_diarrheal_disease,2020-09-12,Kerala,Ernakulam,North Paravur,10.1333,76.2,0.0
18,acute_diarrheal_disease,2020-10-14,Kerala,Thrissur,Thrissur,10.5256264,76.2132542,0.0
18,acute_diarrheal_disease,2020-10-14,Kerala,Thrissur,Mukundapuram,10.3333,76.2167,0.0011961085951445
18,acute_diarrheal_disease,2020-10-16,Kerala,Thrissur,Thrissur,10.5256264,76.2132542,0.026461892424953
19,acute_diarrheal_disease,2020-10-14,Kerala,Ernakulam,Aluva,10.1075,76.3516,0.0136887841502626
20,acute_diarrheal_disease,2020-10-14,Kerala,Kasaragod,Nileshwaram,12.25,75.1,0.0
20,acute_diarrheal_disease,2020-10-15,Kerala,Kasaragod,Vellarikundu,12.4167,75.2333,0.0
21,acute_diarrheal_disease,2020-10-14,Kerala,Kottayam,Meenachil,9.7167,76.6833,0.0
21,acute_diarrheal_disease,2020-10-15,Kerala,Idukki,Thodupuzha,9.8955,76.7241,0.0
21,acute_diarrheal_disease,2020-10-16,Kerala,Ernakulam,Kothamangalam,10.0667,76.6333,0.0009839398679112
22,acute_diarrheal_disease,2020-10-15,Kerala,Kozhikode,Koyilandy,11.4333,75.7,0.0
23,acute_diarrheal_disease,2020-10-15,Kerala,Thiruvananthapuram,Neyyattinkara,8.4004,77.0872,0.0
24,acute_diarrheal_disease,2020-10-17,Kerala,Alappuzha,Karthikappally,9.2833,76.4667,0.0
24,acute_diarrheal_disease,2020-10-17,Kerala,Alappuzha,Mavelikkara,9.2667,76.55,0.0
25,acute_diarrheal_disease,2020-10-17,Kerala,Palakkad,Pattambi,10.8,76.2,0.0011943374387785
26,acute_diarrheal_disease,2020-11-19,Kerala,Alappuzha,Ambalappuzha,9.5006651,76.41241429,0.0
26,acute_diarrheal_disease,2020-11-19,Kerala,Pathanamthitta,Adoor,9.1667,76.7333,0.0
26,acute_diarrheal_disease,2020-11-23,Kerala,Pathanamthitta,Thiruvalla,9.3833,76.5833,0.0
26,acute_diarrheal_disease,2020-11-24,Kerala,Alappuzha,Chenganoor,9.3167,76.6167,0.0
27,acute_diarrheal_disease,2020-11-19,Kerala,Kasaragod,Nileshwaram,12.25,75.1,0.0
28,acute_diarrheal_disease,2020-11-19,Kerala,Thrissur,Chalakudy,10.3,76.3333,0.0
29,acute_diarrheal_disease,2020-11-21,Kerala,Kozhikode,Thamarassery,11.2667,75.9333,0.2632644364240618
29,acute_diarrheal_disease,2020-11-21,Kerala,Kozhikode,Thamarassery,11.2667,75.9333,0.0
30,acute_diarrheal_disease,2020-11-21,Kerala,Palakkad,Mannarkkad,11.0,76.4667,0.0
31,acute_diarrheal_disease,2020-11-22,Kerala,Kannur,Iritty,11.9333,75.7,0.002453346335718
32,acute_diarrheal_disease,2020-11-22,Kerala,Malappuram,Nilambur,11.2833,76.2333,0.0
32,acute_diarrheal_disease,2020-11-24,Kerala,Malappuram,Ernad,11.1201,76.1197,0.0
33,acute_diarrheal_disease,2020-11-22,Kerala,Wayanad,Vythiri,11.6226,76.0813,0.0
34,acute_diarrheal_disease,2020-11-23,Kerala,Idukki,Peerumade,9.5667,76.9667,0.0
35,acute_diarrheal_disease,2020-11-23,Kerala,Kannur,Thalassery,11.75,75.4833,0.0
36,acute_diarrheal_disease,2020-11-24,Kerala,Ernakulam,Muvattupuzha,9.9833,76.5833,0.0
37,acute_diarrheal_disease,2020-12-26,Kerala,Kollam,Kollam,8.8879509,76.5955013,0.0
37,acute_diarrheal_disease,2020-12-30,Kerala,Kollam,Karunagappally,9.0574,76.5334,0.0
37,acute_diarrheal_disease,2021-01-02,Kerala,Thiruvananthapuram,Varkala,8.7379,76.7163,0.0392062193740555
38,acute_diarrheal_disease,2020-12-26,Kerala,Alappuzha,Karthikappally,9.2833,76.4667,0.0014121890215348
39,acute_diarrheal_disease,2020-12-27,Kerala,Ernakulam,North Paravur,10.1333,76.2,0.0601628878707755
39,acute_diarrheal_disease,2020-12-31,Kerala,Thrissur,Kodungallur,10.2333,76.2,0.0
39,acute_diarrheal_disease,2021-01-03,Kerala,Ernakulam,Kanayannur,9.98408,76.2741457,0.0
40,acute_diarrheal_disease,2020-12-28,Kerala,Palakkad,Palakkad,10.78789845,76.47408711,0.0
40,acute_diarrheal_disease,2021-01-02,Kerala,Palakkad,Alathur,10.6333,76.55,0.0029612356700996
41,acute_diarrheal_disease,2020-12-28,Kerala,Kottayam,Meenachil,9.7167,76.6833,0.0011943374387785
42,acute_diarrheal_disease,2020-12-28,Kerala,Kozhikode,Kozhikode,11.2450558,75.7754716,0.0138739741254935
42,acute_diarrheal_disease,2020-12-31,Kerala,Malappuram,Kondotty,11.15,75.9667,0.0
43,acute_diarrheal_disease,2020-12-28,Kerala,Idukki,Devikulam,10.0667,77.1,0.0009168109918226
44,acute_diarrheal_disease,2020-12-31,Kerala,Pathanamthitta,Adoor,9.1667,76.7333,0.0
45,acute_diarrheal_disease,2021-01-01,Kerala,Thiruvananthapuram,Neyyattinkara,8.4004,77.0872,0.0002284346407597
46,acute_diarrheal_disease,2021-01-02,Kerala,Kannur,Iritty,11.9333,75.7,0.0
47,acute_diarrheal_disease,2021-01-04,Kerala,Malappuram,Tirur,10.9167,75.9167,0.0
48,acute_diarrheal_disease,2021-02-04,Kerala,Kozhikode,Kozhikode,11.2450558,75.7754716,0.0148895703023964
49,acute_diarrheal_disease,2021-02-05,Kerala,Thiruvananthapuram,Nedumangad,8.6036,77.0031,0.0202609092629217
50,acute_diarrheal_disease,2021-02-05,Kerala,Malappuram,Ernad,11.1201,76.1197,0.0
51,acute_diarrheal_disease,2021-07-06,Kerala,Palakkad,Alathur,10.6333,76.55,0.0
52,acute_diarrheal_disease,2021-07-06,Kerala,Ernakulam,Kanayannur,9.98408,76.2741457,0.0013749144814516
53,acute_diarrheal_disease,2021-07-07,Kerala,Thiruvananthapuram,Nedumangad,8.6036,77.0031,0.0
54,acute_diarrheal_disease,2021-07-07,Kerala,Alappuzha,Karthikappally,9.2833,76.4667,0.0
55,acute_diarrheal_disease,2021-08-08,Kerala,Kasaragod,Manjeshwaram,12.7167,74.8833,0.0
56,acute_diarrheal_disease,2021-08-08,Kerala,Kasaragod,Hosdurg,12.3167,75.1,0.0
57,acute_diarrheal_disease,2021-08-08,Kerala,Idukki,Thodupuzha,9.8955,76.7241,0.0
58,acute_diarrheal_disease,2021-09-08,Kerala,Kottayam,Changanassery,9.45,76.5333,0.0
58,acute_diarrheal_disease,2021-09-10,Kerala,Kottayam,Changanassery,9.45,76.5333,0.0
59,acute_diarrheal_disease,2021-09-09,Kerala,Kottayam,Meenachil,9.7167,76.6833,0.053373505219053
60,acute_diarrheal_disease,2021-09-09,Kerala,Palakkad,Pattambi,10.8,76.2,0.0
60,acute_diarrheal_disease,2021-09-12,Kerala,Thrissur,Talappilly,10.6667,76.25,0.0
61,acute_diarrheal_disease,2021-09-10,Kerala,Kollam,Kottarakkara,9.0002,76.7788,0.0
62,acute_diarrheal_disease,2021-10-13,Kerala,Kottayam,Vaikom,9.75,76.4,0.0
62,acute_diarrheal_disease,2021-10-18,Kerala,Alappuzha,Cherthala,9.6833,76.3333,0.0
63,acute_diarrheal_disease,2021-10-14,Kerala,Malappuram,Tirur,10.9167,75.9167,0.0084439040897712
63,acute_diarrheal_disease,2021-10-16,Kerala,Malappuram,Tirurangadi,11.0,75.9333,2.951618657093096e-05
64,acute_diarrheal_disease,2021-10-15,Kerala,Kasaragod,Manjeshwaram,12.7167,74.8833,0.0
65,acute_diarrheal_disease,2021-10-15,Kerala,Pathanamthitta,Adoor,9.1667,76.7333,0.0
65,acute_diarrheal_disease,2021-10-15,Kerala,Kollam,Pathanapuram,9.1,76.87,0.0
66,acute_diarrheal_disease,2021-10-15,Kerala,Ernakulam,North Paravur,10.1333,76.2,0.0
67,acute_diarrheal_disease,2021-10-17,Kerala,Kozhikode,Koyilandy,11.4333,75.7,0.0
68,acute_diarrheal_disease,2021-11-18,Kerala,Kasaragod,Kasaragod,12.5035577,74.9907022,0.0
69,acute_diarrheal_disease,2021-11-18,Kerala,Palakkad,Alathur,10.6333,76.55,4.031199542819508e-05
70,acute_diarrheal_disease,2021-11-19,Kerala,Kasaragod,Vellarikundu,12.4167,75.2333,0.0
71,acute_diarrheal_disease,2021-11-19,Kerala,Alappuzha,Mavelikkara,9.2667,76.55,0.0043837738079498
71,acute_diarrheal_disease,2021-11-21,Kerala,Kollam,Karunagappally,9.0574,76.5334,0.0001612479817127
72,acute_diarrheal_disease,2021-11-20,Kerala,Malappuram,Tirur,10.9167,75.9167,0.0187890989323544
73,acute_diarrheal_disease,2021-11-22,Kerala,Kozhikode,Koyilandy,11.4333,75.7,0.0
73,acute_diarrheal_disease,2021-11-23,Kerala,Kozhikode,Kozhikode,11.2450558,75.7754716,2.1341644638456213e-05
74,acute_diarrheal_disease,2021-11-22,Kerala,Malappuram,Nilambur,11.2833,76.2333,0.0004111306112545
75,acute_diarrheal_disease,2021-11-23,Kerala,Ernakulam,Muvattupuzha,9.9833,76.5833,0.003680019503577
76,acute_diarrheal_disease,2021-11-23,Kerala,Ernakulam,North Paravur,10.1333,76.2,0.0504143545609719
76,acute_diarrheal_disease,2021-11-24,Kerala,Ernakulam,North Paravur,10.1333,76.2,0.0442478138968194
76,acute_diarrheal_disease,2021-11-24,Kerala,Thrissur,Kodungallur,10.2333,76.2,0.0022068968448787
77,acute_diarrheal_disease,2021-12-25,Kerala,Idukki,Peerumade,9.5667,76.9667,0.0
77,acute_diarrheal_disease,2021-12-31,Kerala,Kottayam,Meenachil,9.7167,76.6833,0.0
77,acute_diarrheal_disease,2022-01-02,Kerala,Kottayam,Kanjirappally,9.5667,76.7833,0.0
77,acute_diarrheal_disease,2022-01-03,Kerala,Idukki,Peerumade,9.5667,76.9667,0.0
78,acute_diarrheal_disease,2021-12-26,Kerala,Kasaragod,Hosdurg,12.3167,75.1,0.0
78,acute_diarrheal_disease,2021-12-29,Kerala,Kasaragod,Hosdurg,12.3167,75.1,0.0055229852107529
79,acute_diarrheal_disease,2021-12-27,Kerala,Thiruvananthapuram,Chirayinkeezhu,8.6963,76.8153,0.0
79,acute_diarrheal_disease,2021-12-28,Kerala,Thiruvananthapuram,Nedumangad,8.6036,77.0031,0.0005643679359947
79,acute_diarrheal_disease,2021-12-28,Kerala,Thiruvananthapuram,Thiruvananthapuram,8.4882267,76.947551,0.0
80,acute_diarrheal_disease,2021-12-27,Kerala,Malappuram,Kondotty,11.15,75.9667,0.0
80,acute_diarrheal_disease,2021-12-31,Kerala,Malappuram,Nilambur,11.2833,76.2333,0.0008728655744956
80,acute_diarrheal_disease,2022-01-01,Kerala,Malappuram,Ernad,11.1201,76.1197,0.0537134292890569
81,acute_diarrheal_disease,2021-12-28,Kerala,Alappuzha,Cherthala,9.6833,76.3333,0.0
81,acute_diarrheal_disease,2021-12-29,Kerala,Alappuzha,Kuttanad,9.5833,76.4167,0.0
82,acute_diarrheal_disease,2021-12-29,Kerala,Palakkad,Alathur,10.6333,76.55,0.0
83,acute_diarrheal_disease,2022-01-04,Kerala,Ernakulam,Muvattupuzha,9.9833,76.5833,0.0
84,acute_diarrheal_disease,2022-02-04,Kerala,Kannur,Thalassery,11.75,75.4833,0.0008356985543185
85,acute_diarrheal_disease,2022-07-06,Kerala,Idukki,Devikulam,10.0667,77.1,0.0024974736457191
86,acute_diarrheal_disease,2022-07-06,Kerala,Ernakulam,Kanayannur,9.98408,76.2741457,0.0001131337773136
87,acute_diarrheal_disease,2022-07-07,Kerala,Kasaragod,Manjeshwaram,12.7167,74.8833,0.1251170993796789
88,acute_diarrheal_disease,2022-07-07,Kerala,Kottayam,Kottayam,9.6287383,76.64553257,0.0
89,acute_diarrheal_disease,2022-07-07,Kerala,Pathanamthitta,Konni,9.2667,76.9333,0.0
90,acute_diarrheal_disease,2022-08-07,Kerala,Kannur,Kannur,11.8763836,75.3737973,0.0
91,acute_diarrheal_disease,2022-09-09,Kerala,Palakkad,Pattambi,10.8,76.2,0.0095792243364424
92,acute_diarrheal_disease,2022-09-10,Kerala,Kottayam,Kanjirappally,9.5667,76.7833,0.0
93,acute_diarrheal_disease,2022-09-10,Kerala,Kannur,Payyanur,12.1,75.2,0.0
94,acute_diarrheal_disease,2022-09-11,Kerala,Kollam,Punalur,9.0089,76.9269,0.0
95,acute_diarrheal_disease,2022-09-11,Kerala,Ernakulam,Kanayannur,9.98408,76.2741457,0.9999999983333334
96,acute_diarrheal_disease,2022-09-12,Kerala,Malappuram,Ernad,11.1201,76.1197,0.0
97,acute_diarrheal_disease,2022-10-14,Kerala,Kasaragod,Nileshwaram,12.25,75.1,0.0002096223762266
98,acute_diarrheal_disease,2022-10-14,Kerala,Kollam,Karunagappally,9.0574,76.5334,0.0
99,acute_diarrheal_disease,2022-10-15,Kerala,Kozhikode,Koyilandy,11.4333,75.7,0.0006853039222793
100,acute_diarrheal_disease,2022-10-16,Kerala,Thrissur,Kunnamkulam,10.65,76.0667,0.0023634770145291
100,acute_diarrheal_disease,2022-10-17,Kerala,Malappuram,Ponnani,10.7667,75.9167,0.0
101,acute_diarrheal_disease,2022-10-16,Kerala,Pathanamthitta,Ranni,9.3833,76.9667,0.0
102,acute_diarrheal_disease,2022-10-16,Kerala,Kasaragod,Kasaragod,12.5035577,74.9907022,0.0016192931689679
103,acute_diarrheal_disease,2022-10-17,Kerala,Ernakulam,Kothamangalam,10.0667,76.6333,0.0
103,acute_diarrheal_disease,2022-10-18,Kerala,Ernakulam,Muvattupuzha,9.9833,76.5833,0.0
104,acute_diarrheal_disease,2022-11-19,Kerala,Malappuram,Tirurangadi,11.0,75.9333,0.7408560027433414
104,acute_diarrheal_disease,2022-11-22,Kerala,Malappuram,Kondotty,11.15,75.9667,0.0017737277988405
104,acute_diarrheal_disease,2022-11-23,Kerala,Malappuram,Tirurangadi,11.0,75.9333,0.0
105,acute_diarrheal_disease,2022-11-19,Kerala,Pathanamthitta,Adoor,9.1667,76.7333,0.0007989250284021
105,acute_diarrheal_disease,2022-11-24,Kerala,Pathanamthitta,Adoor,9.1667,76.7333,0.0167535435660364
106,acute_diarrheal_disease,2022-11-19,Kerala,Kozhikode,Vadakara,11.6,75.5833,0.0
106,acute_diarrheal_disease,2022-11-22,Kerala,Kozhikode,Vadakara,11.6,75.5833,0.003680019503577
107,acute_diarrheal_disease,2022-11-21,Kerala,Kasaragod,Manjeshwaram,12.7167,74.8833,0.0
108,acute_diarrheal_disease,2022-11-21,Kerala,Thrissur,Kunnamkulam,10.65,76.0667,0.0013358453044419
109,acute_diarrheal_disease,2022-11-22,Kerala,Kannur,Payyanur,12.1,75.2,0.9999999983333334
110,acute_diarrheal_disease,2022-12-25,Kerala,Thrissur,Kunnamkulam,10.65,76.0667,0.0
110,acute_diarrheal_disease,2022-12-25,Kerala,Thrissur,Chavakkad,10.5833,76.0167,0.0
111,acute_diarrheal_disease,2022-12-26,Kerala,Kannur,Taliparamba,12.0333,75.35,0.0
112,acute_diarrheal_disease,2022-12-26,Kerala,Kollam,Punalur,9.0089,76.9269,0.0022367885411461
113,acute_diarrheal_disease,2022-12-27,Kerala,Kasaragod,Vellarikundu,12.4167,75.2333,0.0
113,acute_diarrheal_disease,2022-12-29,Kerala,Kasaragod,Vellarikundu,12.4167,75.2333,0.0005912425996135
114,acute_diarrheal_disease,2022-12-27,Kerala,Alappuzha,Cherthala,9.6833,76.3333,4.031199542819508e-05
114,acute_diarrheal_disease,2023-01-04,Kerala,Kottayam,Vaikom,9.75,76.4,0.0
115,acute_diarrheal_disease,2022-12-28,Kerala,Malappuram,Tirur,10.9167,75.9167,0.0
115,acute_diarrheal_disease,2022-12-29,Kerala,Malappuram,Tirur,10.9167,75.9167,4.031199542819508e-05
116,acute_diarrheal_disease,2022-12-29,Kerala,Palakkad,Palakkad,10.78789845,76.47408711,0.0
117,acute_diarrheal_disease,2022-12-30,Kerala,Wayanad,Vythiri,11.6226,76.0813,4.031199542819508e-05
117,acute_diarrheal_disease,2023-01-01,Kerala,Wayanad,Vythiri,11.6226,76.0813,0.3107088387026347
118,acute_diarrheal_disease,2022-12-30,Kerala,Pathanamthitta,Thiruvalla,9.3833,76.5833,0.0048847826127823
119,acute_diarrheal_disease,2022-12-31,Kerala,Idukki,Udumbanchola,9.8333,77.1333,0.0
119,acute_diarrheal_disease,2023-01-04,Kerala,Idukki,Idukki,9.8497872,76.9797914,0.0
120,acute_diarrheal_disease,2022-12-31,Kerala,Palakkad,Chittur,10.7,76.75,0.0
121,acute_diarrheal_disease,2023-01-01,Kerala,Ernakulam,Aluva,10.1075,76.3516,0.0
122,acute_diarrheal_disease,2023-01-02,Kerala,Kozhikode,Koyilandy,11.4333,75.7,0.0039400788763928
122,acute_diarrheal_disease,2023-01-04,Kerala,Kozhikode,Vadakara,11.6,75.5833,0.0007888485009544
123,acute_diarrheal_disease,2023-01-02,Kerala,Kollam,Kunnathoor,9.0292,76.627,0.0
124,acute_diarrheal_disease,2023-01-03,Kerala,Malappuram,Nilambur,11.2833,76.2333,0.9999999983333334
125,acute_diarrheal_disease,2023-02-04,Kerala,Kozhikode,Kozhikode,11.2450558,75.7754716,0.0033862076159683
126,acute_diarrheal_disease,2023-02-05,Kerala,Pathanamthitta,Adoor,9.1667,76.7333,0.0
127,acute_diarrheal_disease,2023-02-05,Kerala,Alappuzha,Ambalappuzha,9.5006651,76.41241429,0.0
128,acute_diarrheal_disease,2023-07-01,Kerala,Pathanamthitta,Konni,9.2667,76.9333,0.0
129,acute_diarrheal_disease,2023-07-06,Kerala,Kasaragod,Vellarikundu,12.4167,75.2333,0.0002447230883306
130,acute_diarrheal_disease,2023-07-06,Kerala,Palakkad,Chittur,10.7,76.75,0.0086486150656177
131,acute_diarrheal_disease,2023-07-07,Kerala,Kottayam,Kanjirappally,9.5667,76.7833,0.1666956105189485
132,acute_diarrheal_disease,2023-07-07,Kerala,Ernakulam,Kochi,9.9312,76.2673,6.365051909715011e-05
133,acute_diarrheal_disease,2023-07-07,Kerala,Alappuzha,Ambalappuzha,9.5006651,76.41241429,4.031199542819508e-05
134,acute_diarrheal_disease,2023-07-07,Kerala,Thiruvananthapuram,Varkala,8.7379,76.7163,0.0
135,acute_diarrheal_disease,2023-08-07,Kerala,Wayanad,Sulthan Bathery,11.6667,76.2667,0.0
136,acute_diarrheal_disease,2023-08-07,Kerala,Pathanamthitta,Mallappally,9.3833,76.6833,0.0
137,acute_diarrheal_disease,2023-08-08,Kerala,Ernakulam,Kunnathunad,10.1167,76.4833,4.031199542819508e-05
138,acute_diarrheal_disease,2023-08-08,Kerala,Alappuzha,Karthikappally,9.2833,76.4667,0.0047580470237954
139,acute_diarrheal_disease,2023-08-08,Kerala,Idukki,Peerumade,9.5667,76.9667,0.0
140,acute_diarrheal_disease,2023-08-08,Kerala,Alappuzha,Cherthala,9.6833,76.3333,0.0
141,acute_diarrheal_disease,2023-08-26,Kerala,Alappuzha,Cherthala,9.6833,76.3333,0.0002821839679973
141,acute_diarrheal_disease,2023-09-09,Kerala,Alappuzha,Kuttanad,9.5833,76.4167,0.0
142,acute_diarrheal_disease,2023-09-02,Kerala,Thiruvananthapuram,Kattakkada,8.5667,77.1,0.0
143,acute_diarrheal_disease,2023-09-09,Kerala,Kollam,Kunnathoor,9.0292,76.627,0.0302257012024685
144,acute_diarrheal_disease,2023-09-09,Kerala,Kollam,Punalur,9.0089,76.9269,0.0
145,acute_diarrheal_disease,2023-09-09,Kerala,Malappuram,Ponnani,10.7667,75.9167,0.5159404134643768
145,acute_diarrheal_disease,2023-09-11,Kerala,Malappuram,Tirur,10.9167,75.9167,0.0
146,acute_diarrheal_disease,2023-09-09,Kerala,Kozhikode,Thamarassery,11.2667,75.9333,0.0004856189216698
147,acute_diarrheal_disease,2023-09-09,Kerala,Kannur,Thalassery,11.75,75.4833,0.0047418086496215
148,acute_diarrheal_disease,2023-09-10,Kerala,Palakkad,Chittur,10.7,76.75,0.0
149,acute_diarrheal_disease,2023-09-11,Kerala,Thrissur,Mukundapuram,10.3333,76.2167,0.0
150,acute_diarrheal_disease,2023-09-11,Kerala,Pathanamthitta,Mallappally,9.3833,76.6833,0.0
151,acute_diarrheal_disease,2023-09-12,Kerala,Kottayam,Kottayam,9.6287383,76.64553257,0.0
152,acute_diarrheal_disease,2023-10-07,Kerala,Kozhikode,Vadakara,11.6,75.5833,0.0
153,acute_diarrheal_disease,2023-10-13,Kerala,Kottayam,Changanassery,9.45,76.5333,0.0
154,acute_diarrheal_disease,2023-10-14,Kerala,Thrissur,Kodungallur,10.2333,76.2,0.0
154,acute_diarrheal_disease,2023-10-14,Kerala,Thrissur,Kodungallur,10.2333,76.2,0.0
155,acute_diarrheal_disease,2023-10-14,Kerala,Thiruvananthapuram,Kattakkada,8.5667,77.1,0.0
156,acute_diarrheal_disease,2023-10-14,Kerala,Malappuram,Ponnani,10.7667,75.9167,0.0
156,acute_diarrheal_disease,2023-10-17,Kerala,Malappuram,Tirur,10.9167,75.9167,0.0
156,acute_diarrheal_disease,2023-10-18,Kerala,Thrissur,Chavakkad,10.5833,76.0167,0.0
157,acute_diarrheal_disease,2023-10-15,Kerala,Ernakulam,Kothamangalam,10.0667,76.6333,4.031199542819508e-05
158,acute_diarrheal_disease,2023-10-21,Kerala,Kollam,Kottarakkara,9.0002,76.7788,0.0003628079588537
159,acute_diarrheal_disease,2023-10-28,Kerala,Malappuram,Ernad,11.1201,76.1197,3.3198113882043e-05
160,acute_diarrheal_disease,2023-11-04,Kerala,Kasaragod,Nileshwaram,12.25,75.1,0.0019307277873476
161,acute_diarrheal_disease,2023-11-04,Kerala,Kozhikode,Vadakara,11.6,75.5833,1.7276569469226453e-05
162,acute_diarrheal_disease,2023-11-11,Kerala,Thrissur,Chalakudy,10.3,76.3333,0.0
162,acute_diarrheal_disease,2023-11-19,Kerala,Ernakulam,Aluva,10.1075,76.3516,0.0
162,acute_diarrheal_disease,2023-11-21,Kerala,Ernakulam,North Paravur,10.1333,76.2,0.0017468531352217
162,acute_diarrheal_disease,2023-12-02,Kerala,Thrissur,Chalakudy,10.3,76.3333,0.0
163,acute_diarrheal_disease,2023-11-18,Kerala,Palakkad,Ottapalam,10.7667,76.3667,0.0
163,acute_diarrheal_disease,2023-11-20,Kerala,Palakkad,Palakkad,10.78789845,76.47408711,5.374932723759343e-05
163,acute_diarrheal_disease,2023-11-20,Kerala,Palakkad,Mannarkkad,11.0,76.4667,6.0467993142292616e-05
163,acute_diarrheal_disease,2023-11-21,Kerala,Palakkad,Ottapalam,10.7667,76.3667,0.0006941759066305
164,acute_diarrheal_disease,2023-11-18,Kerala,Kasaragod,Kasaragod,12.5035577,74.9907022,0.0
165,acute_diarrheal_disease,2023-11-18,Kerala,Kannur,Kannur,11.8763836,75.3737973,0.0
166,acute_diarrheal_disease,2023-11-20,Kerala,Alappuzha,Mavelikkara,9.2667,76.55,0.0
166,acute_diarrheal_disease,2023-11-20,Kerala,Kottayam,Changanassery,9.45,76.5333,0.0004031199542819
167,acute_diarrheal_disease,2023-11-20,Kerala,Thiruvananthapuram,Thiruvananthapuram,8.4882267,76.947551,0.0
168,acute_diarrheal_disease,2023-11-20,Kerala,Malappuram,Perinthalmanna,10.9667,76.2167,0.0
169,acute_diarrheal_disease,2023-11-21,Kerala,Kannur,Iritty,11.9333,75.7,0.9999999983333334
170,acute_diarrheal_disease,2023-11-21,Kerala,Malappuram,Tirurangadi,11.0,75.9333,0.0
171,acute_diarrheal_disease,2023-11-21,Kerala,Wayanad,Vythiri,11.6226,76.0813,0.0002091890018809
172,acute_diarrheal_disease,2023-11-22,Kerala,Kottayam,Kanjirappally,9.5667,76.7833,0.0
172,acute_diarrheal_disease,2023-11-23,Kerala,Idukki,Peerumade,9.5667,76.9667,0.9999999983333334
172,acute_diarrheal_disease,2023-11-24,Kerala,Kottayam,Meenachil,9.7167,76.6833,0.0
173,acute_diarrheal_disease,2023-11-23,Kerala,Kollam,Punalur,9.0089,76.9269,0.0172826368232415
173,acute_diarrheal_disease,2023-11-24,Kerala,Kollam,Kottarakkara,9.0002,76.7788,0.0
174,acute_diarrheal_disease,2023-11-24,Kerala,Kasaragod,Nileshwaram,12.25,75.1,0.0
175,acute_diarrheal_disease,2023-12-09,Kerala,Idukki,Udumbanchola,9.8333,77.1333,0.0
176,acute_diarrheal_disease,2023-12-25,Kerala,Kottayam,Changanassery,9.45,76.5333,0.2122257340728656
176,acute_diarrheal_disease,2023-12-27,Kerala,Alappuzha,Kuttanad,9.5833,76.4167,0.0
176,acute_diarrheal_disease,2023-12-29,Kerala,Alappuzha,Ambalappuzha,9.5006651,76.41241429,0.0
176,acute_diarrheal_disease,2023-12-31,Kerala,Pathanamthitta,Mallappally,9.3833,76.6833,0.6192966956936342
177,acute_diarrheal_disease,2023-12-26,Kerala,Malappuram,Ponnani,10.7667,75.9167,0.00580492734166
178,acute_diarrheal_disease,2023-12-26,Kerala,Kollam,Punalur,9.0089,76.9269,0.0
178,acute_diarrheal_disease,2024-01-02,Kerala,Kollam,Kottarakkara,9.0002,76.7788,8.062399085639016e-05
179,acute_diarrheal_disease,2023-12-27,Kerala,Ernakulam,Kochi,9.9312,76.2673,0.042643256857449
179,acute_diarrheal_disease,2024-01-02,Kerala,Ernakulam,Kochi,9.9312,76.2673,0.0
179,acute_diarrheal_disease,2024-01-04,Kerala,Ernakulam,Aluva,10.1075,76.3516,0.001048111881133
179,acute_diarrheal_disease,2024-01-13,Kerala,Thrissur,Kodungallur,10.2333,76.2,0.0410350303276012
180,acute_diarrheal_disease,2023-12-27,Kerala,Wayanad,Sulthan Bathery,11.6667,76.2667,0.0
180,acute_diarrheal_disease,2023-12-28,Kerala,Wayanad,Vythiri,11.6226,76.0813,0.0
181,acute_diarrheal_disease,2023-12-27,Kerala,Malappuram,Kondotty,11.15,75.9667,0.2331599822451839
181,acute_diarrheal_disease,2023-12-31,Kerala,Kozhikode,Thamarassery,11.2667,75.9333,0.0
181,acute_diarrheal_disease,2024-01-02,Kerala,Malappuram,Kondotty,11.15,75.9667,0.0
182,acute_diarrheal_disease,2023-12-27,Kerala,Palakkad,Chittur,10.7,76.75,4.031199542819508e-05
183,acute_diarrheal_disease,2023-12-29,Kerala,Kasaragod,Manjeshwaram,12.7167,74.8833,0.0
184,acute_diarrheal_disease,2023-12-29,Kerala,Malappuram,Nilambur,11.2833,76.2333,0.0
185,acute_diarrheal_disease,2023-12-29,Kerala,Kozhikode,Koyilandy,11.4333,75.7,0.0
185,acute_diarrheal_disease,2023-12-30,Kerala,Kozhikode,Koyilandy,11.4333,75.7,0.0001727656946922
186,acute_diarrheal_disease,2023-12-30,Kerala,Thrissur,Thrissur,10.5256264,76.2132542,0.0002355827605017
186,acute_diarrheal_disease,2024-01-01,Kerala,Thrissur,Thrissur,10.5256264,76.2132542,0.0
187,acute_diarrheal_disease,2023-12-30,Kerala,Thiruvananthapuram,Chirayinkeezhu,8.6963,76.8153,0.0
187,acute_diarrheal_disease,2024-01-13,Kerala,Thiruvananthapuram,Chirayinkeezhu,8.6963,76.8153,0.0032153270630157
188,acute_diarrheal_disease,2024-01-01,Kerala,Kannur,Kannur,11.8763836,75.3737973,0.0
189,acute_diarrheal_disease,2024-01-03,Kerala,Kasaragod,Hosdurg,12.3167,75.1,0.0011367359028396
190,acute_diarrheal_disease,2024-01-04,Kerala,Idukki,Idukki,9.8497872,76.9797914,0.0024187197256917
191,acute_diarrheal_disease,2024-02-04,Kerala,Ernakulam,Kothamangalam,10.0667,76.6333,0.1267924654913341
191,acute_diarrheal_disease,2024-02-05,Kerala,Ernakulam,Muvattupuzha,9.9833,76.5833,0.0214419164250777
192,acute_diarrheal_disease,2024-02-10,Kerala,Pathanamthitta,Thiruvalla,9.3833,76.5833,0.0
193,acute_diarrheal_disease,2024-08-08,Kerala,Malappuram,Perinthalmanna,10.9667,76.2167,0.0404819777736876
194,acute_diarrheal_disease,2024-09-09,Kerala,Kozhikode,Vadakara,11.6,75.5833,0.0324368448846738
195,acute_diarrheal_disease,2024-09-09,Kerala,Kozhikode,Kozhikode,11.2450558,75.7754716,0.0043770505402866
196,acute_diarrheal_disease,2024-09-10,Kerala,Palakkad,Alathur,10.6333,76.55,0.0156285274542022
196,acute_diarrheal_disease,2024-09-10,Kerala,Palakkad,Chittur,10.7,76.75,0.0
197,acute_diarrheal_disease,2024-09-10,Kerala,Thrissur,Chavakkad,10.5833,76.0167,0.0348441125028617
198,acute_diarrheal_disease,2024-10-13,Kerala,Thiruvananthapuram,Thiruvananthapuram,8.4882267,76.947551,0.0
199,acute_diarrheal_disease,2024-10-14,Kerala,Kannur,Thalassery,11.75,75.4833,0.0029715076017806
200,acute_diarrheal_disease,2024-10-15,Kerala,Palakkad,Palakkad,10.78789845,76.47408711,0.001451231835415
201,acute_diarrheal_disease,2024-10-15,Kerala,Kozhikode,Kozhikode,11.2450558,75.7754716,0.0
202,acute_diarrheal_disease,2024-10-16,Kerala,Thrissur,Talappilly,10.6667,76.25,0.0061449677851203
203,acute_diarrheal_disease,2024-10-17,Kerala,Malappuram,Ponnani,10.7667,75.9167,0.0
204,acute_diarrheal_disease,2024-10-17,Kerala,Kannur,Iritty,11.9333,75.7,0.0
205,acute_diarrheal_disease,2024-10-17,Kerala,Idukki,Peerumade,9.5667,76.9667,0.0
206,acute_diarrheal_disease,2024-11-18,Kerala,Ernakulam,Kothamangalam,10.0667,76.6333,0.0001948318614354
207,acute_diarrheal_disease,2024-11-18,Kerala,Kasaragod,Hosdurg,12.3167,75.1,0.0122532889745408
208,acute_diarrheal_disease,2024-11-18,Kerala,Ernakulam,Aluva,10.1075,76.3516,3.7432567183324e-05
209,acute_diarrheal_disease,2024-11-19,Kerala,Kollam,Kunnathoor,9.0292,76.627,0.0001736516726137
210,acute_diarrheal_disease,2024-11-21,Kerala,Kannur,Iritty,11.9333,75.7,4.031199542819508e-05
211,acute_diarrheal_disease,2024-11-23,Kerala,Thrissur,Mukundapuram,10.3333,76.2167,0.1375198793249349
212,acute_diarrheal_disease,2024-12-28,Kerala,Alappuzha,Ambalappuzha,9.5006651,76.41241429,0.0
213,acute_encephalitis_syndrome,2020-01-01,Kerala,Malappuram,Tirurangadi,11.0,75.9333,0.0
214,acute_encephalitis_syndrome,2020-08-12,Kerala,Malappuram,Ernad,11.1201,76.1197,0.0
215,acute_encephalitis_syndrome,2020-08-13,Kerala,Pathanamthitta,Ranni,9.3833,76.9667,0.0
216,acute_encephalitis_syndrome,2020-08-13,Kerala,Kottayam,Changanassery,9.45,76.5333,0.0
217,acute_encephalitis_syndrome,2020-08-14,Kerala,Kozhikode,Kozhikode,11.2450558,75.7754716,0.0
218,acute_encephalitis_syndrome,2020-11-19,Kerala,Ernakulam,Kunnathunad,10.1167,76.4833,0.0
219,acute_encephalitis_syndrome,2020-11-22,Kerala,Malappuram,Tirurangadi,11.0,75.9333,0.0
220,acute_encephalitis_syndrome,2020-11-24,Kerala,Kannur,Payyanur,12.1,75.2,0.0
221,acute_encephalitis_syndrome,2020-12-29,Kerala,Kottayam,Changanassery,9.45,76.5333,0.003711516832362
222,acute_encephalitis_syndrome,2020-12-30,Kerala,Pathanamthitta,Adoor,9.1667,76.7333,0.0
223,acute_encephalitis_syndrome,2021-05-06,Kerala,Thrissur,Talappilly,10.6667,76.25,0.0
224,acute_encephalitis_syndrome,2021-05-07,Kerala,Kasaragod,Manjeshwaram,12.7167,74.8833,0.0
225,acute_encephalitis_syndrome,2021-07-08,Kerala,Thrissur,Mukundapuram,10.3333,76.2167,0.0
226,acute_encephalitis_syndrome,2021-08-13,Kerala,Idukki,Idukki,9.8497872,76.9797914,0.0
227,acute_encephalitis_syndrome,2021-09-16,Kerala,Alappuzha,Karthikappally,9.2833,76.4667,0.0
228,acute_encephalitis_syndrome,2021-09-18,Kerala,Kasaragod,Vellarikundu,12.4167,75.2333,0.0
229,acute_encephalitis_syndrome,2021-09-18,Kerala,Palakkad,Ottapalam,10.7667,76.3667,0.0
230,acute_encephalitis_syndrome,2021-11-20,Kerala,Malappuram,Nilambur,11.2833,76.2333,0.0
231,acute_encephalitis_syndrome,2021-11-20,Kerala,Palakkad,Pattambi,10.8,76.2,0.0
232,acute_encephalitis_syndrome,2021-11-22,Kerala,Alappuzha,Kuttanad,9.5833,76.4167,0.0
233,acute_encephalitis_syndrome,2021-12-29,Kerala,Ernakulam,North Paravur,10.1333,76.2,0.0
234,acute_encephalitis_syndrome,2021-12-31,Kerala,Kannur,Payyanur,12.1,75.2,0.0082633548842088
235,acute_encephalitis_syndrome,2022-01-01,Kerala,Kollam,Kunnathoor,9.0292,76.627,0.0
236,acute_encephalitis_syndrome,2022-01-03,Kerala,Ernakulam,Kunnathunad,10.1167,76.4833,0.0
237,acute_encephalitis_syndrome,2022-01-03,Kerala,Kozhikode,Vadakara,11.6,75.5833,0.0
238,acute_encephalitis_syndrome,2022-07-09,Kerala,Kasaragod,Manjeshwaram,12.7167,74.8833,0.0105250018001924
239,acute_encephalitis_syndrome,2022-07-09,Kerala,Alappuzha,Mavelikkara,9.2667,76.55,0.0
240,acute_encephalitis_syndrome,2022-08-11,Kerala,Thiruvananthapuram,Thiruvananthapuram,8.4882267,76.947551,0.0
240,acute_encephalitis_syndrome,2022-08-12,Kerala,Thiruvananthapuram,Thiruvananthapuram,8.4882267,76.947551,0.0011187438496945
241,acute_encephalitis_syndrome,2022-08-12,Kerala,Alappuzha,Cherthala,9.6833,76.3333,0.0
242,acute_encephalitis_syndrome,2022-08-15,Kerala,Palakkad,Palakkad,10.78789845,76.47408711,0.0
243,acute_encephalitis_syndrome,2022-08-16,Kerala,Kollam,Kunnathoor,9.0292,76.627,0.0
244,acute_encephalitis_syndrome,2022-11-19,Kerala,Kottayam,Kottayam,9.6287383,76.64553257,0.0
245,acute_encephalitis_syndrome,2022-11-21,Kerala,Malappuram,Ernad,11.1201,76.1197,0.0081285509024256
246,acute_encephalitis_syndrome,2022-11-24,Kerala,Pathanamthitta,Thiruvalla,9.3833,76.5833,0.0
247,acute_encephalitis_syndrome,2022-12-28,Kerala,Palakkad,Ottapalam,10.7667,76.3667,0.9999999983333334
248,acute_encephalitis_syndrome,2022-12-29,Kerala,Kottayam,Vaikom,9.75,76.4,0.0
249,acute_encephalitis_syndrome,2023-05-04,Kerala,Idukki,Thodupuzha,9.8955,76.7241,0.0
250,acute_encephalitis_syndrome,2023-07-01,Kerala,Thiruvananthapuram,Varkala,8.7379,76.7163,0.0
251,acute_encephalitis_syndrome,2023-07-08,Kerala,Kannur,Kannur,11.8763836,75.3737973,0.0
252,acute_encephalitis_syndrome,2023-08-12,Kerala,Kottayam,Vaikom,9.75,76.4,0.0018245369708709
252,acute_encephalitis_syndrome,2023-08-26,Kerala,Ernakulam,Kochi,9.9312,76.2673,0.0
253,acute_encephalitis_syndrome,2023-08-12,Kerala,Wayanad,Vythiri,11.6226,76.0813,0.0
254,acute_encephalitis_syndrome,2023-08-16,Kerala,Kasaragod,Vellarikundu,12.4167,75.2333,0.7718842523320741
255,acute_encephalitis_syndrome,2023-09-16,Kerala,Alappuzha,Ambalappuzha,9.5006651,76.41241429,0.0
256,acute_encephalitis_syndrome,2023-11-11,Kerala,Pathanamthitta,Thiruvalla,9.3833,76.5833,0.0
257,acute_encephalitis_syndrome,2023-11-18,Kerala,Ernakulam,Kochi,9.9312,76.2673,6.803160993758527e-05
258,acute_encephalitis_syndrome,2023-11-24,Kerala,Kasaragod,Hosdurg,12.3167,75.1,0.0
259,acute_encephalitis_syndrome,2023-12-26,Kerala,Kottayam,Vaikom,9.75,76.4,0.0004405325050799
260,acute_encephalitis_syndrome,2023-12-26,Kerala,Thiruvananthapuram,Chirayinkeezhu,8.6963,76.8153,0.0
261,acute_encephalitis_syndrome,2023-12-27,Kerala,Kottayam,Changanassery,9.45,76.5333,0.006129863830659
262,acute_encephalitis_syndrome,2023-12-29,Kerala,Kozhikode,Kozhikode,11.2450558,75.7754716,0.0104947717992585
263,acute_encephalitis_syndrome,2024-05-06,Kerala,Wayanad,Vythiri,11.6226,76.0813,0.0003729146165648
264,acute_encephalitis_syndrome,2024-05-18,Kerala,Kasaragod,Nileshwaram,12.25,75.1,0.0
265,acute_encephalitis_syndrome,2024-08-13,Kerala,Thiruvananthapuram,Chirayinkeezhu,8.6963,76.8153,0.0044407914001447
266,acute_encephalitis_syndrome,2024-11-20,Kerala,Kasaragod,Hosdurg,12.3167,75.1,0.0003196410999127
267,amoebic_meningo_encephalitis_confirmed,2023-10-28,Kerala,Thiruvananthapuram,Chirayinkeezhu,8.6963,76.8153,0.0
268,amoebic_meningo_encephalitis_confirmed,2024-01-03,Kerala,Thiruvananthapuram,Chirayinkeezhu,8.6963,76.8153,0.3362361537629679
269,amoebic_meningo_encephalitis_confirmed,2024-01-14,Kerala,Palakkad,Chittur,10.7,76.75,0.0
270,amoebic_meningo_encephalitis_confirmed,2024-10-20,Kerala,Thiruvananthapuram,Chirayinkeezhu,8.6963,76.8153,0.0
271,chicken_pox,2020-01-01,Kerala,Alappuzha,Cherthala,9.6833,76.3333,0.0
272,chicken_pox,2020-01-01,Kerala,Kannur,Thalassery,11.75,75.4833,0.0
273,chicken_pox,2020-01-01,Kerala,Kottayam,Kottayam,9.6287383,76.64553257,0.0
274,chicken_pox,2020-01-01,Kerala,Malappuram,Nilambur,11.2833,76.2333,0.0
274,chicken_pox,2020-01-02,Kerala,Malappuram,Ernad,11.1201,76.1197,0.0
275,chicken_pox,2020-01-02,Kerala,Palakkad,Mannarkkad,11.0,76.4667,0.0
276,chicken_pox,2020-01-03,Kerala,Kannur,Payyanur,12.1,75.2,0.0
277,chicken_pox,2020-02-04,Kerala,Kasaragod,Manjeshwaram,12.7167,74.8833,0.0
278,chicken_pox,2020-02-04,Kerala,Kozhikode,Vadakara,11.6,75.5833,0.0
279,chicken_pox,2020-02-04,Kerala,Alappuzha,Cherthala,9.6833,76.3333,0.0139049661213929
280,chicken_pox,2020-02-05,Kerala,Palakkad,Pattambi,10.8,76.2,0.0
280,chicken_pox,2020-02-06,Kerala,Thrissur,Kunnamkulam,10.65,76.0667,0.0
281,chicken_pox,2020-02-05,Kerala,Wayanad,Sulthan Bathery,11.6667,76.2667,0.0
282,chicken_pox,2020-02-06,Kerala,Thiruvananthapuram,Neyyattinkara,8.4004,77.0872,0.0
283,chicken_pox,2020-08-07,Kerala,Thiruvananthapuram,Nedumangad,8.6036,77.0031,0.0
283,chicken_pox,2020-08-08,Kerala,Thiruvananthapuram,Kattakkada,8.5667,77.1,0.0
284,chicken_pox,2020-08-07,Kerala,Alappuzha,Chenganoor,9.3167,76.6167,0.0
285,chicken_pox,2020-08-07,Kerala,Ernakulam,North Paravur,10.1333,76.2,0.0
286,chicken_pox,2020-08-09,Kerala,Idukki,Thodupuzha,9.8955,76.7241,0.0
287,chicken_pox,2020-08-09,Kerala,Idukki,Devikulam,10.0667,77.1,0.0
288,chicken_pox,2020-09-10,Kerala,Kannur,Taliparamba,12.0333,75.35,0.0
288,chicken_pox,2020-09-13,Kerala,Kannur,Payyanur,12.1,75.2,0.0128198156012219
288,chicken_pox,2020-09-15,Kerala,Kannur,Kannur,11.8763836,75.3737973,0.0
289,chicken_pox,2020-09-10,Kerala,Pathanamthitta,Mallappally,9.3833,76.6833,0.0
289,chicken_pox,2020-09-13,Kerala,Alappuzha,Chenganoor,9.3167,76.6167,0.0
290,chicken_pox,2020-09-11,Kerala,Thrissur,Thrissur,10.5256264,76.2132542,0.0
291,chicken_pox,2020-09-11,Kerala,Wayanad,Vythiri,11.6226,76.0813,0.0
291,chicken_pox,2020-09-18,Kerala,Wayanad,Mananthavady,11.8,76.0,0.0
292,chicken_pox,2020-09-12,Kerala,Idukki,Udumbanchola,9.8333,77.1333,0.0
293,chicken_pox,2020-09-15,Kerala,Palakkad,Palakkad,10.78789845,76.47408711,0.0
293,chicken_pox,2020-09-18,Kerala,Palakkad,Ottapalam,10.7667,76.3667,0.0
294,chicken_pox,2020-09-16,Kerala,Palakkad,Chittur,10.7,76.75,0.0
295,chicken_pox,2020-09-17,Kerala,Kottayam,Meenachil,9.7167,76.6833,0.0
296,chicken_pox,2020-09-17,Kerala,Malappuram,Tirurangadi,11.0,75.9333,0.0
296,chicken_pox,2020-09-18,Kerala,Malappuram,Ernad,11.1201,76.1197,0.0005795279225613
297,chicken_pox,2020-09-18,Kerala,Kollam,Kunnathoor,9.0292,76.627,0.0
298,chicken_pox,2020-10-19,Kerala,Wayanad,Sulthan Bathery,11.6667,76.2667,0.030216247917171
298,chicken_pox,2020-10-25,Kerala,Wayanad,Sulthan Bathery,11.6667,76.2667,0.0
299,chicken_pox,2020-10-20,Kerala,Thiruvananthapuram,Thiruvananthapuram,8.4882267,76.947551,0.0
300,chicken_pox,2020-10-20,Kerala,Malappuram,Perinthalmanna,10.9667,76.2167,0.0
300,chicken_pox,2020-10-23,Kerala,Malappuram,Kondotty,11.15,75.9667,0.0
300,chicken_pox,2020-10-24,Kerala,Malappuram,Ernad,11.1201,76.1197,0.716596844260849
301,chicken_pox,2020-10-22,Kerala,Pathanamthitta,Kozhenchery,9.2780841,76.9737443,0.0
302,chicken_pox,2020-10-22,Kerala,Ernakulam,Aluva,10.1075,76.3516,0.0
303,chicken_pox,2020-10-23,Kerala,Alappuzha,Chenganoor,9.3167,76.6167,0.3600032335951355
304,chicken_pox,2020-10-23,Kerala,Kollam,Kollam,8.8879509,76.5955013,4.031199542819508e-05
305,chicken_pox,2020-10-24,Kerala,Kasaragod,Hosdurg,12.3167,75.1,0.0
306,chicken_pox,2020-10-25,Kerala,Thrissur,Thrissur,10.5256264,76.2132542,0.0020938690509625
307,chicken_pox,2020-11-26,Kerala,Kollam,Kollam,8.8879509,76.5955013,0.9999999983333334
307,chicken_pox,2020-11-28,Kerala,Kollam,Kunnathoor,9.0292,76.627,0.0
308,chicken_pox,2020-11-26,Kerala,Idukki,Peerumade,9.5667,76.9667,0.0
309,chicken_pox,2020-11-28,Kerala,Kannur,Thalassery,11.75,75.4833,0.0
310,chicken_pox,2020-11-28,Kerala,Alappuzha,Mavelikkara,9.2667,76.55,0.0
311,chicken_pox,2020-11-30,Kerala,Wayanad,Mananthavady,11.8,76.0,0.0
312,chicken_pox,2021-01-01,Kerala,Alappuzha,Cherthala,9.6833,76.3333,0.2187751246056305
312,chicken_pox,2021-01-03,Kerala,Alappuzha,Cherthala,9.6833,76.3333,0.0
313,chicken_pox,2021-01-01,Kerala,Kozhikode,Koyilandy,11.4333,75.7,0.0
314,chicken_pox,2021-01-01,Kerala,Wayanad,Mananthavady,11.8,76.0,0.07363232902761
315,chicken_pox,2021-01-02,Kerala,Kannur,Kannur,11.8763836,75.3737973,0.0
316,chicken_pox,2021-01-03,Kerala,Thrissur,Chavakkad,10.5833,76.0167,0.0
316,chicken_pox,2021-01-03,Kerala,Thrissur,Thrissur,10.5256264,76.2132542,0.0
317,chicken_pox,2021-01-03,Kerala,Malappuram,Tirur,10.9167,75.9167,0.0
318,chicken_pox,2021-01-03,Kerala,Ernakulam,Kochi,9.9312,76.2673,0.0
319,chicken_pox,2021-01-03,Kerala,Pathanamthitta,Ranni,9.3833,76.9667,0.0
320,chicken_pox,2021-02-04,Kerala,Thiruvananthapuram,Kattakkada,8.5667,77.1,0.0001167439848076
321,chicken_pox,2021-02-05,Kerala,Kollam,Punalur,9.0089,76.9269,0.0
322,chicken_pox,2021-02-06,Kerala,Kannur,Kannur,11.8763836,75.3737973,0.0
323,chicken_pox,2021-02-06,Kerala,Kannur,Payyanur,12.1,75.2,0.0
324,chicken_pox,2021-02-06,Kerala,Thrissur,Kodungallur,10.2333,76.2,0.0
325,chicken_pox,2021-02-06,Kerala,Idukki,Thodupuzha,9.8955,76.7241,0.0
326,chicken_pox,2021-08-07,Kerala,Alappuzha,Mavelikkara,9.2667,76.55,0.0312286645800956
326,chicken_pox,2021-08-09,Kerala,Kollam,Karunagappally,9.0574,76.5334,0.0
327,chicken_pox,2021-08-08,Kerala,Kannur,Taliparamba,12.0333,75.35,0.7911332301490374
328,chicken_pox,2021-08-08,Kerala,Malappuram,Nilambur,11.2833,76.2333,0.0001612479817127
329,chicken_pox,2021-09-10,Kerala,Kasaragod,Vellarikundu,12.4167,75.2333,0.0
329,chicken_pox,2021-09-14,Kerala,Kasaragod,Vellarikundu,12.4167,75.2333,0.146119757618652
330,chicken_pox,2021-09-10,Kerala,Alappuzha,Mavelikkara,9.2667,76.55,0.0
330,chicken_pox,2021-09-16,Kerala,Alappuzha,Mavelikkara,9.2667,76.55,0.0
331,chicken_pox,2021-09-11,Kerala,Ernakulam,Kochi,9.9312,76.2673,0.0
332,chicken_pox,2021-09-11,Kerala,Wayanad,Mananthavady,11.8,76.0,0.0
333,chicken_pox,2021-09-11,Kerala,Kozhikode,Kozhikode,11.2450558,75.7754716,0.0
334,chicken_pox,2021-09-14,Kerala,Thrissur,Mukundapuram,10.3333,76.2167,0.0
335,chicken_pox,2021-09-14,Kerala,Palakkad,Mannarkkad,11.0,76.4667,0.0019573021358506
336,chicken_pox,2021-09-16,Kerala,Thiruvananthapuram,Chirayinkeezhu,8.6963,76.8153,0.0
337,chicken_pox,2021-10-20,Kerala,Palakkad,Pattambi,10.8,76.2,0.0
337,chicken_pox,2021-10-24,Kerala,Malappuram,Perinthalmanna,10.9667,76.2167,0.0
338,chicken_pox,2021-10-22,Kerala,Kannur,Payyanur,12.1,75.2,9.85404332689213e-05
339,chicken_pox,2021-10-23,Kerala,Idukki,Udumbanchola,9.8333,77.1333,0.0006449919268511
340,chicken_pox,2021-10-23,Kerala,Malappuram,Nilambur,11.2833,76.2333,0.0082813086228597
341,chicken_pox,2021-10-23,Kerala,Kottayam,Vaikom,9.75,76.4,0.0
342,chicken_pox,2021-10-25,Kerala,Thiruvananthapuram,Thiruvananthapuram,8.4882267,76.947551,0.0
343,chicken_pox,2021-10-25,Kerala,Idukki,Thodupuzha,9.8955,76.7241,0.0003493706270443
344,chicken_pox,2021-11-25,Kerala,Pathanamthitta,Kozhenchery,9.2780841,76.9737443,0.0
345,chicken_pox,2021-11-25,Kerala,Thrissur,Talappilly,10.6667,76.25,0.0
345,chicken_pox,2021-11-27,Kerala,Thrissur,Talappilly,10.6667,76.25,0.0
345,chicken_pox,2021-11-30,Kerala,Thrissur,Thrissur,10.5256264,76.2132542,0.0061736518044067
346,chicken_pox,2021-11-26,Kerala,Palakkad,Mannarkkad,11.0,76.4667,0.0
346,chicken_pox,2021-11-27,Kerala,Palakkad,Mannarkkad,11.0,76.4667,0.002530160735104
347,chicken_pox,2021-11-26,Kerala,Ernakulam,Kochi,9.9312,76.2673,0.0001209359862845
348,chicken_pox,2021-11-27,Kerala,Kozhikode,Thamarassery,11.2667,75.9333,0.0
349,chicken_pox,2021-11-27,Kerala,Alappuzha,Cherthala,9.6833,76.3333,0.0
349,chicken_pox,2021-11-29,Kerala,Alappuzha,Kuttanad,9.5833,76.4167,0.0
350,chicken_pox,2021-11-29,Kerala,Kannur,Iritty,11.9333,75.7,0.0
351,chicken_pox,2021-11-29,Kerala,Thiruvananthapuram,Thiruvananthapuram,8.4882267,76.947551,0.0
351,chicken_pox,2021-11-29,Kerala,Thiruvananthapuram,Thiruvananthapuram,8.4882267,76.947551,0.0
352,chicken_pox,2022-01-01,Kerala,Thiruvananthapuram,Kattakkada,8.5667,77.1,0.0008309981206145
353,chicken_pox,2022-01-01,Kerala,Palakkad,Mannarkkad,11.0,76.4667,0.0
354,chicken_pox,2022-01-02,Kerala,Alappuzha,Ambalappuzha,9.5006651,76.41241429,0.0
355,chicken_pox,2022-02-04,Kerala,Thrissur,Talappilly,10.6667,76.25,0.0
356,chicken_pox,2022-02-04,Kerala,Kannur,Thalassery,11.75,75.4833,0.0
357,chicken_pox,2022-02-04,Kerala,Malappuram,Tirur,10.9167,75.9167,0.0004209833278606
358,chicken_pox,2022-02-05,Kerala,Wayanad,Sulthan Bathery,11.6667,76.2667,0.0
359,chicken_pox,2022-08-09,Kerala,Ernakulam,Kunnathunad,10.1167,76.4833,0.0
360,chicken_pox,2022-08-09,Kerala,Kozhikode,Kozhikode,11.2450558,75.7754716,0.0
360,chicken_pox,2022-08-10,Kerala,Kozhikode,Kozhikode,11.2450558,75.7754716,0.000567706907329
361,chicken_pox,2022-09-11,Kerala,Kannur,Payyanur,12.1,75.2,0.4257058323732762
361,chicken_pox,2022-09-17,Kerala,Kannur,Payyanur,12.1,75.2,0.0
362,chicken_pox,2022-09-11,Kerala,Thrissur,Kunnamkulam,10.65,76.0667,0.0
362,chicken_pox,2022-09-11,Kerala,Thrissur,Thrissur,10.5256264,76.2132542,0.0
362,chicken_pox,2022-09-18,Kerala,Palakkad,Pattambi,10.8,76.2,0.0003628079588537
363,chicken_pox,2022-09-13,Kerala,Kannur,Iritty,11.9333,75.7,0.0083759218840632
364,chicken_pox,2022-09-14,Kerala,Thiruvananthapuram,Chirayinkeezhu,8.6963,76.8153,0.0
365,chicken_pox,2022-09-14,Kerala,Palakkad,Palakkad,10.78789845,76.47408711,0.0012765465218928
366,chicken_pox,2022-09-14,Kerala,Ernakulam,Kunnathunad,10.1167,76.4833,0.0
367,chicken_pox,2022-09-15,Kerala,Wayanad,Vythiri,11.6226,76.0813,0.0
368,chicken_pox,2022-09-16,Kerala,Palakkad,Chittur,10.7,76.75,0.0
369,chicken_pox,2022-09-16,Kerala,Ernakulam,North Paravur,10.1333,76.2,0.0
370,chicken_pox,2022-09-16,Kerala,Kottayam,Changanassery,9.45,76.5333,0.0008868638994202
370,chicken_pox,2022-09-17,Kerala,Kottayam,Kottayam,9.6287383,76.64553257,0.0
370,chicken_pox,2022-09-18,Kerala,Alappuzha,Kuttanad,9.5833,76.4167,9.989833954446306e-05
371,chicken_pox,2022-09-17,Kerala,Pathanamthitta,Ranni,9.3833,76.9667,0.0013908789571969
372,chicken_pox,2022-10-20,Kerala,Malappuram,Ernad,11.1201,76.1197,0.0007256159177075
373,chicken_pox,2022-10-22,Kerala,Thrissur,Chalakudy,10.3,76.3333,0.0
373,chicken_pox,2022-10-25,Kerala,Ernakulam,North Paravur,10.1333,76.2,0.0017626879655537
374,chicken_pox,2022-10-23,Kerala,Kannur,Kannur,11.8763836,75.3737973,0.0030046988202447
375,chicken_pox,2022-10-24,Kerala,Thiruvananthapuram,Kattakkada,8.5667,77.1,0.0
376,chicken_pox,2022-10-24,Kerala,Kottayam,Kottayam,9.6287383,76.64553257,0.9999999983333334
377,chicken_pox,2022-10-25,Kerala,Idukki,Udumbanchola,9.8333,77.1333,3.13537742219295e-05
378,chicken_pox,2022-10-25,Kerala,Wayanad,Mananthavady,11.8,76.0,0.0
379,chicken_pox,2022-11-27,Kerala,Idukki,Idukki,9.8497872,76.9797914,0.0
380,chicken_pox,2022-11-28,Kerala,Kottayam,Meenachil,9.7167,76.6833,0.0
381,chicken_pox,2022-11-28,Kerala,Thrissur,Kunnamkulam,10.65,76.0667,0.0047149050401222
381,chicken_pox,2022-11-30,Kerala,Malappuram,Ponnani,10.7667,75.9167,0.0
382,chicken_pox,2023-01-01,Kerala,Palakkad,Ottapalam,10.7667,76.3667,0.0
383,chicken_pox,2023-01-02,Kerala,Malappuram,Tirur,10.9167,75.9167,0.0007734182337426
384,chicken_pox,2023-01-02,Kerala,Palakkad,Chittur,10.7,76.75,0.0
385,chicken_pox,2023-01-03,Kerala,Pathanamthitta,Ranni,9.3833,76.9667,0.0020882980128616
386,chicken_pox,2023-02-05,Kerala,Thrissur,Kodungallur,10.2333,76.2,0.0
387,chicken_pox,2023-02-05,Kerala,Alappuzha,Ambalappuzha,9.5006651,76.41241429,0.0089373747931253
388,chicken_pox,2023-08-07,Kerala,Malappuram,Tirur,10.9167,75.9167,0.0546572494815651
389,chicken_pox,2023-08-07,Kerala,Thrissur,Mukundapuram,10.3333,76.2167,0.0
390,chicken_pox,2023-09-11,Kerala,Alappuzha,Cherthala,9.6833,76.3333,2.015599771409754e-05
391,chicken_pox,2023-09-12,Kerala,Kottayam,Changanassery,9.45,76.5333,0.1254850543920365
392,chicken_pox,2023-09-12,Kerala,Thiruvananthapuram,Nedumangad,8.6036,77.0031,0.0
392,chicken_pox,2023-09-16,Kerala,Thiruvananthapuram,Kattakkada,8.5667,77.1,0.9999999983333334
393,chicken_pox,2023-09-14,Kerala,Thrissur,Thrissur,10.5256264,76.2132542,0.0228462681708946
394,chicken_pox,2023-09-14,Kerala,Idukki,Devikulam,10.0667,77.1,0.0
395,chicken_pox,2023-09-15,Kerala,Pathanamthitta,Adoor,9.1667,76.7333,0.0
396,chicken_pox,2023-09-16,Kerala,Malappuram,Tirurangadi,11.0,75.9333,0.0465476857106633
397,chicken_pox,2023-09-16,Kerala,Malappuram,Perinthalmanna,10.9667,76.2167,0.0005532132002739
398,chicken_pox,2023-09-17,Kerala,Thrissur,Chalakudy,10.3,76.3333,0.1516696011503376
399,chicken_pox,2023-10-19,Kerala,Thrissur,Kunnamkulam,10.65,76.0667,0.0003628079588537
400,chicken_pox,2023-10-20,Kerala,Thiruvananthapuram,Nedumangad,8.6036,77.0031,0.9999999983333334
400,chicken_pox,2023-10-20,Kerala,Thiruvananthapuram,Kattakkada,8.5667,77.1,0.0
401,chicken_pox,2023-10-20,Kerala,Idukki,Peerumade,9.5667,76.9667,0.000568707247046
402,chicken_pox,2023-10-23,Kerala,Malappuram,Tirurangadi,11.0,75.9333,0.0
403,chicken_pox,2023-11-04,Kerala,Ernakulam,Kochi,9.9312,76.2673,0.0
404,chicken_pox,2023-11-11,Kerala,Malappuram,Tirurangadi,11.0,75.9333,0.0004031199542819
405,chicken_pox,2023-11-28,Kerala,Malappuram,Perinthalmanna,10.9667,76.2167,0.0195501021846152
406,chicken_pox,2023-11-28,Kerala,Kannur,Taliparamba,12.0333,75.35,0.0040280513340953
406,chicken_pox,2023-11-29,Kerala,Kannur,Payyanur,12.1,75.2,0.0
407,chicken_pox,2023-11-29,Kerala,Alappuzha,Cherthala,9.6833,76.3333,0.0
408,chicken_pox,2023-11-30,Kerala,Thrissur,Talappilly,10.6667,76.25,0.0082438030650658
409,chicken_pox,2023-11-30,Kerala,Kollam,Punalur,9.0089,76.9269,0.0
410,chicken_pox,2023-11-30,Kerala,Ernakulam,Kanayannur,9.98408,76.2741457,0.0001167439848076
411,chicken_pox,2024-01-02,Kerala,Thrissur,Kodungallur,10.2333,76.2,0.0002947693454264
412,chicken_pox,2024-01-02,Kerala,Kollam,Kottarakkara,9.0002,76.7788,0.0
413,chicken_pox,2024-01-02,Kerala,Alappuzha,Ambalappuzha,9.5006651,76.41241429,0.0038056106664813
414,chicken_pox,2024-01-03,Kerala,Thiruvananthapuram,Chirayinkeezhu,8.6963,76.8153,0.0004403310269849
415,chicken_pox,2024-02-05,Kerala,Thrissur,Mukundapuram,10.3333,76.2167,0.0001360529845701
416,chicken_pox,2024-02-05,Kerala,Kozhikode,Koyilandy,11.4333,75.7,0.0461905197584909
417,chicken_pox,2024-08-07,Kerala,Malappuram,Ernad,11.1201,76.1197,0.0
418,chicken_pox,2024-09-10,Kerala,Malappuram,Kondotty,11.15,75.9667,8.062399085639016e-05
418,chicken_pox,2024-09-17,Kerala,Malappuram,Kondotty,11.15,75.9667,0.0011666259356853
419,chicken_pox,2024-09-17,Kerala,Kasaragod,Kasaragod,12.5035577,74.9907022,0.0
420,chicken_pox,2024-10-21,Kerala,Thiruvananthapuram,Chirayinkeezhu,8.6963,76.8153,0.0
421,chicken_pox,2024-10-22,Kerala,Thiruvananthapuram,Thiruvananthapuram,8.4882267,76.947551,0.0146193641147778
422,chikungunya,2020-05-04,Kerala,Thrissur,Chavakkad,10.5833,76.0167,0.0
422,chikungunya,2020-05-07,Kerala,Thrissur,Chavakkad,10.5833,76.0167,0.0
423,chikungunya,2020-05-07,Kerala,Palakkad,Mannarkkad,11.0,76.4667,0.0
424,chikungunya,2020-05-12,Kerala,Kannur,Taliparamba,12.0333,75.35,0.0
425,chikungunya,2020-05-13,Kerala,Pathanamthitta,Adoor,9.1667,76.7333,0.0
425,chikungunya,2020-05-16,Kerala,Kollam,Pathanapuram,9.1,76.87,0.0
426,chikungunya,2020-09-26,Kerala,Wayanad,Mananthavady,11.8,76.0,0.0
427,chikungunya,2020-09-29,Kerala,Kollam,Kunnathoor,9.0292,76.627,0.0
428,chikungunya,2021-05-01,Kerala,Malappuram,Nilambur,11.2833,76.2333,0.0
428,chikungunya,2021-05-07,Kerala,Malappuram,Nilambur,11.2833,76.2333,0.0007171055034443
429,chikungunya,2021-05-02,Kerala,Kollam,Kollam,8.8879509,76.5955013,0.0
430,chikungunya,2021-05-02,Kerala,Idukki,Devikulam,10.0667,77.1,0.0
431,chikungunya,2021-05-06,Kerala,Palakkad,Pattambi,10.8,76.2,0.0
432,chikungunya,2021-05-10,Kerala,Kasaragod,Manjeshwaram,12.7167,74.8833,0.0
433,chikungunya,2021-09-17,Kerala,Idukki,Idukki,9.8497872,76.9797914,0.0
434,chikungunya,2021-09-17,Kerala,Kollam,Punalur,9.0089,76.9269,0.0
434,chikungunya,2021-09-19,Kerala,Kollam,Pathanapuram,9.1,76.87,0.0006080870291319
435,chikungunya,2021-09-23,Kerala,Ernakulam,Kanayannur,9.98408,76.2741457,0.0
436,chikungunya,2022-09-16,Kerala,Kottayam,Kanjirappally,9.5667,76.7833,0.0
437,chikungunya,2022-09-24,Kerala,Ernakulam,Aluva,10.1075,76.3516,0.0
438,chikungunya,2022-09-30,Kerala,Malappuram,Kondotty,11.15,75.9667,0.0
439,chikungunya,2023-09-25,Kerala,Kottayam,Vaikom,9.75,76.4,0.0
440,chikungunya,2023-09-27,Kerala,Palakkad,Chittur,10.7,76.75,0.0
441,chikungunya,2024-05-01,Kerala,Ernakulam,Aluva,10.1075,76.3516,0.0001478104969585
442,cholera,2020-11-20,Kerala,Kasaragod,Nileshwaram,12.25,75.1,0.0
443,cholera,2023-05-02,Kerala,Alappuzha,Chenganoor,9.3167,76.6167,0.0
444,cholera,2023-08-09,Kerala,Ernakulam,Aluva,10.1075,76.3516,0.0
445,cholera,2023-08-10,Kerala,Kasaragod,Nileshwaram,12.25,75.1,0.0
446,cholera,2023-08-10,Kerala,Palakkad,Ottapalam,10.7667,76.3667,0.0
447,cholera,2023-08-14,Kerala,Palakkad,Chittur,10.7,76.75,0.0
448,cholera,2023-08-15,Kerala,Alappuzha,Kuttanad,9.5833,76.4167,0.0
449,cholera,2023-11-21,Kerala,Alappuzha,Kuttanad,9.5833,76.4167,0.0281886698127287
450,cholera,2024-05-02,Kerala,Malappuram,Nilambur,11.2833,76.2333,0.0
451,cholera,2024-08-09,Kerala,Kollam,Punalur,9.0089,76.9269,0.0
452,cholera,2024-08-12,Kerala,Kasaragod,Manjeshwaram,12.7167,74.8833,0.0
453,dengue,2020-02-01,Kerala,Thiruvananthapuram,Thiruvananthapuram,8.4882267,76.947551,0.0
454,dengue,2020-02-01,Kerala,Alappuzha,Kuttanad,9.5833,76.4167,0.0
455,dengue,2020-03-01,Kerala,Alappuzha,Ambalappuzha,9.5006651,76.41241429,0.0
456,dengue,2020-05-02,Kerala,Idukki,Devikulam,10.0667,77.1,0.0
457,dengue,2020-05-02,Kerala,Thrissur,Mukundapuram,10.3333,76.2167,0.0
457,dengue,2020-05-03,Kerala,Ernakulam,North Paravur,10.1333,76.2,0.0
457,dengue,2020-05-03,Kerala,Ernakulam,Kochi,9.9312,76.2673,0.0
458,dengue,2020-05-03,Kerala,Malappuram,Nilambur,11.2833,76.2333,0.0
459,dengue,2020-05-03,Kerala,Kasaragod,Hosdurg,12.3167,75.1,0.0
460,dengue,2020-05-03,Kerala,Malappuram,Perinthalmanna,10.9667,76.2167,0.0
461,dengue,2020-05-03,Kerala,Wayanad,Sulthan Bathery,11.6667,76.2667,0.0
462,dengue,2020-05-03,Kerala,Kozhikode,Thamarassery,11.2667,75.9333,0.0
463,dengue,2020-06-04,Kerala,Kollam,Karunagappally,9.0574,76.5334,0.0
464,dengue,2020-06-04,Kerala,Kottayam,Vaikom,9.75,76.4,0.0
464,dengue,2020-06-05,Kerala,Alappuzha,Cherthala,9.6833,76.3333,0.0
465,dengue,2020-06-04,Kerala,Palakkad,Pattambi,10.8,76.2,0.0
466,dengue,2020-06-04,Kerala,Kottayam,Kottayam,9.6287383,76.64553257,0.0
466,dengue,2020-06-04,Kerala,Kottayam,Meenachil,9.7167,76.6833,0.0
466,dengue,2020-06-05,Kerala,Kottayam,Meenachil,9.7167,76.6833,0.4609149697147831
467,dengue,2020-06-05,Kerala,Kannur,Iritty,11.9333,75.7,0.0
468,dengue,2020-06-05,Kerala,Thrissur,Thrissur,10.5256264,76.2132542,0.0
469,dengue,2020-06-05,Kerala,Idukki,Peerumade,9.5667,76.9667,0.0
470,dengue,2020-06-05,Kerala,Pathanamthitta,Adoor,9.1667,76.7333,0.0
471,dengue,2020-07-06,Kerala,Kannur,Kannur,11.8763836,75.3737973,0.0
471,dengue,2020-07-08,Kerala,Kannur,Thalassery,11.75,75.4833,0.0
472,dengue,2020-07-06,Kerala,Ernakulam,Aluva,10.1075,76.3516,0.0
473,dengue,2020-07-08,Kerala,Kollam,Punalur,9.0089,76.9269,0.0
474,dengue,2020-08-08,Kerala,Kollam,Pathanapuram,9.1,76.87,0.0
474,dengue,2020-08-10,Kerala,Kollam,Punalur,9.0089,76.9269,0.0
474,dengue,2020-08-10,Kerala,Pathanamthitta,Kozhenchery,9.2780841,76.9737443,0.0
475,dengue,2020-08-08,Kerala,Ernakulam,Muvattupuzha,9.9833,76.5833,0.0
476,dengue,2020-08-09,Kerala,Idukki,Peerumade,9.5667,76.9667,0.0
477,dengue,2020-08-09,Kerala,Palakkad,Palakkad,10.78789845,76.47408711,0.0
477,dengue,2020-08-11,Kerala,Palakkad,Ottapalam,10.7667,76.3667,0.0
478,dengue,2020-08-09,Kerala,Pathanamthitta,Thiruvalla,9.3833,76.5833,0.0
479,dengue,2020-08-09,Kerala,Kannur,Taliparamba,12.0333,75.35,0.0
480,dengue,2020-08-10,Kerala,Kollam,Kunnathoor,9.0292,76.627,0.0
481,dengue,2020-08-10,Kerala,Malappuram,Ponnani,10.7667,75.9167,0.0
482,dengue,2020-08-10,Kerala,Thrissur,Thrissur,10.5256264,76.2132542,0.0002699678920971
483,dengue,2020-08-11,Kerala,Ernakulam,Aluva,10.1075,76.3516,0.0267315003885196
484,dengue,2020-09-11,Kerala,Ernakulam,Kothamangalam,10.0667,76.6333,0.0
485,dengue,2020-09-11,Kerala,Kollam,Punalur,9.0089,76.9269,0.0060101808802293
486,dengue,2020-09-11,Kerala,Malappuram,Tirur,10.9167,75.9167,0.0
486,dengue,2020-09-11,Kerala,Malappuram,Tirurangadi,11.0,75.9333,0.0
486,dengue,2020-09-14,Kerala,Malappuram,Ponnani,10.7667,75.9167,0.0
487,dengue,2020-09-11,Kerala,Wayanad,Mananthavady,11.8,76.0,0.0
488,dengue,2020-09-12,Kerala,Thiruvananthapuram,Varkala,8.7379,76.7163,0.0
489,dengue,2020-09-12,Kerala,Thrissur,Chalakudy,10.3,76.3333,0.0
490,dengue,2020-09-13,Kerala,Malappuram,Nilambur,11.2833,76.2333,0.0
491,dengue,2020-09-13,Kerala,Pathanamthitta,Adoor,9.1667,76.7333,0.8001228051295249
492,dengue,2020-09-13,Kerala,Alappuzha,Kuttanad,9.5833,76.4167,0.0
493,dengue,2020-09-13,Kerala,Kannur,Kannur,11.8763836,75.3737973,0.0
494,dengue,2020-09-14,Kerala,Thiruvananthapuram,Nedumangad,8.6036,77.0031,0.0
495,dengue,2020-09-14,Kerala,Palakkad,Alathur,10.6333,76.55,0.0
495,dengue,2020-09-15,Kerala,Palakkad,Chittur,10.7,76.75,0.0
496,dengue,2020-10-15,Kerala,Malappuram,Kondotty,11.15,75.9667,0.0
496,dengue,2020-10-16,Kerala,Malappuram,Tirurangadi,11.0,75.9333,0.0015331533929343
496,dengue,2020-10-17,Kerala,Kozhikode,Kozhikode,11.2450558,75.7754716,0.0
497,dengue,2020-10-15,Kerala,Kasaragod,Kasaragod,12.5035577,74.9907022,0.0
497,dengue,2020-10-18,Kerala,Kasaragod,Kasaragod,12.5035577,74.9907022,0.0
498,dengue,2020-10-16,Kerala,Alappuzha,Kuttanad,9.5833,76.4167,0.0046486973157634
498,dengue,2020-10-16,Kerala,Kottayam,Changanassery,9.45,76.5333,0.0
498,dengue,2020-10-16,Kerala,Kottayam,Kottayam,9.6287383,76.64553257,1.3437331809398353e-05
498,dengue,2020-10-16,Kerala,Pathanamthitta,Mallappally,9.3833,76.6833,0.0
498,dengue,2020-10-17,Kerala,Kottayam,Changanassery,9.45,76.5333,0.0002821839679973
498,dengue,2020-10-19,Kerala,Kottayam,Changanassery,9.45,76.5333,0.0
498,dengue,2020-10-19,Kerala,Alappuzha,Ambalappuzha,9.5006651,76.41241429,0.0
498,dengue,2020-10-21,Kerala,Alappuzha,Chenganoor,9.3167,76.6167,0.0
498,dengue,2020-10-21,Kerala,Pathanamthitta,Thiruvalla,9.3833,76.5833,0.0
498,dengue,2020-10-22,Kerala,Kottayam,Kanjirappally,9.5667,76.7833,0.0
499,dengue,2020-10-17,Kerala,Kollam,Karunagappally,9.0574,76.5334,0.0
500,dengue,2020-10-17,Kerala,Pathanamthitta,Konni,9.2667,76.9333,0.0
500,dengue,2020-10-22,Kerala,Pathanamthitta,Konni,9.2667,76.9333,0.0012535478314778
500,dengue,2020-10-22,Kerala,Pathanamthitta,Kozhenchery,9.2780841,76.9737443,0.0
501,dengue,2020-10-19,Kerala,Ernakulam,Aluva,10.1075,76.3516,0.0
501,dengue,2020-10-21,Kerala,Ernakulam,Kochi,9.9312,76.2673,0.0
501,dengue,2020-10-21,Kerala,Ernakulam,Kothamangalam,10.0667,76.6333,0.0046443383198488
501,dengue,2020-10-22,Kerala,Ernakulam,Kunnathunad,10.1167,76.4833,0.0
501,dengue,2020-10-22,Kerala,Thrissur,Chalakudy,10.3,76.3333,0.7305846130158884
501,dengue,2020-10-23,Kerala,Ernakulam,Muvattupuzha,9.9833,76.5833,0.0
502,dengue,2020-10-19,Kerala,Palakkad,Chittur,10.7,76.75,0.0
503,dengue,2020-10-20,Kerala,Malappuram,Perinthalmanna,10.9667,76.2167,0.0027363916310939
503,dengue,2020-10-21,Kerala,Palakkad,Pattambi,10.8,76.2,4.576464501912684e-05
504,dengue,2020-10-20,Kerala,Idukki,Idukki,9.8497872,76.9797914,0.0017942573202498
505,dengue,2020-10-22,Kerala,Kannur,Iritty,11.9333,75.7,0.0003359332952349
506,dengue,2020-10-22,Kerala,Thiruvananthapuram,Chirayinkeezhu,8.6963,76.8153,0.0
507,dengue,2020-10-22,Kerala,Kollam,Punalur,9.0089,76.9269,0.0
508,dengue,2020-11-22,Kerala,Thrissur,Kodungallur,10.2333,76.2,0.0
508,dengue,2020-11-26,Kerala,Ernakulam,North Paravur,10.1333,76.2,0.1202566694636742
509,dengue,2020-11-23,Kerala,Kannur,Iritty,11.9333,75.7,0.0
510,dengue,2020-11-23,Kerala,Kasaragod,Kasaragod,12.5035577,74.9907022,0.0
511,dengue,2020-11-23,Kerala,Thiruvananthapuram,Varkala,8.7379,76.7163,0.0021770197062467
512,dengue,2020-11-23,Kerala,Kottayam,Vaikom,9.75,76.4,0.9999999983333334
512,dengue,2020-11-24,Kerala,Alappuzha,Kuttanad,9.5833,76.4167,0.6468194685681464
512,dengue,2020-11-24,Kerala,Alappuzha,Mavelikkara,9.2667,76.55,0.0
512,dengue,2020-11-25,Kerala,Alappuzha,Kuttanad,9.5833,76.4167,0.001200252763223
512,dengue,2020-11-26,Kerala,Alappuzha,Kuttanad,9.5833,76.4167,0.0
512,dengue,2020-11-28,Kerala,Alappuzha,Ambalappuzha,9.5006651,76.41241429,0.9999999983333334
512,dengue,2020-11-28,Kerala,Alappuzha,Ambalappuzha,9.5006651,76.41241429,0.0
512,dengue,2020-11-28,Kerala,Pathanamthitta,Thiruvalla,9.3833,76.5833,1.3437331809398353e-05
513,dengue,2020-11-24,Kerala,Kollam,Punalur,9.0089,76.9269,0.0111027379047071
513,dengue,2020-11-29,Kerala,Kollam,Pathanapuram,9.1,76.87,0.0
514,dengue,2020-11-24,Kerala,Palakkad,Palakkad,10.78789845,76.47408711,0.041101253735139
515,dengue,2020-11-24,Kerala,Malappuram,Ponnani,10.7667,75.9167,8.958221206265571e-06
516,dengue,2020-11-24,Kerala,Kasaragod,Nileshwaram,12.25,75.1,0.0
517,dengue,2020-11-25,Kerala,Ernakulam,Kothamangalam,10.0667,76.6333,0.0002721824494472
518,dengue,2020-11-25,Kerala,Idukki,Devikulam,10.0667,77.1,0.0001612479817127
518,dengue,2020-11-27,Kerala,Idukki,Devikulam,10.0667,77.1,0.0001719978471602
519,dengue,2020-11-26,Kerala,Pathanamthitta,Ranni,9.3833,76.9667,0.0003099199589947
520,dengue,2020-11-26,Kerala,Kannur,Taliparamba,12.0333,75.35,0.0
521,dengue,2020-11-26,Kerala,Wayanad,Mananthavady,11.8,76.0,0.1841583639141455
522,dengue,2020-11-26,Kerala,Kottayam,Kottayam,9.6287383,76.64553257,0.719259581060612
523,dengue,2020-11-26,Kerala,Kozhikode,Koyilandy,11.4333,75.7,0.0
524,dengue,2020-11-27,Kerala,Malappuram,Tirurangadi,11.0,75.9333,0.0
525,dengue,2020-12-30,Kerala,Alappuzha,Cherthala,9.6833,76.3333,0.0004696532615764
526,dengue,2020-12-30,Kerala,Pathanamthitta,Kozhenchery,9.2780841,76.9737443,0.0029000392436449
527,dengue,2020-12-31,Kerala,Ernakulam,Kochi,9.9312,76.2673,0.0001209359862845
528,dengue,2020-12-31,Kerala,Kannur,Taliparamba,12.0333,75.35,0.0
529,dengue,2020-12-31,Kerala,Palakkad,Palakkad,10.78789845,76.47408711,0.0
530,dengue,2020-12-31,Kerala,Thrissur,Kunnamkulam,10.65,76.0667,0.0
531,dengue,2020-12-31,Kerala,Thiruvananthapuram,Neyyattinkara,8.4004,77.0872,0.0
532,dengue,2020-12-31,Kerala,Thrissur,Kodungallur,10.2333,76.2,0.0
533,dengue,2021-02-01,Kerala,Kasaragod,Nileshwaram,12.25,75.1,0.0239940212671428
534,dengue,2021-02-01,Kerala,Malappuram,Nilambur,11.2833,76.2333,0.0006579756120617
535,dengue,2021-02-01,Kerala,Idukki,Peerumade,9.5667,76.9667,0.0001064236679304
536,dengue,2021-02-01,Kerala,Alappuzha,Ambalappuzha,9.5006651,76.41241429,0.0
536,dengue,2021-02-01,Kerala,Pathanamthitta,Thiruvalla,9.3833,76.5833,0.0027642511150762
537,dengue,2021-02-01,Kerala,Kollam,Karunagappally,9.0574,76.5334,0.0047858028998928
538,dengue,2021-05-02,Kerala,Idukki,Peerumade,9.5667,76.9667,0.0
539,dengue,2021-05-03,Kerala,Kottayam,Meenachil,9.7167,76.6833,0.0
539,dengue,2021-05-03,Kerala,Idukki,Thodupuzha,9.8955,76.7241,0.0
540,dengue,2021-05-03,Kerala,Pathanamthitta,Kozhenchery,9.2780841,76.9737443,0.0093967281185696
541,dengue,2021-05-03,Kerala,Alappuzha,Ambalappuzha,9.5006651,76.41241429,1.3437331809398353e-05
542,dengue,2021-05-03,Kerala,Kottayam,Vaikom,9.75,76.4,0.0
543,dengue,2021-06-04,Kerala,Kottayam,Changanassery,9.45,76.5333,0.0
543,dengue,2021-06-04,Kerala,Alappuzha,Chenganoor,9.3167,76.6167,0.0113638464652245
544,dengue,2021-06-04,Kerala,Kottayam,Vaikom,9.75,76.4,0.0
545,dengue,2021-06-05,Kerala,Thiruvananthapuram,Varkala,8.7379,76.7163,0.0
546,dengue,2021-06-05,Kerala,Kasaragod,Kasaragod,12.5035577,74.9907022,0.0139709858441144
547,dengue,2021-06-05,Kerala,Kollam,Pathanapuram,9.1,76.87,0.0054211738059409
548,dengue,2021-06-06,Kerala,Kozhikode,Koyilandy,11.4333,75.7,0.2375447718998713
549,dengue,2021-07-06,Kerala,Kannur,Payyanur,12.1,75.2,0.0
550,dengue,2021-07-07,Kerala,Malappuram,Ernad,11.1201,76.1197,0.0
551,dengue,2021-07-07,Kerala,Idukki,Devikulam,10.0667,77.1,0.0002821839679973
552,dengue,2021-07-07,Kerala,Palakkad,Palakkad,10.78789845,76.47408711,0.0
553,dengue,2021-07-07,Kerala,Kasaragod,Kasaragod,12.5035577,74.9907022,0.0
554,dengue,2021-07-08,Kerala,Ernakulam,Muvattupuzha,9.9833,76.5833,0.0212547511388788
555,dengue,2021-08-09,Kerala,Malappuram,Nilambur,11.2833,76.2333,0.0035987574413632
556,dengue,2021-08-09,Kerala,Kottayam,Meenachil,9.7167,76.6833,0.0
557,dengue,2021-08-10,Kerala,Kollam,Karunagappally,9.0574,76.5334,0.0
558,dengue,2021-08-10,Kerala,Palakkad,Chittur,10.7,76.75,0.0
559,dengue,2021-08-10,Kerala,Idukki,Devikulam,10.0667,77.1,5.374932723759343e-05
560,dengue,2021-08-10,Kerala,Kollam,Pathanapuram,9.1,76.87,3.180096811691956e-05
561,dengue,2021-08-10,Kerala,Thrissur,Chavakkad,10.5833,76.0167,0.0112999396750501
561,dengue,2021-08-10,Kerala,Thrissur,Chavakkad,10.5833,76.0167,2.6874663618796715e-05
562,dengue,2021-08-11,Kerala,Malappuram,Perinthalmanna,10.9667,76.2167,0.0002174070829157
563,dengue,2021-08-11,Kerala,Idukki,Udumbanchola,9.8333,77.1333,0.0
564,dengue,2021-09-11,Kerala,Kollam,Kollam,8.8879509,76.5955013,0.0
565,dengue,2021-09-11,Kerala,Kasaragod,Manjeshwaram,12.7167,74.8833,0.0
566,dengue,2021-09-11,Kerala,Kottayam,Kottayam,9.6287383,76.64553257,0.0
566,dengue,2021-09-12,Kerala,Kottayam,Kanjirappally,9.5667,76.7833,0.000380788948761
567,dengue,2021-09-11,Kerala,Palakkad,Pattambi,10.8,76.2,0.0
567,dengue,2021-09-12,Kerala,Palakkad,Pattambi,10.8,76.2,2.6874663618796715e-05
568,dengue,2021-09-11,Kerala,Kannur,Taliparamba,12.0333,75.35,8.062399085639016e-05
569,dengue,2021-09-12,Kerala,Ernakulam,Kochi,9.9312,76.2673,6.449919268511211e-05
570,dengue,2021-09-12,Kerala,Kozhikode,Thamarassery,11.2667,75.9333,0.0
571,dengue,2021-09-12,Kerala,Palakkad,Palakkad,10.78789845,76.47408711,0.0001485178778933
572,dengue,2021-09-13,Kerala,Alappuzha,Chenganoor,9.3167,76.6167,0.0
573,dengue,2021-09-13,Kerala,Kozhikode,Vadakara,11.6,75.5833,0.0
574,dengue,2021-09-13,Kerala,Kollam,Pathanapuram,9.1,76.87,0.0
575,dengue,2021-09-14,Kerala,Kannur,Iritty,11.9333,75.7,0.0
576,dengue,2021-09-14,Kerala,Thiruvananthapuram,Nedumangad,8.6036,77.0031,0.0
577,dengue,2021-10-16,Kerala,Thrissur,Chavakkad,10.5833,76.0167,0.5208600248370014
578,dengue,2021-10-17,Kerala,Kasaragod,Nileshwaram,12.25,75.1,0.0
578,dengue,2021-10-17,Kerala,Kannur,Taliparamba,12.0333,75.35,0.0013706078445586
578,dengue,2021-10-22,Kerala,Kannur,Payyanur,12.1,75.2,0.0030059995946605
579,dengue,2021-10-17,Kerala,Kollam,Kunnathoor,9.0292,76.627,0.0028517768527235
579,dengue,2021-10-17,Kerala,Kollam,Kunnathoor,9.0292,76.627,0.0007615778975221
579,dengue,2021-10-20,Kerala,Kollam,Kunnathoor,9.0292,76.627,0.0
579,dengue,2021-10-21,Kerala,Kollam,Kunnathoor,9.0292,76.627,0.0007847404175863
580,dengue,2021-10-17,Kerala,Kozhikode,Koyilandy,11.4333,75.7,0.0123880561748473
581,dengue,2021-10-17,Kerala,Ernakulam,Kunnathunad,10.1167,76.4833,0.0028200476192637
582,dengue,2021-10-17,Kerala,Palakkad,Pattambi,10.8,76.2,0.0
582,dengue,2021-10-21,Kerala,Thrissur,Talappilly,10.6667,76.25,0.0
582,dengue,2021-10-22,Kerala,Malappuram,Perinthalmanna,10.9667,76.2167,0.2259043960908049
583,dengue,2021-10-18,Kerala,Thiruvananthapuram,Nedumangad,8.6036,77.0031,4.8374394513834085e-05
583,dengue,2021-10-19,Kerala,Thiruvananthapuram,Neyyattinkara,8.4004,77.0872,0.0
584,dengue,2021-10-18,Kerala,Alappuzha,Mavelikkara,9.2667,76.55,0.0
584,dengue,2021-10-18,Kerala,Kottayam,Changanassery,9.45,76.5333,0.0016649666129291
584,dengue,2021-10-22,Kerala,Alappuzha,Mavelikkara,9.2667,76.55,0.0
585,dengue,2021-10-18,Kerala,Kasaragod,Manjeshwaram,12.7167,74.8833,0.0001751159772114
586,dengue,2021-10-19,Kerala,Idukki,Thodupuzha,9.8955,76.7241,0.0
586,dengue,2021-10-21,Kerala,Kottayam,Meenachil,9.7167,76.6833,0.0
587,dengue,2021-10-19,Kerala,Kozhikode,Thamarassery,11.2667,75.9333,0.0037533886226786
588,dengue,2021-10-20,Kerala,Wayanad,Sulthan Bathery,11.6667,76.2667,0.0
588,dengue,2021-10-22,Kerala,Wayanad,Sulthan Bathery,11.6667,76.2667,0.0
589,dengue,2021-10-22,Kerala,Pathanamthitta,Ranni,9.3833,76.9667,0.9999999983333334
590,dengue,2021-10-23,Kerala,Idukki,Devikulam,10.0667,77.1,0.0
591,dengue,2021-11-22,Kerala,Malappuram,Ernad,11.1201,76.1197,0.9999999983333334
592,dengue,2021-11-23,Kerala,Thrissur,Mukundapuram,10.3333,76.2167,0.0
593,dengue,2021-11-23,Kerala,Thrissur,Talappilly,10.6667,76.25,0.0
593,dengue,2021-11-23,Kerala,Palakkad,Ottapalam,10.7667,76.3667,0.0
593,dengue,2021-11-24,Kerala,Thrissur,Kunnamkulam,10.65,76.0667,0.0
594,dengue,2021-11-23,Kerala,Thiruvananthapuram,Kattakkada,8.5667,77.1,0.0
594,dengue,2021-11-26,Kerala,Thiruvananthapuram,Neyyattinkara,8.4004,77.0872,0.0
595,dengue,2021-11-23,Kerala,Kozhikode,Koyilandy,11.4333,75.7,0.0
596,dengue,2021-11-24,Kerala,Wayanad,Mananthavady,11.8,76.0,0.0
597,dengue,2021-11-24,Kerala,Idukki,Peerumade,9.5667,76.9667,0.0
597,dengue,2021-11-24,Kerala,Kottayam,Kanjirappally,9.5667,76.7833,0.9999999983333334
597,dengue,2021-11-27,Kerala,Idukki,Peerumade,9.5667,76.9667,0.4392893873097627
598,dengue,2021-11-24,Kerala,Palakkad,Chittur,10.7,76.75,0.2387523170878153
599,dengue,2021-11-24,Kerala,Alappuzha,Ambalappuzha,9.5006651,76.41241429,0.0
599,dengue,2021-11-28,Kerala,Alappuzha,Kuttanad,9.5833,76.4167,0.0
599,dengue,2021-11-28,Kerala,Alappuzha,Karthikappally,9.2833,76.4667,0.0
600,dengue,2021-11-25,Kerala,Kasaragod,Kasaragod,12.5035577,74.9907022,0.0001881226453315
600,dengue,2021-11-25,Kerala,Kasaragod,Hosdurg,12.3167,75.1,0.0100023693155822
600,dengue,2021-11-25,Kerala,Kasaragod,Vellarikundu,12.4167,75.2333,0.0
601,dengue,2021-11-25,Kerala,Kannur,Thalassery,11.75,75.4833,0.0007681270474452
601,dengue,2021-11-28,Kerala,Kannur,Thalassery,11.75,75.4833,0.0953266726465235
602,dengue,2021-11-26,Kerala,Kollam,Punalur,9.0089,76.9269,0.0
602,dengue,2021-11-28,Kerala,Kollam,Punalur,9.0089,76.9269,0.0
603,dengue,2021-11-27,Kerala,Kannur,Iritty,11.9333,75.7,0.0001209359862845
604,dengue,2021-11-27,Kerala,Kozhikode,Thamarassery,11.2667,75.9333,0.0013199441823549
605,dengue,2021-11-28,Kerala,Kollam,Kollam,8.8879509,76.5955013,0.0
606,dengue,2021-11-28,Kerala,Pathanamthitta,Kozhenchery,9.2780841,76.9737443,0.0
607,dengue,2021-12-30,Kerala,Malappuram,Tirurangadi,11.0,75.9333,0.0
608,dengue,2021-12-30,Kerala,Thiruvananthapuram,Varkala,8.7379,76.7163,0.0009614885931364
609,dengue,2021-12-31,Kerala,Ernakulam,Kochi,9.9312,76.2673,3.13537742219295e-05
610,dengue,2021-12-31,Kerala,Malappuram,Perinthalmanna,10.9667,76.2167,0.0
611,dengue,2021-12-31,Kerala,Palakkad,Mannarkkad,11.0,76.4667,0.0
612,dengue,2021-12-31,Kerala,Idukki,Idukki,9.8497872,76.9797914,0.0
613,dengue,2022-02-01,Kerala,Kollam,Kunnathoor,9.0292,76.627,0.0089938586128676
613,dengue,2022-02-01,Kerala,Kollam,Kottarakkara,9.0002,76.7788,0.0
614,dengue,2022-03-01,Kerala,Pathanamthitta,Ranni,9.3833,76.9667,0.0
615,dengue,2022-05-02,Kerala,Pathanamthitta,Adoor,9.1667,76.7333,0.0
616,dengue,2022-05-02,Kerala,Thiruvananthapuram,Chirayinkeezhu,8.6963,76.8153,4.031199542819508e-05
617,dengue,2022-05-02,Kerala,Idukki,Idukki,9.8497872,76.9797914,0.0
617,dengue,2022-05-03,Kerala,Idukki,Idukki,9.8497872,76.9797914,0.0063692952776548
618,dengue,2022-05-02,Kerala,Thrissur,Thrissur,10.5256264,76.2132542,0.0
619,dengue,2022-05-02,Kerala,Ernakulam,Muvattupuzha,9.9833,76.5833,0.0002687466361879
619,dengue,2022-05-03,Kerala,Ernakulam,Kothamangalam,10.0667,76.6333,0.0
620,dengue,2022-05-03,Kerala,Kannur,Thalassery,11.75,75.4833,0.0
620,dengue,2022-05-03,Kerala,Kozhikode,Vadakara,11.6,75.5833,0.0116740013316862
621,dengue,2022-05-03,Kerala,Kasaragod,Kasaragod,12.5035577,74.9907022,0.0
622,dengue,2022-05-03,Kerala,Malappuram,Tirur,10.9167,75.9167,4.031199542819508e-05
623,dengue,2022-05-03,Kerala,Kottayam,Kottayam,9.6287383,76.64553257,2.5860525369030797e-05
624,dengue,2022-06-04,Kerala,Thrissur,Kunnamkulam,10.65,76.0667,0.0
625,dengue,2022-06-04,Kerala,Alappuzha,Chenganoor,9.3167,76.6167,0.0
626,dengue,2022-06-04,Kerala,Thiruvananthapuram,Chirayinkeezhu,8.6963,76.8153,0.00290246367083
627,dengue,2022-06-04,Kerala,Kottayam,Vaikom,9.75,76.4,0.0
628,dengue,2022-06-05,Kerala,Idukki,Devikulam,10.0667,77.1,0.0
629,dengue,2022-06-05,Kerala,Kollam,Pathanapuram,9.1,76.87,0.0077798721805135
630,dengue,2022-06-05,Kerala,Palakkad,Palakkad,10.78789845,76.47408711,0.000523640092717
631,dengue,2022-07-06,Kerala,Malappuram,Kondotty,11.15,75.9667,0.0003581565232793
631,dengue,2022-07-07,Kerala,Malappuram,Tirurangadi,11.0,75.9333,0.0010077998857048
631,dengue,2022-07-07,Kerala,Kozhikode,Kozhikode,11.2450558,75.7754716,0.0004015617235141
632,dengue,2022-07-06,Kerala,Malappuram,Nilambur,11.2833,76.2333,0.0
633,dengue,2022-07-06,Kerala,Kasaragod,Vellarikundu,12.4167,75.2333,0.065632559771573
634,dengue,2022-07-07,Kerala,Malappuram,Perinthalmanna,10.9667,76.2167,2.015599771409754e-05
635,dengue,2022-07-07,Kerala,Kozhikode,Vadakara,11.6,75.5833,0.0
636,dengue,2022-07-07,Kerala,Kannur,Kannur,11.8763836,75.3737973,0.0004918063442239
637,dengue,2022-07-08,Kerala,Kollam,Kottarakkara,9.0002,76.7788,0.0
638,dengue,2022-07-08,Kerala,Thiruvananthapuram,Neyyattinkara,8.4004,77.0872,0.0002687466361879
639,dengue,2022-08-08,Kerala,Malappuram,Ernad,11.1201,76.1197,0.000177372779884
639,dengue,2022-08-11,Kerala,Malappuram,Tirurangadi,11.0,75.9333,0.0
640,dengue,2022-08-08,Kerala,Ernakulam,Kochi,9.9312,76.2673,0.0
641,dengue,2022-08-09,Kerala,Kozhikode,Koyilandy,11.4333,75.7,0.0
642,dengue,2022-08-09,Kerala,Kannur,Payyanur,12.1,75.2,0.0
642,dengue,2022-08-09,Kerala,Kasaragod,Nileshwaram,12.25,75.1,0.0
643,dengue,2022-08-09,Kerala,Wayanad,Vythiri,11.6226,76.0813,0.0
643,dengue,2022-08-09,Kerala,Wayanad,Sulthan Bathery,11.6667,76.2667,0.0
644,dengue,2022-08-09,Kerala,Kollam,Pathanapuram,9.1,76.87,0.0
645,dengue,2022-08-10,Kerala,Kottayam,Meenachil,9.7167,76.6833,0.0
646,dengue,2022-08-10,Kerala,Idukki,Idukki,9.8497872,76.9797914,0.0
647,dengue,2022-08-11,Kerala,Thrissur,Thrissur,10.5256264,76.2132542,0.0
648,dengue,2022-09-11,Kerala,Kollam,Kollam,8.8879509,76.5955013,0.0
648,dengue,2022-09-12,Kerala,Kollam,Karunagappally,9.0574,76.5334,0.2270109537041245
648,dengue,2022-09-14,Kerala,Kollam,Kottarakkara,9.0002,76.7788,0.9999999983333334
649,dengue,2022-09-11,Kerala,Malappuram,Tirurangadi,11.0,75.9333,0.0003961580716849
649,dengue,2022-09-11,Kerala,Malappuram,Tirur,10.9167,75.9167,0.0005106186087571
649,dengue,2022-09-12,Kerala,Malappuram,Kondotty,11.15,75.9667,0.0015166021573847
649,dengue,2022-09-13,Kerala,Malappuram,Kondotty,11.15,75.9667,0.9999999983333334
649,dengue,2022-09-14,Kerala,Malappuram,Kondotty,11.15,75.9667,0.0
650,dengue,2022-09-11,Kerala,Alappuzha,Kuttanad,9.5833,76.4167,4.031199542819508e-05
650,dengue,2022-09-11,Kerala,Alappuzha,Kuttanad,9.5833,76.4167,0.0
651,dengue,2022-09-11,Kerala,Kannur,Payyanur,12.1,75.2,0.0020356346907012
651,dengue,2022-09-13,Kerala,Kannur,Taliparamba,12.0333,75.35,0.0240765362880031
651,dengue,2022-09-14,Kerala,Kasaragod,Nileshwaram,12.25,75.1,0.001815598052318
652,dengue,2022-09-12,Kerala,Idukki,Thodupuzha,9.8955,76.7241,0.2319905448614259
653,dengue,2022-09-12,Kerala,Idukki,Devikulam,10.0667,77.1,0.0
654,dengue,2022-09-13,Kerala,Palakkad,Ottapalam,10.7667,76.3667,6.987412540887147e-05
655,dengue,2022-09-14,Kerala,Pathanamthitta,Mallappally,9.3833,76.6833,0.0
656,dengue,2022-09-15,Kerala,Kasaragod,Manjeshwaram,12.7167,74.8833,0.0
657,dengue,2022-10-16,Kerala,Malappuram,Tirur,10.9167,75.9167,0.0
658,dengue,2022-10-16,Kerala,Thrissur,Kunnamkulam,10.65,76.0667,0.005406861740752
658,dengue,2022-10-22,Kerala,Thrissur,Chavakkad,10.5833,76.0167,0.0016124798171278
658,dengue,2022-10-23,Kerala,Thrissur,Talappilly,10.6667,76.25,0.018878265222119
659,dengue,2022-10-16,Kerala,Ernakulam,Kunnathunad,10.1167,76.4833,0.0010502181910647
660,dengue,2022-10-17,Kerala,Thiruvananthapuram,Varkala,8.7379,76.7163,0.0003029254789618
660,dengue,2022-10-19,Kerala,Thiruvananthapuram,Varkala,8.7379,76.7163,0.005113998715201
661,dengue,2022-10-17,Kerala,Alappuzha,Mavelikkara,9.2667,76.55,0.0824221559189124
661,dengue,2022-10-21,Kerala,Alappuzha,Karthikappally,9.2833,76.4667,8.062399085639016e-05
662,dengue,2022-10-19,Kerala,Kozhikode,Koyilandy,11.4333,75.7,0.0006661285366848
662,dengue,2022-10-21,Kerala,Kozhikode,Vadakara,11.6,75.5833,0.0007256159177075
663,dengue,2022-10-20,Kerala,Thrissur,Mukundapuram,10.3333,76.2167,0.0015362269893469
664,dengue,2022-10-21,Kerala,Kollam,Kottarakkara,9.0002,76.7788,0.0
664,dengue,2022-10-22,Kerala,Kollam,Pathanapuram,9.1,76.87,0.0
665,dengue,2022-10-21,Kerala,Malappuram,Nilambur,11.2833,76.2333,0.0227879338455907
666,dengue,2022-10-23,Kerala,Alappuzha,Kuttanad,9.5833,76.4167,0.02233284546722
667,dengue,2022-11-22,Kerala,Kasaragod,Nileshwaram,12.25,75.1,0.0
667,dengue,2022-11-22,Kerala,Kannur,Payyanur,12.1,75.2,0.0
667,dengue,2022-11-23,Kerala,Kasaragod,Nileshwaram,12.25,75.1,0.0189805997957217
668,dengue,2022-11-22,Kerala,Thrissur,Kunnamkulam,10.65,76.0667,0.0
669,dengue,2022-11-23,Kerala,Thiruvananthapuram,Nedumangad,8.6036,77.0031,0.0
670,dengue,2022-11-23,Kerala,Malappuram,Ernad,11.1201,76.1197,0.0
670,dengue,2022-11-25,Kerala,Malappuram,Nilambur,11.2833,76.2333,0.0014858065528362
670,dengue,2022-11-28,Kerala,Malappuram,Ernad,11.1201,76.1197,0.0006999148201856
670,dengue,2022-11-28,Kerala,Malappuram,Tirurangadi,11.0,75.9333,0.0
671,dengue,2022-11-23,Kerala,Palakkad,Palakkad,10.78789845,76.47408711,0.0
672,dengue,2022-11-23,Kerala,Palakkad,Chittur,10.7,76.75,0.0
673,dengue,2022-11-23,Kerala,Pathanamthitta,Konni,9.2667,76.9333,0.000284283619554
673,dengue,2022-11-26,Kerala,Pathanamthitta,Kozhenchery,9.2780841,76.9737443,0.9999999983333334
674,dengue,2022-11-24,Kerala,Kozhikode,Kozhikode,11.2450558,75.7754716,0.0
674,dengue,2022-11-24,Kerala,Kozhikode,Koyilandy,11.4333,75.7,0.0012705365904468
674,dengue,2022-11-25,Kerala,Kozhikode,Thamarassery,11.2667,75.9333,0.0
674,dengue,2022-11-28,Kerala,Kozhikode,Koyilandy,11.4333,75.7,0.000257705417332
675,dengue,2022-11-24,Kerala,Ernakulam,Kochi,9.9312,76.2673,0.0006576045718493
676,dengue,2022-11-24,Kerala,Kollam,Kunnathoor,9.0292,76.627,4.031199542819508e-05
676,dengue,2022-11-27,Kerala,Kollam,Karunagappally,9.0574,76.5334,0.0
677,dengue,2022-11-26,Kerala,Wayanad,Vythiri,11.6226,76.0813,0.9999999983333334
677,dengue,2022-11-26,Kerala,Wayanad,Sulthan Bathery,11.6667,76.2667,0.0
678,dengue,2022-11-26,Kerala,Kannur,Kannur,11.8763836,75.3737973,0.0
679,dengue,2022-11-27,Kerala,Idukki,Thodupuzha,9.8955,76.7241,0.0
679,dengue,2022-11-27,Kerala,Kottayam,Meenachil,9.7167,76.6833,0.0
679,dengue,2022-11-28,Kerala,Ernakulam,Kothamangalam,10.0667,76.6333,0.0
679,dengue,2022-11-28,Kerala,Ernakulam,Muvattupuzha,9.9833,76.5833,7.329453714217285e-06
680,dengue,2022-11-27,Kerala,Alappuzha,Karthikappally,9.2833,76.4667,0.0
680,dengue,2022-11-28,Kerala,Alappuzha,Ambalappuzha,9.5006651,76.41241429,0.0004031199542819
681,dengue,2022-12-30,Kerala,Wayanad,Sulthan Bathery,11.6667,76.2667,0.0002821839679973
681,dengue,2022-12-31,Kerala,Wayanad,Vythiri,11.6226,76.0813,0.0068113302344724
682,dengue,2022-12-31,Kerala,Thrissur,Chavakkad,10.5833,76.0167,0.0
683,dengue,2022-12-31,Kerala,Thiruvananthapuram,Neyyattinkara,8.4004,77.0872,0.0001426424453613
684,dengue,2023-02-01,Kerala,Thiruvananthapuram,Thiruvananthapuram,8.4882267,76.947551,4.031199542819508e-05
685,dengue,2023-02-01,Kerala,Pathanamthitta,Konni,9.2667,76.9333,0.0027797943645301
686,dengue,2023-03-02,Kerala,Kollam,Kunnathoor,9.0292,76.627,0.036735116539122
687,dengue,2023-05-02,Kerala,Kozhikode,Kozhikode,11.2450558,75.7754716,0.0103892329206579
688,dengue,2023-05-02,Kerala,Wayanad,Vythiri,11.6226,76.0813,0.0
688,dengue,2023-05-03,Kerala,Wayanad,Sulthan Bathery,11.6667,76.2667,2.6874663618796715e-05
689,dengue,2023-05-03,Kerala,Idukki,Devikulam,10.0667,77.1,0.0612840224473707
690,dengue,2023-05-03,Kerala,Thrissur,Kodungallur,10.2333,76.2,0.0007161307423126
691,dengue,2023-05-03,Kerala,Idukki,Thodupuzha,9.8955,76.7241,0.0
692,dengue,2023-05-03,Kerala,Thiruvananthapuram,Nedumangad,8.6036,77.0031,0.0
693,dengue,2023-05-03,Kerala,Kollam,Kottarakkara,9.0002,76.7788,0.0086751414161475
694,dengue,2023-06-03,Kerala,Thrissur,Thrissur,10.5256264,76.2132542,0.0001902007602943
694,dengue,2023-06-05,Kerala,Thrissur,Thrissur,10.5256264,76.2132542,0.0
695,dengue,2023-06-04,Kerala,Kozhikode,Koyilandy,11.4333,75.7,0.0
696,dengue,2023-06-04,Kerala,Kollam,Kottarakkara,9.0002,76.7788,0.0
696,dengue,2023-06-04,Kerala,Kollam,Kottarakkara,9.0002,76.7788,0.0
696,dengue,2023-06-10,Kerala,Kollam,Pathanapuram,9.1,76.87,0.0001036594168153
696,dengue,2023-06-24,Kerala,Pathanamthitta,Kozhenchery,9.2780841,76.9737443,0.0
696,dengue,2023-07-06,Kerala,Pathanamthitta,Kozhenchery,9.2780841,76.9737443,0.0011465730381081
697,dengue,2023-06-04,Kerala,Thiruvananthapuram,Chirayinkeezhu,8.6963,76.8153,0.0
698,dengue,2023-06-04,Kerala,Malappuram,Nilambur,11.2833,76.2333,0.0022406699809967
699,dengue,2023-06-04,Kerala,Idukki,Thodupuzha,9.8955,76.7241,0.3416912419007691
700,dengue,2023-06-05,Kerala,Palakkad,Chittur,10.7,76.75,0.0004240224704299
701,dengue,2023-06-24,Kerala,Ernakulam,Aluva,10.1075,76.3516,0.0002496013793769
701,dengue,2023-07-07,Kerala,Ernakulam,Aluva,10.1075,76.3516,0.9999999983333334
702,dengue,2023-07-06,Kerala,Kollam,Karunagappally,9.0574,76.5334,0.0
702,dengue,2023-07-08,Kerala,Kollam,Kollam,8.8879509,76.5955013,0.0
702,dengue,2023-07-08,Kerala,Thiruvananthapuram,Varkala,8.7379,76.7163,0.0
703,dengue,2023-07-06,Kerala,Idukki,Peerumade,9.5667,76.9667,0.0619258749501076
704,dengue,2023-07-07,Kerala,Kozhikode,Vadakara,11.6,75.5833,0.0006632885082765
704,dengue,2023-07-07,Kerala,Kozhikode,Koyilandy,11.4333,75.7,0.0
705,dengue,2023-07-07,Kerala,Palakkad,Palakkad,10.78789845,76.47408711,0.0017166322564521
706,dengue,2023-07-07,Kerala,Malappuram,Tirur,10.9167,75.9167,0.0020939602918286
707,dengue,2023-07-08,Kerala,Kasaragod,Kasaragod,12.5035577,74.9907022,0.0
708,dengue,2023-07-15,Kerala,Malappuram,Perinthalmanna,10.9667,76.2167,0.0008062399085639
709,dengue,2023-07-15,Kerala,Wayanad,Sulthan Bathery,11.6667,76.2667,0.0
710,dengue,2023-07-29,Kerala,Kasaragod,Manjeshwaram,12.7167,74.8833,0.0002741215689117
711,dengue,2023-08-05,Kerala,Pathanamthitta,Mallappally,9.3833,76.6833,0.0016499624428184
712,dengue,2023-08-08,Kerala,Pathanamthitta,Kozhenchery,9.2780841,76.9737443,0.0
712,dengue,2023-08-10,Kerala,Pathanamthitta,Ranni,9.3833,76.9667,0.0
712,dengue,2023-08-10,Kerala,Pathanamthitta,Konni,9.2667,76.9333,0.0
713,dengue,2023-08-08,Kerala,Kozhikode,Kozhikode,11.2450558,75.7754716,0.0
714,dengue,2023-08-08,Kerala,Idukki,Devikulam,10.0667,77.1,0.0106981349184308
715,dengue,2023-08-08,Kerala,Palakkad,Ottapalam,10.7667,76.3667,0.0
716,dengue,2023-08-08,Kerala,Ernakulam,Kanayannur,9.98408,76.2741457,0.0
717,dengue,2023-08-08,Kerala,Thiruvananthapuram,Varkala,8.7379,76.7163,0.8441977555786442
718,dengue,2023-08-09,Kerala,Malappuram,Perinthalmanna,10.9667,76.2167,0.1543477633039121
718,dengue,2023-08-10,Kerala,Malappuram,Ernad,11.1201,76.1197,0.0
718,dengue,2023-08-10,Kerala,Malappuram,Tirurangadi,11.0,75.9333,0.0
718,dengue,2023-08-10,Kerala,Malappuram,Tirur,10.9167,75.9167,0.0087366988536468
719,dengue,2023-08-09,Kerala,Palakkad,Chittur,10.7,76.75,0.0
720,dengue,2023-08-09,Kerala,Kollam,Kunnathoor,9.0292,76.627,0.0006307762391793
721,dengue,2023-08-10,Kerala,Idukki,Thodupuzha,9.8955,76.7241,0.0
722,dengue,2023-08-10,Kerala,Kasaragod,Vellarikundu,12.4167,75.2333,0.0006658056873931
723,dengue,2023-08-10,Kerala,Kasaragod,Kasaragod,12.5035577,74.9907022,0.0
724,dengue,2023-08-11,Kerala,Thiruvananthapuram,Thiruvananthapuram,8.4882267,76.947551,0.0082505217309705
725,dengue,2023-08-19,Kerala,Alappuzha,Karthikappally,9.2833,76.4667,0.0
726,dengue,2023-08-26,Kerala,Pathanamthitta,Mallappally,9.3833,76.6833,0.0009456502288252
727,dengue,2023-08-26,Kerala,Ernakulam,Muvattupuzha,9.9833,76.5833,0.0001668327537487
728,dengue,2023-09-11,Kerala,Palakkad,Palakkad,10.78789845,76.47408711,0.0
728,dengue,2023-09-13,Kerala,Palakkad,Palakkad,10.78789845,76.47408711,0.0048049213048217
729,dengue,2023-09-11,Kerala,Kasaragod,Hosdurg,12.3167,75.1,0.0001343733180939
729,dengue,2023-09-13,Kerala,Kasaragod,Kasaragod,12.5035577,74.9907022,0.0017257568317065
729,dengue,2023-09-13,Kerala,Kasaragod,Vellarikundu,12.4167,75.2333,0.0018853700890375
730,dengue,2023-09-11,Kerala,Ernakulam,Muvattupuzha,9.9833,76.5833,0.0
730,dengue,2023-09-12,Kerala,Ernakulam,Kunnathunad,10.1167,76.4833,0.0008331145721826
730,dengue,2023-09-13,Kerala,Ernakulam,Aluva,10.1075,76.3516,0.0
731,dengue,2023-09-11,Kerala,Malappuram,Tirurangadi,11.0,75.9333,0.0177775939950745
732,dengue,2023-09-11,Kerala,Thiruvananthapuram,Neyyattinkara,8.4004,77.0872,0.3461439833235197
733,dengue,2023-09-12,Kerala,Kollam,Punalur,9.0089,76.9269,0.0
733,dengue,2023-09-13,Kerala,Pathanamthitta,Ranni,9.3833,76.9667,0.002700903693689
733,dengue,2023-09-14,Kerala,Kollam,Pathanapuram,9.1,76.87,0.9999999983333334
733,dengue,2023-09-14,Kerala,Pathanamthitta,Kozhenchery,9.2780841,76.9737443,0.0
733,dengue,2023-09-14,Kerala,Pathanamthitta,Kozhenchery,9.2780841,76.9737443,4.8374394513834085e-05
734,dengue,2023-09-12,Kerala,Alappuzha,Cherthala,9.6833,76.3333,0.0019618504441721
734,dengue,2023-09-13,Kerala,Kottayam,Vaikom,9.75,76.4,0.0
735,dengue,2023-09-13,Kerala,Kollam,Kunnathoor,9.0292,76.627,0.0
736,dengue,2023-09-13,Kerala,Malappuram,Ponnani,10.7667,75.9167,0.0
737,dengue,2023-09-14,Kerala,Wayanad,Vythiri,11.6226,76.0813,0.0
737,dengue,2023-09-16,Kerala,Wayanad,Mananthavady,11.8,76.0,0.0
738,dengue,2023-09-14,Kerala,Kozhikode,Kozhikode,11.2450558,75.7754716,0.0023035425958968
739,dengue,2023-09-14,Kerala,Thrissur,Mukundapuram,10.3333,76.2167,0.0223562985708133
740,dengue,2023-09-16,Kerala,Thiruvananthapuram,Varkala,8.7379,76.7163,0.0
740,dengue,2023-09-23,Kerala,Thiruvananthapuram,Chirayinkeezhu,8.6963,76.8153,0.0002687466361879
741,dengue,2023-09-30,Kerala,Idukki,Peerumade,9.5667,76.9667,6.449919268511211e-05
742,dengue,2023-10-07,Kerala,Ernakulam,Kunnathunad,10.1167,76.4833,0.0
742,dengue,2023-10-16,Kerala,Idukki,Peerumade,9.5667,76.9667,0.0
742,dengue,2023-10-17,Kerala,Kottayam,Meenachil,9.7167,76.6833,0.0
742,dengue,2023-10-18,Kerala,Ernakulam,Kunnathunad,10.1167,76.4833,0.0019675068518925
742,dengue,2023-10-20,Kerala,Ernakulam,Muvattupuzha,9.9833,76.5833,0.0
742,dengue,2023-10-21,Kerala,Ernakulam,Muvattupuzha,9.9833,76.5833,0.0005811906299905
742,dengue,2023-10-21,Kerala,Idukki,Thodupuzha,9.8955,76.7241,0.0022114008920609
742,dengue,2023-10-21,Kerala,Kottayam,Kanjirappally,9.5667,76.7833,0.0015318558262714
742,dengue,2023-10-22,Kerala,Kottayam,Meenachil,9.7167,76.6833,0.0122296631451568
742,dengue,2023-10-28,Kerala,Kottayam,Kottayam,9.6287383,76.64553257,0.0
743,dengue,2023-10-07,Kerala,Thrissur,Chalakudy,10.3,76.3333,0.0
743,dengue,2023-10-16,Kerala,Ernakulam,North Paravur,10.1333,76.2,0.0030780801691129
743,dengue,2023-10-17,Kerala,Thrissur,Chalakudy,10.3,76.3333,0.0
743,dengue,2023-10-18,Kerala,Thrissur,Mukundapuram,10.3333,76.2167,0.0
743,dengue,2023-10-18,Kerala,Ernakulam,Kochi,9.9312,76.2673,0.9999999983333334
743,dengue,2023-10-19,Kerala,Thrissur,Chalakudy,10.3,76.3333,0.0004434319497101
743,dengue,2023-10-21,Kerala,Thrissur,Chalakudy,10.3,76.3333,1.2403690900983095e-05
743,dengue,2023-10-21,Kerala,Ernakulam,Kanayannur,9.98408,76.2741457,0.0014837445432081
744,dengue,2023-10-07,Kerala,Kozhikode,Thamarassery,11.2667,75.9333,0.0014442350725898
744,dengue,2023-10-17,Kerala,Malappuram,Ernad,11.1201,76.1197,0.0
744,dengue,2023-10-18,Kerala,Malappuram,Nilambur,11.2833,76.2333,0.0
744,dengue,2023-10-19,Kerala,Malappuram,Ernad,11.1201,76.1197,0.0020407947685523
744,dengue,2023-10-19,Kerala,Malappuram,Nilambur,11.2833,76.2333,0.0
744,dengue,2023-10-20,Kerala,Kozhikode,Thamarassery,11.2667,75.9333,0.0
744,dengue,2023-10-20,Kerala,Kozhikode,Kozhikode,11.2450558,75.7754716,0.0
744,dengue,2023-10-23,Kerala,Malappuram,Kondotty,11.15,75.9667,0.0
745,dengue,2023-10-15,Kerala,Alappuzha,Chenganoor,9.3167,76.6167,0.0
745,dengue,2023-10-15,Kerala,Kollam,Kunnathoor,9.0292,76.627,0.0003455313893845
745,dengue,2023-10-16,Kerala,Pathanamthitta,Thiruvalla,9.3833,76.5833,0.0029518935749688
745,dengue,2023-10-16,Kerala,Pathanamthitta,Adoor,9.1667,76.7333,0.0
745,dengue,2023-10-16,Kerala,Kollam,Kollam,8.8879509,76.5955013,0.0022046051978103
745,dengue,2023-10-17,Kerala,Thiruvananthapuram,Varkala,8.7379,76.7163,0.0020213586278994
745,dengue,2023-10-19,Kerala,Alappuzha,Chenganoor,9.3167,76.6167,0.2255375029342516
745,dengue,2023-10-19,Kerala,Kollam,Kollam,8.8879509,76.5955013,0.0
745,dengue,2023-10-20,Kerala,Kollam,Kottarakkara,9.0002,76.7788,0.0851746218477588
745,dengue,2023-10-20,Kerala,Kollam,Kollam,8.8879509,76.5955013,0.0
745,dengue,2023-10-20,Kerala,Thiruvananthapuram,Chirayinkeezhu,8.6963,76.8153,0.0
745,dengue,2023-10-22,Kerala,Thiruvananthapuram,Chirayinkeezhu,8.6963,76.8153,1.7916442412531142e-05
745,dengue,2023-10-28,Kerala,Pathanamthitta,Adoor,9.1667,76.7333,0.0
745,dengue,2023-11-04,Kerala,Thiruvananthapuram,Varkala,8.7379,76.7163,0.0
746,dengue,2023-10-15,Kerala,Kozhikode,Vadakara,11.6,75.5833,0.0417041781243725
746,dengue,2023-10-18,Kerala,Kozhikode,Vadakara,11.6,75.5833,0.0
747,dengue,2023-10-15,Kerala,Thrissur,Chavakkad,10.5833,76.0167,0.0
748,dengue,2023-10-16,Kerala,Idukki,Udumbanchola,9.8333,77.1333,0.0
748,dengue,2023-10-21,Kerala,Idukki,Udumbanchola,9.8333,77.1333,0.0219201710672309
749,dengue,2023-10-16,Kerala,Palakkad,Palakkad,10.78789845,76.47408711,0.0
749,dengue,2023-10-28,Kerala,Palakkad,Palakkad,10.78789845,76.47408711,0.0004031199542819
750,dengue,2023-10-16,Kerala,Thrissur,Talappilly,10.6667,76.25,0.0
750,dengue,2023-10-18,Kerala,Palakkad,Pattambi,10.8,76.2,0.0
750,dengue,2023-10-20,Kerala,Thrissur,Talappilly,10.6667,76.25,2.015599771409754e-05
751,dengue,2023-10-19,Kerala,Malappuram,Tirur,10.9167,75.9167,0.0
752,dengue,2023-10-19,Kerala,Palakkad,Chittur,10.7,76.75,0.0038764507432662
753,dengue,2023-10-20,Kerala,Pathanamthitta,Kozhenchery,9.2780841,76.9737443,0.0
754,dengue,2023-10-21,Kerala,Thiruvananthapuram,Thiruvananthapuram,8.4882267,76.947551,0.0
755,dengue,2023-10-21,Kerala,Idukki,Devikulam,10.0667,77.1,0.0
756,dengue,2023-10-22,Kerala,Kannur,Iritty,11.9333,75.7,0.0006184921572263
757,dengue,2023-11-11,Kerala,Kozhikode,Vadakara,11.6,75.5833,0.0
757,dengue,2023-11-24,Kerala,Kozhikode,Vadakara,11.6,75.5833,0.0001128735871989
757,dengue,2023-11-24,Kerala,Kozhikode,Koyilandy,11.4333,75.7,0.0018631431447613
757,dengue,2023-11-26,Kerala,Kannur,Thalassery,11.75,75.4833,0.0016931038079841
758,dengue,2023-11-18,Kerala,Kasaragod,Manjeshwaram,12.7167,74.8833,0.0035176694017029
758,dengue,2023-11-24,Kerala,Kasaragod,Manjeshwaram,12.7167,74.8833,0.0
759,dengue,2023-11-18,Kerala,Kannur,Payyanur,12.1,75.2,0.0006456896089059
760,dengue,2023-11-18,Kerala,Kottayam,Changanassery,9.45,76.5333,0.0
760,dengue,2023-11-24,Kerala,Alappuzha,Mavelikkara,9.2667,76.55,0.0
760,dengue,2023-11-25,Kerala,Pathanamthitta,Mallappally,9.3833,76.6833,0.0
760,dengue,2023-11-25,Kerala,Alappuzha,Karthikappally,9.2833,76.4667,0.0
760,dengue,2023-11-26,Kerala,Pathanamthitta,Adoor,9.1667,76.7333,0.0
760,dengue,2023-11-26,Kerala,Kottayam,Kanjirappally,9.5667,76.7833,0.0006973975209077
760,dengue,2023-11-27,Kerala,Pathanamthitta,Mallappally,9.3833,76.6833,0.0008379956245101
760,dengue,2023-11-28,Kerala,Pathanamthitta,Mallappally,9.3833,76.6833,0.0
761,dengue,2023-11-22,Kerala,Thrissur,Chavakkad,10.5833,76.0167,0.0005643679359947
761,dengue,2023-11-23,Kerala,Malappuram,Ernad,11.1201,76.1197,0.0
761,dengue,2023-11-24,Kerala,Malappuram,Tirurangadi,11.0,75.9333,0.0077064902926742
761,dengue,2023-11-25,Kerala,Thrissur,Thrissur,10.5256264,76.2132542,0.0
761,dengue,2023-11-25,Kerala,Malappuram,Ponnani,10.7667,75.9167,0.0098847628617422
761,dengue,2023-11-25,Kerala,Thrissur,Talappilly,10.6667,76.25,0.0421068218754694
761,dengue,2023-11-26,Kerala,Thrissur,Kodungallur,10.2333,76.2,0.0
761,dengue,2023-11-26,Kerala,Thrissur,Chalakudy,10.3,76.3333,0.0
761,dengue,2023-11-26,Kerala,Malappuram,Tirurangadi,11.0,75.9333,0.0
761,dengue,2023-11-27,Kerala,Thrissur,Chavakkad,10.5833,76.0167,0.0176218196353095
761,dengue,2023-11-27,Kerala,Thrissur,Mukundapuram,10.3333,76.2167,0.0
761,dengue,2023-11-27,Kerala,Malappuram,Tirur,10.9167,75.9167,0.0
761,dengue,2023-11-27,Kerala,Malappuram,Nilambur,11.2833,76.2333,0.0952950827049502
761,dengue,2023-11-28,Kerala,Malappuram,Ernad,11.1201,76.1197,0.0
762,dengue,2023-11-23,Kerala,Idukki,Idukki,9.8497872,76.9797914,0.0
762,dengue,2023-11-25,Kerala,Idukki,Idukki,9.8497872,76.9797914,4.479110603132786e-05
763,dengue,2023-11-23,Kerala,Wayanad,Sulthan Bathery,11.6667,76.2667,0.0
763,dengue,2023-11-28,Kerala,Wayanad,Vythiri,11.6226,76.0813,0.0143510703724374
764,dengue,2023-11-23,Kerala,Thiruvananthapuram,Varkala,8.7379,76.7163,0.0004251083154246
764,dengue,2023-11-25,Kerala,Thiruvananthapuram,Chirayinkeezhu,8.6963,76.8153,0.0
764,dengue,2023-11-28,Kerala,Thiruvananthapuram,Chirayinkeezhu,8.6963,76.8153,0.0004146207615015
765,dengue,2023-11-23,Kerala,Ernakulam,Kunnathunad,10.1167,76.4833,0.0
765,dengue,2023-11-25,Kerala,Ernakulam,Kothamangalam,10.0667,76.6333,0.0
765,dengue,2023-11-26,Kerala,Ernakulam,Muvattupuzha,9.9833,76.5833,0.0004834851167807
766,dengue,2023-11-24,Kerala,Ernakulam,Kochi,9.9312,76.2673,0.0
767,dengue,2023-11-25,Kerala,Palakkad,Alathur,10.6333,76.55,0.0
767,dengue,2023-11-27,Kerala,Palakkad,Alathur,10.6333,76.55,0.0004434319497101
768,dengue,2023-11-26,Kerala,Thiruvananthapuram,Kattakkada,8.5667,77.1,0.0
768,dengue,2023-11-26,Kerala,Thiruvananthapuram,Kattakkada,8.5667,77.1,0.0100596263206185
768,dengue,2023-11-27,Kerala,Thiruvananthapuram,Neyyattinkara,8.4004,77.0872,0.0004299946179007
769,dengue,2023-11-27,Kerala,Kasaragod,Vellarikundu,12.4167,75.2333,0.0
770,dengue,2023-11-28,Kerala,Kasaragod,Kasaragod,12.5035577,74.9907022,0.0
771,dengue,2023-12-02,Kerala,Pathanamthitta,Kozhenchery,9.2780841,76.9737443,0.0001289983853702
772,dengue,2023-12-23,Kerala,Thrissur,Chalakudy,10.3,76.3333,0.0
772,dengue,2023-12-30,Kerala,Thrissur,Chalakudy,10.3,76.3333,8.062399085639016e-05
773,dengue,2023-12-30,Kerala,Kannur,Kannur,11.8763836,75.3737973,0.0216447839195635
774,dengue,2023-12-30,Kerala,Alappuzha,Cherthala,9.6833,76.3333,0.0
775,dengue,2023-12-31,Kerala,Malappuram,Tirur,10.9167,75.9167,4.8374394513834085e-05
776,dengue,2023-12-31,Kerala,Wayanad,Sulthan Bathery,11.6667,76.2667,0.0001209359862845
777,dengue,2023-12-31,Kerala,Kannur,Payyanur,12.1,75.2,0.0
778,dengue,2023-12-31,Kerala,Ernakulam,Kothamangalam,10.0667,76.6333,0.0
779,dengue,2023-12-31,Kerala,Kollam,Kollam,8.8879509,76.5955013,0.0052794984323585
780,dengue,2024-02-01,Kerala,Idukki,Devikulam,10.0667,77.1,0.0005596253482972
781,dengue,2024-02-10,Kerala,Kollam,Karunagappally,9.0574,76.5334,0.0
782,dengue,2024-03-01,Kerala,Kollam,Kollam,8.8879509,76.5955013,0.0273961383920058
783,dengue,2024-03-01,Kerala,Idukki,Peerumade,9.5667,76.9667,0.0
784,dengue,2024-03-01,Kerala,Malappuram,Ernad,11.1201,76.1197,0.0063083846168921
785,dengue,2024-03-02,Kerala,Kottayam,Kottayam,9.6287383,76.64553257,0.0
786,dengue,2024-05-02,Kerala,Kannur,Payyanur,12.1,75.2,0.0
787,dengue,2024-05-02,Kerala,Alappuzha,Karthikappally,9.2833,76.4667,5.038999428524384e-05
788,dengue,2024-05-03,Kerala,Kollam,Karunagappally,9.0574,76.5334,0.0
789,dengue,2024-05-03,Kerala,Kannur,Kannur,11.8763836,75.3737973,3.934823941021221e-06
790,dengue,2024-05-03,Kerala,Idukki,Devikulam,10.0667,77.1,0.0
791,dengue,2024-05-04,Kerala,Kasaragod,Manjeshwaram,12.7167,74.8833,0.0
792,dengue,2024-05-25,Kerala,Malappuram,Nilambur,11.2833,76.2333,0.0
793,dengue,2024-06-03,Kerala,Malappuram,Kondotty,11.15,75.9667,0.0
793,dengue,2024-06-04,Kerala,Malappuram,Kondotty,11.15,75.9667,0.0006576028950838
794,dengue,2024-06-04,Kerala,Kasaragod,Vellarikundu,12.4167,75.2333,0.8796473213273815
795,dengue,2024-06-04,Kerala,Kollam,Pathanapuram,9.1,76.87,0.0
796,dengue,2024-06-04,Kerala,Idukki,Thodupuzha,9.8955,76.7241,0.0
797,dengue,2024-06-05,Kerala,Ernakulam,Aluva,10.1075,76.3516,0.0038072267506935
798,dengue,2024-06-05,Kerala,Thiruvananthapuram,Neyyattinkara,8.4004,77.0872,0.134426995761486
799,dengue,2024-06-05,Kerala,Kottayam,Changanassery,9.45,76.5333,0.0008360025562371
800,dengue,2024-06-06,Kerala,Thrissur,Kunnamkulam,10.65,76.0667,0.0001209359862845
801,dengue,2024-07-07,Kerala,Kannur,Iritty,11.9333,75.7,0.0
802,dengue,2024-07-07,Kerala,Thiruvananthapuram,Kattakkada,8.5667,77.1,0.0006344769275486
803,dengue,2024-07-08,Kerala,Ernakulam,Kunnathunad,10.1167,76.4833,0.0237556158308653
804,dengue,2024-08-08,Kerala,Thiruvananthapuram,Kattakkada,8.5667,77.1,0.0007420305904703
804,dengue,2024-08-09,Kerala,Thiruvananthapuram,Kattakkada,8.5667,77.1,0.0
805,dengue,2024-08-08,Kerala,Palakkad,Alathur,10.6333,76.55,0.0
806,dengue,2024-08-09,Kerala,Malappuram,Ponnani,10.7667,75.9167,0.0
807,dengue,2024-08-09,Kerala,Malappuram,Tirurangadi,11.0,75.9333,0.0
808,dengue,2024-08-09,Kerala,Kollam,Kunnathoor,9.0292,76.627,0.0001343733180939
809,dengue,2024-08-09,Kerala,Pathanamthitta,Konni,9.2667,76.9333,0.0002015599771409
809,dengue,2024-08-11,Kerala,Kollam,Pathanapuram,9.1,76.87,0.0019752877759815
810,dengue,2024-08-10,Kerala,Kasaragod,Vellarikundu,12.4167,75.2333,0.0
811,dengue,2024-08-10,Kerala,Kozhikode,Vadakara,11.6,75.5833,0.0
812,dengue,2024-09-11,Kerala,Kottayam,Meenachil,9.7167,76.6833,0.0108433691303469
813,dengue,2024-09-12,Kerala,Pathanamthitta,Kozhenchery,9.2780841,76.9737443,0.0106255210925592
813,dengue,2024-09-14,Kerala,Pathanamthitta,Kozhenchery,9.2780841,76.9737443,0.0
814,dengue,2024-09-12,Kerala,Thrissur,Mukundapuram,10.3333,76.2167,0.0227311427020162
815,dengue,2024-09-12,Kerala,Malappuram,Ernad,11.1201,76.1197,0.0
815,dengue,2024-09-14,Kerala,Malappuram,Nilambur,11.2833,76.2333,0.2204465673821014
816,dengue,2024-09-14,Kerala,Kannur,Iritty,11.9333,75.7,0.1161111392927186
817,dengue,2024-10-16,Kerala,Idukki,Udumbanchola,9.8333,77.1333,0.0
818,dengue,2024-10-16,Kerala,Wayanad,Vythiri,11.6226,76.0813,0.000696144324372
819,dengue,2024-10-16,Kerala,Thiruvananthapuram,Varkala,8.7379,76.7163,0.0
819,dengue,2024-10-17,Kerala,Kollam,Kunnathoor,9.0292,76.627,0.0
819,dengue,2024-10-18,Kerala,Kollam,Kollam,8.8879509,76.5955013,0.0
819,dengue,2024-10-18,Kerala,Kollam,Kunnathoor,9.0292,76.627,0.0
820,dengue,2024-10-17,Kerala,Kasaragod,Manjeshwaram,12.7167,74.8833,0.0
821,dengue,2024-10-17,Kerala,Kottayam,Kanjirappally,9.5667,76.7833,0.0063117568070679
822,dengue,2024-10-19,Kerala,Ernakulam,Kothamangalam,10.0667,76.6333,0.0
823,dengue,2024-10-20,Kerala,Kozhikode,Vadakara,11.6,75.5833,4.031199542819508e-05
824,dengue,2024-10-20,Kerala,Thrissur,Kodungallur,10.2333,76.2,0.0037669041967522
825,dengue,2024-10-21,Kerala,Kollam,Pathanapuram,9.1,76.87,0.4647800781470459
826,dengue,2024-10-21,Kerala,Kannur,Taliparamba,12.0333,75.35,0.0177251667958021
826,dengue,2024-10-22,Kerala,Kannur,Payyanur,12.1,75.2,0.0
826,dengue,2024-10-22,Kerala,Kasaragod,Nileshwaram,12.25,75.1,0.0018396350227612
827,dengue,2024-10-22,Kerala,Ernakulam,Kochi,9.9312,76.2673,0.5018091716106216
828,dengue,2024-10-22,Kerala,Thiruvananthapuram,Neyyattinkara,8.4004,77.0872,0.0
829,dengue,2024-10-23,Kerala,Malappuram,Nilambur,11.2833,76.2333,0.0005039812982109
830,dengue,2024-11-24,Kerala,Ernakulam,Kochi,9.9312,76.2673,0.0
831,dengue,2024-11-24,Kerala,Ernakulam,Kothamangalam,10.0667,76.6333,0.0
832,dengue,2024-11-24,Kerala,Thrissur,Kunnamkulam,10.65,76.0667,0.1926948161869957
833,dengue,2024-11-25,Kerala,Kottayam,Kottayam,9.6287383,76.64553257,6.821077571280704e-06
834,fever_ip,2020-03-01,Kerala,Pathanamthitta,Adoor,9.1667,76.7333,0.0
834,fever_ip,2020-03-02,Kerala,Alappuzha,Chenganoor,9.3167,76.6167,0.0
835,fever_ip,2020-03-02,Kerala,Kannur,Thalassery,11.75,75.4833,0.0133601871946466
835,fever_ip,2020-03-02,Kerala,Kannur,Thalassery,11.75,75.4833,0.0
836,fever_ip,2020-03-02,Kerala,Kozhikode,Kozhikode,11.2450558,75.7754716,0.0
837,fever_ip,2020-03-03,Kerala,Kottayam,Kottayam,9.6287383,76.64553257,0.0
838,fever_ip,2020-03-04,Kerala,Thiruvananthapuram,Varkala,8.7379,76.7163,0.0
839,fever_ip,2020-05-05,Kerala,Ernakulam,Muvattupuzha,9.9833,76.5833,0.0
840,fever_ip,2020-05-05,Kerala,Kollam,Kunnathoor,9.0292,76.627,0.0
841,fever_ip,2020-05-05,Kerala,Kottayam,Meenachil,9.7167,76.6833,0.0
842,fever_ip,2020-05-07,Kerala,Kozhikode,Vadakara,11.6,75.5833,0.0
843,fever_ip,2020-05-07,Kerala,Pathanamthitta,Mallappally,9.3833,76.6833,0.0
844,fever_ip,2020-07-08,Kerala,Kollam,Kollam,8.8879509,76.5955013,0.0
845,fever_ip,2020-07-08,Kerala,Malappuram,Ponnani,10.7667,75.9167,0.0
846,fever_ip,2020-07-08,Kerala,Kasaragod,Kasaragod,12.5035577,74.9907022,0.0
847,fever_ip,2020-07-09,Kerala,Pathanamthitta,Thiruvalla,9.3833,76.5833,0.0
848,fever_ip,2020-07-09,Kerala,Kollam,Punalur,9.0089,76.9269,0.0
849,fever_ip,2020-07-10,Kerala,Thiruvananthapuram,Nedumangad,8.6036,77.0031,0.0
850,fever_ip,2020-08-11,Kerala,Thiruvananthapuram,Kattakkada,8.5667,77.1,0.0
851,fever_ip,2020-08-12,Kerala,Alappuzha,Karthikappally,9.2833,76.4667,0.0
852,fever_ip,2020-08-13,Kerala,Thiruvananthapuram,Chirayinkeezhu,8.6963,76.8153,0.0
853,fever_ip,2020-08-14,Kerala,Palakkad,Mannarkkad,11.0,76.4667,0.0
854,fever_ip,2020-08-14,Kerala,Kasaragod,Nileshwaram,12.25,75.1,0.0
855,fever_ip,2020-09-14,Kerala,Wayanad,Mananthavady,11.8,76.0,0.0
855,fever_ip,2020-09-19,Kerala,Wayanad,Sulthan Bathery,11.6667,76.2667,0.0
855,fever_ip,2020-09-21,Kerala,Wayanad,Vythiri,11.6226,76.0813,0.0
856,fever_ip,2020-09-14,Kerala,Thrissur,Kodungallur,10.2333,76.2,0.0
856,fever_ip,2020-09-20,Kerala,Ernakulam,Aluva,10.1075,76.3516,0.0
857,fever_ip,2020-09-15,Kerala,Kollam,Pathanapuram,9.1,76.87,0.0
857,fever_ip,2020-09-17,Kerala,Pathanamthitta,Konni,9.2667,76.9333,0.0
858,fever_ip,2020-09-15,Kerala,Palakkad,Pattambi,10.8,76.2,0.0
859,fever_ip,2020-09-16,Kerala,Kozhikode,Koyilandy,11.4333,75.7,0.0
860,fever_ip,2020-09-16,Kerala,Kannur,Payyanur,12.1,75.2,0.0
860,fever_ip,2020-09-21,Kerala,Kannur,Taliparamba,12.0333,75.35,0.0
861,fever_ip,2020-09-18,Kerala,Alappuzha,Ambalappuzha,9.5006651,76.41241429,0.0
861,fever_ip,2020-09-20,Kerala,Alappuzha,Cherthala,9.6833,76.3333,0.0
862,fever_ip,2020-09-18,Kerala,Alappuzha,Chenganoor,9.3167,76.6167,0.0031880495696214
863,fever_ip,2020-09-18,Kerala,Thiruvananthapuram,Neyyattinkara,8.4004,77.0872,0.0
863,fever_ip,2020-09-20,Kerala,Thiruvananthapuram,Kattakkada,8.5667,77.1,0.0327045977519241
864,fever_ip,2020-09-19,Kerala,Malappuram,Tirur,10.9167,75.9167,0.0
864,fever_ip,2020-09-21,Kerala,Malappuram,Ponnani,10.7667,75.9167,0.0
865,fever_ip,2020-09-19,Kerala,Palakkad,Palakkad,10.78789845,76.47408711,0.0
866,fever_ip,2020-09-19,Kerala,Kottayam,Kottayam,9.6287383,76.64553257,0.0
867,fever_ip,2020-09-20,Kerala,Kasaragod,Manjeshwaram,12.7167,74.8833,0.0
868,fever_ip,2020-09-22,Kerala,Kozhikode,Thamarassery,11.2667,75.9333,0.0
869,fever_ip,2020-09-22,Kerala,Kasaragod,Vellarikundu,12.4167,75.2333,0.0
870,fever_ip,2020-10-25,Kerala,Ernakulam,Kothamangalam,10.0667,76.6333,0.0
871,fever_ip,2020-10-25,Kerala,Kasaragod,Vellarikundu,12.4167,75.2333,4.031199542819508e-05
871,fever_ip,2020-10-25,Kerala,Kasaragod,Nileshwaram,12.25,75.1,0.0087307614871288
871,fever_ip,2020-10-27,Kerala,Kannur,Payyanur,12.1,75.2,0.0
872,fever_ip,2020-10-25,Kerala,Thiruvananthapuram,Chirayinkeezhu,8.6963,76.8153,0.0001943627449881
873,fever_ip,2020-10-26,Kerala,Kasaragod,Kasaragod,12.5035577,74.9907022,0.0121726703559243
874,fever_ip,2020-10-26,Kerala,Alappuzha,Kuttanad,9.5833,76.4167,0.0
875,fever_ip,2020-10-27,Kerala,Thrissur,Chavakkad,10.5833,76.0167,0.0003099199589947
876,fever_ip,2020-10-27,Kerala,Kozhikode,Thamarassery,11.2667,75.9333,0.0007615778975221
877,fever_ip,2020-12-28,Kerala,Kollam,Kottarakkara,9.0002,76.7788,0.0
878,fever_ip,2020-12-28,Kerala,Palakkad,Mannarkkad,11.0,76.4667,0.0
879,fever_ip,2020-12-29,Kerala,Pathanamthitta,Mallappally,9.3833,76.6833,0.0
880,fever_ip,2020-12-29,Kerala,Malappuram,Nilambur,11.2833,76.2333,0.0
880,fever_ip,2020-12-31,Kerala,Malappuram,Nilambur,11.2833,76.2333,0.0
881,fever_ip,2020-12-30,Kerala,Pathanamthitta,Konni,9.2667,76.9333,0.0
882,fever_ip,2020-12-30,Kerala,Ernakulam,North Paravur,10.1333,76.2,0.0
882,fever_ip,2020-12-31,Kerala,Thrissur,Kodungallur,10.2333,76.2,0.0009563001061677
883,fever_ip,2020-12-31,Kerala,Palakkad,Pattambi,10.8,76.2,0.0001698271772255
884,fever_ip,2020-12-31,Kerala,Alappuzha,Cherthala,9.6833,76.3333,0.0003099199589947
885,fever_ip,2021-03-02,Kerala,Kozhikode,Kozhikode,11.2450558,75.7754716,0.052044414967207
885,fever_ip,2021-03-03,Kerala,Malappuram,Kondotty,11.15,75.9667,0.0
886,fever_ip,2021-03-02,Kerala,Wayanad,Mananthavady,11.8,76.0,0.0
887,fever_ip,2021-03-02,Kerala,Kottayam,Meenachil,9.7167,76.6833,0.0163314377934922
888,fever_ip,2021-03-02,Kerala,Kasaragod,Kasaragod,12.5035577,74.9907022,0.0001511973289052
889,fever_ip,2021-03-03,Kerala,Malappuram,Tirur,10.9167,75.9167,0.0018063446449834
890,fever_ip,2021-03-04,Kerala,Alappuzha,Cherthala,9.6833,76.3333,0.0039967673240629
891,fever_ip,2021-05-04,Kerala,Kollam,Karunagappally,9.0574,76.5334,0.0
892,fever_ip,2021-05-05,Kerala,Ernakulam,Kunnathunad,10.1167,76.4833,0.0
893,fever_ip,2021-05-05,Kerala,Pathanamthitta,Kozhenchery,9.2780841,76.9737443,0.0
894,fever_ip,2021-05-06,Kerala,Kozhikode,Kozhikode,11.2450558,75.7754716,0.0
895,fever_ip,2021-05-07,Kerala,Kasaragod,Nileshwaram,12.25,75.1,0.0197534568353692
896,fever_ip,2021-05-07,Kerala,Idukki,Devikulam,10.0667,77.1,0.0
897,fever_ip,2021-07-08,Kerala,Kottayam,Vaikom,9.75,76.4,0.0
898,fever_ip,2021-07-09,Kerala,Malappuram,Perinthalmanna,10.9667,76.2167,0.0
898,fever_ip,2021-07-11,Kerala,Malappuram,Perinthalmanna,10.9667,76.2167,0.0
899,fever_ip,2021-07-10,Kerala,Ernakulam,North Paravur,10.1333,76.2,0.0
900,fever_ip,2021-07-10,Kerala,Kottayam,Meenachil,9.7167,76.6833,0.0
901,fever_ip,2021-08-11,Kerala,Ernakulam,Kochi,9.9312,76.2673,0.0
901,fever_ip,2021-08-12,Kerala,Ernakulam,Kanayannur,9.98408,76.2741457,0.0
901,fever_ip,2021-08-12,Kerala,Kottayam,Vaikom,9.75,76.4,0.0018299317529314
902,fever_ip,2021-08-12,Kerala,Thrissur,Talappilly,10.6667,76.25,0.0
903,fever_ip,2021-08-12,Kerala,Alappuzha,Mavelikkara,9.2667,76.55,0.0
904,fever_ip,2021-08-13,Kerala,Kannur,Kannur,11.8763836,75.3737973,0.0
905,fever_ip,2021-08-13,Kerala,Palakkad,Alathur,10.6333,76.55,0.0001167439848076
906,fever_ip,2021-08-13,Kerala,Idukki,Peerumade,9.5667,76.9667,0.0
907,fever_ip,2021-08-13,Kerala,Idukki,Thodupuzha,9.8955,76.7241,0.0
908,fever_ip,2021-08-13,Kerala,Kozhikode,Thamarassery,11.2667,75.9333,0.0
909,fever_ip,2021-09-15,Kerala,Kannur,Thalassery,11.75,75.4833,0.0
909,fever_ip,2021-09-23,Kerala,Kozhikode,Vadakara,11.6,75.5833,0.0
910,fever_ip,2021-09-15,Kerala,Ernakulam,North Paravur,10.1333,76.2,0.0003049026348939
910,fever_ip,2021-09-19,Kerala,Ernakulam,North Paravur,10.1333,76.2,5.625497443923093e-05
911,fever_ip,2021-09-16,Kerala,Thiruvananthapuram,Chirayinkeezhu,8.6963,76.8153,0.0
912,fever_ip,2021-09-16,Kerala,Malappuram,Ernad,11.1201,76.1197,0.0
913,fever_ip,2021-09-18,Kerala,Pathanamthitta,Thiruvalla,9.3833,76.5833,0.0
913,fever_ip,2021-09-22,Kerala,Alappuzha,Karthikappally,9.2833,76.4667,6.718665904699176e-06
914,fever_ip,2021-09-18,Kerala,Ernakulam,Muvattupuzha,9.9833,76.5833,0.0
915,fever_ip,2021-09-19,Kerala,Thiruvananthapuram,Thiruvananthapuram,8.4882267,76.947551,0.0
916,fever_ip,2021-09-20,Kerala,Kasaragod,Hosdurg,12.3167,75.1,0.0
917,fever_ip,2021-09-23,Kerala,Palakkad,Alathur,10.6333,76.55,0.0857960447571373
918,fever_ip,2021-10-25,Kerala,Thrissur,Chavakkad,10.5833,76.0167,0.0127986591989863
919,fever_ip,2021-10-25,Kerala,Thrissur,Chalakudy,10.3,76.3333,0.0
920,fever_ip,2021-10-26,Kerala,Wayanad,Mananthavady,11.8,76.0,0.0008950380185459
921,fever_ip,2021-10-27,Kerala,Kannur,Taliparamba,12.0333,75.35,0.000688381773759
922,fever_ip,2021-12-28,Kerala,Kasaragod,Vellarikundu,12.4167,75.2333,0.0
922,fever_ip,2021-12-30,Kerala,Kasaragod,Vellarikundu,12.4167,75.2333,0.0420367370634832
923,fever_ip,2021-12-29,Kerala,Malappuram,Ernad,11.1201,76.1197,0.3397329087575099
924,fever_ip,2021-12-29,Kerala,Thrissur,Chavakkad,10.5833,76.0167,0.0036110342322595
925,fever_ip,2021-12-29,Kerala,Kannur,Payyanur,12.1,75.2,0.0
926,fever_ip,2021-12-29,Kerala,Kollam,Karunagappally,9.0574,76.5334,0.0
927,fever_ip,2021-12-30,Kerala,Alappuzha,Karthikappally,9.2833,76.4667,0.0129994205862533
928,fever_ip,2021-12-30,Kerala,Wayanad,Vythiri,11.6226,76.0813,0.0
929,fever_ip,2021-12-31,Kerala,Thiruvananthapuram,Kattakkada,8.5667,77.1,0.0037248283775652
930,fever_ip,2021-12-31,Kerala,Kottayam,Vaikom,9.75,76.4,0.0
931,fever_ip,2022-03-01,Kerala,Idukki,Idukki,9.8497872,76.9797914,0.0
932,fever_ip,2022-03-01,Kerala,Ernakulam,Aluva,10.1075,76.3516,0.0012169893137643
933,fever_ip,2022-03-01,Kerala,Pathanamthitta,Kozhenchery,9.2780841,76.9737443,0.0
933,fever_ip,2022-03-03,Kerala,Pathanamthitta,Konni,9.2667,76.9333,0.0001209359862845
934,fever_ip,2022-03-01,Kerala,Alappuzha,Kuttanad,9.5833,76.4167,0.0046708933692376
934,fever_ip,2022-03-02,Kerala,Kottayam,Vaikom,9.75,76.4,0.007307609298382
935,fever_ip,2022-03-02,Kerala,Malappuram,Ponnani,10.7667,75.9167,0.0091935798260904
936,fever_ip,2022-03-02,Kerala,Thiruvananthapuram,Kattakkada,8.5667,77.1,0.0
937,fever_ip,2022-03-02,Kerala,Kasaragod,Hosdurg,12.3167,75.1,0.0
938,fever_ip,2022-03-03,Kerala,Malappuram,Tirurangadi,11.0,75.9333,0.0
939,fever_ip,2022-05-06,Kerala,Thiruvananthapuram,Neyyattinkara,8.4004,77.0872,0.0001167439848076
940,fever_ip,2022-05-06,Kerala,Kottayam,Changanassery,9.45,76.5333,0.0
941,fever_ip,2022-05-07,Kerala,Pathanamthitta,Ranni,9.3833,76.9667,0.0
942,fever_ip,2022-07-08,Kerala,Pathanamthitta,Konni,9.2667,76.9333,0.0
943,fever_ip,2022-07-09,Kerala,Alappuzha,Karthikappally,9.2833,76.4667,0.0019239473516849
944,fever_ip,2022-07-09,Kerala,Thrissur,Kunnamkulam,10.65,76.0667,0.0
945,fever_ip,2022-07-10,Kerala,Palakkad,Palakkad,10.78789845,76.47408711,0.0072995710140117
946,fever_ip,2022-07-11,Kerala,Thiruvananthapuram,Neyyattinkara,8.4004,77.0872,0.0035141048565047
947,fever_ip,2022-08-12,Kerala,Ernakulam,Aluva,10.1075,76.3516,0.0
947,fever_ip,2022-08-13,Kerala,Thrissur,Chalakudy,10.3,76.3333,0.0
948,fever_ip,2022-08-13,Kerala,Palakkad,Ottapalam,10.7667,76.3667,0.0
949,fever_ip,2022-08-13,Kerala,Kannur,Payyanur,12.1,75.2,0.0007659279131357
950,fever_ip,2022-08-13,Kerala,Alappuzha,Mavelikkara,9.2667,76.55,0.0001752334309449
950,fever_ip,2022-08-14,Kerala,Alappuzha,Karthikappally,9.2833,76.4667,0.0006969194152137
951,fever_ip,2022-09-15,Kerala,Alappuzha,Cherthala,9.6833,76.3333,0.0
952,fever_ip,2022-09-15,Kerala,Thrissur,Kodungallur,10.2333,76.2,0.0
952,fever_ip,2022-09-18,Kerala,Thrissur,Mukundapuram,10.3333,76.2167,0.0
953,fever_ip,2022-09-16,Kerala,Kasaragod,Manjeshwaram,12.7167,74.8833,0.0001549599794973
953,fever_ip,2022-09-19,Kerala,Kasaragod,Manjeshwaram,12.7167,74.8833,0.0007027482375006
953,fever_ip,2022-09-23,Kerala,Kasaragod,Manjeshwaram,12.7167,74.8833,0.0
954,fever_ip,2022-09-16,Kerala,Kannur,Payyanur,12.1,75.2,0.0123477741428072
955,fever_ip,2022-09-17,Kerala,Thiruvananthapuram,Nedumangad,8.6036,77.0031,0.0
955,fever_ip,2022-09-20,Kerala,Thiruvananthapuram,Chirayinkeezhu,8.6963,76.8153,0.0
956,fever_ip,2022-09-17,Kerala,Alappuzha,Karthikappally,9.2833,76.4667,0.0192673236730733
957,fever_ip,2022-09-18,Kerala,Pathanamthitta,Mallappally,9.3833,76.6833,0.0
958,fever_ip,2022-09-19,Kerala,Kasaragod,Vellarikundu,12.4167,75.2333,0.0
959,fever_ip,2022-09-19,Kerala,Wayanad,Mananthavady,11.8,76.0,0.0019740433838786
960,fever_ip,2022-09-19,Kerala,Wayanad,Sulthan Bathery,11.6667,76.2667,0.0
961,fever_ip,2022-09-20,Kerala,Kannur,Iritty,11.9333,75.7,0.0
962,fever_ip,2022-09-20,Kerala,Palakkad,Ottapalam,10.7667,76.3667,0.0162423376111652
963,fever_ip,2022-09-23,Kerala,Malappuram,Perinthalmanna,10.9667,76.2167,0.0014713878331291
964,fever_ip,2022-10-25,Kerala,Pathanamthitta,Konni,9.2667,76.9333,0.0001776017151284
965,fever_ip,2022-10-26,Kerala,Kasaragod,Nileshwaram,12.25,75.1,0.0018946637851251
966,fever_ip,2022-10-26,Kerala,Thiruvananthapuram,Varkala,8.7379,76.7163,0.0011053065178851
967,fever_ip,2022-10-27,Kerala,Alappuzha,Kuttanad,9.5833,76.4167,0.0
968,fever_ip,2022-10-27,Kerala,Malappuram,Perinthalmanna,10.9667,76.2167,0.0
969,fever_ip,2022-10-27,Kerala,Malappuram,Tirurangadi,11.0,75.9333,2.6160231810474425e-05
970,fever_ip,2022-12-28,Kerala,Kozhikode,Vadakara,11.6,75.5833,0.0253368738844663
970,fever_ip,2022-12-31,Kerala,Kozhikode,Vadakara,11.6,75.5833,0.0
971,fever_ip,2022-12-29,Kerala,Idukki,Thodupuzha,9.8955,76.7241,0.0
972,fever_ip,2022-12-30,Kerala,Thrissur,Kunnamkulam,10.65,76.0667,0.0011187438496945
973,fever_ip,2022-12-31,Kerala,Thiruvananthapuram,Thiruvananthapuram,8.4882267,76.947551,0.0064075964680278
974,fever_ip,2023-03-03,Kerala,Kottayam,Kottayam,9.6287383,76.64553257,0.0002015599771409
975,fever_ip,2023-05-04,Kerala,Kannur,Thalassery,11.75,75.4833,0.0
976,fever_ip,2023-05-04,Kerala,Thrissur,Kunnamkulam,10.65,76.0667,0.0023110118132462
976,fever_ip,2023-05-06,Kerala,Thrissur,Thrissur,10.5256264,76.2132542,0.0
977,fever_ip,2023-05-06,Kerala,Idukki,Thodupuzha,9.8955,76.7241,0.0515898119147148
978,fever_ip,2023-07-07,Kerala,Kottayam,Changanassery,9.45,76.5333,0.0
979,fever_ip,2023-07-08,Kerala,Kannur,Iritty,11.9333,75.7,0.0001270639830794
980,fever_ip,2023-07-10,Kerala,Malappuram,Perinthalmanna,10.9667,76.2167,0.0004434319497101
981,fever_ip,2023-07-15,Kerala,Thrissur,Thrissur,10.5256264,76.2132542,0.0020623717221775
982,fever_ip,2023-08-11,Kerala,Alappuzha,Karthikappally,9.2833,76.4667,0.0
982,fever_ip,2023-08-13,Kerala,Alappuzha,Ambalappuzha,9.5006651,76.41241429,0.0256033923077169
983,fever_ip,2023-08-12,Kerala,Thrissur,Mukundapuram,10.3333,76.2167,0.0098930763673996
983,fever_ip,2023-08-14,Kerala,Ernakulam,North Paravur,10.1333,76.2,0.0
984,fever_ip,2023-08-12,Kerala,Thrissur,Kunnamkulam,10.65,76.0667,4.476893498372597e-05
985,fever_ip,2023-08-26,Kerala,Pathanamthitta,Adoor,9.1667,76.7333,0.0
986,fever_ip,2023-09-02,Kerala,Pathanamthitta,Ranni,9.3833,76.9667,0.0007143319043446
986,fever_ip,2023-09-02,Kerala,Idukki,Peerumade,9.5667,76.9667,0.0027363916310939
987,fever_ip,2023-09-15,Kerala,Palakkad,Mannarkkad,11.0,76.4667,0.0
987,fever_ip,2023-09-19,Kerala,Palakkad,Mannarkkad,11.0,76.4667,0.4136065122736203
988,fever_ip,2023-09-15,Kerala,Malappuram,Nilambur,11.2833,76.2333,0.0
989,fever_ip,2023-09-15,Kerala,Kannur,Iritty,11.9333,75.7,0.0107558336291946
990,fever_ip,2023-09-17,Kerala,Kollam,Punalur,9.0089,76.9269,0.0002663202219251
990,fever_ip,2023-09-18,Kerala,Kollam,Punalur,9.0089,76.9269,0.0
991,fever_ip,2023-09-17,Kerala,Pathanamthitta,Mallappally,9.3833,76.6833,0.0536203296129307
992,fever_ip,2023-09-18,Kerala,Malappuram,Tirur,10.9167,75.9167,0.0
993,fever_ip,2023-09-18,Kerala,Pathanamthitta,Ranni,9.3833,76.9667,0.0004594072537169
994,fever_ip,2023-09-21,Kerala,Alappuzha,Kuttanad,9.5833,76.4167,0.0001612479817127
995,fever_ip,2023-09-22,Kerala,Ernakulam,North Paravur,10.1333,76.2,0.0019474626484167
995,fever_ip,2023-09-23,Kerala,Ernakulam,Kanayannur,9.98408,76.2741457,0.0
996,fever_ip,2023-09-22,Kerala,Malappuram,Perinthalmanna,10.9667,76.2167,0.0813513420164769
997,fever_ip,2023-10-26,Kerala,Thiruvananthapuram,Varkala,8.7379,76.7163,0.0
997,fever_ip,2023-10-27,Kerala,Kollam,Kollam,8.8879509,76.5955013,0.0
997,fever_ip,2023-10-28,Kerala,Kollam,Kunnathoor,9.0292,76.627,0.0
998,fever_ip,2023-10-26,Kerala,Ernakulam,Muvattupuzha,9.9833,76.5833,0.0018368864152775
999,fever_ip,2023-10-27,Kerala,Idukki,Udumbanchola,9.8333,77.1333,0.0
1000,fever_ip,2023-10-28,Kerala,Thrissur,Talappilly,10.6667,76.25,0.0
1001,fever_ip,2023-12-29,Kerala,Pathanamthitta,Adoor,9.1667,76.7333,0.0
1002,fever_ip,2023-12-29,Kerala,Malappuram,Ernad,11.1201,76.1197,0.0
1003,fever_ip,2023-12-29,Kerala,Malappuram,Tirur,10.9167,75.9167,0.0
1003,fever_ip,2023-12-30,Kerala,Malappuram,Tirur,10.9167,75.9167,3.2249596342556054e-05
1004,fever_ip,2023-12-29,Kerala,Palakkad,Mannarkkad,11.0,76.4667,0.0
1005,fever_ip,2023-12-30,Kerala,Thiruvananthapuram,Varkala,8.7379,76.7163,0.0017127181523777
1006,fever_ip,2023-12-30,Kerala,Kozhikode,Vadakara,11.6,75.5833,0.0
1007,fever_ip,2023-12-31,Kerala,Idukki,Udumbanchola,9.8333,77.1333,0.0
1008,fever_ip,2024-03-01,Kerala,Ernakulam,Kanayannur,9.98408,76.2741457,0.0013534316347289
1009,fever_ip,2024-03-16,Kerala,Ernakulam,North Paravur,10.1333,76.2,1.7180361155471816e-05
1010,fever_ip,2024-05-04,Kerala,Wayanad,Vythiri,11.6226,76.0813,0.0
1011,fever_ip,2024-05-07,Kerala,Kannur,Thalassery,11.75,75.4833,2.3035425958968614e-05
1012,fever_ip,2024-05-07,Kerala,Malappuram,Nilambur,11.2833,76.2333,0.0030993122614192
1012,fever_ip,2024-05-07,Kerala,Malappuram,Nilambur,11.2833,76.2333,0.0
1013,fever_ip,2024-07-07,Kerala,Kollam,Kunnathoor,9.0292,76.627,0.0001612479817127
1013,fever_ip,2024-07-10,Kerala,Kollam,Kunnathoor,9.0292,76.627,0.0049583754376679
1014,fever_ip,2024-07-09,Kerala,Malappuram,Tirurangadi,11.0,75.9333,0.0001612479817127
1015,fever_ip,2024-07-10,Kerala,Kozhikode,Kozhikode,11.2450558,75.7754716,0.0
1016,fever_ip,2024-08-12,Kerala,Malappuram,Perinthalmanna,10.9667,76.2167,0.0
1017,fever_ip,2024-08-14,Kerala,Pathanamthitta,Ranni,9.3833,76.9667,0.0
1018,fever_ip,2024-09-15,Kerala,Pathanamthitta,Adoor,9.1667,76.7333,0.0862807740518308
1019,fever_ip,2024-09-17,Kerala,Kannur,Iritty,11.9333,75.7,0.0053614953919499
1020,fever_ip,2024-09-17,Kerala,Thiruvananthapuram,Kattakkada,8.5667,77.1,0.0
1020,fever_ip,2024-09-19,Kerala,Thiruvananthapuram,Nedumangad,8.6036,77.0031,0.0012023329647035
1020,fever_ip,2024-09-22,Kerala,Thiruvananthapuram,Kattakkada,8.5667,77.1,0.0
1021,fever_op,2020-04-01,Kerala,Kottayam,Vaikom,9.75,76.4,0.0
1022,fever_op,2020-04-01,Kerala,Kottayam,Kottayam,9.6287383,76.64553257,0.0
1023,fever_op,2020-04-01,Kerala,Thiruvananthapuram,Chirayinkeezhu,8.6963,76.8153,0.0
1024,fever_op,2020-04-01,Kerala,Alappuzha,Ambalappuzha,9.5006651,76.41241429,0.0
1025,fever_op,2020-04-02,Kerala,Pathanamthitta,Kozhenchery,9.2780841,76.9737443,0.0
1026,fever_op,2020-04-02,Kerala,Pathanamthitta,Mallappally,9.3833,76.6833,0.0
1027,fever_op,2020-04-03,Kerala,Kollam,Kunnathoor,9.0292,76.627,0.0
1028,fever_op,2020-04-03,Kerala,Kannur,Iritty,11.9333,75.7,0.0
1029,fever_op,2020-04-04,Kerala,Palakkad,Chittur,10.7,76.75,0.0
1030,fever_op,2020-04-05,Kerala,Thrissur,Chalakudy,10.3,76.3333,0.0
1031,fever_op,2020-04-05,Kerala,Kozhikode,Thamarassery,11.2667,75.9333,0.0
1032,fever_op,2020-04-05,Kerala,Idukki,Peerumade,9.5667,76.9667,0.0
1033,fever_op,2020-05-06,Kerala,Palakkad,Pattambi,10.8,76.2,0.0
1033,fever_op,2020-05-08,Kerala,Palakkad,Pattambi,10.8,76.2,0.051535433036645
1034,fever_op,2020-05-07,Kerala,Kollam,Kottarakkara,9.0002,76.7788,0.0
1035,fever_op,2020-05-07,Kerala,Kottayam,Kanjirappally,9.5667,76.7833,0.0
1035,fever_op,2020-05-09,Kerala,Kottayam,Meenachil,9.7167,76.6833,0.0
1036,fever_op,2020-05-07,Kerala,Kozhikode,Thamarassery,11.2667,75.9333,0.0
1037,fever_op,2020-05-08,Kerala,Thiruvananthapuram,Nedumangad,8.6036,77.0031,0.0
1038,fever_op,2020-05-09,Kerala,Alappuzha,Chenganoor,9.3167,76.6167,0.0
1039,fever_op,2020-07-09,Kerala,Palakkad,Mannarkkad,11.0,76.4667,0.0
1040,fever_op,2020-07-10,Kerala,Palakkad,Chittur,10.7,76.75,0.0
1041,fever_op,2020-07-10,Kerala,Kottayam,Changanassery,9.45,76.5333,0.0
1041,fever_op,2020-07-10,Kerala,Alappuzha,Ambalappuzha,9.5006651,76.41241429,0.5072484850532498
1042,fever_op,2020-07-11,Kerala,Malappuram,Kondotty,11.15,75.9667,0.0
1043,fever_op,2020-07-11,Kerala,Kannur,Taliparamba,12.0333,75.35,0.0
1043,fever_op,2020-07-11,Kerala,Kannur,Kannur,11.8763836,75.3737973,0.0
1043,fever_op,2020-07-11,Kerala,Kannur,Thalassery,11.75,75.4833,0.0
1044,fever_op,2020-08-12,Kerala,Thiruvananthapuram,Nedumangad,8.6036,77.0031,0.0
1045,fever_op,2020-08-14,Kerala,Idukki,Devikulam,10.0667,77.1,0.0
1046,fever_op,2020-08-14,Kerala,Kottayam,Meenachil,9.7167,76.6833,0.0
1047,fever_op,2020-08-14,Kerala,Ernakulam,Aluva,10.1075,76.3516,0.0
1048,fever_op,2020-09-15,Kerala,Thiruvananthapuram,Chirayinkeezhu,8.6963,76.8153,0.0005781305887357
1049,fever_op,2020-10-18,Kerala,Kozhikode,Koyilandy,11.4333,75.7,0.0
1050,fever_op,2020-10-18,Kerala,Pathanamthitta,Konni,9.2667,76.9333,0.0
1050,fever_op,2020-10-19,Kerala,Pathanamthitta,Konni,9.2667,76.9333,0.0009674878902766
1051,fever_op,2020-10-18,Kerala,Idukki,Thodupuzha,9.8955,76.7241,0.0
1051,fever_op,2020-10-24,Kerala,Idukki,Thodupuzha,9.8955,76.7241,0.0010406350597242
1052,fever_op,2020-10-18,Kerala,Kannur,Taliparamba,12.0333,75.35,0.8408737220146316
1052,fever_op,2020-10-22,Kerala,Kannur,Payyanur,12.1,75.2,0.0
1053,fever_op,2020-10-19,Kerala,Palakkad,Palakkad,10.78789845,76.47408711,0.0
1053,fever_op,2020-10-19,Kerala,Palakkad,Ottapalam,10.7667,76.3667,0.0
1053,fever_op,2020-10-19,Kerala,Palakkad,Mannarkkad,11.0,76.4667,0.0
1053,fever_op,2020-10-24,Kerala,Palakkad,Palakkad,10.78789845,76.47408711,0.0
1054,fever_op,2020-10-20,Kerala,Thrissur,Chalakudy,10.3,76.3333,0.0197216933357885
1055,fever_op,2020-10-20,Kerala,Pathanamthitta,Thiruvalla,9.3833,76.5833,0.0
1055,fever_op,2020-10-21,Kerala,Pathanamthitta,Mallappally,9.3833,76.6833,0.0
1055,fever_op,2020-10-25,Kerala,Kottayam,Kanjirappally,9.5667,76.7833,0.0
1056,fever_op,2020-10-21,Kerala,Kasaragod,Vellarikundu,12.4167,75.2333,0.0
1056,fever_op,2020-10-24,Kerala,Kasaragod,Vellarikundu,12.4167,75.2333,0.0
1057,fever_op,2020-10-23,Kerala,Thiruvananthapuram,Varkala,8.7379,76.7163,0.0
1058,fever_op,2020-10-23,Kerala,Kottayam,Vaikom,9.75,76.4,7.085546782069631e-05
1059,fever_op,2020-10-25,Kerala,Ernakulam,Kunnathunad,10.1167,76.4833,0.0
1060,fever_op,2020-10-25,Kerala,Kozhikode,Thamarassery,11.2667,75.9333,0.0
1061,fever_op,2020-10-26,Kerala,Thiruvananthapuram,Kattakkada,8.5667,77.1,0.0
1062,fever_op,2020-11-25,Kerala,Thiruvananthapuram,Chirayinkeezhu,8.6963,76.8153,0.0037953542708512
1063,fever_op,2020-11-25,Kerala,Kozhikode,Kozhikode,11.2450558,75.7754716,0.0
1064,fever_op,2020-11-25,Kerala,Kannur,Taliparamba,12.0333,75.35,0.0
1065,fever_op,2020-11-26,Kerala,Kollam,Kunnathoor,9.0292,76.627,0.0
1066,fever_op,2020-11-28,Kerala,Kottayam,Vaikom,9.75,76.4,0.0
1067,fever_op,2020-12-29,Kerala,Kannur,Taliparamba,12.0333,75.35,0.0002418719725691
1067,fever_op,2020-12-31,Kerala,Kannur,Kannur,11.8763836,75.3737973,0.1400663760722669
1068,fever_op,2020-12-30,Kerala,Malappuram,Tirur,10.9167,75.9167,0.0
1069,fever_op,2020-12-30,Kerala,Kozhikode,Koyilandy,11.4333,75.7,0.0005892490634792
1070,fever_op,2020-12-30,Kerala,Palakkad,Alathur,10.6333,76.55,0.0
1071,fever_op,2020-12-30,Kerala,Ernakulam,Kanayannur,9.98408,76.2741457,0.0
1072,fever_op,2021-04-01,Kerala,Ernakulam,Kothamangalam,10.0667,76.6333,0.0
1072,fever_op,2021-04-01,Kerala,Ernakulam,Muvattupuzha,9.9833,76.5833,0.0
1073,fever_op,2021-04-02,Kerala,Alappuzha,Kuttanad,9.5833,76.4167,0.0
1074,fever_op,2021-04-02,Kerala,Kannur,Taliparamba,12.0333,75.35,0.0003090586316161
1074,fever_op,2021-04-04,Kerala,Kannur,Payyanur,12.1,75.2,0.0042372954276858
1075,fever_op,2021-04-02,Kerala,Malappuram,Tirurangadi,11.0,75.9333,0.0
1075,fever_op,2021-04-03,Kerala,Malappuram,Ernad,11.1201,76.1197,0.0
1076,fever_op,2021-04-02,Kerala,Palakkad,Pattambi,10.8,76.2,0.0053527523311092
1076,fever_op,2021-04-04,Kerala,Palakkad,Pattambi,10.8,76.2,0.0
1077,fever_op,2021-04-03,Kerala,Thiruvananthapuram,Varkala,8.7379,76.7163,0.0015231557950443
1078,fever_op,2021-04-03,Kerala,Idukki,Udumbanchola,9.8333,77.1333,0.0
1078,fever_op,2021-04-03,Kerala,Idukki,Idukki,9.8497872,76.9797914,0.0
1079,fever_op,2021-04-03,Kerala,Kasaragod,Hosdurg,12.3167,75.1,0.0
1080,fever_op,2021-04-04,Kerala,Pathanamthitta,Mallappally,9.3833,76.6833,0.0
1080,fever_op,2021-04-04,Kerala,Alappuzha,Mavelikkara,9.2667,76.55,0.0
1081,fever_op,2021-04-04,Kerala,Kannur,Iritty,11.9333,75.7,0.0006559599119408
1082,fever_op,2021-04-04,Kerala,Thrissur,Mukundapuram,10.3333,76.2167,0.0
1083,fever_op,2021-05-06,Kerala,Malappuram,Tirur,10.9167,75.9167,7.076132384399465e-05
1084,fever_op,2021-05-07,Kerala,Idukki,Idukki,9.8497872,76.9797914,0.9999999983333334
1085,fever_op,2021-05-07,Kerala,Thrissur,Kunnamkulam,10.65,76.0667,0.0
1086,fever_op,2021-07-09,Kerala,Kollam,Kunnathoor,9.0292,76.627,0.0046486973157634
1087,fever_op,2021-07-09,Kerala,Pathanamthitta,Ranni,9.3833,76.9667,0.0
1088,fever_op,2021-07-09,Kerala,Thiruvananthapuram,Chirayinkeezhu,8.6963,76.8153,0.0010642836536861
1089,fever_op,2021-07-10,Kerala,Kollam,Punalur,9.0089,76.9269,0.0
1090,fever_op,2021-07-10,Kerala,Thiruvananthapuram,Thiruvananthapuram,8.4882267,76.947551,0.0
1091,fever_op,2021-07-11,Kerala,Thrissur,Mukundapuram,10.3333,76.2167,0.8169329072230823
1092,fever_op,2021-07-12,Kerala,Ernakulam,Kanayannur,9.98408,76.2741457,0.0
1093,fever_op,2021-08-13,Kerala,Alappuzha,Ambalappuzha,9.5006651,76.41241429,0.0
1094,fever_op,2021-08-13,Kerala,Kozhikode,Thamarassery,11.2667,75.9333,0.0
1094,fever_op,2021-08-14,Kerala,Kozhikode,Thamarassery,11.2667,75.9333,0.0008062399085639
1095,fever_op,2021-08-14,Kerala,Alappuzha,Chenganoor,9.3167,76.6167,0.0
1096,fever_op,2021-09-14,Kerala,Pathanamthitta,Mallappally,9.3833,76.6833,0.0009943625538954
1097,fever_op,2021-09-15,Kerala,Malappuram,Tirurangadi,11.0,75.9333,0.0
1098,fever_op,2021-09-15,Kerala,Kottayam,Vaikom,9.75,76.4,0.0
1099,fever_op,2021-09-16,Kerala,Thrissur,Chavakkad,10.5833,76.0167,0.0
1100,fever_op,2021-10-17,Kerala,Idukki,Thodupuzha,9.8955,76.7241,0.0032616721864483
1100,fever_op,2021-10-23,Kerala,Ernakulam,Kothamangalam,10.0667,76.6333,0.1388346023815952
1101,fever_op,2021-10-18,Kerala,Kasaragod,Vellarikundu,12.4167,75.2333,0.0
1102,fever_op,2021-10-18,Kerala,Kottayam,Kottayam,9.6287383,76.64553257,4.031199542819508e-05
1103,fever_op,2021-10-18,Kerala,Thrissur,Thrissur,10.5256264,76.2132542,0.0
1103,fever_op,2021-10-20,Kerala,Thrissur,Mukundapuram,10.3333,76.2167,0.0
1104,fever_op,2021-10-20,Kerala,Kozhikode,Vadakara,11.6,75.5833,0.0
1105,fever_op,2021-10-21,Kerala,Kollam,Karunagappally,9.0574,76.5334,0.0
1106,fever_op,2021-10-22,Kerala,Kannur,Kannur,11.8763836,75.3737973,0.0
1106,fever_op,2021-10-24,Kerala,Kannur,Taliparamba,12.0333,75.35,0.0
1107,fever_op,2021-10-22,Kerala,Malappuram,Tirur,10.9167,75.9167,0.0
1108,fever_op,2021-10-23,Kerala,Pathanamthitta,Ranni,9.3833,76.9667,0.0784760733955889
1109,fever_op,2021-10-23,Kerala,Pathanamthitta,Mallappally,9.3833,76.6833,0.0
1110,fever_op,2021-10-25,Kerala,Malappuram,Ernad,11.1201,76.1197,0.0
1111,fever_op,2021-11-26,Kerala,Kasaragod,Hosdurg,12.3167,75.1,0.0008155425566044
1112,fever_op,2021-11-27,Kerala,Palakkad,Palakkad,10.78789845,76.47408711,0.0
1113,fever_op,2021-11-27,Kerala,Thiruvananthapuram,Neyyattinkara,8.4004,77.0872,0.0
1114,fever_op,2021-12-29,Kerala,Palakkad,Alathur,10.6333,76.55,0.0
1115,fever_op,2021-12-29,Kerala,Alappuzha,Cherthala,9.6833,76.3333,0.0
1116,fever_op,2021-12-30,Kerala,Thrissur,Mukundapuram,10.3333,76.2167,0.0
1117,fever_op,2021-12-30,Kerala,Palakkad,Mannarkkad,11.0,76.4667,0.2587481242149704
1118,fever_op,2021-12-31,Kerala,Thrissur,Talappilly,10.6667,76.25,0.0
1119,fever_op,2021-12-31,Kerala,Ernakulam,Kunnathunad,10.1167,76.4833,0.0006267739157389
1120,fever_op,2021-12-31,Kerala,Pathanamthitta,Ranni,9.3833,76.9667,0.0002493755884847
1121,fever_op,2022-04-01,Kerala,Kottayam,Kottayam,9.6287383,76.64553257,0.0064366859438711
1122,fever_op,2022-04-01,Kerala,Malappuram,Ernad,11.1201,76.1197,0.0
1122,fever_op,2022-04-06,Kerala,Malappuram,Kondotty,11.15,75.9667,0.000160332188952
1123,fever_op,2022-04-04,Kerala,Pathanamthitta,Ranni,9.3833,76.9667,0.0
1124,fever_op,2022-04-04,Kerala,Alappuzha,Chenganoor,9.3167,76.6167,0.0004837439451383
1125,fever_op,2022-04-05,Kerala,Kottayam,Vaikom,9.75,76.4,0.0
1126,fever_op,2022-04-05,Kerala,Kasaragod,Hosdurg,12.3167,75.1,0.0
1127,fever_op,2022-04-05,Kerala,Wayanad,Sulthan Bathery,11.6667,76.2667,0.0
1128,fever_op,2022-04-05,Kerala,Ernakulam,North Paravur,10.1333,76.2,0.0
1128,fever_op,2022-04-06,Kerala,Ernakulam,Aluva,10.1075,76.3516,0.0002964826271853
1128,fever_op,2022-04-06,Kerala,Thrissur,Mukundapuram,10.3333,76.2167,0.0004031199542819
1129,fever_op,2022-05-07,Kerala,Wayanad,Sulthan Bathery,11.6667,76.2667,0.0
1130,fever_op,2022-05-07,Kerala,Thrissur,Talappilly,10.6667,76.25,0.0
1131,fever_op,2022-05-08,Kerala,Ernakulam,Aluva,10.1075,76.3516,0.1328521260302144
1132,fever_op,2022-05-09,Kerala,Pathanamthitta,Ranni,9.3833,76.9667,0.0
1133,fever_op,2022-07-11,Kerala,Kasaragod,Kasaragod,12.5035577,74.9907022,0.0
1134,fever_op,2022-08-12,Kerala,Kottayam,Vaikom,9.75,76.4,0.0
1135,fever_op,2022-08-13,Kerala,Malappuram,Tirurangadi,11.0,75.9333,0.3215262994092776
1136,fever_op,2022-08-13,Kerala,Thiruvananthapuram,Thiruvananthapuram,8.4882267,76.947551,0.0002030874393392
1137,fever_op,2022-08-13,Kerala,Thrissur,Kunnamkulam,10.65,76.0667,9.674878902766816e-05
1138,fever_op,2022-08-13,Kerala,Thrissur,Kodungallur,10.2333,76.2,0.0
1139,fever_op,2022-08-14,Kerala,Malappuram,Nilambur,11.2833,76.2333,0.0
1140,fever_op,2022-08-15,Kerala,Kollam,Punalur,9.0089,76.9269,0.0
1141,fever_op,2022-09-14,Kerala,Wayanad,Mananthavady,11.8,76.0,0.0
1142,fever_op,2022-09-15,Kerala,Alappuzha,Ambalappuzha,9.5006651,76.41241429,0.0055899300327097
1143,fever_op,2022-09-15,Kerala,Thiruvananthapuram,Neyyattinkara,8.4004,77.0872,0.0131383422957848
1144,fever_op,2022-09-16,Kerala,Kollam,Kunnathoor,9.0292,76.627,0.012186154047359
1145,fever_op,2022-09-16,Kerala,Palakkad,Pattambi,10.8,76.2,0.0059424763991313
1146,fever_op,2022-10-18,Kerala,Malappuram,Tirur,10.9167,75.9167,0.0001074986544751
1147,fever_op,2022-10-18,Kerala,Wayanad,Mananthavady,11.8,76.0,0.6528782017215461
1147,fever_op,2022-10-22,Kerala,Wayanad,Vythiri,11.6226,76.0813,0.0
1148,fever_op,2022-10-19,Kerala,Kannur,Thalassery,11.75,75.4833,0.0
1149,fever_op,2022-10-19,Kerala,Pathanamthitta,Adoor,9.1667,76.7333,0.0
1149,fever_op,2022-10-19,Kerala,Kollam,Kunnathoor,9.0292,76.627,0.0053359374334582
1149,fever_op,2022-10-24,Kerala,Kollam,Pathanapuram,9.1,76.87,0.0
1149,fever_op,2022-10-24,Kerala,Kollam,Punalur,9.0089,76.9269,0.0
1150,fever_op,2022-10-21,Kerala,Alappuzha,Karthikappally,9.2833,76.4667,0.0
1151,fever_op,2022-10-21,Kerala,Ernakulam,Muvattupuzha,9.9833,76.5833,0.0
1151,fever_op,2022-10-23,Kerala,Ernakulam,Muvattupuzha,9.9833,76.5833,0.0
1151,fever_op,2022-10-25,Kerala,Ernakulam,Kothamangalam,10.0667,76.6333,0.0
1152,fever_op,2022-10-22,Kerala,Kannur,Iritty,11.9333,75.7,0.00189789317865
1153,fever_op,2022-10-22,Kerala,Thiruvananthapuram,Varkala,8.7379,76.7163,0.0004235515147294
1154,fever_op,2022-10-23,Kerala,Ernakulam,Kanayannur,9.98408,76.2741457,0.0
1154,fever_op,2022-10-24,Kerala,Ernakulam,North Paravur,10.1333,76.2,0.0
1155,fever_op,2022-10-24,Kerala,Kasaragod,Kasaragod,12.5035577,74.9907022,0.0001482413135926
1155,fever_op,2022-10-25,Kerala,Kasaragod,Hosdurg,12.3167,75.1,2.239555301566393e-05
1156,fever_op,2022-11-25,Kerala,Kasaragod,Vellarikundu,12.4167,75.2333,0.0004837439451383
1157,fever_op,2022-11-26,Kerala,Pathanamthitta,Kozhenchery,9.2780841,76.9737443,0.0
1158,fever_op,2022-11-28,Kerala,Idukki,Udumbanchola,9.8333,77.1333,0.0
1159,fever_op,2022-12-29,Kerala,Malappuram,Nilambur,11.2833,76.2333,0.0
1160,fever_op,2022-12-29,Kerala,Thrissur,Chavakkad,10.5833,76.0167,0.0
1161,fever_op,2022-12-30,Kerala,Thiruvananthapuram,Varkala,8.7379,76.7163,0.0001873369664681
1162,fever_op,2022-12-30,Kerala,Thrissur,Kodungallur,10.2333,76.2,0.0
1163,fever_op,2022-12-31,Kerala,Kannur,Iritty,11.9333,75.7,0.0026185840772134
1164,fever_op,2022-12-31,Kerala,Idukki,Devikulam,10.0667,77.1,0.0020039997297737
1165,fever_op,2023-04-01,Kerala,Ernakulam,Kochi,9.9312,76.2673,0.0
1165,fever_op,2023-04-01,Kerala,Ernakulam,Kochi,9.9312,76.2673,0.0
1166,fever_op,2023-04-01,Kerala,Malappuram,Nilambur,11.2833,76.2333,0.0526656389353124
1167,fever_op,2023-04-01,Kerala,Kasaragod,Hosdurg,12.3167,75.1,0.0056391811142098
1168,fever_op,2023-04-02,Kerala,Pathanamthitta,Thiruvalla,9.3833,76.5833,0.0
1168,fever_op,2023-04-02,Kerala,Alappuzha,Cherthala,9.6833,76.3333,0.0002524276024111
1168,fever_op,2023-04-05,Kerala,Alappuzha,Ambalappuzha,9.5006651,76.41241429,0.0
1169,fever_op,2023-04-03,Kerala,Palakkad,Mannarkkad,11.0,76.4667,0.0006046799314229
1169,fever_op,2023-04-03,Kerala,Palakkad,Mannarkkad,11.0,76.4667,0.0
1170,fever_op,2023-04-03,Kerala,Thrissur,Kunnamkulam,10.65,76.0667,3.664726857108642e-05
1171,fever_op,2023-04-04,Kerala,Kollam,Kollam,8.8879509,76.5955013,0.0
1172,fever_op,2023-04-05,Kerala,Ernakulam,Kunnathunad,10.1167,76.4833,0.1770726000238055
1173,fever_op,2023-04-06,Kerala,Pathanamthitta,Kozhenchery,9.2780841,76.9737443,0.0212436013734922
1174,fever_op,2023-05-07,Kerala,Kottayam,Meenachil,9.7167,76.6833,0.0
1175,fever_op,2023-05-08,Kerala,Thrissur,Chalakudy,10.3,76.3333,0.0
1176,fever_op,2023-05-09,Kerala,Wayanad,Mananthavady,11.8,76.0,0.0
1177,fever_op,2023-05-09,Kerala,Alappuzha,Ambalappuzha,9.5006651,76.41241429,0.0
1178,fever_op,2023-07-10,Kerala,Kannur,Payyanur,12.1,75.2,0.0029433852157044
1179,fever_op,2023-07-11,Kerala,Thrissur,Chavakkad,10.5833,76.0167,0.0095563681876165
1180,fever_op,2023-07-12,Kerala,Thiruvananthapuram,Kattakkada,8.5667,77.1,0.0
1181,fever_op,2023-08-12,Kerala,Thiruvananthapuram,Thiruvananthapuram,8.4882267,76.947551,0.5046131521265224
1182,fever_op,2023-08-13,Kerala,Thrissur,Talappilly,10.6667,76.25,0.9999999983333334
1182,fever_op,2023-08-13,Kerala,Palakkad,Ottapalam,10.7667,76.3667,0.0
1183,fever_op,2023-09-14,Kerala,Kollam,Punalur,9.0089,76.9269,0.0001881226453315
1184,fever_op,2023-09-14,Kerala,Malappuram,Kondotty,11.15,75.9667,0.0017931624716307
1184,fever_op,2023-09-17,Kerala,Kozhikode,Kozhikode,11.2450558,75.7754716,0.0
1185,fever_op,2023-09-15,Kerala,Pathanamthitta,Thiruvalla,9.3833,76.5833,0.0
1186,fever_op,2023-09-15,Kerala,Kannur,Thalassery,11.75,75.4833,8.062399085639016e-05
1187,fever_op,2023-09-15,Kerala,Idukki,Devikulam,10.0667,77.1,0.0136901649069348
1188,fever_op,2023-09-16,Kerala,Kannur,Iritty,11.9333,75.7,0.0196530949827449
1189,fever_op,2023-09-17,Kerala,Ernakulam,Kunnathunad,10.1167,76.4833,0.0
1190,fever_op,2023-10-14,Kerala,Idukki,Peerumade,9.5667,76.9667,0.0
1190,fever_op,2023-10-26,Kerala,Kottayam,Kanjirappally,9.5667,76.7833,0.1733486020812107
1191,fever_op,2023-10-18,Kerala,Kasaragod,Vellarikundu,12.4167,75.2333,0.0014847303408576
1191,fever_op,2023-10-21,Kerala,Kasaragod,Hosdurg,12.3167,75.1,0.0
1192,fever_op,2023-10-18,Kerala,Ernakulam,Kanayannur,9.98408,76.2741457,0.0018508368277192
1192,fever_op,2023-10-21,Kerala,Ernakulam,Kanayannur,9.98408,76.2741457,0.4185685519008553
1193,fever_op,2023-10-19,Kerala,Alappuzha,Ambalappuzha,9.5006651,76.41241429,0.0002418719725691
1194,fever_op,2023-10-21,Kerala,Thiruvananthapuram,Nedumangad,8.6036,77.0031,0.0
1194,fever_op,2023-10-21,Kerala,Thiruvananthapuram,Nedumangad,8.6036,77.0031,0.0010660960808761
1195,fever_op,2023-10-21,Kerala,Idukki,Devikulam,10.0667,77.1,0.0003069596398313
1196,fever_op,2023-10-23,Kerala,Idukki,Thodupuzha,9.8955,76.7241,4.845079582473021e-05
1197,fever_op,2023-10-23,Kerala,Palakkad,Pattambi,10.8,76.2,0.0
1198,fever_op,2023-10-24,Kerala,Alappuzha,Chenganoor,9.3167,76.6167,0.0
1199,fever_op,2023-10-25,Kerala,Thrissur,Thrissur,10.5256264,76.2132542,0.0136394631854302
1200,fever_op,2023-11-04,Kerala,Wayanad,Sulthan Bathery,11.6667,76.2667,0.0002149973089503
1201,fever_op,2023-11-28,Kerala,Idukki,Devikulam,10.0667,77.1,0.0
1202,fever_op,2023-12-29,Kerala,Kottayam,Kanjirappally,9.5667,76.7833,0.0
1203,fever_op,2023-12-29,Kerala,Alappuzha,Mavelikkara,9.2667,76.55,0.0
1204,fever_op,2023-12-29,Kerala,Ernakulam,Aluva,10.1075,76.3516,0.0003871313918108
1205,fever_op,2023-12-31,Kerala,Kozhikode,Koyilandy,11.4333,75.7,0.0053421645032249
1206,fever_op,2023-12-31,Kerala,Wayanad,Sulthan Bathery,11.6667,76.2667,0.0178351861404756
1207,fever_op,2024-04-01,Kerala,Thiruvananthapuram,Thiruvananthapuram,8.4882267,76.947551,0.0
1208,fever_op,2024-04-01,Kerala,Idukki,Udumbanchola,9.8333,77.1333,0.2088295687916926
1209,fever_op,2024-04-01,Kerala,Kollam,Kollam,8.8879509,76.5955013,0.0
1210,fever_op,2024-04-04,Kerala,Thrissur,Mukundapuram,10.3333,76.2167,0.0290710132104933
1211,fever_op,2024-04-06,Kerala,Kozhikode,Thamarassery,11.2667,75.9333,0.000846551903992
1212,fever_op,2024-04-06,Kerala,Kasaragod,Hosdurg,12.3167,75.1,0.0014109198399868
1213,fever_op,2024-04-13,Kerala,Pathanamthitta,Kozhenchery,9.2780841,76.9737443,0.0
1214,fever_op,2024-05-09,Kerala,Idukki,Devikulam,10.0667,77.1,0.0014351070372437
1215,fever_op,2024-07-10,Kerala,Thrissur,Kodungallur,10.2333,76.2,0.0070758128929169
1216,fever_op,2024-07-11,Kerala,Idukki,Devikulam,10.0667,77.1,0.0060394130375045
1217,fever_op,2024-08-13,Kerala,Kozhikode,Thamarassery,11.2667,75.9333,0.0
1218,fever_op,2024-08-13,Kerala,Pathanamthitta,Kozhenchery,9.2780841,76.9737443,0.0
1219,fever_op,2024-09-16,Kerala,Kottayam,Meenachil,9.7167,76.6833,0.0021841772068367
1220,fever_op,2024-09-16,Kerala,Pathanamthitta,Konni,9.2667,76.9333,0.0
1221,fever_op,2024-09-17,Kerala,Kottayam,Changanassery,9.45,76.5333,3.5832884825062285e-05
1222,fever_op,2024-10-18,Kerala,Malappuram,Nilambur,11.2833,76.2333,0.0005022686128168
1223,fever_op,2024-10-19,Kerala,Kollam,Kollam,8.8879509,76.5955013,0.0
1224,fever_op,2024-10-19,Kerala,Idukki,Idukki,9.8497872,76.9797914,0.0
1225,fever_op,2024-10-21,Kerala,Palakkad,Ottapalam,10.7667,76.3667,0.0002821839679973
1226,fever_op,2024-10-25,Kerala,Thrissur,Thrissur,10.5256264,76.2132542,0.0
1227,fever_op,2024-11-25,Kerala,Malappuram,Nilambur,11.2833,76.2333,0.0
1228,food_poisoning,2022-04-01,Kerala,Idukki,Peerumade,9.5667,76.9667,0.0
1229,food_poisoning,2022-04-02,Kerala,Malappuram,Ponnani,10.7667,75.9167,0.0
1230,food_poisoning,2022-04-02,Kerala,Kozhikode,Koyilandy,11.4333,75.7,0.0
1230,food_poisoning,2022-04-02,Kerala,Kozhikode,Kozhikode,11.2450558,75.7754716,0.0
1231,food_poisoning,2022-04-02,Kerala,Thrissur,Mukundapuram,10.3333,76.2167,0.0
1232,food_poisoning,2022-04-03,Kerala,Ernakulam,Kothamangalam,10.0667,76.6333,0.0
1232,food_poisoning,2022-04-04,Kerala,Ernakulam,Muvattupuzha,9.9833,76.5833,0.0
1233,food_poisoning,2022-04-05,Kerala,Kasaragod,Kasaragod,12.5035577,74.9907022,0.0
1234,food_poisoning,2022-04-05,Kerala,Wayanad,Mananthavady,11.8,76.0,0.0
1235,food_poisoning,2022-09-08,Kerala,Malappuram,Perinthalmanna,10.9667,76.2167,0.0
1236,food_poisoning,2022-09-08,Kerala,Pathanamthitta,Adoor,9.1667,76.7333,0.0
1236,food_poisoning,2022-09-10,Kerala,Pathanamthitta,Adoor,9.1667,76.7333,0.0012735989583653
1236,food_poisoning,2022-09-14,Kerala,Alappuzha,Chenganoor,9.3167,76.6167,0.0
1236,food_poisoning,2022-09-14,Kerala,Alappuzha,Karthikappally,9.2833,76.4667,0.0
1236,food_poisoning,2022-09-21,Kerala,Alappuzha,Chenganoor,9.3167,76.6167,0.0005795279225613
1237,food_poisoning,2022-09-10,Kerala,Malappuram,Kondotty,11.15,75.9667,0.0
1238,food_poisoning,2022-09-10,Kerala,Ernakulam,Kochi,9.9312,76.2673,0.0
1239,food_poisoning,2022-09-11,Kerala,Thiruvananthapuram,Kattakkada,8.5667,77.1,0.0
1239,food_poisoning,2022-09-15,Kerala,Thiruvananthapuram,Nedumangad,8.6036,77.0031,0.0
1240,food_poisoning,2022-09-11,Kerala,Kasaragod,Hosdurg,12.3167,75.1,0.0
1241,food_poisoning,2022-09-12,Kerala,Ernakulam,Kunnathunad,10.1167,76.4833,0.0
1242,food_poisoning,2022-09-12,Kerala,Palakkad,Ottapalam,10.7667,76.3667,0.0
1242,food_poisoning,2022-09-14,Kerala,Palakkad,Chittur,10.7,76.75,0.0
1242,food_poisoning,2022-09-18,Kerala,Palakkad,Alathur,10.6333,76.55,0.0
1242,food_poisoning,2022-09-20,Kerala,Palakkad,Chittur,10.7,76.75,0.058175099071911
1243,food_poisoning,2022-09-13,Kerala,Kannur,Thalassery,11.75,75.4833,0.0
1244,food_poisoning,2022-09-15,Kerala,Thrissur,Chavakkad,10.5833,76.0167,0.0
1245,food_poisoning,2022-09-19,Kerala,Thiruvananthapuram,Varkala,8.7379,76.7163,0.0
1246,food_poisoning,2022-09-20,Kerala,Kollam,Karunagappally,9.0574,76.5334,0.0
1247,food_poisoning,2022-09-20,Kerala,Idukki,Devikulam,10.0667,77.1,0.0
1248,food_poisoning,2022-11-23,Kerala,Kasaragod,Kasaragod,12.5035577,74.9907022,0.0016579597768276
1248,food_poisoning,2022-11-24,Kerala,Kasaragod,Hosdurg,12.3167,75.1,0.0019456277373698
1249,food_poisoning,2022-11-24,Kerala,Kozhikode,Thamarassery,11.2667,75.9333,0.0
1250,food_poisoning,2022-11-24,Kerala,Pathanamthitta,Konni,9.2667,76.9333,0.0
1250,food_poisoning,2022-11-24,Kerala,Pathanamthitta,Ranni,9.3833,76.9667,0.0
1250,food_poisoning,2022-11-25,Kerala,Pathanamthitta,Adoor,9.1667,76.7333,0.0
1250,food_poisoning,2022-11-30,Kerala,Alappuzha,Chenganoor,9.3167,76.6167,0.0008608875566282
1251,food_poisoning,2022-11-24,Kerala,Thrissur,Thrissur,10.5256264,76.2132542,0.0
1252,food_poisoning,2022-11-28,Kerala,Kottayam,Kottayam,9.6287383,76.64553257,0.0
1253,food_poisoning,2022-11-28,Kerala,Kannur,Thalassery,11.75,75.4833,0.0011187438496945
1254,food_poisoning,2023-04-01,Kerala,Wayanad,Vythiri,11.6226,76.0813,0.0
1255,food_poisoning,2023-04-02,Kerala,Ernakulam,Kochi,9.9312,76.2673,0.0008963818793054
1255,food_poisoning,2023-04-06,Kerala,Ernakulam,Aluva,10.1075,76.3516,0.0
1256,food_poisoning,2023-04-04,Kerala,Ernakulam,Kothamangalam,10.0667,76.6333,0.0001279378882109
1256,food_poisoning,2023-04-04,Kerala,Ernakulam,Kothamangalam,10.0667,76.6333,0.000476221269563
1257,food_poisoning,2023-04-06,Kerala,Kollam,Punalur,9.0089,76.9269,0.0
1258,food_poisoning,2023-04-07,Kerala,Kozhikode,Koyilandy,11.4333,75.7,2.6874663618796715e-05
1259,food_poisoning,2023-09-08,Kerala,Kozhikode,Kozhikode,11.2450558,75.7754716,0.0
1259,food_poisoning,2023-09-10,Kerala,Kozhikode,Koyilandy,11.4333,75.7,0.009777049631314
1259,food_poisoning,2023-09-11,Kerala,Kozhikode,Koyilandy,11.4333,75.7,0.0204509833449555
1260,food_poisoning,2023-09-08,Kerala,Kollam,Karunagappally,9.0574,76.5334,0.0
1261,food_poisoning,2023-09-08,Kerala,Kannur,Taliparamba,12.0333,75.35,0.0
1262,food_poisoning,2023-09-09,Kerala,Kasaragod,Hosdurg,12.3167,75.1,0.0
1263,food_poisoning,2023-09-13,Kerala,Ernakulam,Aluva,10.1075,76.3516,0.0012535478314778
1264,food_poisoning,2023-09-16,Kerala,Kottayam,Kottayam,9.6287383,76.64553257,0.0
1264,food_poisoning,2023-09-16,Kerala,Kottayam,Kanjirappally,9.5667,76.7833,0.0
1264,food_poisoning,2023-09-16,Kerala,Pathanamthitta,Mallappally,9.3833,76.6833,0.0
1265,food_poisoning,2023-09-17,Kerala,Kannur,Thalassery,11.75,75.4833,0.9999999983333334
1266,food_poisoning,2023-09-17,Kerala,Idukki,Thodupuzha,9.8955,76.7241,0.0
1266,food_poisoning,2023-09-20,Kerala,Ernakulam,Muvattupuzha,9.9833,76.5833,0.0477671218332954
1267,food_poisoning,2023-09-18,Kerala,Palakkad,Chittur,10.7,76.75,0.0
1268,food_poisoning,2023-09-21,Kerala,Pathanamthitta,Konni,9.2667,76.9333,0.0
1269,food_poisoning,2023-11-18,Kerala,Ernakulam,Kothamangalam,10.0667,76.6333,0.0022987858461504
1270,food_poisoning,2023-11-24,Kerala,Malappuram,Kondotty,11.15,75.9667,0.003255451560513
1270,food_poisoning,2023-11-27,Kerala,Malappuram,Kondotty,11.15,75.9667,0.021166106609595
1271,food_poisoning,2023-11-26,Kerala,Kottayam,Kanjirappally,9.5667,76.7833,0.000402483537465
1272,food_poisoning,2023-11-27,Kerala,Kasaragod,Manjeshwaram,12.7167,74.8833,0.0
1273,food_poisoning,2023-11-29,Kerala,Palakkad,Ottapalam,10.7667,76.3667,0.0003099199589947
1274,food_poisoning,2024-04-03,Kerala,Kannur,Payyanur,12.1,75.2,0.0
1275,food_poisoning,2024-04-03,Kerala,Idukki,Peerumade,9.5667,76.9667,0.0006267739157389
1276,food_poisoning,2024-09-08,Kerala,Malappuram,Perinthalmanna,10.9667,76.2167,0.0
1276,food_poisoning,2024-09-09,Kerala,Malappuram,Perinthalmanna,10.9667,76.2167,0.1187257369895161
1277,food_poisoning,2024-09-13,Kerala,Kollam,Karunagappally,9.0574,76.5334,0.0184878894078411
1277,food_poisoning,2024-09-15,Kerala,Kollam,Karunagappally,9.0574,76.5334,0.0401676319648838
1278,food_poisoning,2024-09-22,Kerala,Malappuram,Kondotty,11.15,75.9667,0.0011488918697035
1279,food_poisoning,2024-11-24,Kerala,Kottayam,Kanjirappally,9.5667,76.7833,0.0
1280,hepatitis_a_confirmed,2020-03-01,Kerala,Thrissur,Kodungallur,10.2333,76.2,0.0
1281,hepatitis_a_confirmed,2020-03-02,Kerala,Kottayam,Kottayam,9.6287383,76.64553257,0.0
1281,hepatitis_a_confirmed,2020-03-05,Kerala,Kottayam,Meenachil,9.7167,76.6833,0.0
1281,hepatitis_a_confirmed,2020-03-06,Kerala,Kottayam,Changanassery,9.45,76.5333,0.0
1282,hepatitis_a_confirmed,2020-03-02,Kerala,Thiruvananthapuram,Thiruvananthapuram,8.4882267,76.947551,0.0
1282,hepatitis_a_confirmed,2020-03-05,Kerala,Thiruvananthapuram,Nedumangad,8.6036,77.0031,0.0
1283,hepatitis_a_confirmed,2020-03-03,Kerala,Wayanad,Sulthan Bathery,11.6667,76.2667,0.0
1284,hepatitis_a_confirmed,2020-03-03,Kerala,Kollam,Punalur,9.0089,76.9269,0.0
1284,hepatitis_a_confirmed,2020-03-05,Kerala,Kollam,Kottarakkara,9.0002,76.7788,0.0
1285,hepatitis_a_confirmed,2020-03-03,Kerala,Kasaragod,Vellarikundu,12.4167,75.2333,0.0
1285,hepatitis_a_confirmed,2020-03-04,Kerala,Kasaragod,Hosdurg,12.3167,75.1,0.0
1285,hepatitis_a_confirmed,2020-03-05,Kerala,Kasaragod,Nileshwaram,12.25,75.1,0.0
1286,hepatitis_a_confirmed,2020-03-04,Kerala,Malappuram,Tirur,10.9167,75.9167,0.0
1287,hepatitis_a_confirmed,2020-03-05,Kerala,Kozhikode,Thamarassery,11.2667,75.9333,0.0
1288,hepatitis_a_confirmed,2020-03-06,Kerala,Kozhikode,Vadakara,11.6,75.5833,0.0
1289,hepatitis_a_confirmed,2020-05-07,Kerala,Pathanamthitta,Adoor,9.1667,76.7333,0.0
1290,hepatitis_a_confirmed,2020-05-08,Kerala,Kollam,Karunagappally,9.0574,76.5334,0.0
1291,hepatitis_a_confirmed,2020-07-08,Kerala,Thrissur,Mukundapuram,10.3333,76.2167,0.0
1292,hepatitis_a_confirmed,2020-07-08,Kerala,Kannur,Kannur,11.8763836,75.3737973,0.0
1292,hepatitis_a_confirmed,2020-07-12,Kerala,Kannur,Thalassery,11.75,75.4833,0.0
1293,hepatitis_a_confirmed,2020-07-10,Kerala,Kannur,Payyanur,12.1,75.2,0.0
1294,hepatitis_a_confirmed,2020-07-10,Kerala,Idukki,Devikulam,10.0667,77.1,0.0
1295,hepatitis_a_confirmed,2020-07-10,Kerala,Ernakulam,Kanayannur,9.98408,76.2741457,0.0
1295,hepatitis_a_confirmed,2020-07-13,Kerala,Ernakulam,Kochi,9.9312,76.2673,0.0
1296,hepatitis_a_confirmed,2020-07-10,Kerala,Pathanamthitta,Adoor,9.1667,76.7333,0.0
1297,hepatitis_a_confirmed,2020-07-13,Kerala,Kottayam,Kottayam,9.6287383,76.64553257,0.0
1298,hepatitis_a_confirmed,2020-08-14,Kerala,Kollam,Karunagappally,9.0574,76.5334,0.007921937596429
1299,hepatitis_a_confirmed,2020-08-14,Kerala,Alappuzha,Karthikappally,9.2833,76.4667,4.031199542819508e-05
1299,hepatitis_a_confirmed,2020-08-15,Kerala,Alappuzha,Karthikappally,9.2833,76.4667,0.0777845236652979
1300,hepatitis_a_confirmed,2020-08-15,Kerala,Kannur,Iritty,11.9333,75.7,0.0
1301,hepatitis_a_confirmed,2020-08-15,Kerala,Kasaragod,Nileshwaram,12.25,75.1,0.0
1302,hepatitis_a_confirmed,2020-08-15,Kerala,Wayanad,Mananthavady,11.8,76.0,0.0
1303,hepatitis_a_confirmed,2020-09-17,Kerala,Alappuzha,Chenganoor,9.3167,76.6167,0.0
1304,hepatitis_a_confirmed,2020-09-17,Kerala,Idukki,Peerumade,9.5667,76.9667,0.0
1305,hepatitis_a_confirmed,2020-09-18,Kerala,Malappuram,Ponnani,10.7667,75.9167,0.0
1306,hepatitis_a_confirmed,2020-09-19,Kerala,Kottayam,Kottayam,9.6287383,76.64553257,4.031199542819508e-05
1307,hepatitis_a_confirmed,2020-09-19,Kerala,Malappuram,Nilambur,11.2833,76.2333,0.0
1308,hepatitis_a_confirmed,2020-10-20,Kerala,Alappuzha,Mavelikkara,9.2667,76.55,0.0
1308,hepatitis_a_confirmed,2020-10-27,Kerala,Kollam,Karunagappally,9.0574,76.5334,0.0
1308,hepatitis_a_confirmed,2020-10-27,Kerala,Kollam,Kunnathoor,9.0292,76.627,0.0
1309,hepatitis_a_confirmed,2020-10-20,Kerala,Kasaragod,Nileshwaram,12.25,75.1,0.2130799258825372
1309,hepatitis_a_confirmed,2020-10-21,Kerala,Kannur,Taliparamba,12.0333,75.35,0.0
1309,hepatitis_a_confirmed,2020-10-24,Kerala,Kannur,Payyanur,12.1,75.2,0.0
1310,hepatitis_a_confirmed,2020-10-24,Kerala,Malappuram,Ernad,11.1201,76.1197,0.0
1311,hepatitis_a_confirmed,2020-10-24,Kerala,Wayanad,Mananthavady,11.8,76.0,0.004047478786451
1312,hepatitis_a_confirmed,2020-10-24,Kerala,Kottayam,Vaikom,9.75,76.4,0.0
1313,hepatitis_a_confirmed,2020-10-25,Kerala,Thiruvananthapuram,Neyyattinkara,8.4004,77.0872,0.0
1313,hepatitis_a_confirmed,2020-10-26,Kerala,Thiruvananthapuram,Neyyattinkara,8.4004,77.0872,0.0004825945633811
1314,hepatitis_a_confirmed,2020-10-25,Kerala,Idukki,Thodupuzha,9.8955,76.7241,0.0
1315,hepatitis_a_confirmed,2020-10-26,Kerala,Kozhikode,Koyilandy,11.4333,75.7,0.0
1316,hepatitis_a_confirmed,2020-11-27,Kerala,Kozhikode,Thamarassery,11.2667,75.9333,0.0
1317,hepatitis_a_confirmed,2020-11-27,Kerala,Ernakulam,Muvattupuzha,9.9833,76.5833,0.0
1318,hepatitis_a_confirmed,2020-11-27,Kerala,Thiruvananthapuram,Varkala,8.7379,76.7163,0.0
1319,hepatitis_a_confirmed,2020-11-28,Kerala,Kasaragod,Kasaragod,12.5035577,74.9907022,0.0
1320,hepatitis_a_confirmed,2020-11-28,Kerala,Kottayam,Changanassery,9.45,76.5333,0.0003099199589947
1321,hepatitis_a_confirmed,2020-11-28,Kerala,Kottayam,Meenachil,9.7167,76.6833,0.0
1322,hepatitis_a_confirmed,2020-11-28,Kerala,Pathanamthitta,Kozhenchery,9.2780841,76.9737443,0.0
1323,hepatitis_a_confirmed,2020-11-29,Kerala,Wayanad,Mananthavady,11.8,76.0,0.0
1324,hepatitis_a_confirmed,2020-11-30,Kerala,Thrissur,Kunnamkulam,10.65,76.0667,0.0
1325,hepatitis_a_confirmed,2021-03-01,Kerala,Kottayam,Changanassery,9.45,76.5333,0.0
1325,hepatitis_a_confirmed,2021-03-02,Kerala,Alappuzha,Chenganoor,9.3167,76.6167,0.0086064566149405
1326,hepatitis_a_confirmed,2021-03-01,Kerala,Kozhikode,Thamarassery,11.2667,75.9333,0.0
1327,hepatitis_a_confirmed,2021-03-02,Kerala,Kasaragod,Kasaragod,12.5035577,74.9907022,3.1236186282896074e-05
1328,hepatitis_a_confirmed,2021-03-02,Kerala,Thiruvananthapuram,Chirayinkeezhu,8.6963,76.8153,0.0
1329,hepatitis_a_confirmed,2021-03-03,Kerala,Kasaragod,Manjeshwaram,12.7167,74.8833,0.0
1330,hepatitis_a_confirmed,2021-03-04,Kerala,Wayanad,Mananthavady,11.8,76.0,0.1554194136493986
1330,hepatitis_a_confirmed,2021-03-05,Kerala,Wayanad,Vythiri,11.6226,76.0813,0.0
1331,hepatitis_a_confirmed,2021-03-04,Kerala,Palakkad,Ottapalam,10.7667,76.3667,0.0
1332,hepatitis_a_confirmed,2021-05-07,Kerala,Kozhikode,Thamarassery,11.2667,75.9333,0.0004434319497101
1333,hepatitis_a_confirmed,2021-05-07,Kerala,Kannur,Kannur,11.8763836,75.3737973,0.0
1334,hepatitis_a_confirmed,2021-07-09,Kerala,Kollam,Kollam,8.8879509,76.5955013,0.0
1335,hepatitis_a_confirmed,2021-07-10,Kerala,Palakkad,Ottapalam,10.7667,76.3667,0.0002055653056272
1335,hepatitis_a_confirmed,2021-07-12,Kerala,Palakkad,Ottapalam,10.7667,76.3667,0.0
1336,hepatitis_a_confirmed,2021-07-11,Kerala,Palakkad,Chittur,10.7,76.75,0.0
1337,hepatitis_a_confirmed,2021-07-12,Kerala,Pathanamthitta,Thiruvalla,9.3833,76.5833,0.0
1338,hepatitis_a_confirmed,2021-07-13,Kerala,Thiruvananthapuram,Nedumangad,8.6036,77.0031,0.0
1339,hepatitis_a_confirmed,2021-07-13,Kerala,Malappuram,Tirur,10.9167,75.9167,0.0
1340,hepatitis_a_confirmed,2021-07-13,Kerala,Kottayam,Kottayam,9.6287383,76.64553257,0.9999999983333334
1341,hepatitis_a_confirmed,2021-08-14,Kerala,Malappuram,Nilambur,11.2833,76.2333,0.0009839398679112
1342,hepatitis_a_confirmed,2021-08-14,Kerala,Ernakulam,Aluva,10.1075,76.3516,0.0
1342,hepatitis_a_confirmed,2021-08-14,Kerala,Ernakulam,Aluva,10.1075,76.3516,0.0145318323222081
1343,hepatitis_a_confirmed,2021-08-14,Kerala,Pathanamthitta,Ranni,9.3833,76.9667,0.0
1344,hepatitis_a_confirmed,2021-08-15,Kerala,Kollam,Kottarakkara,9.0002,76.7788,0.0035452155217937
1345,hepatitis_a_confirmed,2021-09-15,Kerala,Thiruvananthapuram,Neyyattinkara,8.4004,77.0872,0.1628778319796106
1346,hepatitis_a_confirmed,2021-09-16,Kerala,Alappuzha,Karthikappally,9.2833,76.4667,0.0
1347,hepatitis_a_confirmed,2021-09-16,Kerala,Thrissur,Talappilly,10.6667,76.25,0.0
1348,hepatitis_a_confirmed,2021-09-18,Kerala,Wayanad,Mananthavady,11.8,76.0,0.0
1349,hepatitis_a_confirmed,2021-09-19,Kerala,Kannur,Thalassery,11.75,75.4833,5.758856489742153e-05
1349,hepatitis_a_confirmed,2021-09-19,Kerala,Kannur,Thalassery,11.75,75.4833,0.0
1350,hepatitis_a_confirmed,2021-10-20,Kerala,Wayanad,Mananthavady,11.8,76.0,7.017273278241364e-05
1351,hepatitis_a_confirmed,2021-10-24,Kerala,Alappuzha,Chenganoor,9.3167,76.6167,0.0006853039222793
1352,hepatitis_a_confirmed,2021-10-26,Kerala,Kollam,Kunnathoor,9.0292,76.627,0.0007143319043446
1353,hepatitis_a_confirmed,2021-10-26,Kerala,Thiruvananthapuram,Nedumangad,8.6036,77.0031,2.015599771409754e-05
1354,hepatitis_a_confirmed,2021-11-27,Kerala,Kasaragod,Vellarikundu,12.4167,75.2333,0.0
1355,hepatitis_a_confirmed,2021-11-27,Kerala,Alappuzha,Cherthala,9.6833,76.3333,0.0
1356,hepatitis_a_confirmed,2021-11-29,Kerala,Thiruvananthapuram,Kattakkada,8.5667,77.1,0.0
1357,hepatitis_a_confirmed,2021-11-29,Kerala,Thrissur,Kodungallur,10.2333,76.2,0.0
1358,hepatitis_a_confirmed,2021-11-30,Kerala,Pathanamthitta,Ranni,9.3833,76.9667,0.0
1359,hepatitis_a_confirmed,2022-03-02,Kerala,Thrissur,Kunnamkulam,10.65,76.0667,0.0
1359,hepatitis_a_confirmed,2022-03-02,Kerala,Thrissur,Chavakkad,10.5833,76.0167,0.0
1359,hepatitis_a_confirmed,2022-03-02,Kerala,Thrissur,Thrissur,10.5256264,76.2132542,0.0
1360,hepatitis_a_confirmed,2022-03-02,Kerala,Malappuram,Tirurangadi,11.0,75.9333,0.0
1361,hepatitis_a_confirmed,2022-03-02,Kerala,Palakkad,Alathur,10.6333,76.55,0.0
1362,hepatitis_a_confirmed,2022-03-05,Kerala,Kannur,Kannur,11.8763836,75.3737973,0.0
1363,hepatitis_a_confirmed,2022-05-07,Kerala,Kannur,Payyanur,12.1,75.2,0.0005831064853761
1364,hepatitis_a_confirmed,2022-05-07,Kerala,Thrissur,Thrissur,10.5256264,76.2132542,0.0006191262021113
1365,hepatitis_a_confirmed,2022-05-08,Kerala,Kollam,Kunnathoor,9.0292,76.627,0.0071402891548986
1366,hepatitis_a_confirmed,2022-07-08,Kerala,Kottayam,Kottayam,9.6287383,76.64553257,0.0
1366,hepatitis_a_confirmed,2022-07-13,Kerala,Kottayam,Changanassery,9.45,76.5333,0.0
1367,hepatitis_a_confirmed,2022-07-09,Kerala,Thiruvananthapuram,Thiruvananthapuram,8.4882267,76.947551,0.0744521099398043
1368,hepatitis_a_confirmed,2022-07-09,Kerala,Wayanad,Vythiri,11.6226,76.0813,0.0001734391766207
1369,hepatitis_a_confirmed,2022-07-13,Kerala,Kannur,Taliparamba,12.0333,75.35,0.0001093266519901
1370,hepatitis_a_confirmed,2022-08-14,Kerala,Palakkad,Alathur,10.6333,76.55,0.0013534316347289
1371,hepatitis_a_confirmed,2022-09-15,Kerala,Alappuzha,Mavelikkara,9.2667,76.55,0.0
1372,hepatitis_a_confirmed,2022-09-15,Kerala,Kasaragod,Nileshwaram,12.25,75.1,0.0
1373,hepatitis_a_confirmed,2022-09-16,Kerala,Kollam,Punalur,9.0089,76.9269,0.0
1374,hepatitis_a_confirmed,2022-09-16,Kerala,Malappuram,Perinthalmanna,10.9667,76.2167,0.0
1375,hepatitis_a_confirmed,2022-09-17,Kerala,Ernakulam,Kothamangalam,10.0667,76.6333,0.0
1376,hepatitis_a_confirmed,2022-09-17,Kerala,Kannur,Iritty,11.9333,75.7,0.0004614620189306
1377,hepatitis_a_confirmed,2022-09-17,Kerala,Alappuzha,Cherthala,9.6833,76.3333,0.0
1378,hepatitis_a_confirmed,2022-09-18,Kerala,Kottayam,Kottayam,9.6287383,76.64553257,0.0
1379,hepatitis_a_confirmed,2022-09-18,Kerala,Malappuram,Tirurangadi,11.0,75.9333,0.0
1380,hepatitis_a_confirmed,2022-09-18,Kerala,Ernakulam,Aluva,10.1075,76.3516,0.0
1381,hepatitis_a_confirmed,2022-10-21,Kerala,Alappuzha,Cherthala,9.6833,76.3333,0.0086632683625838
1381,hepatitis_a_confirmed,2022-10-22,Kerala,Alappuzha,Ambalappuzha,9.5006651,76.41241429,0.0001167439848076
1381,hepatitis_a_confirmed,2022-10-26,Kerala,Alappuzha,Ambalappuzha,9.5006651,76.41241429,0.9999999983333334
1382,hepatitis_a_confirmed,2022-10-22,Kerala,Kasaragod,Nileshwaram,12.25,75.1,0.0
1382,hepatitis_a_confirmed,2022-10-23,Kerala,Kasaragod,Hosdurg,12.3167,75.1,0.0
1382,hepatitis_a_confirmed,2022-10-26,Kerala,Kasaragod,Hosdurg,12.3167,75.1,0.0006483682993439
1383,hepatitis_a_confirmed,2022-10-22,Kerala,Kozhikode,Koyilandy,11.4333,75.7,0.0
1384,hepatitis_a_confirmed,2022-10-24,Kerala,Wayanad,Sulthan Bathery,11.6667,76.2667,0.0024667836675274
1385,hepatitis_a_confirmed,2022-10-24,Kerala,Kannur,Iritty,11.9333,75.7,0.0024517680647896
1386,hepatitis_a_confirmed,2022-10-25,Kerala,Pathanamthitta,Kozhenchery,9.2780841,76.9737443,0.0
1387,hepatitis_a_confirmed,2022-10-25,Kerala,Kottayam,Meenachil,9.7167,76.6833,0.0
1388,hepatitis_a_confirmed,2022-10-25,Kerala,Kozhikode,Thamarassery,11.2667,75.9333,0.9999999983333334
1389,hepatitis_a_confirmed,2022-10-26,Kerala,Ernakulam,Kunnathunad,10.1167,76.4833,0.0
1390,hepatitis_a_confirmed,2022-11-27,Kerala,Ernakulam,Kanayannur,9.98408,76.2741457,0.0002964826271853
1391,hepatitis_a_confirmed,2022-11-27,Kerala,Malappuram,Ernad,11.1201,76.1197,0.0
1392,hepatitis_a_confirmed,2022-11-27,Kerala,Idukki,Thodupuzha,9.8955,76.7241,0.0
1393,hepatitis_a_confirmed,2022-11-28,Kerala,Thiruvananthapuram,Chirayinkeezhu,8.6963,76.8153,0.0
1394,hepatitis_a_confirmed,2022-11-30,Kerala,Kozhikode,Thamarassery,11.2667,75.9333,0.0
1395,hepatitis_a_confirmed,2022-11-30,Kerala,Kasaragod,Nileshwaram,12.25,75.1,0.0017334158034123
1396,hepatitis_a_confirmed,2023-03-02,Kerala,Kollam,Pathanapuram,9.1,76.87,0.0
1397,hepatitis_a_confirmed,2023-03-05,Kerala,Alappuzha,Ambalappuzha,9.5006651,76.41241429,0.0
1398,hepatitis_a_confirmed,2023-05-07,Kerala,Palakkad,Pattambi,10.8,76.2,0.003824437658557
1399,hepatitis_a_confirmed,2023-07-01,Kerala,Kottayam,Meenachil,9.7167,76.6833,0.0
1400,hepatitis_a_confirmed,2023-07-08,Kerala,Malappuram,Tirurangadi,11.0,75.9333,0.0001209359862845
1401,hepatitis_a_confirmed,2023-07-08,Kerala,Pathanamthitta,Kozhenchery,9.2780841,76.9737443,0.0005643679359947
1402,hepatitis_a_confirmed,2023-07-08,Kerala,Thrissur,Kunnamkulam,10.65,76.0667,0.0
1403,hepatitis_a_confirmed,2023-07-09,Kerala,Pathanamthitta,Thiruvalla,9.3833,76.5833,0.0002015599771409
1403,hepatitis_a_confirmed,2023-07-12,Kerala,Pathanamthitta,Mallappally,9.3833,76.6833,0.0
1403,hepatitis_a_confirmed,2023-07-13,Kerala,Alappuzha,Ambalappuzha,9.5006651,76.41241429,0.0080301494892964
1403,hepatitis_a_confirmed,2023-07-13,Kerala,Alappuzha,Mavelikkara,9.2667,76.55,1.007799885704877e-05
1403,hepatitis_a_confirmed,2023-07-13,Kerala,Alappuzha,Cherthala,9.6833,76.3333,0.0
1404,hepatitis_a_confirmed,2023-07-11,Kerala,Kozhikode,Thamarassery,11.2667,75.9333,0.0
1405,hepatitis_a_confirmed,2023-07-12,Kerala,Thrissur,Mukundapuram,10.3333,76.2167,0.0
1406,hepatitis_a_confirmed,2023-07-12,Kerala,Palakkad,Chittur,10.7,76.75,0.0
1407,hepatitis_a_confirmed,2023-07-13,Kerala,Thiruvananthapuram,Varkala,8.7379,76.7163,0.0
1408,hepatitis_a_confirmed,2023-08-14,Kerala,Alappuzha,Kuttanad,9.5833,76.4167,8.062399085639016e-05
1408,hepatitis_a_confirmed,2023-08-14,Kerala,Alappuzha,Cherthala,9.6833,76.3333,0.0001881226453315
1409,hepatitis_a_confirmed,2023-08-14,Kerala,Malappuram,Ponnani,10.7667,75.9167,0.0058051126309979
1410,hepatitis_a_confirmed,2023-09-15,Kerala,Malappuram,Kondotty,11.15,75.9667,0.0
1410,hepatitis_a_confirmed,2023-09-17,Kerala,Malappuram,Kondotty,11.15,75.9667,4.031199542819508e-05
1411,hepatitis_a_confirmed,2023-09-15,Kerala,Kannur,Iritty,11.9333,75.7,0.0
1412,hepatitis_a_confirmed,2023-09-17,Kerala,Kollam,Karunagappally,9.0574,76.5334,0.0
1413,hepatitis_a_confirmed,2023-09-18,Kerala,Thrissur,Thrissur,10.5256264,76.2132542,0.0
1414,hepatitis_a_confirmed,2023-09-23,Kerala,Thiruvananthapuram,Thiruvananthapuram,8.4882267,76.947551,0.0
1415,hepatitis_a_confirmed,2023-09-23,Kerala,Kasaragod,Hosdurg,12.3167,75.1,0.0137309644247496
1416,hepatitis_a_confirmed,2023-10-21,Kerala,Thiruvananthapuram,Neyyattinkara,8.4004,77.0872,0.0010749865447518
1417,hepatitis_a_confirmed,2023-10-21,Kerala,Kannur,Taliparamba,12.0333,75.35,0.0002004970128941
1418,hepatitis_a_confirmed,2023-10-21,Kerala,Alappuzha,Ambalappuzha,9.5006651,76.41241429,0.0
1419,hepatitis_a_confirmed,2023-10-21,Kerala,Ernakulam,Kanayannur,9.98408,76.2741457,0.0013864958185267
1419,hepatitis_a_confirmed,2023-10-24,Kerala,Ernakulam,Kanayannur,9.98408,76.2741457,0.0
1420,hepatitis_a_confirmed,2023-10-27,Kerala,Idukki,Peerumade,9.5667,76.9667,0.0
1421,hepatitis_a_confirmed,2023-10-27,Kerala,Ernakulam,Muvattupuzha,9.9833,76.5833,0.0015231557950443
1422,hepatitis_a_confirmed,2023-10-28,Kerala,Kottayam,Meenachil,9.7167,76.6833,0.0001074986544751
1423,hepatitis_a_confirmed,2023-11-27,Kerala,Palakkad,Chittur,10.7,76.75,0.003387159561276
1424,hepatitis_a_confirmed,2023-11-27,Kerala,Kollam,Pathanapuram,9.1,76.87,0.0013428072584961
1425,hepatitis_a_confirmed,2023-11-29,Kerala,Palakkad,Pattambi,10.8,76.2,0.0002150567552804
1426,hepatitis_a_confirmed,2023-11-30,Kerala,Malappuram,Tirurangadi,11.0,75.9333,0.0018642593827626
1427,hepatitis_a_confirmed,2023-11-30,Kerala,Alappuzha,Ambalappuzha,9.5006651,76.41241429,0.0024097615044854
1428,hepatitis_a_confirmed,2023-11-30,Kerala,Idukki,Peerumade,9.5667,76.9667,0.1035307655340986
1429,hepatitis_a_confirmed,2024-03-01,Kerala,Thiruvananthapuram,Thiruvananthapuram,8.4882267,76.947551,0.0
1429,hepatitis_a_confirmed,2024-03-01,Kerala,Thiruvananthapuram,Thiruvananthapuram,8.4882267,76.947551,0.0719170747438924
1430,hepatitis_a_confirmed,2024-03-03,Kerala,Kannur,Taliparamba,12.0333,75.35,0.0033021939065753
1430,hepatitis_a_confirmed,2024-03-04,Kerala,Kannur,Taliparamba,12.0333,75.35,0.0
1431,hepatitis_a_confirmed,2024-03-05,Kerala,Kasaragod,Vellarikundu,12.4167,75.2333,0.0
1432,hepatitis_a_confirmed,2024-03-06,Kerala,Idukki,Idukki,9.8497872,76.9797914,0.0
1433,hepatitis_a_confirmed,2024-03-16,Kerala,Ernakulam,Muvattupuzha,9.9833,76.5833,0.0019021906053366
1434,hepatitis_a_confirmed,2024-03-16,Kerala,Wayanad,Sulthan Bathery,11.6667,76.2667,0.0001829685593707
1435,hepatitis_a_confirmed,2024-05-06,Kerala,Wayanad,Vythiri,11.6226,76.0813,0.0
1436,hepatitis_a_confirmed,2024-07-08,Kerala,Pathanamthitta,Thiruvalla,9.3833,76.5833,0.0008370246459487
1437,hepatitis_a_confirmed,2024-07-09,Kerala,Malappuram,Kondotty,11.15,75.9667,0.9999999983333334
1437,hepatitis_a_confirmed,2024-07-10,Kerala,Kozhikode,Thamarassery,11.2667,75.9333,0.0068933512182213
1438,hepatitis_a_confirmed,2024-07-13,Kerala,Palakkad,Pattambi,10.8,76.2,0.0
1439,hepatitis_a_confirmed,2024-09-15,Kerala,Idukki,Udumbanchola,9.8333,77.1333,0.0
1440,hepatitis_a_confirmed,2024-09-18,Kerala,Palakkad,Chittur,10.7,76.75,0.0040419095914136
1441,hepatitis_a_confirmed,2024-10-22,Kerala,Kozhikode,Thamarassery,11.2667,75.9333,0.0038857294965694
1441,hepatitis_a_confirmed,2024-10-23,Kerala,Kozhikode,Thamarassery,11.2667,75.9333,0.0
1442,hepatitis_a_confirmed,2024-10-22,Kerala,Idukki,Udumbanchola,9.8333,77.1333,0.0033512011473112
1443,hepatitis_a_confirmed,2024-11-26,Kerala,Ernakulam,Kothamangalam,10.0667,76.6333,0.0342600261928228
1444,hepatitis_a_probable,2020-02-01,Kerala,Thiruvananthapuram,Kattakkada,8.5667,77.1,0.0
1445,hepatitis_a_probable,2020-02-01,Kerala,Ernakulam,North Paravur,10.1333,76.2,0.0
1446,hepatitis_a_probable,2020-02-02,Kerala,Kottayam,Kanjirappally,9.5667,76.7833,0.0
1447,hepatitis_a_probable,2020-03-04,Kerala,Wayanad,Mananthavady,11.8,76.0,0.0
1448,hepatitis_a_probable,2020-03-04,Kerala,Thrissur,Kunnamkulam,10.65,76.0667,0.0
1449,hepatitis_a_probable,2020-03-05,Kerala,Palakkad,Mannarkkad,11.0,76.4667,0.0
1450,hepatitis_a_probable,2020-03-06,Kerala,Idukki,Peerumade,9.5667,76.9667,0.0
1451,hepatitis_a_probable,2020-04-06,Kerala,Pathanamthitta,Konni,9.2667,76.9333,0.0
1451,hepatitis_a_probable,2020-04-07,Kerala,Pathanamthitta,Adoor,9.1667,76.7333,0.0
1451,hepatitis_a_probable,2020-04-07,Kerala,Alappuzha,Chenganoor,9.3167,76.6167,0.0
1451,hepatitis_a_probable,2020-04-08,Kerala,Pathanamthitta,Kozhenchery,9.2780841,76.9737443,0.0
1452,hepatitis_a_probable,2020-04-07,Kerala,Ernakulam,Kothamangalam,10.0667,76.6333,0.0
1453,hepatitis_a_probable,2020-04-07,Kerala,Kannur,Taliparamba,12.0333,75.35,0.0
1454,hepatitis_a_probable,2020-04-08,Kerala,Thrissur,Thrissur,10.5256264,76.2132542,0.0
1455,hepatitis_a_probable,2020-04-08,Kerala,Kannur,Thalassery,11.75,75.4833,0.0
1456,hepatitis_a_probable,2020-04-08,Kerala,Thiruvananthapuram,Varkala,8.7379,76.7163,0.0
1457,hepatitis_a_probable,2020-04-08,Kerala,Kasaragod,Nileshwaram,12.25,75.1,0.0
1458,hepatitis_a_probable,2020-04-09,Kerala,Malappuram,Ernad,11.1201,76.1197,0.0
1459,hepatitis_a_probable,2020-09-09,Kerala,Pathanamthitta,Adoor,9.1667,76.7333,0.0001415431554827
1460,hepatitis_a_probable,2020-09-09,Kerala,Pathanamthitta,Kozhenchery,9.2780841,76.9737443,0.0020818230100759
1461,hepatitis_a_probable,2020-09-10,Kerala,Thrissur,Kunnamkulam,10.65,76.0667,0.0
1462,hepatitis_a_probable,2020-09-10,Kerala,Pathanamthitta,Thiruvalla,9.3833,76.5833,0.0
1463,hepatitis_a_probable,2020-09-10,Kerala,Thiruvananthapuram,Nedumangad,8.6036,77.0031,0.0
1464,hepatitis_a_probable,2020-09-11,Kerala,Kozhikode,Koyilandy,11.4333,75.7,0.0
1465,hepatitis_a_probable,2020-09-11,Kerala,Idukki,Udumbanchola,9.8333,77.1333,0.0
1466,hepatitis_a_probable,2020-09-11,Kerala,Thrissur,Kodungallur,10.2333,76.2,0.0
1467,hepatitis_a_probable,2020-10-12,Kerala,Malappuram,Kondotty,11.15,75.9667,0.0
1467,hepatitis_a_probable,2020-10-17,Kerala,Kozhikode,Thamarassery,11.2667,75.9333,0.0
1468,hepatitis_a_probable,2020-10-13,Kerala,Thiruvananthapuram,Kattakkada,8.5667,77.1,0.0022444216971383
1468,hepatitis_a_probable,2020-10-15,Kerala,Thiruvananthapuram,Kattakkada,8.5667,77.1,0.0
1468,hepatitis_a_probable,2020-10-17,Kerala,Thiruvananthapuram,Kattakkada,8.5667,77.1,0.0003224959634255
1469,hepatitis_a_probable,2020-10-13,Kerala,Wayanad,Mananthavady,11.8,76.0,0.9999999983333334
1469,hepatitis_a_probable,2020-10-19,Kerala,Wayanad,Vythiri,11.6226,76.0813,0.0
1469,hepatitis_a_probable,2020-10-20,Kerala,Wayanad,Vythiri,11.6226,76.0813,0.0
1470,hepatitis_a_probable,2020-10-15,Kerala,Ernakulam,Muvattupuzha,9.9833,76.5833,0.0
1470,hepatitis_a_probable,2020-10-17,Kerala,Kottayam,Kanjirappally,9.5667,76.7833,0.0
1470,hepatitis_a_probable,2020-10-18,Kerala,Idukki,Thodupuzha,9.8955,76.7241,0.0
1470,hepatitis_a_probable,2020-10-18,Kerala,Kottayam,Meenachil,9.7167,76.6833,0.0
1470,hepatitis_a_probable,2020-10-18,Kerala,Kottayam,Kottayam,9.6287383,76.64553257,0.0
1470,hepatitis_a_probable,2020-10-19,Kerala,Kottayam,Kottayam,9.6287383,76.64553257,0.0035452155217937
1471,hepatitis_a_probable,2020-10-15,Kerala,Kasaragod,Hosdurg,12.3167,75.1,0.0
1472,hepatitis_a_probable,2020-10-15,Kerala,Palakkad,Ottapalam,10.7667,76.3667,0.0
1472,hepatitis_a_probable,2020-10-16,Kerala,Palakkad,Alathur,10.6333,76.55,0.0
1472,hepatitis_a_probable,2020-10-17,Kerala,Palakkad,Pattambi,10.8,76.2,0.0
1472,hepatitis_a_probable,2020-10-20,Kerala,Palakkad,Ottapalam,10.7667,76.3667,0.8214478507110401
1473,hepatitis_a_probable,2020-10-16,Kerala,Palakkad,Mannarkkad,11.0,76.4667,0.0007092877532181
1474,hepatitis_a_probable,2020-10-17,Kerala,Kollam,Kunnathoor,9.0292,76.627,0.0
1474,hepatitis_a_probable,2020-10-18,Kerala,Kollam,Kollam,8.8879509,76.5955013,0.0
1475,hepatitis_a_probable,2020-11-20,Kerala,Kollam,Kunnathoor,9.0292,76.627,0.0
1475,hepatitis_a_probable,2020-11-21,Kerala,Kottayam,Kanjirappally,9.5667,76.7833,0.0
1475,hepatitis_a_probable,2020-11-23,Kerala,Kottayam,Kottayam,9.6287383,76.64553257,0.199844145264221
1475,hepatitis_a_probable,2020-11-25,Kerala,Kollam,Pathanapuram,9.1,76.87,0.0
1475,hepatitis_a_probable,2020-11-26,Kerala,Pathanamthitta,Mallappally,9.3833,76.6833,0.0
1475,hepatitis_a_probable,2020-11-27,Kerala,Pathanamthitta,Adoor,9.1667,76.7333,0.0
1476,hepatitis_a_probable,2020-11-21,Kerala,Malappuram,Tirurangadi,11.0,75.9333,0.0
1477,hepatitis_a_probable,2020-11-22,Kerala,Alappuzha,Kuttanad,9.5833,76.4167,0.0
1478,hepatitis_a_probable,2020-11-22,Kerala,Kannur,Payyanur,12.1,75.2,0.0
1478,hepatitis_a_probable,2020-11-25,Kerala,Kannur,Taliparamba,12.0333,75.35,0.0
1479,hepatitis_a_probable,2020-11-22,Kerala,Kozhikode,Koyilandy,11.4333,75.7,0.0
1479,hepatitis_a_probable,2020-11-22,Kerala,Kozhikode,Kozhikode,11.2450558,75.7754716,0.0
1480,hepatitis_a_probable,2020-11-22,Kerala,Palakkad,Palakkad,10.78789845,76.47408711,0.0
1481,hepatitis_a_probable,2020-11-23,Kerala,Thrissur,Talappilly,10.6667,76.25,0.0
1482,hepatitis_a_probable,2020-11-24,Kerala,Thiruvananthapuram,Thiruvananthapuram,8.4882267,76.947551,0.0
1483,hepatitis_a_probable,2020-11-25,Kerala,Ernakulam,Kochi,9.9312,76.2673,0.0
1484,hepatitis_a_probable,2020-11-27,Kerala,Idukki,Thodupuzha,9.8955,76.7241,0.0045203407230618
1485,hepatitis_a_probable,2020-11-27,Kerala,Idukki,Idukki,9.8497872,76.9797914,0.0
1486,hepatitis_a_probable,2020-12-29,Kerala,Pathanamthitta,Konni,9.2667,76.9333,0.000444723940778
1487,hepatitis_a_probable,2020-12-29,Kerala,Kozhikode,Thamarassery,11.2667,75.9333,0.003334123105194
1488,hepatitis_a_probable,2020-12-30,Kerala,Kottayam,Meenachil,9.7167,76.6833,0.1670367264275974
1489,hepatitis_a_probable,2020-12-31,Kerala,Palakkad,Mannarkkad,11.0,76.4667,0.0
1489,hepatitis_a_probable,2020-12-31,Kerala,Palakkad,Mannarkkad,11.0,76.4667,0.0
1490,hepatitis_a_probable,2021-02-01,Kerala,Thrissur,Chalakudy,10.3,76.3333,0.0
1491,hepatitis_a_probable,2021-02-01,Kerala,Alappuzha,Mavelikkara,9.2667,76.55,0.0
1492,hepatitis_a_probable,2021-02-02,Kerala,Thrissur,Talappilly,10.6667,76.25,0.0
1492,hepatitis_a_probable,2021-02-02,Kerala,Palakkad,Ottapalam,10.7667,76.3667,0.0
1493,hepatitis_a_probable,2021-03-04,Kerala,Thiruvananthapuram,Varkala,8.7379,76.7163,0.0
1494,hepatitis_a_probable,2021-03-06,Kerala,Palakkad,Pattambi,10.8,76.2,0.0016277257802565
1495,hepatitis_a_probable,2021-03-06,Kerala,Wayanad,Vythiri,11.6226,76.0813,0.0001209359862845
1496,hepatitis_a_probable,2021-03-06,Kerala,Idukki,Idukki,9.8497872,76.9797914,0.0043837738079498
1497,hepatitis_a_probable,2021-04-08,Kerala,Kottayam,Vaikom,9.75,76.4,0.0
1498,hepatitis_a_probable,2021-04-09,Kerala,Alappuzha,Ambalappuzha,9.5006651,76.41241429,0.0
1499,hepatitis_a_probable,2021-09-09,Kerala,Kollam,Pathanapuram,9.1,76.87,0.0002487628755539
1500,hepatitis_a_probable,2021-09-09,Kerala,Ernakulam,Kanayannur,9.98408,76.2741457,0.0
1501,hepatitis_a_probable,2021-09-10,Kerala,Idukki,Devikulam,10.0667,77.1,0.0
1502,hepatitis_a_probable,2021-09-11,Kerala,Palakkad,Chittur,10.7,76.75,0.0
1503,hepatitis_a_probable,2021-10-14,Kerala,Kozhikode,Thamarassery,11.2667,75.9333,0.0
1503,hepatitis_a_probable,2021-10-19,Kerala,Kozhikode,Kozhikode,11.2450558,75.7754716,0.001388351813261
1504,hepatitis_a_probable,2021-10-14,Kerala,Alappuzha,Chenganoor,9.3167,76.6167,0.0
1504,hepatitis_a_probable,2021-10-15,Kerala,Kollam,Kottarakkara,9.0002,76.7788,0.0
1504,hepatitis_a_probable,2021-10-20,Kerala,Pathanamthitta,Adoor,9.1667,76.7333,0.0001612479817127
1505,hepatitis_a_probable,2021-10-16,Kerala,Palakkad,Chittur,10.7,76.75,0.0
1506,hepatitis_a_probable,2021-10-17,Kerala,Wayanad,Vythiri,11.6226,76.0813,0.0
1506,hepatitis_a_probable,2021-10-19,Kerala,Wayanad,Sulthan Bathery,11.6667,76.2667,0.0
1507,hepatitis_a_probable,2021-10-19,Kerala,Alappuzha,Kuttanad,9.5833,76.4167,0.000582994921436
1508,hepatitis_a_probable,2021-11-20,Kerala,Pathanamthitta,Ranni,9.3833,76.9667,0.0
1508,hepatitis_a_probable,2021-11-24,Kerala,Pathanamthitta,Ranni,9.3833,76.9667,0.000246969417395
1509,hepatitis_a_probable,2021-11-20,Kerala,Thrissur,Talappilly,10.6667,76.25,0.0
1509,hepatitis_a_probable,2021-11-22,Kerala,Thrissur,Kunnamkulam,10.65,76.0667,0.0
1509,hepatitis_a_probable,2021-11-23,Kerala,Thrissur,Kunnamkulam,10.65,76.0667,0.0016527918125559
1510,hepatitis_a_probable,2021-11-20,Kerala,Palakkad,Chittur,10.7,76.75,0.0
1511,hepatitis_a_probable,2021-11-21,Kerala,Kozhikode,Kozhikode,11.2450558,75.7754716,0.000699572070537
1511,hepatitis_a_probable,2021-11-24,Kerala,Malappuram,Kondotty,11.15,75.9667,0.0193999618784993
1512,hepatitis_a_probable,2021-11-22,Kerala,Thiruvananthapuram,Neyyattinkara,8.4004,77.0872,0.0
1513,hepatitis_a_probable,2021-11-22,Kerala,Palakkad,Mannarkkad,11.0,76.4667,0.1430331024258843
1514,hepatitis_a_probable,2021-11-25,Kerala,Pathanamthitta,Adoor,9.1667,76.7333,0.0
1515,hepatitis_a_probable,2021-11-25,Kerala,Alappuzha,Kuttanad,9.5833,76.4167,0.9999999983333334
1516,hepatitis_a_probable,2021-11-25,Kerala,Ernakulam,Muvattupuzha,9.9833,76.5833,0.0032443691135358
1517,hepatitis_a_probable,2021-11-27,Kerala,Kannur,Taliparamba,12.0333,75.35,0.0002418719725691
1518,hepatitis_a_probable,2021-12-29,Kerala,Alappuzha,Cherthala,9.6833,76.3333,0.0
1519,hepatitis_a_probable,2021-12-29,Kerala,Kasaragod,Vellarikundu,12.4167,75.2333,0.0
1520,hepatitis_a_probable,2021-12-30,Kerala,Kasaragod,Manjeshwaram,12.7167,74.8833,0.0
1521,hepatitis_a_probable,2021-12-31,Kerala,Ernakulam,Aluva,10.1075,76.3516,0.0
1522,hepatitis_a_probable,2022-02-02,Kerala,Idukki,Idukki,9.8497872,76.9797914,0.0
1523,hepatitis_a_probable,2022-02-02,Kerala,Kollam,Kottarakkara,9.0002,76.7788,0.0037280144453754
1524,hepatitis_a_probable,2022-03-04,Kerala,Ernakulam,Aluva,10.1075,76.3516,0.000497640599491
1525,hepatitis_a_probable,2022-03-05,Kerala,Idukki,Idukki,9.8497872,76.9797914,1.3437331809398353e-05
1526,hepatitis_a_probable,2022-03-05,Kerala,Idukki,Devikulam,10.0667,77.1,0.0053291646137615
1527,hepatitis_a_probable,2022-04-07,Kerala,Palakkad,Alathur,10.6333,76.55,0.0
1528,hepatitis_a_probable,2022-04-07,Kerala,Thrissur,Kodungallur,10.2333,76.2,0.0
1529,hepatitis_a_probable,2022-04-08,Kerala,Thrissur,Thrissur,10.5256264,76.2132542,0.0
1530,hepatitis_a_probable,2022-04-09,Kerala,Alappuzha,Cherthala,9.6833,76.3333,0.0
1531,hepatitis_a_probable,2022-09-09,Kerala,Malappuram,Kondotty,11.15,75.9667,0.0060924213944261
1532,hepatitis_a_probable,2022-09-10,Kerala,Palakkad,Palakkad,10.78789845,76.47408711,0.0
1533,hepatitis_a_probable,2022-09-10,Kerala,Kottayam,Kanjirappally,9.5667,76.7833,0.0019349757805533
1533,hepatitis_a_probable,2022-09-10,Kerala,Kottayam,Kanjirappally,9.5667,76.7833,0.0
1534,hepatitis_a_probable,2022-09-11,Kerala,Alappuzha,Kuttanad,9.5833,76.4167,0.0
1535,hepatitis_a_probable,2022-10-12,Kerala,Kannur,Iritty,11.9333,75.7,0.0
1536,hepatitis_a_probable,2022-10-13,Kerala,Malappuram,Tirurangadi,11.0,75.9333,0.0001962435084051
1537,hepatitis_a_probable,2022-10-13,Kerala,Kannur,Kannur,11.8763836,75.3737973,0.0
1538,hepatitis_a_probable,2022-10-13,Kerala,Ernakulam,Aluva,10.1075,76.3516,0.003190697813696
1538,hepatitis_a_probable,2022-10-15,Kerala,Ernakulam,Aluva,10.1075,76.3516,0.0
1538,hepatitis_a_probable,2022-10-16,Kerala,Ernakulam,Aluva,10.1075,76.3516,0.0011556105356082
1538,hepatitis_a_probable,2022-10-19,Kerala,Thrissur,Kodungallur,10.2333,76.2,0.0
1539,hepatitis_a_probable,2022-10-14,Kerala,Thiruvananthapuram,Neyyattinkara,8.4004,77.0872,0.0
1540,hepatitis_a_probable,2022-10-14,Kerala,Palakkad,Pattambi,10.8,76.2,0.0
1540,hepatitis_a_probable,2022-10-18,Kerala,Palakkad,Pattambi,10.8,76.2,4.031199542819508e-05
1541,hepatitis_a_probable,2022-10-15,Kerala,Kasaragod,Manjeshwaram,12.7167,74.8833,0.0
1542,hepatitis_a_probable,2022-10-15,Kerala,Kasaragod,Vellarikundu,12.4167,75.2333,0.009746198683825
1542,hepatitis_a_probable,2022-10-15,Kerala,Kasaragod,Vellarikundu,12.4167,75.2333,0.0007725599658498
1542,hepatitis_a_probable,2022-10-18,Kerala,Kasaragod,Hosdurg,12.3167,75.1,0.0
1543,hepatitis_a_probable,2022-10-16,Kerala,Pathanamthitta,Ranni,9.3833,76.9667,0.0
1543,hepatitis_a_probable,2022-10-18,Kerala,Pathanamthitta,Ranni,9.3833,76.9667,0.0047836901241458
1544,hepatitis_a_probable,2022-10-17,Kerala,Kollam,Punalur,9.0089,76.9269,0.0
1545,hepatitis_a_probable,2022-10-17,Kerala,Thrissur,Chavakkad,10.5833,76.0167,0.0
1546,hepatitis_a_probable,2022-10-20,Kerala,Idukki,Thodupuzha,9.8955,76.7241,0.0
1547,hepatitis_a_probable,2022-11-20,Kerala,Palakkad,Palakkad,10.78789845,76.47408711,1.465890742843457e-05
1548,hepatitis_a_probable,2022-11-21,Kerala,Pathanamthitta,Konni,9.2667,76.9333,0.0
1548,hepatitis_a_probable,2022-11-22,Kerala,Pathanamthitta,Konni,9.2667,76.9333,4.031199542819508e-05
1549,hepatitis_a_probable,2022-11-21,Kerala,Thiruvananthapuram,Kattakkada,8.5667,77.1,0.0046822085672135
1550,hepatitis_a_probable,2022-11-22,Kerala,Kannur,Taliparamba,12.0333,75.35,0.0002015599771409
1550,hepatitis_a_probable,2022-11-24,Kerala,Kannur,Taliparamba,12.0333,75.35,4.031199542819508e-05
1550,hepatitis_a_probable,2022-11-26,Kerala,Kannur,Payyanur,12.1,75.2,0.2045373038541642
1550,hepatitis_a_probable,2022-11-27,Kerala,Kannur,Taliparamba,12.0333,75.35,0.0015285848148002
1551,hepatitis_a_probable,2022-11-22,Kerala,Kasaragod,Kasaragod,12.5035577,74.9907022,0.0
1552,hepatitis_a_probable,2022-11-22,Kerala,Alappuzha,Chenganoor,9.3167,76.6167,0.9999999983333334
1552,hepatitis_a_probable,2022-11-27,Kerala,Alappuzha,Chenganoor,9.3167,76.6167,0.0
1553,hepatitis_a_probable,2022-11-24,Kerala,Idukki,Thodupuzha,9.8955,76.7241,0.0
1554,hepatitis_a_probable,2022-11-25,Kerala,Kozhikode,Koyilandy,11.4333,75.7,0.0004031199542819
1555,hepatitis_a_probable,2022-11-26,Kerala,Alappuzha,Kuttanad,9.5833,76.4167,0.0003154851816119
1556,hepatitis_a_probable,2022-11-27,Kerala,Kollam,Kunnathoor,9.0292,76.627,0.0
1557,hepatitis_a_probable,2022-11-27,Kerala,Thrissur,Thrissur,10.5256264,76.2132542,0.0059682689930005
1558,hepatitis_a_probable,2022-11-27,Kerala,Malappuram,Perinthalmanna,10.9667,76.2167,0.0
1559,hepatitis_a_probable,2023-02-01,Kerala,Alappuzha,Ambalappuzha,9.5006651,76.41241429,0.0
1560,hepatitis_a_probable,2023-02-01,Kerala,Kannur,Taliparamba,12.0333,75.35,0.0
1561,hepatitis_a_probable,2023-02-02,Kerala,Kollam,Kottarakkara,9.0002,76.7788,0.0
1562,hepatitis_a_probable,2023-02-03,Kerala,Idukki,Udumbanchola,9.8333,77.1333,0.0
1563,hepatitis_a_probable,2023-02-03,Kerala,Palakkad,Chittur,10.7,76.75,0.0001343733180939
1564,hepatitis_a_probable,2023-03-04,Kerala,Alappuzha,Cherthala,9.6833,76.3333,0.0107470835613444
1565,hepatitis_a_probable,2023-04-07,Kerala,Palakkad,Alathur,10.6333,76.55,0.0
1566,hepatitis_a_probable,2023-04-08,Kerala,Alappuzha,Karthikappally,9.2833,76.4667,0.0
1567,hepatitis_a_probable,2023-09-09,Kerala,Kottayam,Kanjirappally,9.5667,76.7833,0.0002015599771409
1568,hepatitis_a_probable,2023-09-09,Kerala,Malappuram,Perinthalmanna,10.9667,76.2167,4.031199542819508e-05
1568,hepatitis_a_probable,2023-09-16,Kerala,Malappuram,Perinthalmanna,10.9667,76.2167,0.0037824462692951
1569,hepatitis_a_probable,2023-09-10,Kerala,Ernakulam,Kothamangalam,10.0667,76.6333,0.0
1570,hepatitis_a_probable,2023-09-10,Kerala,Kasaragod,Manjeshwaram,12.7167,74.8833,8.062399085639016e-05
1571,hepatitis_a_probable,2023-09-10,Kerala,Thrissur,Talappilly,10.6667,76.25,0.0
1572,hepatitis_a_probable,2023-09-11,Kerala,Ernakulam,Aluva,10.1075,76.3516,0.0013644557453882
1573,hepatitis_a_probable,2023-10-07,Kerala,Kannur,Kannur,11.8763836,75.3737973,0.0043837624801735
1573,hepatitis_a_probable,2023-10-12,Kerala,Kannur,Kannur,11.8763836,75.3737973,0.0142269444002827
1574,hepatitis_a_probable,2023-10-12,Kerala,Wayanad,Sulthan Bathery,11.6667,76.2667,0.000476221269563
1575,hepatitis_a_probable,2023-10-12,Kerala,Kasaragod,Manjeshwaram,12.7167,74.8833,0.0123151441850774
1576,hepatitis_a_probable,2023-10-13,Kerala,Thrissur,Chalakudy,10.3,76.3333,0.0
1576,hepatitis_a_probable,2023-10-18,Kerala,Ernakulam,Aluva,10.1075,76.3516,0.0023952290030836
1577,hepatitis_a_probable,2023-10-13,Kerala,Ernakulam,Kothamangalam,10.0667,76.6333,0.0
1577,hepatitis_a_probable,2023-10-17,Kerala,Ernakulam,Kothamangalam,10.0667,76.6333,0.0
1578,hepatitis_a_probable,2023-10-13,Kerala,Alappuzha,Kuttanad,9.5833,76.4167,0.0
1578,hepatitis_a_probable,2023-10-14,Kerala,Alappuzha,Karthikappally,9.2833,76.4667,0.0
1578,hepatitis_a_probable,2023-10-17,Kerala,Kottayam,Changanassery,9.45,76.5333,0.0
1579,hepatitis_a_probable,2023-10-14,Kerala,Thiruvananthapuram,Varkala,8.7379,76.7163,0.0015318558262714
1580,hepatitis_a_probable,2023-10-15,Kerala,Palakkad,Pattambi,10.8,76.2,0.0233908802459074
1580,hepatitis_a_probable,2023-10-21,Kerala,Thrissur,Kunnamkulam,10.65,76.0667,0.0
1581,hepatitis_a_probable,2023-10-15,Kerala,Kollam,Kunnathoor,9.0292,76.627,0.0
1582,hepatitis_a_probable,2023-10-16,Kerala,Kasaragod,Hosdurg,12.3167,75.1,0.0
1583,hepatitis_a_probable,2023-10-20,Kerala,Kannur,Iritty,11.9333,75.7,0.0
1584,hepatitis_a_probable,2023-11-04,Kerala,Ernakulam,Aluva,10.1075,76.3516,0.0
1585,hepatitis_a_probable,2023-11-11,Kerala,Palakkad,Ottapalam,10.7667,76.3667,0.0
1585,hepatitis_a_probable,2023-11-21,Kerala,Palakkad,Alathur,10.6333,76.55,0.0
1585,hepatitis_a_probable,2023-11-25,Kerala,Palakkad,Ottapalam,10.7667,76.3667,0.0
1585,hepatitis_a_probable,2023-11-26,Kerala,Thrissur,Talappilly,10.6667,76.25,0.0033593329523495
1586,hepatitis_a_probable,2023-11-22,Kerala,Thrissur,Chalakudy,10.3,76.3333,0.0540994851232343
1587,hepatitis_a_probable,2023-11-23,Kerala,Alappuzha,Karthikappally,9.2833,76.4667,0.0
1588,hepatitis_a_probable,2023-12-09,Kerala,Alappuzha,Chenganoor,9.3167,76.6167,0.0005240559405665
1589,hepatitis_a_probable,2023-12-30,Kerala,Thrissur,Chavakkad,10.5833,76.0167,0.0
1590,hepatitis_a_probable,2023-12-31,Kerala,Kasaragod,Kasaragod,12.5035577,74.9907022,0.0
1591,hepatitis_a_probable,2023-12-31,Kerala,Alappuzha,Mavelikkara,9.2667,76.55,0.0029581696986376
1592,hepatitis_a_probable,2024-02-03,Kerala,Malappuram,Kondotty,11.15,75.9667,0.000846551903992
1593,hepatitis_a_probable,2024-03-04,Kerala,Malappuram,Nilambur,11.2833,76.2333,0.0
1594,hepatitis_a_probable,2024-03-04,Kerala,Wayanad,Vythiri,11.6226,76.0813,4.031199542819508e-05
1595,hepatitis_a_probable,2024-03-05,Kerala,Kollam,Kottarakkara,9.0002,76.7788,0.0
1596,hepatitis_a_probable,2024-03-05,Kerala,Kannur,Iritty,11.9333,75.7,0.1496838198043326
1597,hepatitis_a_probable,2024-03-23,Kerala,Idukki,Devikulam,10.0667,77.1,0.0
1598,hepatitis_a_probable,2024-04-07,Kerala,Alappuzha,Kuttanad,9.5833,76.4167,0.0
1599,hepatitis_a_probable,2024-04-07,Kerala,Kottayam,Kottayam,9.6287383,76.64553257,0.0010884238765612
1600,hepatitis_a_probable,2024-04-08,Kerala,Thiruvananthapuram,Varkala,8.7379,76.7163,0.0
1601,hepatitis_a_probable,2024-09-10,Kerala,Kozhikode,Kozhikode,11.2450558,75.7754716,0.0
1602,hepatitis_a_probable,2024-10-14,Kerala,Kasaragod,Nileshwaram,12.25,75.1,0.0
1603,hepatitis_a_probable,2024-10-14,Kerala,Thrissur,Kunnamkulam,10.65,76.0667,0.0
1603,hepatitis_a_probable,2024-10-18,Kerala,Palakkad,Pattambi,10.8,76.2,0.0001457707419223
1604,hepatitis_a_probable,2024-10-16,Kerala,Kozhikode,Kozhikode,11.2450558,75.7754716,0.0127676017121333
1605,hepatitis_a_probable,2024-10-16,Kerala,Thrissur,Chalakudy,10.3,76.3333,0.106536246829639
1606,hepatitis_a_probable,2024-10-18,Kerala,Kannur,Iritty,11.9333,75.7,0.0
1607,hepatitis_a_probable,2024-11-22,Kerala,Thrissur,Chalakudy,10.3,76.3333,0.0
1608,hepatitis_a_probable,2024-11-22,Kerala,Alappuzha,Kuttanad,9.5833,76.4167,0.0
1608,hepatitis_a_probable,2024-11-22,Kerala,Alappuzha,Ambalappuzha,9.5006651,76.41241429,0.0
1609,hepatitis_a_probable,2024-11-24,Kerala,Kozhikode,Kozhikode,11.2450558,75.7754716,0.0
1610,hepatitis_b,2020-05-01,Kerala,Ernakulam,North Paravur,10.1333,76.2,0.0
1610,hepatitis_b,2020-05-05,Kerala,Ernakulam,Kanayannur,9.98408,76.2741457,0.0
1611,hepatitis_b,2020-05-02,Kerala,Pathanamthitta,Ranni,9.3833,76.9667,0.0
1611,hepatitis_b,2020-05-03,Kerala,Idukki,Peerumade,9.5667,76.9667,0.0
1611,hepatitis_b,2020-05-05,Kerala,Idukki,Peerumade,9.5667,76.9667,0.0
1611,hepatitis_b,2020-05-06,Kerala,Pathanamthitta,Kozhenchery,9.2780841,76.9737443,0.0
1612,hepatitis_b,2020-05-02,Kerala,Kottayam,Changanassery,9.45,76.5333,0.0
1612,hepatitis_b,2020-05-04,Kerala,Alappuzha,Mavelikkara,9.2667,76.55,0.0
1613,hepatitis_b,2020-05-03,Kerala,Palakkad,Mannarkkad,11.0,76.4667,0.0
1614,hepatitis_b,2020-05-03,Kerala,Thrissur,Thrissur,10.5256264,76.2132542,0.0
1615,hepatitis_b,2020-05-03,Kerala,Thiruvananthapuram,Neyyattinkara,8.4004,77.0872,0.0
1616,hepatitis_b,2020-05-04,Kerala,Kannur,Payyanur,12.1,75.2,0.0
1617,hepatitis_b,2020-05-07,Kerala,Kasaragod,Hosdurg,12.3167,75.1,0.0
1618,hepatitis_b,2020-06-07,Kerala,Kollam,Pathanapuram,9.1,76.87,0.0
1618,hepatitis_b,2020-06-08,Kerala,Kollam,Pathanapuram,9.1,76.87,0.2488642751701248
1619,hepatitis_b,2020-06-07,Kerala,Wayanad,Mananthavady,11.8,76.0,0.0
1620,hepatitis_b,2020-06-08,Kerala,Alappuzha,Ambalappuzha,9.5006651,76.41241429,0.0
1620,hepatitis_b,2020-06-10,Kerala,Alappuzha,Ambalappuzha,9.5006651,76.41241429,0.0012873564928459
1620,hepatitis_b,2020-06-10,Kerala,Alappuzha,Cherthala,9.6833,76.3333,0.0
1621,hepatitis_b,2020-06-08,Kerala,Kasaragod,Vellarikundu,12.4167,75.2333,0.0
1622,hepatitis_b,2020-06-09,Kerala,Idukki,Idukki,9.8497872,76.9797914,0.0
1622,hepatitis_b,2020-06-09,Kerala,Idukki,Udumbanchola,9.8333,77.1333,0.0
1623,hepatitis_b,2020-06-09,Kerala,Ernakulam,Aluva,10.1075,76.3516,0.0
1624,hepatitis_b,2020-06-09,Kerala,Palakkad,Chittur,10.7,76.75,0.0
1625,hepatitis_b,2020-06-10,Kerala,Kollam,Karunagappally,9.0574,76.5334,0.0
1626,hepatitis_b,2020-06-11,Kerala,Palakkad,Mannarkkad,11.0,76.4667,0.0
1627,hepatitis_b,2020-06-11,Kerala,Ernakulam,Kothamangalam,10.0667,76.6333,0.0
1628,hepatitis_b,2020-06-12,Kerala,Kannur,Kannur,11.8763836,75.3737973,0.0
1629,hepatitis_b,2020-10-13,Kerala,Thrissur,Mukundapuram,10.3333,76.2167,0.0
1630,hepatitis_b,2020-10-14,Kerala,Kollam,Punalur,9.0089,76.9269,0.0
1631,hepatitis_b,2020-10-16,Kerala,Kozhikode,Koyilandy,11.4333,75.7,0.0
1631,hepatitis_b,2020-10-17,Kerala,Kozhikode,Koyilandy,11.4333,75.7,0.0001033066529982
1632,hepatitis_b,2020-10-16,Kerala,Malappuram,Ponnani,10.7667,75.9167,0.0
1633,hepatitis_b,2020-10-16,Kerala,Thiruvananthapuram,Varkala,8.7379,76.7163,0.0
1634,hepatitis_b,2020-10-18,Kerala,Alappuzha,Ambalappuzha,9.5006651,76.41241429,0.0
1635,hepatitis_b,2020-10-19,Kerala,Idukki,Devikulam,10.0667,77.1,0.0
1636,hepatitis_b,2020-11-19,Kerala,Malappuram,Ponnani,10.7667,75.9167,0.0006551215116454
1636,hepatitis_b,2020-11-26,Kerala,Palakkad,Ottapalam,10.7667,76.3667,0.0
1636,hepatitis_b,2020-11-27,Kerala,Thrissur,Talappilly,10.6667,76.25,0.0
1636,hepatitis_b,2020-11-27,Kerala,Palakkad,Palakkad,10.78789845,76.47408711,0.0
1636,hepatitis_b,2020-11-28,Kerala,Thrissur,Kunnamkulam,10.65,76.0667,0.0
1636,hepatitis_b,2020-11-30,Kerala,Palakkad,Pattambi,10.8,76.2,0.0
1637,hepatitis_b,2020-11-21,Kerala,Idukki,Devikulam,10.0667,77.1,0.0
1638,hepatitis_b,2020-11-22,Kerala,Alappuzha,Karthikappally,9.2833,76.4667,0.0
1638,hepatitis_b,2020-11-23,Kerala,Alappuzha,Chenganoor,9.3167,76.6167,0.0
1638,hepatitis_b,2020-11-25,Kerala,Pathanamthitta,Adoor,9.1667,76.7333,0.0
1639,hepatitis_b,2020-11-23,Kerala,Idukki,Peerumade,9.5667,76.9667,5.758856489742153e-05
1640,hepatitis_b,2020-11-23,Kerala,Kannur,Thalassery,11.75,75.4833,0.0
1641,hepatitis_b,2020-11-25,Kerala,Thrissur,Kodungallur,10.2333,76.2,0.0
1641,hepatitis_b,2020-11-29,Kerala,Ernakulam,Aluva,10.1075,76.3516,0.0
1642,hepatitis_b,2020-11-26,Kerala,Idukki,Thodupuzha,9.8955,76.7241,0.0
1643,hepatitis_b,2020-11-28,Kerala,Kannur,Payyanur,12.1,75.2,0.0
1644,hepatitis_b,2020-11-28,Kerala,Idukki,Udumbanchola,9.8333,77.1333,0.0
1645,hepatitis_b,2020-11-29,Kerala,Thiruvananthapuram,Chirayinkeezhu,8.6963,76.8153,0.0
1646,hepatitis_b,2021-05-02,Kerala,Kozhikode,Thamarassery,11.2667,75.9333,0.0
1647,hepatitis_b,2021-05-03,Kerala,Alappuzha,Mavelikkara,9.2667,76.55,0.0
1648,hepatitis_b,2021-05-03,Kerala,Thiruvananthapuram,Neyyattinkara,8.4004,77.0872,0.0396726826397155
1648,hepatitis_b,2021-05-05,Kerala,Thiruvananthapuram,Neyyattinkara,8.4004,77.0872,0.0
1649,hepatitis_b,2021-05-04,Kerala,Alappuzha,Kuttanad,9.5833,76.4167,0.0
1650,hepatitis_b,2021-05-04,Kerala,Ernakulam,Kanayannur,9.98408,76.2741457,0.0003099199589947
1650,hepatitis_b,2021-05-05,Kerala,Ernakulam,Aluva,10.1075,76.3516,0.0
1651,hepatitis_b,2021-05-05,Kerala,Kannur,Payyanur,12.1,75.2,0.0716844451242477
1652,hepatitis_b,2021-05-06,Kerala,Kollam,Kunnathoor,9.0292,76.627,0.0
1653,hepatitis_b,2021-05-07,Kerala,Kannur,Thalassery,11.75,75.4833,0.0
1654,hepatitis_b,2021-06-07,Kerala,Malappuram,Ponnani,10.7667,75.9167,0.0
1654,hepatitis_b,2021-06-08,Kerala,Malappuram,Ponnani,10.7667,75.9167,0.0005531301377766
1654,hepatitis_b,2021-06-11,Kerala,Malappuram,Ponnani,10.7667,75.9167,0.0
1655,hepatitis_b,2021-06-07,Kerala,Thrissur,Chalakudy,10.3,76.3333,0.0
1655,hepatitis_b,2021-06-08,Kerala,Thrissur,Mukundapuram,10.3333,76.2167,0.0051427073054791
1655,hepatitis_b,2021-06-10,Kerala,Ernakulam,Aluva,10.1075,76.3516,4.031199542819508e-05
1656,hepatitis_b,2021-06-08,Kerala,Wayanad,Vythiri,11.6226,76.0813,0.0
1656,hepatitis_b,2021-06-08,Kerala,Wayanad,Mananthavady,11.8,76.0,0.0004178492771592
1657,hepatitis_b,2021-06-09,Kerala,Kottayam,Vaikom,9.75,76.4,0.0
1658,hepatitis_b,2021-06-10,Kerala,Kottayam,Kanjirappally,9.5667,76.7833,0.0
1659,hepatitis_b,2021-06-11,Kerala,Alappuzha,Chenganoor,9.3167,76.6167,0.0
1660,hepatitis_b,2021-06-11,Kerala,Thiruvananthapuram,Neyyattinkara,8.4004,77.0872,1.0481118811330718e-05
1660,hepatitis_b,2021-06-12,Kerala,Thiruvananthapuram,Nedumangad,8.6036,77.0031,0.0
1661,hepatitis_b,2021-10-13,Kerala,Ernakulam,Kanayannur,9.98408,76.2741457,0.9316078504421248
1662,hepatitis_b,2021-10-13,Kerala,Thrissur,Chavakkad,10.5833,76.0167,0.0
1663,hepatitis_b,2021-10-14,Kerala,Thrissur,Mukundapuram,10.3333,76.2167,0.0
1664,hepatitis_b,2021-10-16,Kerala,Kasaragod,Nileshwaram,12.25,75.1,0.0
1665,hepatitis_b,2021-10-18,Kerala,Kannur,Taliparamba,12.0333,75.35,0.0
1666,hepatitis_b,2021-10-18,Kerala,Kottayam,Meenachil,9.7167,76.6833,0.0
1667,hepatitis_b,2021-10-18,Kerala,Kozhikode,Kozhikode,11.2450558,75.7754716,0.0
1668,hepatitis_b,2021-10-18,Kerala,Idukki,Devikulam,10.0667,77.1,2.015599771409754e-05
1669,hepatitis_b,2021-11-19,Kerala,Kollam,Kollam,8.8879509,76.5955013,0.0
1670,hepatitis_b,2021-11-21,Kerala,Thrissur,Mukundapuram,10.3333,76.2167,0.2169666990940632
1670,hepatitis_b,2021-11-22,Kerala,Thrissur,Kodungallur,10.2333,76.2,0.0
1670,hepatitis_b,2021-11-23,Kerala,Ernakulam,North Paravur,10.1333,76.2,0.1133642616260289
1670,hepatitis_b,2021-11-30,Kerala,Thrissur,Mukundapuram,10.3333,76.2167,0.0001814204493033
1671,hepatitis_b,2021-11-22,Kerala,Wayanad,Vythiri,11.6226,76.0813,0.0006941759066305
1672,hepatitis_b,2021-11-22,Kerala,Kozhikode,Koyilandy,11.4333,75.7,0.1216297303504412
1672,hepatitis_b,2021-11-26,Kerala,Kozhikode,Vadakara,11.6,75.5833,0.0
1673,hepatitis_b,2021-11-22,Kerala,Palakkad,Pattambi,10.8,76.2,0.9999999983333334
1673,hepatitis_b,2021-11-24,Kerala,Thrissur,Talappilly,10.6667,76.25,0.00040122488706
1673,hepatitis_b,2021-11-26,Kerala,Malappuram,Ponnani,10.7667,75.9167,8.062399085639016e-05
1673,hepatitis_b,2021-11-30,Kerala,Thrissur,Kunnamkulam,10.65,76.0667,0.0
1674,hepatitis_b,2021-11-22,Kerala,Alappuzha,Kuttanad,9.5833,76.4167,0.0143295340644569
1674,hepatitis_b,2021-11-22,Kerala,Alappuzha,Kuttanad,9.5833,76.4167,0.0023736020403776
1674,hepatitis_b,2021-11-26,Kerala,Alappuzha,Cherthala,9.6833,76.3333,0.0
1675,hepatitis_b,2021-11-24,Kerala,Ernakulam,Kunnathunad,10.1167,76.4833,0.0
1676,hepatitis_b,2021-11-27,Kerala,Kottayam,Kottayam,9.6287383,76.64553257,0.0
1677,hepatitis_b,2021-11-28,Kerala,Thiruvananthapuram,Nedumangad,8.6036,77.0031,0.0013398231233672
1678,hepatitis_b,2021-11-30,Kerala,Palakkad,Mannarkkad,11.0,76.4667,0.0
1679,hepatitis_b,2022-05-01,Kerala,Kannur,Iritty,11.9333,75.7,0.0
1680,hepatitis_b,2022-05-01,Kerala,Malappuram,Perinthalmanna,10.9667,76.2167,0.0
1680,hepatitis_b,2022-05-03,Kerala,Malappuram,Ernad,11.1201,76.1197,0.0
1680,hepatitis_b,2022-05-06,Kerala,Malappuram,Ernad,11.1201,76.1197,0.0121305137861437
1681,hepatitis_b,2022-05-02,Kerala,Kannur,Taliparamba,12.0333,75.35,0.0052747831597178
1682,hepatitis_b,2022-05-02,Kerala,Alappuzha,Kuttanad,9.5833,76.4167,0.0
1683,hepatitis_b,2022-05-03,Kerala,Thiruvananthapuram,Neyyattinkara,8.4004,77.0872,0.0
1684,hepatitis_b,2022-05-04,Kerala,Kozhikode,Koyilandy,11.4333,75.7,0.0
1685,hepatitis_b,2022-05-05,Kerala,Alappuzha,Chenganoor,9.3167,76.6167,0.0
1686,hepatitis_b,2022-05-06,Kerala,Kollam,Karunagappally,9.0574,76.5334,0.0
1687,hepatitis_b,2022-05-06,Kerala,Kasaragod,Hosdurg,12.3167,75.1,0.0009876438879907
1688,hepatitis_b,2022-06-07,Kerala,Idukki,Thodupuzha,9.8955,76.7241,0.0
1689,hepatitis_b,2022-06-07,Kerala,Thrissur,Kodungallur,10.2333,76.2,0.2707124107481421
1690,hepatitis_b,2022-06-07,Kerala,Malappuram,Kondotty,11.15,75.9667,0.0
1690,hepatitis_b,2022-06-10,Kerala,Malappuram,Tirurangadi,11.0,75.9333,0.0
1691,hepatitis_b,2022-06-07,Kerala,Pathanamthitta,Mallappally,9.3833,76.6833,0.0
1692,hepatitis_b,2022-06-07,Kerala,Kottayam,Kottayam,9.6287383,76.64553257,0.7868601586336487
1693,hepatitis_b,2022-06-08,Kerala,Palakkad,Mannarkkad,11.0,76.4667,0.0
1694,hepatitis_b,2022-06-09,Kerala,Wayanad,Mananthavady,11.8,76.0,0.0
1694,hepatitis_b,2022-06-11,Kerala,Wayanad,Vythiri,11.6226,76.0813,0.9999999983333334
1695,hepatitis_b,2022-06-09,Kerala,Kannur,Kannur,11.8763836,75.3737973,0.0
1696,hepatitis_b,2022-10-13,Kerala,Thrissur,Talappilly,10.6667,76.25,0.0006479001054031
1697,hepatitis_b,2022-10-13,Kerala,Idukki,Udumbanchola,9.8333,77.1333,0.0
1698,hepatitis_b,2022-10-13,Kerala,Ernakulam,Aluva,10.1075,76.3516,4.031199542819508e-05
1698,hepatitis_b,2022-10-14,Kerala,Ernakulam,Kunnathunad,10.1167,76.4833,0.0031105695798727
1698,hepatitis_b,2022-10-14,Kerala,Ernakulam,Kothamangalam,10.0667,76.6333,0.0138667501267032
1698,hepatitis_b,2022-10-15,Kerala,Ernakulam,Kanayannur,9.98408,76.2741457,0.0
1698,hepatitis_b,2022-10-15,Kerala,Ernakulam,Muvattupuzha,9.9833,76.5833,0.0
1698,hepatitis_b,2022-10-17,Kerala,Ernakulam,North Paravur,10.1333,76.2,0.0
1699,hepatitis_b,2022-10-14,Kerala,Kannur,Taliparamba,12.0333,75.35,0.0
1700,hepatitis_b,2022-10-14,Kerala,Kasaragod,Vellarikundu,12.4167,75.2333,0.3373685072099475
1701,hepatitis_b,2022-10-14,Kerala,Idukki,Devikulam,10.0667,77.1,8.868638994202917e-05
1701,hepatitis_b,2022-10-19,Kerala,Idukki,Devikulam,10.0667,77.1,0.0
1702,hepatitis_b,2022-10-14,Kerala,Palakkad,Palakkad,10.78789845,76.47408711,0.0
1703,hepatitis_b,2022-10-15,Kerala,Wayanad,Mananthavady,11.8,76.0,0.0031367867000124
1704,hepatitis_b,2022-10-16,Kerala,Kollam,Kollam,8.8879509,76.5955013,4.031199542819508e-05
1705,hepatitis_b,2022-11-20,Kerala,Kollam,Kottarakkara,9.0002,76.7788,0.0
1705,hepatitis_b,2022-11-28,Kerala,Kollam,Kottarakkara,9.0002,76.7788,0.1122674434954859
1706,hepatitis_b,2022-11-20,Kerala,Thrissur,Thrissur,10.5256264,76.2132542,2.5412796615889437e-05
1706,hepatitis_b,2022-11-22,Kerala,Thrissur,Thrissur,10.5256264,76.2132542,0.0079540293242834
1707,hepatitis_b,2022-11-23,Kerala,Kozhikode,Thamarassery,11.2667,75.9333,0.1736975749277623
1707,hepatitis_b,2022-11-29,Kerala,Kozhikode,Kozhikode,11.2450558,75.7754716,4.031199542819508e-05
1708,hepatitis_b,2022-11-25,Kerala,Idukki,Thodupuzha,9.8955,76.7241,0.0052221352395126
1709,hepatitis_b,2022-11-26,Kerala,Kasaragod,Manjeshwaram,12.7167,74.8833,0.0
1710,hepatitis_b,2022-11-26,Kerala,Thiruvananthapuram,Nedumangad,8.6036,77.0031,0.0
1711,hepatitis_b,2022-11-26,Kerala,Alappuzha,Karthikappally,9.2833,76.4667,0.526378051534963
1712,hepatitis_b,2022-11-28,Kerala,Ernakulam,Kunnathunad,10.1167,76.4833,0.0
1713,hepatitis_b,2023-05-01,Kerala,Ernakulam,Kunnathunad,10.1167,76.4833,0.0055223029320109
1713,hepatitis_b,2023-05-06,Kerala,Ernakulam,Muvattupuzha,9.9833,76.5833,0.0
1714,hepatitis_b,2023-05-01,Kerala,Palakkad,Chittur,10.7,76.75,0.0223935857741974
1715,hepatitis_b,2023-05-02,Kerala,Kannur,Iritty,11.9333,75.7,0.9999999983333334
1716,hepatitis_b,2023-05-03,Kerala,Thrissur,Thrissur,10.5256264,76.2132542,0.0402820938986409
1717,hepatitis_b,2023-05-04,Kerala,Ernakulam,North Paravur,10.1333,76.2,0.0017898525970118
1718,hepatitis_b,2023-05-06,Kerala,Alappuzha,Mavelikkara,9.2667,76.55,0.0
1719,hepatitis_b,2023-05-07,Kerala,Palakkad,Mannarkkad,11.0,76.4667,0.0002015599771409
1720,hepatitis_b,2023-06-08,Kerala,Thiruvananthapuram,Varkala,8.7379,76.7163,0.7750890559686158
1721,hepatitis_b,2023-06-09,Kerala,Kottayam,Kottayam,9.6287383,76.64553257,0.0
1721,hepatitis_b,2023-06-12,Kerala,Kottayam,Meenachil,9.7167,76.6833,0.0479272228572812
1722,hepatitis_b,2023-06-12,Kerala,Pathanamthitta,Konni,9.2667,76.9333,0.0001573867237829
1723,hepatitis_b,2023-10-13,Kerala,Kasaragod,Vellarikundu,12.4167,75.2333,0.0
1723,hepatitis_b,2023-10-18,Kerala,Kasaragod,Hosdurg,12.3167,75.1,7.946393343399603e-05
1724,hepatitis_b,2023-10-13,Kerala,Kannur,Taliparamba,12.0333,75.35,8.958221206265572e-05
1725,hepatitis_b,2023-10-14,Kerala,Kollam,Kollam,8.8879509,76.5955013,0.0013562292185916
1726,hepatitis_b,2023-10-15,Kerala,Wayanad,Mananthavady,11.8,76.0,0.0099273331542006
1727,hepatitis_b,2023-10-16,Kerala,Pathanamthitta,Adoor,9.1667,76.7333,0.0074980311496442
1727,hepatitis_b,2023-10-16,Kerala,Pathanamthitta,Konni,9.2667,76.9333,0.1903419370174551
1728,hepatitis_b,2023-10-16,Kerala,Kasaragod,Manjeshwaram,12.7167,74.8833,0.0304264479339716
1728,hepatitis_b,2023-10-16,Kerala,Kasaragod,Manjeshwaram,12.7167,74.8833,0.0082628550933497
1729,hepatitis_b,2023-10-18,Kerala,Thrissur,Talappilly,10.6667,76.25,0.0665643014924564
1730,hepatitis_b,2023-10-19,Kerala,Kannur,Iritty,11.9333,75.7,0.0
1731,hepatitis_b,2023-11-19,Kerala,Ernakulam,Aluva,10.1075,76.3516,0.0156542104451134
1731,hepatitis_b,2023-11-21,Kerala,Ernakulam,Kochi,9.9312,76.2673,4.8374394513834085e-05
1731,hepatitis_b,2023-11-21,Kerala,Ernakulam,Kothamangalam,10.0667,76.6333,0.0035703879507229
1731,hepatitis_b,2023-11-26,Kerala,Idukki,Thodupuzha,9.8955,76.7241,0.0009394793973048
1731,hepatitis_b,2023-11-28,Kerala,Ernakulam,Kunnathunad,10.1167,76.4833,0.0
1732,hepatitis_b,2023-11-20,Kerala,Kozhikode,Vadakara,11.6,75.5833,0.0021770197062467
1733,hepatitis_b,2023-11-20,Kerala,Alappuzha,Mavelikkara,9.2667,76.55,0.0112546069872927
1734,hepatitis_b,2023-11-20,Kerala,Idukki,Peerumade,9.5667,76.9667,0.0
1735,hepatitis_b,2023-11-22,Kerala,Thiruvananthapuram,Chirayinkeezhu,8.6963,76.8153,0.0
1736,hepatitis_b,2023-11-23,Kerala,Thrissur,Chavakkad,10.5833,76.0167,0.0
1737,hepatitis_b,2023-11-26,Kerala,Kasaragod,Nileshwaram,12.25,75.1,1.400927817691882e-05
1738,hepatitis_b,2023-11-30,Kerala,Palakkad,Mannarkkad,11.0,76.4667,0.0
1739,hepatitis_b,2024-05-02,Kerala,Kasaragod,Nileshwaram,12.25,75.1,0.0
1739,hepatitis_b,2024-05-04,Kerala,Kannur,Payyanur,12.1,75.2,0.0
1740,hepatitis_b,2024-05-05,Kerala,Idukki,Idukki,9.8497872,76.9797914,0.0257363526779898
1741,hepatitis_b,2024-05-05,Kerala,Thrissur,Chalakudy,10.3,76.3333,0.0
1741,hepatitis_b,2024-05-06,Kerala,Thrissur,Chalakudy,10.3,76.3333,0.002160968547624
1742,hepatitis_b,2024-05-06,Kerala,Thrissur,Chavakkad,10.5833,76.0167,0.9999999983333334
1743,hepatitis_b,2024-05-06,Kerala,Thiruvananthapuram,Thiruvananthapuram,8.4882267,76.947551,0.0
1744,hepatitis_b,2024-06-07,Kerala,Alappuzha,Chenganoor,9.3167,76.6167,0.0002149973089503
1744,hepatitis_b,2024-06-11,Kerala,Alappuzha,Mavelikkara,9.2667,76.55,0.0737642907043117
1745,hepatitis_b,2024-06-09,Kerala,Ernakulam,Aluva,10.1075,76.3516,0.0
1745,hepatitis_b,2024-06-11,Kerala,Ernakulam,North Paravur,10.1333,76.2,0.0
1745,hepatitis_b,2024-06-11,Kerala,Ernakulam,Kunnathunad,10.1167,76.4833,0.8655368963170544
1746,hepatitis_b,2024-06-12,Kerala,Idukki,Peerumade,9.5667,76.9667,4.031199542819508e-05
1747,hepatitis_b,2024-10-15,Kerala,Alappuzha,Mavelikkara,9.2667,76.55,0.0
1747,hepatitis_b,2024-10-15,Kerala,Alappuzha,Chenganoor,9.3167,76.6167,7.329453714217287e-05
1748,hepatitis_b,2024-10-17,Kerala,Kollam,Punalur,9.0089,76.9269,0.0019342971759781
1749,hepatitis_b,2024-10-19,Kerala,Palakkad,Alathur,10.6333,76.55,0.0
1750,hepatitis_b,2024-11-19,Kerala,Wayanad,Mananthavady,11.8,76.0,0.001024359088512
1751,hepatitis_b,2024-11-21,Kerala,Alappuzha,Mavelikkara,9.2667,76.55,0.0
1752,hepatitis_b,2024-11-29,Kerala,Thiruvananthapuram,Varkala,8.7379,76.7163,0.0096345669073386
1753,hepatitis_c,2020-01-01,Kerala,Pathanamthitta,Mallappally,9.3833,76.6833,0.0
1754,hepatitis_c,2020-01-02,Kerala,Kollam,Kottarakkara,9.0002,76.7788,0.0
1755,hepatitis_c,2020-07-06,Kerala,Kottayam,Kottayam,9.6287383,76.64553257,0.0
1756,hepatitis_c,2020-07-07,Kerala,Kottayam,Vaikom,9.75,76.4,0.0
1757,hepatitis_c,2020-07-07,Kerala,Pathanamthitta,Mallappally,9.3833,76.6833,0.0
1758,hepatitis_c,2020-07-07,Kerala,Idukki,Idukki,9.8497872,76.9797914,0.0
1759,hepatitis_c,2020-07-08,Kerala,Thrissur,Thrissur,10.5256264,76.2132542,0.0
1759,hepatitis_c,2020-07-08,Kerala,Thrissur,Kunnamkulam,10.65,76.0667,0.0
1760,hepatitis_c,2020-07-08,Kerala,Kozhikode,Koyilandy,11.4333,75.7,0.0
1761,hepatitis_c,2020-09-10,Kerala,Kannur,Payyanur,12.1,75.2,0.0
1762,hepatitis_c,2020-09-11,Kerala,Ernakulam,Muvattupuzha,9.9833,76.5833,0.0
1763,hepatitis_c,2020-09-11,Kerala,Kasaragod,Vellarikundu,12.4167,75.2333,0.0
1764,hepatitis_c,2020-09-11,Kerala,Kottayam,Meenachil,9.7167,76.6833,0.0
1765,hepatitis_c,2020-09-12,Kerala,Thrissur,Chavakkad,10.5833,76.0167,0.0
1766,hepatitis_c,2020-09-12,Kerala,Kollam,Punalur,9.0089,76.9269,0.0
1767,hepatitis_c,2020-09-12,Kerala,Idukki,Peerumade,9.5667,76.9667,0.0
1768,hepatitis_c,2020-09-13,Kerala,Palakkad,Mannarkkad,11.0,76.4667,0.0
1769,hepatitis_c,2020-10-15,Kerala,Ernakulam,Kothamangalam,10.0667,76.6333,0.0
1769,hepatitis_c,2020-10-17,Kerala,Idukki,Thodupuzha,9.8955,76.7241,0.0
1770,hepatitis_c,2020-10-16,Kerala,Kasaragod,Kasaragod,12.5035577,74.9907022,0.0
1771,hepatitis_c,2020-10-16,Kerala,Kannur,Payyanur,12.1,75.2,0.0461432737653134
1772,hepatitis_c,2020-10-16,Kerala,Malappuram,Tirur,10.9167,75.9167,0.0
1773,hepatitis_c,2020-10-17,Kerala,Kottayam,Kanjirappally,9.5667,76.7833,0.0
1774,hepatitis_c,2020-10-19,Kerala,Idukki,Idukki,9.8497872,76.9797914,0.0
1775,hepatitis_c,2020-10-20,Kerala,Pathanamthitta,Kozhenchery,9.2780841,76.9737443,0.0
1776,hepatitis_c,2020-10-21,Kerala,Thiruvananthapuram,Neyyattinkara,8.4004,77.0872,0.0
1777,hepatitis_c,2020-10-22,Kerala,Malappuram,Nilambur,11.2833,76.2333,0.0
1778,hepatitis_c,2020-10-22,Kerala,Thrissur,Thrissur,10.5256264,76.2132542,0.1776831657033558
1779,hepatitis_c,2020-11-22,Kerala,Kannur,Iritty,11.9333,75.7,0.0
1780,hepatitis_c,2020-11-24,Kerala,Thrissur,Thrissur,10.5256264,76.2132542,0.0
1780,hepatitis_c,2020-11-29,Kerala,Thrissur,Thrissur,10.5256264,76.2132542,0.0
1781,hepatitis_c,2020-11-27,Kerala,Kasaragod,Nileshwaram,12.25,75.1,0.0
1782,hepatitis_c,2020-12-30,Kerala,Wayanad,Vythiri,11.6226,76.0813,0.0
1783,hepatitis_c,2020-12-30,Kerala,Kollam,Karunagappally,9.0574,76.5334,0.0
1784,hepatitis_c,2021-01-02,Kerala,Ernakulam,North Paravur,10.1333,76.2,0.0
1785,hepatitis_c,2021-03-03,Kerala,Wayanad,Sulthan Bathery,11.6667,76.2667,0.0
1786,hepatitis_c,2021-03-03,Kerala,Kasaragod,Nileshwaram,12.25,75.1,0.0046034913783459
1787,hepatitis_c,2021-03-03,Kerala,Kannur,Taliparamba,12.0333,75.35,0.0
1788,hepatitis_c,2021-06-05,Kerala,Pathanamthitta,Ranni,9.3833,76.9667,0.0
1789,hepatitis_c,2021-07-07,Kerala,Palakkad,Mannarkkad,11.0,76.4667,0.9999999983333334
1790,hepatitis_c,2021-07-07,Kerala,Thiruvananthapuram,Nedumangad,8.6036,77.0031,0.0
1791,hepatitis_c,2021-07-07,Kerala,Kozhikode,Kozhikode,11.2450558,75.7754716,0.0
1792,hepatitis_c,2021-07-08,Kerala,Palakkad,Pattambi,10.8,76.2,0.0
1793,hepatitis_c,2021-09-09,Kerala,Thiruvananthapuram,Nedumangad,8.6036,77.0031,0.0087142881461507
1794,hepatitis_c,2021-09-09,Kerala,Wayanad,Sulthan Bathery,11.6667,76.2667,0.0
1795,hepatitis_c,2021-09-12,Kerala,Kollam,Pathanapuram,9.1,76.87,0.0
1796,hepatitis_c,2021-09-13,Kerala,Idukki,Devikulam,10.0667,77.1,0.0
1797,hepatitis_c,2021-10-15,Kerala,Alappuzha,Chenganoor,9.3167,76.6167,0.0
1798,hepatitis_c,2021-10-16,Kerala,Palakkad,Palakkad,10.78789845,76.47408711,0.0
1799,hepatitis_c,2021-10-16,Kerala,Pathanamthitta,Konni,9.2667,76.9333,0.0
1800,hepatitis_c,2021-10-18,Kerala,Thiruvananthapuram,Kattakkada,8.5667,77.1,0.0
1801,hepatitis_c,2021-10-19,Kerala,Thiruvananthapuram,Chirayinkeezhu,8.6963,76.8153,0.0
1802,hepatitis_c,2021-10-20,Kerala,Kozhikode,Vadakara,11.6,75.5833,0.0
1803,hepatitis_c,2021-10-21,Kerala,Thrissur,Chalakudy,10.3,76.3333,0.0
1804,hepatitis_c,2021-10-21,Kerala,Ernakulam,Kunnathunad,10.1167,76.4833,0.0
1805,hepatitis_c,2021-11-24,Kerala,Alappuzha,Cherthala,9.6833,76.3333,0.0
1806,hepatitis_c,2022-01-01,Kerala,Thrissur,Mukundapuram,10.3333,76.2167,0.00462364737606
1806,hepatitis_c,2022-01-01,Kerala,Thrissur,Mukundapuram,10.3333,76.2167,0.0
1807,hepatitis_c,2022-01-02,Kerala,Kannur,Thalassery,11.75,75.4833,0.0
1808,hepatitis_c,2022-03-03,Kerala,Pathanamthitta,Ranni,9.3833,76.9667,0.0039032954727235
1809,hepatitis_c,2022-03-04,Kerala,Kottayam,Meenachil,9.7167,76.6833,0.0
1810,hepatitis_c,2022-06-05,Kerala,Pathanamthitta,Konni,9.2667,76.9333,0.0059515311961788
1811,hepatitis_c,2022-07-06,Kerala,Thiruvananthapuram,Thiruvananthapuram,8.4882267,76.947551,0.0
1812,hepatitis_c,2022-07-07,Kerala,Malappuram,Perinthalmanna,10.9667,76.2167,0.0
1813,hepatitis_c,2022-07-08,Kerala,Pathanamthitta,Thiruvalla,9.3833,76.5833,0.0
1814,hepatitis_c,2022-07-08,Kerala,Idukki,Devikulam,10.0667,77.1,0.9999999983333334
1815,hepatitis_c,2022-07-08,Kerala,Thrissur,Chavakkad,10.5833,76.0167,0.000824948688871
1816,hepatitis_c,2022-09-09,Kerala,Idukki,Thodupuzha,9.8955,76.7241,0.0
1817,hepatitis_c,2022-10-17,Kerala,Alappuzha,Karthikappally,9.2833,76.4667,0.0
1818,hepatitis_c,2022-11-22,Kerala,Ernakulam,Aluva,10.1075,76.3516,0.0
1818,hepatitis_c,2022-11-23,Kerala,Ernakulam,Kanayannur,9.98408,76.2741457,0.0
1819,hepatitis_c,2022-11-23,Kerala,Palakkad,Pattambi,10.8,76.2,0.001388351813261
1819,hepatitis_c,2022-11-28,Kerala,Palakkad,Pattambi,10.8,76.2,0.0079848208725478
1820,hepatitis_c,2022-11-26,Kerala,Kollam,Karunagappally,9.0574,76.5334,0.0
1821,hepatitis_c,2022-11-27,Kerala,Malappuram,Kondotty,11.15,75.9667,1.6124798171278027e-05
1821,hepatitis_c,2022-11-28,Kerala,Malappuram,Ernad,11.1201,76.1197,0.0
1822,hepatitis_c,2022-11-27,Kerala,Palakkad,Mannarkkad,11.0,76.4667,0.0068278442256505
1823,hepatitis_c,2022-11-28,Kerala,Kottayam,Vaikom,9.75,76.4,0.0
1824,hepatitis_c,2022-12-30,Kerala,Wayanad,Vythiri,11.6226,76.0813,0.0112290424834412
1825,hepatitis_c,2022-12-31,Kerala,Ernakulam,North Paravur,10.1333,76.2,0.0032756075582271
1826,hepatitis_c,2022-12-31,Kerala,Palakkad,Ottapalam,10.7667,76.3667,0.0
1827,hepatitis_c,2023-01-01,Kerala,Kannur,Taliparamba,12.0333,75.35,0.9999999983333334
1828,hepatitis_c,2023-01-01,Kerala,Pathanamthitta,Mallappally,9.3833,76.6833,0.0
1829,hepatitis_c,2023-06-05,Kerala,Malappuram,Kondotty,11.15,75.9667,0.3200133835908242
1830,hepatitis_c,2023-07-08,Kerala,Pathanamthitta,Adoor,9.1667,76.7333,0.0
1831,hepatitis_c,2023-09-11,Kerala,Kannur,Kannur,11.8763836,75.3737973,0.0019383034288385
1832,hepatitis_c,2023-09-12,Kerala,Ernakulam,North Paravur,10.1333,76.2,0.0129157017536584
1833,hepatitis_c,2023-09-13,Kerala,Alappuzha,Ambalappuzha,9.5006651,76.41241429,0.0
1834,hepatitis_c,2023-09-16,Kerala,Palakkad,Ottapalam,10.7667,76.3667,0.0236214545242375
1835,hepatitis_c,2023-10-07,Kerala,Thrissur,Kunnamkulam,10.65,76.0667,7.23103765474263e-05
1835,hepatitis_c,2023-10-07,Kerala,Thrissur,Chavakkad,10.5833,76.0167,0.0034714671137258
1836,hepatitis_c,2023-10-17,Kerala,Alappuzha,Karthikappally,9.2833,76.4667,0.0
1837,hepatitis_c,2023-11-25,Kerala,Alappuzha,Mavelikkara,9.2667,76.55,0.0
1838,hepatitis_c,2023-11-26,Kerala,Malappuram,Tirur,10.9167,75.9167,0.0
1839,hepatitis_c,2023-11-28,Kerala,Palakkad,Ottapalam,10.7667,76.3667,0.0
1840,hepatitis_c,2024-01-01,Kerala,Kasaragod,Manjeshwaram,12.7167,74.8833,0.0
1841,hepatitis_c,2024-01-01,Kerala,Idukki,Idukki,9.8497872,76.9797914,0.0246939004868705
1842,hepatitis_c,2024-01-01,Kerala,Ernakulam,Muvattupuzha,9.9833,76.5833,2.48073818019662e-05
1843,hepatitis_c,2024-01-13,Kerala,Alappuzha,Cherthala,9.6833,76.3333,0.0052976672849765
1844,hepatitis_c,2024-03-03,Kerala,Kannur,Thalassery,11.75,75.4833,0.0036216475111732
1845,hepatitis_c,2024-06-04,Kerala,Alappuzha,Chenganoor,9.3167,76.6167,0.004387975640569
1846,hepatitis_c,2024-06-05,Kerala,Alappuzha,Ambalappuzha,9.5006651,76.41241429,0.0030059995946605
1847,hepatitis_c,2024-07-09,Kerala,Kottayam,Changanassery,9.45,76.5333,0.0
1848,hepatitis_c,2024-09-09,Kerala,Alappuzha,Cherthala,9.6833,76.3333,0.0104372878144946
1848,hepatitis_c,2024-09-12,Kerala,Kottayam,Vaikom,9.75,76.4,0.0148126743917317
1849,hepatitis_c,2024-10-17,Kerala,Kottayam,Vaikom,9.75,76.4,0.0216020705517611
1850,hepatitis_c,2024-10-18,Kerala,Kottayam,Kanjirappally,9.5667,76.7833,0.0007256159177075
1851,hepatitis_c,2024-10-20,Kerala,Idukki,Udumbanchola,9.8333,77.1333,0.0
1852,hepatitis_e,2021-12-13,Kerala,Pathanamthitta,Mallappally,9.3833,76.6833,0.0
1852,hepatitis_e,2021-12-25,Kerala,Kottayam,Changanassery,9.45,76.5333,0.0
1853,hepatitis_e,2022-12-03,Kerala,Thrissur,Talappilly,10.6667,76.25,0.0
1853,hepatitis_e,2022-12-11,Kerala,Thrissur,Talappilly,10.6667,76.25,0.0003396543544511
1853,hepatitis_e,2022-12-19,Kerala,Palakkad,Pattambi,10.8,76.2,0.0
1854,hepatitis_e,2022-12-09,Kerala,Kozhikode,Thamarassery,11.2667,75.9333,0.0
1855,hepatitis_e,2023-12-05,Kerala,Ernakulam,Aluva,10.1075,76.3516,0.0
1856,hepatitis_e,2024-12-04,Kerala,Thrissur,Talappilly,10.6667,76.25,0.0535282227192937
1857,influenza_h1n1_seasonal,2020-10-04,Kerala,Kottayam,Vaikom,9.75,76.4,0.0
1858,influenza_h1n1_seasonal,2020-10-04,Kerala,Malappuram,Perinthalmanna,10.9667,76.2167,0.0
1859,influenza_h1n1_seasonal,2020-11-08,Kerala,Thrissur,Talappilly,10.6667,76.25,0.0
1859,influenza_h1n1_seasonal,2020-11-12,Kerala,Palakkad,Ottapalam,10.7667,76.3667,0.0
1859,influenza_h1n1_seasonal,2020-11-13,Kerala,Thrissur,Mukundapuram,10.3333,76.2167,0.0
1859,influenza_h1n1_seasonal,2020-11-15,Kerala,Palakkad,Ottapalam,10.7667,76.3667,0.0
1859,influenza_h1n1_seasonal,2020-11-20,Kerala,Thrissur,Thrissur,10.5256264,76.2132542,0.0
1860,influenza_h1n1_seasonal,2020-11-08,Kerala,Thiruvananthapuram,Varkala,8.7379,76.7163,0.0
1861,influenza_h1n1_seasonal,2020-11-09,Kerala,Idukki,Devikulam,10.0667,77.1,0.0
1862,influenza_h1n1_seasonal,2020-11-11,Kerala,Alappuzha,Mavelikkara,9.2667,76.55,0.0
1863,influenza_h1n1_seasonal,2020-11-11,Kerala,Malappuram,Kondotty,11.15,75.9667,0.0
1863,influenza_h1n1_seasonal,2020-11-19,Kerala,Malappuram,Ernad,11.1201,76.1197,0.0
1864,influenza_h1n1_seasonal,2020-11-12,Kerala,Thiruvananthapuram,Kattakkada,8.5667,77.1,0.0
1865,influenza_h1n1_seasonal,2020-11-13,Kerala,Kollam,Kunnathoor,9.0292,76.627,0.0
1866,influenza_h1n1_seasonal,2020-11-14,Kerala,Kozhikode,Koyilandy,11.4333,75.7,0.0
1867,influenza_h1n1_seasonal,2020-11-15,Kerala,Kasaragod,Manjeshwaram,12.7167,74.8833,0.0
1867,influenza_h1n1_seasonal,2020-11-17,Kerala,Kasaragod,Manjeshwaram,12.7167,74.8833,0.0003909130901562
1868,influenza_h1n1_seasonal,2020-11-16,Kerala,Wayanad,Sulthan Bathery,11.6667,76.2667,0.0
1869,influenza_h1n1_seasonal,2020-11-16,Kerala,Ernakulam,Kochi,9.9312,76.2673,0.0
1869,influenza_h1n1_seasonal,2020-11-20,Kerala,Ernakulam,Kochi,9.9312,76.2673,0.0
1870,influenza_h1n1_seasonal,2020-11-20,Kerala,Kannur,Kannur,11.8763836,75.3737973,0.0
1871,influenza_h1n1_seasonal,2020-12-24,Kerala,Alappuzha,Ambalappuzha,9.5006651,76.41241429,0.0
1872,influenza_h1n1_seasonal,2020-12-24,Kerala,Kollam,Karunagappally,9.0574,76.5334,0.0
1873,influenza_h1n1_seasonal,2020-12-30,Kerala,Malappuram,Perinthalmanna,10.9667,76.2167,0.0243050287164204
1874,influenza_h1n1_seasonal,2022-10-01,Kerala,Kasaragod,Manjeshwaram,12.7167,74.8833,0.0
1875,influenza_h1n1_seasonal,2022-10-02,Kerala,Idukki,Devikulam,10.0667,77.1,0.0042192354307101
1876,influenza_h1n1_seasonal,2022-10-03,Kerala,Kottayam,Vaikom,9.75,76.4,0.0004178492771592
1876,influenza_h1n1_seasonal,2022-10-05,Kerala,Alappuzha,Kuttanad,9.5833,76.4167,0.0
1877,influenza_h1n1_seasonal,2022-10-03,Kerala,Ernakulam,Kanayannur,9.98408,76.2741457,0.0
1878,influenza_h1n1_seasonal,2022-10-04,Kerala,Kannur,Payyanur,12.1,75.2,0.0
1879,influenza_h1n1_seasonal,2022-10-05,Kerala,Kannur,Kannur,11.8763836,75.3737973,0.1799701898542718
1880,influenza_h1n1_seasonal,2022-10-05,Kerala,Thrissur,Kodungallur,10.2333,76.2,0.0
1881,influenza_h1n1_seasonal,2022-10-06,Kerala,Thiruvananthapuram,Nedumangad,8.6036,77.0031,0.0
1882,influenza_h1n1_seasonal,2022-10-06,Kerala,Idukki,Thodupuzha,9.8955,76.7241,0.0
1883,influenza_h1n1_seasonal,2022-10-07,Kerala,Kollam,Pathanapuram,9.1,76.87,0.0
1884,influenza_h1n1_seasonal,2022-10-08,Kerala,Wayanad,Sulthan Bathery,11.6667,76.2667,0.002329137513629
1885,influenza_h1n1_seasonal,2022-11-07,Kerala,Kottayam,Meenachil,9.7167,76.6833,0.0
1885,influenza_h1n1_seasonal,2022-11-09,Kerala,Kottayam,Kanjirappally,9.5667,76.7833,0.0
1885,influenza_h1n1_seasonal,2022-11-09,Kerala,Kottayam,Changanassery,9.45,76.5333,0.0
1885,influenza_h1n1_seasonal,2022-11-12,Kerala,Alappuzha,Kuttanad,9.5833,76.4167,0.0008032655385612
1885,influenza_h1n1_seasonal,2022-11-13,Kerala,Pathanamthitta,Mallappally,9.3833,76.6833,0.0
1885,influenza_h1n1_seasonal,2022-11-15,Kerala,Alappuzha,Kuttanad,9.5833,76.4167,0.0005570322420894
1885,influenza_h1n1_seasonal,2022-11-16,Kerala,Pathanamthitta,Adoor,9.1667,76.7333,0.0
1886,influenza_h1n1_seasonal,2022-11-08,Kerala,Thiruvananthapuram,Thiruvananthapuram,8.4882267,76.947551,0.0
1887,influenza_h1n1_seasonal,2022-11-09,Kerala,Wayanad,Mananthavady,11.8,76.0,0.0
1887,influenza_h1n1_seasonal,2022-11-13,Kerala,Wayanad,Mananthavady,11.8,76.0,0.0012535478314778
1887,influenza_h1n1_seasonal,2022-11-20,Kerala,Wayanad,Mananthavady,11.8,76.0,0.004358573328827
1888,influenza_h1n1_seasonal,2022-11-15,Kerala,Kasaragod,Vellarikundu,12.4167,75.2333,0.0
1889,influenza_h1n1_seasonal,2022-11-20,Kerala,Palakkad,Pattambi,10.8,76.2,0.0
1890,influenza_h1n1_seasonal,2022-12-23,Kerala,Kasaragod,Vellarikundu,12.4167,75.2333,0.0
1891,influenza_h1n1_seasonal,2022-12-24,Kerala,Kasaragod,Manjeshwaram,12.7167,74.8833,0.0006322986577245
1892,influenza_h1n1_seasonal,2022-12-24,Kerala,Kottayam,Changanassery,9.45,76.5333,0.0
1893,influenza_h1n1_seasonal,2022-12-27,Kerala,Idukki,Devikulam,10.0667,77.1,0.0
1894,influenza_h1n1_seasonal,2022-12-27,Kerala,Thrissur,Chalakudy,10.3,76.3333,0.0
1895,influenza_h1n1_seasonal,2022-12-28,Kerala,Kannur,Kannur,11.8763836,75.3737973,0.0
1896,influenza_h1n1_seasonal,2022-12-29,Kerala,Thiruvananthapuram,Neyyattinkara,8.4004,77.0872,0.0
1897,influenza_h1n1_seasonal,2022-12-30,Kerala,Malappuram,Nilambur,11.2833,76.2333,0.0
1898,influenza_h1n1_seasonal,2022-12-30,Kerala,Idukki,Peerumade,9.5667,76.9667,0.0
1899,influenza_h1n1_seasonal,2023-10-01,Kerala,Kannur,Kannur,11.8763836,75.3737973,0.0
1900,influenza_h1n1_seasonal,2023-10-03,Kerala,Idukki,Peerumade,9.5667,76.9667,0.9999999983333334
1901,influenza_h1n1_seasonal,2023-10-03,Kerala,Kollam,Pathanapuram,9.1,76.87,0.0
1902,influenza_h1n1_seasonal,2023-10-04,Kerala,Palakkad,Palakkad,10.78789845,76.47408711,0.0
1902,influenza_h1n1_seasonal,2023-10-07,Kerala,Palakkad,Mannarkkad,11.0,76.4667,0.0
1903,influenza_h1n1_seasonal,2023-10-04,Kerala,Kottayam,Changanassery,9.45,76.5333,0.3362844115290449
1904,influenza_h1n1_seasonal,2023-10-05,Kerala,Thrissur,Mukundapuram,10.3333,76.2167,0.0
1905,influenza_h1n1_seasonal,2023-10-05,Kerala,Kollam,Kunnathoor,9.0292,76.627,5.165332649912924e-05
1906,influenza_h1n1_seasonal,2023-10-07,Kerala,Thiruvananthapuram,Varkala,8.7379,76.7163,0.0006708328506266
1907,influenza_h1n1_seasonal,2023-11-04,Kerala,Kottayam,Changanassery,9.45,76.5333,0.0
1907,influenza_h1n1_seasonal,2023-11-10,Kerala,Kottayam,Changanassery,9.45,76.5333,0.0120292079786061
1907,influenza_h1n1_seasonal,2023-11-12,Kerala,Pathanamthitta,Konni,9.2667,76.9333,0.0
1907,influenza_h1n1_seasonal,2023-11-17,Kerala,Kollam,Kunnathoor,9.0292,76.627,0.0039690568562368
1907,influenza_h1n1_seasonal,2023-11-18,Kerala,Pathanamthitta,Mallappally,9.3833,76.6833,0.9999999983333334
1907,influenza_h1n1_seasonal,2023-11-19,Kerala,Pathanamthitta,Thiruvalla,9.3833,76.5833,0.0
1907,influenza_h1n1_seasonal,2023-11-21,Kerala,Pathanamthitta,Adoor,9.1667,76.7333,5.795279225613556e-05
1908,influenza_h1n1_seasonal,2023-11-08,Kerala,Wayanad,Mananthavady,11.8,76.0,0.0
1909,influenza_h1n1_seasonal,2023-11-09,Kerala,Malappuram,Perinthalmanna,10.9667,76.2167,0.0
1910,influenza_h1n1_seasonal,2023-11-09,Kerala,Kottayam,Meenachil,9.7167,76.6833,0.0076330620274342
1911,influenza_h1n1_seasonal,2023-11-10,Kerala,Palakkad,Ottapalam,10.7667,76.3667,0.0024543608251476
1912,influenza_h1n1_seasonal,2023-11-12,Kerala,Wayanad,Sulthan Bathery,11.6667,76.2667,0.0
1913,influenza_h1n1_seasonal,2023-11-12,Kerala,Alappuzha,Cherthala,9.6833,76.3333,0.0
1914,influenza_h1n1_seasonal,2023-11-12,Kerala,Thiruvananthapuram,Nedumangad,8.6036,77.0031,0.0553099445265771
1915,influenza_h1n1_seasonal,2023-11-13,Kerala,Thiruvananthapuram,Varkala,8.7379,76.7163,0.0021235275125806
1916,influenza_h1n1_seasonal,2023-11-13,Kerala,Malappuram,Nilambur,11.2833,76.2333,0.0596219951430516
1917,influenza_h1n1_seasonal,2023-11-18,Kerala,Ernakulam,Muvattupuzha,9.9833,76.5833,0.0
1918,influenza_h1n1_seasonal,2023-11-21,Kerala,Kannur,Kannur,11.8763836,75.3737973,0.0
1919,influenza_h1n1_seasonal,2023-12-02,Kerala,Thiruvananthapuram,Neyyattinkara,8.4004,77.0872,0.0007171055034443
1920,influenza_h1n1_seasonal,2023-12-09,Kerala,Ernakulam,Aluva,10.1075,76.3516,0.0
1921,influenza_h1n1_seasonal,2023-12-22,Kerala,Kottayam,Vaikom,9.75,76.4,0.0021352306989344
1921,influenza_h1n1_seasonal,2023-12-23,Kerala,Alappuzha,Cherthala,9.6833,76.3333,0.0
1921,influenza_h1n1_seasonal,2023-12-23,Kerala,Alappuzha,Cherthala,9.6833,76.3333,0.0
1922,influenza_h1n1_seasonal,2023-12-23,Kerala,Malappuram,Tirurangadi,11.0,75.9333,0.000444723940778
1923,influenza_h1n1_seasonal,2023-12-23,Kerala,Kottayam,Kanjirappally,9.5667,76.7833,0.0001074986544751
1923,influenza_h1n1_seasonal,2023-12-27,Kerala,Kottayam,Kanjirappally,9.5667,76.7833,0.0005298147970562
1924,influenza_h1n1_seasonal,2023-12-26,Kerala,Kozhikode,Vadakara,11.6,75.5833,0.0
1925,influenza_h1n1_seasonal,2023-12-26,Kerala,Idukki,Thodupuzha,9.8955,76.7241,0.0
1926,influenza_h1n1_seasonal,2023-12-28,Kerala,Thrissur,Kodungallur,10.2333,76.2,0.0
1926,influenza_h1n1_seasonal,2023-12-28,Kerala,Thrissur,Mukundapuram,10.3333,76.2167,0.0024329036197034
1926,influenza_h1n1_seasonal,2023-12-31,Kerala,Thrissur,Mukundapuram,10.3333,76.2167,0.0
1927,influenza_h1n1_seasonal,2023-12-28,Kerala,Idukki,Idukki,9.8497872,76.9797914,0.0
1928,influenza_h1n1_seasonal,2023-12-28,Kerala,Alappuzha,Chenganoor,9.3167,76.6167,0.0
1929,influenza_h1n1_seasonal,2024-10-01,Kerala,Kozhikode,Vadakara,11.6,75.5833,0.0023676836131238
1930,influenza_h1n1_seasonal,2024-10-01,Kerala,Pathanamthitta,Kozhenchery,9.2780841,76.9737443,0.0
1931,influenza_h1n1_seasonal,2024-10-01,Kerala,Ernakulam,Muvattupuzha,9.9833,76.5833,0.0001298785280626
1932,influenza_h1n1_seasonal,2024-10-01,Kerala,Idukki,Devikulam,10.0667,77.1,0.0077944591146707
1933,influenza_h1n1_seasonal,2024-10-02,Kerala,Thrissur,Kodungallur,10.2333,76.2,0.9999999983333334
1934,influenza_h1n1_seasonal,2024-10-05,Kerala,Wayanad,Mananthavady,11.8,76.0,0.0020522720836644
1935,influenza_h1n1_seasonal,2024-11-08,Kerala,Kasaragod,Nileshwaram,12.25,75.1,0.0
1936,influenza_h1n1_seasonal,2024-11-09,Kerala,Kottayam,Kanjirappally,9.5667,76.7833,0.9999999983333334
1937,influenza_h1n1_seasonal,2024-11-10,Kerala,Palakkad,Palakkad,10.78789845,76.47408711,0.0
1938,influenza_h1n1_seasonal,2024-11-10,Kerala,Malappuram,Nilambur,11.2833,76.2333,0.0044343076706632
1939,influenza_h1n1_seasonal,2024-11-11,Kerala,Idukki,Thodupuzha,9.8955,76.7241,0.1411465905807317
1940,influenza_h1n1_seasonal,2024-11-11,Kerala,Kasaragod,Manjeshwaram,12.7167,74.8833,0.0
1940,influenza_h1n1_seasonal,2024-11-19,Kerala,Kasaragod,Manjeshwaram,12.7167,74.8833,0.0053162079342293
1941,influenza_h1n1_seasonal,2024-11-14,Kerala,Alappuzha,Mavelikkara,9.2667,76.55,0.0
1942,influenza_h1n1_seasonal,2024-12-24,Kerala,Thiruvananthapuram,Neyyattinkara,8.4004,77.0872,0.0
1942,influenza_h1n1_seasonal,2024-12-25,Kerala,Thiruvananthapuram,Neyyattinkara,8.4004,77.0872,1.007799885704877e-05
1943,japanese_encephalitis,2022-10-23,Kerala,Alappuzha,Karthikappally,9.2833,76.4667,0.0
1944,kala_azar,2022-09-06,Kerala,Alappuzha,Kuttanad,9.5833,76.4167,0.0
1945,leptospirosis_confirmed,2020-01-01,Kerala,Thrissur,Talappilly,10.6667,76.25,0.0
1946,leptospirosis_confirmed,2020-01-01,Kerala,Kannur,Iritty,11.9333,75.7,0.0
1947,leptospirosis_confirmed,2020-01-01,Kerala,Malappuram,Kondotty,11.15,75.9667,0.0
1948,leptospirosis_confirmed,2020-01-02,Kerala,Kasaragod,Kasaragod,12.5035577,74.9907022,0.0
1949,leptospirosis_confirmed,2020-04-03,Kerala,Palakkad,Palakkad,10.78789845,76.47408711,0.0
1950,leptospirosis_confirmed,2020-04-03,Kerala,Kannur,Payyanur,12.1,75.2,0.0
1951,leptospirosis_confirmed,2020-04-05,Kerala,Ernakulam,Aluva,10.1075,76.3516,0.0
1952,leptospirosis_confirmed,2020-04-05,Kerala,Alappuzha,Chenganoor,9.3167,76.6167,0.0
1953,leptospirosis_confirmed,2020-04-05,Kerala,Malappuram,Tirurangadi,11.0,75.9333,0.0
1953,leptospirosis_confirmed,2020-04-05,Kerala,Malappuram,Ernad,11.1201,76.1197,0.0
1954,leptospirosis_confirmed,2020-05-06,Kerala,Kannur,Taliparamba,12.0333,75.35,0.0
1955,leptospirosis_confirmed,2020-05-06,Kerala,Malappuram,Kondotty,11.15,75.9667,0.0015798509868574
1956,leptospirosis_confirmed,2020-07-08,Kerala,Pathanamthitta,Thiruvalla,9.3833,76.5833,0.0
1956,leptospirosis_confirmed,2020-07-08,Kerala,Kottayam,Changanassery,9.45,76.5333,0.0
1957,leptospirosis_confirmed,2020-07-09,Kerala,Palakkad,Mannarkkad,11.0,76.4667,0.0
1958,leptospirosis_confirmed,2020-07-09,Kerala,Kasaragod,Vellarikundu,12.4167,75.2333,0.0
1959,leptospirosis_confirmed,2020-09-09,Kerala,Alappuzha,Karthikappally,9.2833,76.4667,0.0
1959,leptospirosis_confirmed,2020-09-10,Kerala,Alappuzha,Mavelikkara,9.2667,76.55,0.0
1959,leptospirosis_confirmed,2020-09-12,Kerala,Kottayam,Changanassery,9.45,76.5333,0.0
1960,leptospirosis_confirmed,2020-09-10,Kerala,Thrissur,Mukundapuram,10.3333,76.2167,0.0
1960,leptospirosis_confirmed,2020-09-12,Kerala,Thrissur,Chalakudy,10.3,76.3333,0.0
1961,leptospirosis_confirmed,2020-09-12,Kerala,Ernakulam,Kochi,9.9312,76.2673,0.0
1961,leptospirosis_confirmed,2020-09-12,Kerala,Ernakulam,Kanayannur,9.98408,76.2741457,0.0
1962,leptospirosis_confirmed,2020-09-13,Kerala,Malappuram,Ponnani,10.7667,75.9167,0.0
1962,leptospirosis_confirmed,2020-09-14,Kerala,Thrissur,Kunnamkulam,10.65,76.0667,0.0
1963,leptospirosis_confirmed,2020-09-13,Kerala,Thiruvananthapuram,Thiruvananthapuram,8.4882267,76.947551,0.0
1964,leptospirosis_confirmed,2020-09-14,Kerala,Kollam,Kunnathoor,9.0292,76.627,0.0
1964,leptospirosis_confirmed,2020-09-14,Kerala,Kollam,Kollam,8.8879509,76.5955013,0.0
1965,leptospirosis_confirmed,2020-09-14,Kerala,Idukki,Thodupuzha,9.8955,76.7241,0.0
1966,leptospirosis_confirmed,2020-10-17,Kerala,Ernakulam,Aluva,10.1075,76.3516,0.026461892424953
1966,leptospirosis_confirmed,2020-10-18,Kerala,Ernakulam,Muvattupuzha,9.9833,76.5833,0.0
1966,leptospirosis_confirmed,2020-10-28,Kerala,Ernakulam,Kunnathunad,10.1167,76.4833,0.0
1967,leptospirosis_confirmed,2020-10-17,Kerala,Idukki,Devikulam,10.0667,77.1,0.0
1968,leptospirosis_confirmed,2020-10-17,Kerala,Alappuzha,Chenganoor,9.3167,76.6167,0.0386414967786267
1968,leptospirosis_confirmed,2020-10-18,Kerala,Pathanamthitta,Thiruvalla,9.3833,76.5833,7.004639088459407e-05
1969,leptospirosis_confirmed,2020-10-18,Kerala,Kasaragod,Manjeshwaram,12.7167,74.8833,0.0
1970,leptospirosis_confirmed,2020-10-19,Kerala,Kannur,Kannur,11.8763836,75.3737973,0.0
1971,leptospirosis_confirmed,2020-10-21,Kerala,Idukki,Idukki,9.8497872,76.9797914,0.0
1971,leptospirosis_confirmed,2020-10-25,Kerala,Idukki,Udumbanchola,9.8333,77.1333,0.0
1972,leptospirosis_confirmed,2020-10-23,Kerala,Kottayam,Meenachil,9.7167,76.6833,0.0
1973,leptospirosis_confirmed,2020-10-23,Kerala,Kozhikode,Thamarassery,11.2667,75.9333,0.0
1974,leptospirosis_confirmed,2020-10-25,Kerala,Malappuram,Ponnani,10.7667,75.9167,0.0
1975,leptospirosis_confirmed,2020-10-26,Kerala,Kasaragod,Nileshwaram,12.25,75.1,0.0
1975,leptospirosis_confirmed,2020-10-28,Kerala,Kasaragod,Nileshwaram,12.25,75.1,0.0004733425888673
1976,leptospirosis_confirmed,2020-10-28,Kerala,Kollam,Punalur,9.0089,76.9269,0.0
1977,leptospirosis_confirmed,2020-10-28,Kerala,Kollam,Kollam,8.8879509,76.5955013,0.0012850451602628
1978,leptospirosis_confirmed,2020-11-28,Kerala,Kozhikode,Koyilandy,11.4333,75.7,0.0
1979,leptospirosis_confirmed,2020-11-28,Kerala,Kasaragod,Nileshwaram,12.25,75.1,0.0
1980,leptospirosis_confirmed,2020-11-28,Kerala,Kozhikode,Thamarassery,11.2667,75.9333,0.0014064118102367
1981,leptospirosis_confirmed,2020-11-29,Kerala,Palakkad,Alathur,10.6333,76.55,0.0
1982,leptospirosis_confirmed,2020-12-30,Kerala,Alappuzha,Cherthala,9.6833,76.3333,0.0
1983,leptospirosis_confirmed,2020-12-30,Kerala,Malappuram,Perinthalmanna,10.9667,76.2167,0.0
1984,leptospirosis_confirmed,2020-12-31,Kerala,Kollam,Kollam,8.8879509,76.5955013,0.7688461819875151
1985,leptospirosis_confirmed,2020-12-31,Kerala,Pathanamthitta,Konni,9.2667,76.9333,0.0
1985,leptospirosis_confirmed,2021-01-01,Kerala,Pathanamthitta,Ranni,9.3833,76.9667,0.0
1986,leptospirosis_confirmed,2020-12-31,Kerala,Palakkad,Mannarkkad,11.0,76.4667,0.0008491358861279
1987,leptospirosis_confirmed,2021-01-02,Kerala,Ernakulam,Kothamangalam,10.0667,76.6333,0.0
1988,leptospirosis_confirmed,2021-01-02,Kerala,Palakkad,Ottapalam,10.7667,76.3667,0.0
1989,leptospirosis_confirmed,2021-04-04,Kerala,Kottayam,Kanjirappally,9.5667,76.7833,0.0
1990,leptospirosis_confirmed,2021-04-04,Kerala,Kozhikode,Thamarassery,11.2667,75.9333,0.0
1991,leptospirosis_confirmed,2021-04-04,Kerala,Ernakulam,Kochi,9.9312,76.2673,0.0
1992,leptospirosis_confirmed,2021-05-06,Kerala,Kannur,Taliparamba,12.0333,75.35,0.0031573327996024
1993,leptospirosis_confirmed,2021-07-08,Kerala,Kozhikode,Kozhikode,11.2450558,75.7754716,0.0
1994,leptospirosis_confirmed,2021-07-08,Kerala,Wayanad,Mananthavady,11.8,76.0,0.0
1995,leptospirosis_confirmed,2021-07-09,Kerala,Ernakulam,Muvattupuzha,9.9833,76.5833,0.0063995914907674
1996,leptospirosis_confirmed,2021-07-09,Kerala,Thiruvananthapuram,Thiruvananthapuram,8.4882267,76.947551,0.0
1997,leptospirosis_confirmed,2021-07-09,Kerala,Thrissur,Mukundapuram,10.3333,76.2167,4.132266119930337e-05
1998,leptospirosis_confirmed,2021-09-09,Kerala,Kottayam,Changanassery,9.45,76.5333,0.0003276339422914
1998,leptospirosis_confirmed,2021-09-10,Kerala,Alappuzha,Mavelikkara,9.2667,76.55,0.0
1998,leptospirosis_confirmed,2021-09-14,Kerala,Pathanamthitta,Adoor,9.1667,76.7333,0.0
1998,leptospirosis_confirmed,2021-09-15,Kerala,Kollam,Pathanapuram,9.1,76.87,0.0
1999,leptospirosis_confirmed,2021-09-10,Kerala,Kannur,Iritty,11.9333,75.7,0.0597956102468364
2000,leptospirosis_confirmed,2021-09-11,Kerala,Idukki,Thodupuzha,9.8955,76.7241,0.0069153150663759
2000,leptospirosis_confirmed,2021-09-15,Kerala,Idukki,Thodupuzha,9.8955,76.7241,0.0003374344383413
2001,leptospirosis_confirmed,2021-09-14,Kerala,Kottayam,Kanjirappally,9.5667,76.7833,0.0018833185788679
2002,leptospirosis_confirmed,2021-09-14,Kerala,Palakkad,Chittur,10.7,76.75,0.0
2003,leptospirosis_confirmed,2021-09-15,Kerala,Kannur,Taliparamba,12.0333,75.35,0.004366888270973
2004,leptospirosis_confirmed,2021-10-17,Kerala,Palakkad,Mannarkkad,11.0,76.4667,0.010872354828162
2004,leptospirosis_confirmed,2021-10-19,Kerala,Palakkad,Mannarkkad,11.0,76.4667,0.0720280108865227
2005,leptospirosis_confirmed,2021-10-17,Kerala,Pathanamthitta,Thiruvalla,9.3833,76.5833,0.0
2006,leptospirosis_confirmed,2021-10-18,Kerala,Idukki,Idukki,9.8497872,76.9797914,0.0327976795687677
2006,leptospirosis_confirmed,2021-10-22,Kerala,Idukki,Udumbanchola,9.8333,77.1333,0.0001997432458146
2007,leptospirosis_confirmed,2021-10-18,Kerala,Thrissur,Kodungallur,10.2333,76.2,0.0
2007,leptospirosis_confirmed,2021-10-24,Kerala,Thrissur,Mukundapuram,10.3333,76.2167,0.8616406550991196
2008,leptospirosis_confirmed,2021-10-19,Kerala,Ernakulam,Kothamangalam,10.0667,76.6333,0.0001549599794973
2009,leptospirosis_confirmed,2021-10-19,Kerala,Kollam,Pathanapuram,9.1,76.87,0.0
2010,leptospirosis_confirmed,2021-10-20,Kerala,Kollam,Karunagappally,9.0574,76.5334,0.0
2011,leptospirosis_confirmed,2021-10-20,Kerala,Wayanad,Sulthan Bathery,11.6667,76.2667,0.0
2012,leptospirosis_confirmed,2021-10-20,Kerala,Pathanamthitta,Ranni,9.3833,76.9667,0.1470615222435107
2013,leptospirosis_confirmed,2021-10-20,Kerala,Thiruvananthapuram,Kattakkada,8.5667,77.1,0.0
2014,leptospirosis_confirmed,2021-10-20,Kerala,Kannur,Taliparamba,12.0333,75.35,0.0038151812219865
2015,leptospirosis_confirmed,2021-10-21,Kerala,Kozhikode,Thamarassery,11.2667,75.9333,0.0001007799885704
2015,leptospirosis_confirmed,2021-10-24,Kerala,Kozhikode,Thamarassery,11.2667,75.9333,0.1244839737522043
2016,leptospirosis_confirmed,2021-10-21,Kerala,Malappuram,Nilambur,11.2833,76.2333,0.0
2016,leptospirosis_confirmed,2021-10-27,Kerala,Malappuram,Ernad,11.1201,76.1197,0.0001209359862845
2017,leptospirosis_confirmed,2021-10-22,Kerala,Kasaragod,Hosdurg,12.3167,75.1,0.0
2017,leptospirosis_confirmed,2021-10-24,Kerala,Kasaragod,Vellarikundu,12.4167,75.2333,0.0
2018,leptospirosis_confirmed,2021-10-22,Kerala,Thrissur,Talappilly,10.6667,76.25,0.0007279127907171
2019,leptospirosis_confirmed,2021-10-24,Kerala,Alappuzha,Kuttanad,9.5833,76.4167,0.0
2020,leptospirosis_confirmed,2021-10-28,Kerala,Palakkad,Alathur,10.6333,76.55,0.9999999983333334
2021,leptospirosis_confirmed,2021-11-27,Kerala,Palakkad,Chittur,10.7,76.75,0.9999999983333334
2022,leptospirosis_confirmed,2021-11-28,Kerala,Kasaragod,Hosdurg,12.3167,75.1,0.0001751159772114
2023,leptospirosis_confirmed,2021-12-31,Kerala,Palakkad,Alathur,10.6333,76.55,0.0
2024,leptospirosis_confirmed,2022-01-02,Kerala,Kozhikode,Kozhikode,11.2450558,75.7754716,0.0
2025,leptospirosis_confirmed,2022-04-03,Kerala,Wayanad,Vythiri,11.6226,76.0813,0.0
2026,leptospirosis_confirmed,2022-04-03,Kerala,Thiruvananthapuram,Kattakkada,8.5667,77.1,0.0
2026,leptospirosis_confirmed,2022-04-04,Kerala,Thiruvananthapuram,Kattakkada,8.5667,77.1,0.003890488483427
2027,leptospirosis_confirmed,2022-04-03,Kerala,Kannur,Payyanur,12.1,75.2,0.0
2028,leptospirosis_confirmed,2022-04-04,Kerala,Ernakulam,Kothamangalam,10.0667,76.6333,0.0016080108726377
2028,leptospirosis_confirmed,2022-04-04,Kerala,Idukki,Thodupuzha,9.8955,76.7241,0.0
2029,leptospirosis_confirmed,2022-05-06,Kerala,Palakkad,Pattambi,10.8,76.2,0.0
2030,leptospirosis_confirmed,2022-05-06,Kerala,Alappuzha,Chenganoor,9.3167,76.6167,0.0
2031,leptospirosis_confirmed,2022-07-08,Kerala,Kottayam,Kottayam,9.6287383,76.64553257,0.0
2032,leptospirosis_confirmed,2022-07-08,Kerala,Ernakulam,Kothamangalam,10.0667,76.6333,0.9999999983333334
2033,leptospirosis_confirmed,2022-07-09,Kerala,Thiruvananthapuram,Varkala,8.7379,76.7163,0.0
2034,leptospirosis_confirmed,2022-07-09,Kerala,Kasaragod,Hosdurg,12.3167,75.1,0.0125248859824757
2035,leptospirosis_confirmed,2022-09-09,Kerala,Ernakulam,Kanayannur,9.98408,76.2741457,0.0
2036,leptospirosis_confirmed,2022-09-10,Kerala,Kottayam,Vaikom,9.75,76.4,0.0
2037,leptospirosis_confirmed,2022-09-11,Kerala,Pathanamthitta,Mallappally,9.3833,76.6833,0.0
2038,leptospirosis_confirmed,2022-09-11,Kerala,Kannur,Taliparamba,12.0333,75.35,0.0
2039,leptospirosis_confirmed,2022-09-12,Kerala,Malappuram,Ponnani,10.7667,75.9167,1.7276569469226453e-05
2040,leptospirosis_confirmed,2022-09-13,Kerala,Kannur,Iritty,11.9333,75.7,0.0
2041,leptospirosis_confirmed,2022-09-15,Kerala,Kollam,Punalur,9.0089,76.9269,0.0024948907399112
2042,leptospirosis_confirmed,2022-09-15,Kerala,Idukki,Peerumade,9.5667,76.9667,0.0
2043,leptospirosis_confirmed,2022-10-16,Kerala,Kollam,Kunnathoor,9.0292,76.627,0.000185005571067
2043,leptospirosis_confirmed,2022-10-17,Kerala,Kollam,Punalur,9.0089,76.9269,0.0009840954414171
2043,leptospirosis_confirmed,2022-10-21,Kerala,Kollam,Kottarakkara,9.0002,76.7788,0.0
2043,leptospirosis_confirmed,2022-10-21,Kerala,Alappuzha,Mavelikkara,9.2667,76.55,0.0
2043,leptospirosis_confirmed,2022-10-21,Kerala,Pathanamthitta,Thiruvalla,9.3833,76.5833,0.0
2043,leptospirosis_confirmed,2022-10-23,Kerala,Alappuzha,Ambalappuzha,9.5006651,76.41241429,0.0
2043,leptospirosis_confirmed,2022-10-25,Kerala,Alappuzha,Karthikappally,9.2833,76.4667,0.0002381106347815
2043,leptospirosis_confirmed,2022-10-27,Kerala,Pathanamthitta,Adoor,9.1667,76.7333,0.0233030288515335
2044,leptospirosis_confirmed,2022-10-18,Kerala,Kottayam,Meenachil,9.7167,76.6833,8.599892358014952e-05
2044,leptospirosis_confirmed,2022-10-25,Kerala,Kottayam,Kottayam,9.6287383,76.64553257,0.9999999983333334
2045,leptospirosis_confirmed,2022-10-19,Kerala,Thrissur,Chavakkad,10.5833,76.0167,0.0
2045,leptospirosis_confirmed,2022-10-28,Kerala,Thrissur,Chavakkad,10.5833,76.0167,0.0003396543544511
2046,leptospirosis_confirmed,2022-10-21,Kerala,Palakkad,Pattambi,10.8,76.2,0.0004663959371488
2046,leptospirosis_confirmed,2022-10-25,Kerala,Palakkad,Pattambi,10.8,76.2,0.0
2047,leptospirosis_confirmed,2022-10-23,Kerala,Malappuram,Tirur,10.9167,75.9167,0.0
2048,leptospirosis_confirmed,2022-10-25,Kerala,Kozhikode,Koyilandy,11.4333,75.7,0.9999999983333334
2049,leptospirosis_confirmed,2022-10-25,Kerala,Kannur,Thalassery,11.75,75.4833,0.0
2050,leptospirosis_confirmed,2022-10-26,Kerala,Kottayam,Vaikom,9.75,76.4,0.0180569871410793
2051,leptospirosis_confirmed,2022-10-26,Kerala,Thiruvananthapuram,Varkala,8.7379,76.7163,0.0
2052,leptospirosis_confirmed,2022-11-28,Kerala,Thrissur,Thrissur,10.5256264,76.2132542,0.0
2053,leptospirosis_confirmed,2022-11-28,Kerala,Kasaragod,Nileshwaram,12.25,75.1,0.0
2054,leptospirosis_confirmed,2022-11-28,Kerala,Idukki,Udumbanchola,9.8333,77.1333,0.0
2055,leptospirosis_confirmed,2022-11-28,Kerala,Alappuzha,Chenganoor,9.3167,76.6167,0.0
2056,leptospirosis_confirmed,2022-11-29,Kerala,Kottayam,Kottayam,9.6287383,76.64553257,0.0
2057,leptospirosis_confirmed,2022-12-30,Kerala,Thrissur,Thrissur,10.5256264,76.2132542,0.9999999983333334
2058,leptospirosis_confirmed,2022-12-31,Kerala,Thrissur,Chalakudy,10.3,76.3333,0.0
2059,leptospirosis_confirmed,2023-01-01,Kerala,Malappuram,Tirurangadi,11.0,75.9333,0.0
2060,leptospirosis_confirmed,2023-01-01,Kerala,Kollam,Kollam,8.8879509,76.5955013,0.0
2061,leptospirosis_confirmed,2023-01-02,Kerala,Ernakulam,Kochi,9.9312,76.2673,0.0
2062,leptospirosis_confirmed,2023-01-02,Kerala,Alappuzha,Mavelikkara,9.2667,76.55,0.0
2063,leptospirosis_confirmed,2023-04-03,Kerala,Malappuram,Kondotty,11.15,75.9667,0.0001612479817127
2064,leptospirosis_confirmed,2023-04-04,Kerala,Idukki,Devikulam,10.0667,77.1,0.0001587404231876
2065,leptospirosis_confirmed,2023-04-04,Kerala,Alappuzha,Chenganoor,9.3167,76.6167,0.5107449625398128
2065,leptospirosis_confirmed,2023-04-04,Kerala,Alappuzha,Karthikappally,9.2833,76.4667,0.9569044489352944
2066,leptospirosis_confirmed,2023-04-04,Kerala,Wayanad,Vythiri,11.6226,76.0813,0.0010884238765612
2067,leptospirosis_confirmed,2023-04-05,Kerala,Kannur,Kannur,11.8763836,75.3737973,0.0011053065178851
2068,leptospirosis_confirmed,2023-05-07,Kerala,Palakkad,Alathur,10.6333,76.55,0.0
2069,leptospirosis_confirmed,2023-07-08,Kerala,Kannur,Kannur,11.8763836,75.3737973,0.0
2070,leptospirosis_confirmed,2023-07-09,Kerala,Pathanamthitta,Thiruvalla,9.3833,76.5833,0.0285149645220532
2071,leptospirosis_confirmed,2023-07-15,Kerala,Palakkad,Ottapalam,10.7667,76.3667,0.0001770805933447
2072,leptospirosis_confirmed,2023-09-09,Kerala,Kottayam,Meenachil,9.7167,76.6833,0.9999999983333334
2073,leptospirosis_confirmed,2023-09-09,Kerala,Idukki,Idukki,9.8497872,76.9797914,0.0
2074,leptospirosis_confirmed,2023-09-11,Kerala,Palakkad,Alathur,10.6333,76.55,0.0299062909455706
2075,leptospirosis_confirmed,2023-09-13,Kerala,Kannur,Thalassery,11.75,75.4833,0.0
2076,leptospirosis_confirmed,2023-09-15,Kerala,Pathanamthitta,Mallappally,9.3833,76.6833,0.9999999983333334
2077,leptospirosis_confirmed,2023-10-07,Kerala,Kasaragod,Nileshwaram,12.25,75.1,0.0001007799885704
2077,leptospirosis_confirmed,2023-10-19,Kerala,Kannur,Payyanur,12.1,75.2,0.0006190062490505
2078,leptospirosis_confirmed,2023-10-16,Kerala,Idukki,Thodupuzha,9.8955,76.7241,0.0
2079,leptospirosis_confirmed,2023-10-21,Kerala,Wayanad,Sulthan Bathery,11.6667,76.2667,0.0006388362063752
2079,leptospirosis_confirmed,2023-10-24,Kerala,Wayanad,Sulthan Bathery,11.6667,76.2667,0.003426621407703
2080,leptospirosis_confirmed,2023-10-21,Kerala,Kannur,Kannur,11.8763836,75.3737973,0.0
2081,leptospirosis_confirmed,2023-10-23,Kerala,Alappuzha,Cherthala,9.6833,76.3333,0.0
2082,leptospirosis_confirmed,2023-10-26,Kerala,Kasaragod,Kasaragod,12.5035577,74.9907022,0.0002418719725691
2083,leptospirosis_confirmed,2023-10-26,Kerala,Palakkad,Chittur,10.7,76.75,0.0143510703724374
2084,leptospirosis_confirmed,2023-11-11,Kerala,Thiruvananthapuram,Kattakkada,8.5667,77.1,0.0008454114634174
2085,leptospirosis_confirmed,2023-11-29,Kerala,Thrissur,Kunnamkulam,10.65,76.0667,0.0014329082011294
2086,leptospirosis_confirmed,2023-12-31,Kerala,Wayanad,Vythiri,11.6226,76.0813,8.062399085639016e-05
2087,leptospirosis_confirmed,2024-01-02,Kerala,Palakkad,Ottapalam,10.7667,76.3667,0.0
2088,leptospirosis_confirmed,2024-04-04,Kerala,Pathanamthitta,Ranni,9.3833,76.9667,0.0014568635417752
2089,leptospirosis_confirmed,2024-04-05,Kerala,Wayanad,Vythiri,11.6226,76.0813,0.0004740134634832
2090,leptospirosis_confirmed,2024-04-13,Kerala,Kollam,Kunnathoor,9.0292,76.627,0.0
2091,leptospirosis_confirmed,2024-05-06,Kerala,Ernakulam,North Paravur,10.1333,76.2,0.0
2092,leptospirosis_confirmed,2024-05-07,Kerala,Kollam,Kunnathoor,9.0292,76.627,2.48073818019662e-05
2093,leptospirosis_confirmed,2024-05-11,Kerala,Pathanamthitta,Thiruvalla,9.3833,76.5833,0.0
2094,leptospirosis_confirmed,2024-09-11,Kerala,Wayanad,Vythiri,11.6226,76.0813,0.0
2095,leptospirosis_confirmed,2024-09-12,Kerala,Alappuzha,Ambalappuzha,9.5006651,76.41241429,0.0
2096,leptospirosis_confirmed,2024-09-12,Kerala,Ernakulam,Muvattupuzha,9.9833,76.5833,0.0147481958489282
2097,leptospirosis_confirmed,2024-09-13,Kerala,Kannur,Thalassery,11.75,75.4833,0.0
2098,leptospirosis_confirmed,2024-09-15,Kerala,Idukki,Devikulam,10.0667,77.1,0.0
2099,leptospirosis_confirmed,2024-09-15,Kerala,Ernakulam,North Paravur,10.1333,76.2,0.0846053169800472
2100,leptospirosis_confirmed,2024-10-16,Kerala,Idukki,Devikulam,10.0667,77.1,0.0136496227230592
2101,leptospirosis_probable,2020-04-01,Kerala,Malappuram,Ponnani,10.7667,75.9167,0.0
2102,leptospirosis_probable,2020-04-01,Kerala,Thiruvananthapuram,Kattakkada,8.5667,77.1,0.0
2103,leptospirosis_probable,2020-04-01,Kerala,Kottayam,Kottayam,9.6287383,76.64553257,0.0
2103,leptospirosis_probable,2020-04-02,Kerala,Kottayam,Meenachil,9.7167,76.6833,0.0
2104,leptospirosis_probable,2020-04-02,Kerala,Alappuzha,Cherthala,9.6833,76.3333,0.0
2105,leptospirosis_probable,2020-04-02,Kerala,Palakkad,Mannarkkad,11.0,76.4667,0.0
2106,leptospirosis_probable,2020-04-02,Kerala,Kannur,Payyanur,12.1,75.2,0.0
2107,leptospirosis_probable,2020-06-03,Kerala,Thiruvananthapuram,Thiruvananthapuram,8.4882267,76.947551,0.0
2107,leptospirosis_probable,2020-06-06,Kerala,Thiruvananthapuram,Nedumangad,8.6036,77.0031,0.0
2108,leptospirosis_probable,2020-06-03,Kerala,Malappuram,Tirurangadi,11.0,75.9333,0.0
2109,leptospirosis_probable,2020-06-04,Kerala,Idukki,Udumbanchola,9.8333,77.1333,0.0
2110,leptospirosis_probable,2020-06-04,Kerala,Idukki,Thodupuzha,9.8955,76.7241,0.0
2111,leptospirosis_probable,2020-06-05,Kerala,Pathanamthitta,Kozhenchery,9.2780841,76.9737443,0.0
2112,leptospirosis_probable,2020-07-06,Kerala,Palakkad,Chittur,10.7,76.75,0.0
2113,leptospirosis_probable,2020-07-07,Kerala,Kottayam,Meenachil,9.7167,76.6833,0.0
2114,leptospirosis_probable,2020-07-07,Kerala,Wayanad,Mananthavady,11.8,76.0,1.6124798171278027e-05
2115,leptospirosis_probable,2020-07-07,Kerala,Idukki,Devikulam,10.0667,77.1,0.0
2116,leptospirosis_probable,2020-07-08,Kerala,Idukki,Udumbanchola,9.8333,77.1333,0.0538899318481054
2117,leptospirosis_probable,2020-09-08,Kerala,Idukki,Idukki,9.8497872,76.9797914,0.0
2118,leptospirosis_probable,2020-09-08,Kerala,Kollam,Kollam,8.8879509,76.5955013,0.0
2118,leptospirosis_probable,2020-09-10,Kerala,Kollam,Kottarakkara,9.0002,76.7788,0.0
2119,leptospirosis_probable,2020-09-09,Kerala,Kannur,Iritty,11.9333,75.7,0.0
2120,leptospirosis_probable,2020-09-10,Kerala,Ernakulam,Muvattupuzha,9.9833,76.5833,0.0
2121,leptospirosis_probable,2020-09-10,Kerala,Alappuzha,Mavelikkara,9.2667,76.55,0.0
2121,leptospirosis_probable,2020-09-14,Kerala,Pathanamthitta,Mallappally,9.3833,76.6833,0.0
2122,leptospirosis_probable,2020-09-11,Kerala,Kannur,Payyanur,12.1,75.2,0.0
2123,leptospirosis_probable,2020-09-12,Kerala,Kozhikode,Vadakara,11.6,75.5833,0.0
2124,leptospirosis_probable,2020-09-12,Kerala,Ernakulam,North Paravur,10.1333,76.2,0.0
2125,leptospirosis_probable,2020-09-13,Kerala,Malappuram,Tirur,10.9167,75.9167,0.0
2126,leptospirosis_probable,2020-10-16,Kerala,Idukki,Devikulam,10.0667,77.1,0.0008491358861279
2127,leptospirosis_probable,2020-10-19,Kerala,Idukki,Thodupuzha,9.8955,76.7241,0.0
2128,leptospirosis_probable,2020-10-19,Kerala,Pathanamthitta,Konni,9.2667,76.9333,0.0
2129,leptospirosis_probable,2020-10-19,Kerala,Kozhikode,Kozhikode,11.2450558,75.7754716,0.0
2130,leptospirosis_probable,2020-10-19,Kerala,Malappuram,Ernad,11.1201,76.1197,0.0
2130,leptospirosis_probable,2020-10-27,Kerala,Malappuram,Tirurangadi,11.0,75.9333,0.0005884801963983
2131,leptospirosis_probable,2020-10-21,Kerala,Kannur,Payyanur,12.1,75.2,0.2995212083706012
2132,leptospirosis_probable,2020-10-22,Kerala,Kollam,Kollam,8.8879509,76.5955013,0.0024466276698133
2133,leptospirosis_probable,2020-10-22,Kerala,Alappuzha,Mavelikkara,9.2667,76.55,0.000444723940778
2133,leptospirosis_probable,2020-10-26,Kerala,Alappuzha,Mavelikkara,9.2667,76.55,0.8743930039275141
2134,leptospirosis_probable,2020-10-23,Kerala,Wayanad,Vythiri,11.6226,76.0813,0.0
2135,leptospirosis_probable,2020-10-24,Kerala,Ernakulam,North Paravur,10.1333,76.2,0.0
2135,leptospirosis_probable,2020-10-28,Kerala,Ernakulam,North Paravur,10.1333,76.2,0.0
2136,leptospirosis_probable,2020-10-24,Kerala,Palakkad,Mannarkkad,11.0,76.4667,0.0
2136,leptospirosis_probable,2020-10-26,Kerala,Palakkad,Mannarkkad,11.0,76.4667,0.0001612479817127
2137,leptospirosis_probable,2020-10-24,Kerala,Idukki,Idukki,9.8497872,76.9797914,7.329453714217285e-06
2138,leptospirosis_probable,2020-10-27,Kerala,Thiruvananthapuram,Thiruvananthapuram,8.4882267,76.947551,0.0008356985543185
2139,leptospirosis_probable,2020-11-27,Kerala,Thrissur,Chalakudy,10.3,76.3333,0.0
2139,leptospirosis_probable,2020-11-29,Kerala,Ernakulam,Aluva,10.1075,76.3516,0.0
2140,leptospirosis_probable,2020-11-27,Kerala,Kozhikode,Kozhikode,11.2450558,75.7754716,0.0
2141,leptospirosis_probable,2020-11-28,Kerala,Kollam,Punalur,9.0089,76.9269,0.0
2141,leptospirosis_probable,2020-11-30,Kerala,Kollam,Pathanapuram,9.1,76.87,0.0
2142,leptospirosis_probable,2020-11-29,Kerala,Alappuzha,Kuttanad,9.5833,76.4167,0.0001209359862845
2143,leptospirosis_probable,2021-04-02,Kerala,Alappuzha,Mavelikkara,9.2667,76.55,0.0006541512878311
2144,leptospirosis_probable,2021-06-05,Kerala,Palakkad,Alathur,10.6333,76.55,0.0
2145,leptospirosis_probable,2021-06-06,Kerala,Kasaragod,Hosdurg,12.3167,75.1,0.0
2146,leptospirosis_probable,2021-07-07,Kerala,Alappuzha,Kuttanad,9.5833,76.4167,0.0
2147,leptospirosis_probable,2021-07-07,Kerala,Ernakulam,Kunnathunad,10.1167,76.4833,0.0
2148,leptospirosis_probable,2021-07-08,Kerala,Idukki,Devikulam,10.0667,77.1,0.0003256937010613
2149,leptospirosis_probable,2021-09-08,Kerala,Palakkad,Ottapalam,10.7667,76.3667,0.0
2149,leptospirosis_probable,2021-09-13,Kerala,Palakkad,Palakkad,10.78789845,76.47408711,0.0
2149,leptospirosis_probable,2021-09-15,Kerala,Palakkad,Pattambi,10.8,76.2,0.0
2150,leptospirosis_probable,2021-09-09,Kerala,Kozhikode,Koyilandy,11.4333,75.7,0.0
2151,leptospirosis_probable,2021-09-10,Kerala,Kannur,Kannur,11.8763836,75.3737973,0.0
2152,leptospirosis_probable,2021-09-10,Kerala,Malappuram,Tirurangadi,11.0,75.9333,0.0
2153,leptospirosis_probable,2021-09-10,Kerala,Kasaragod,Hosdurg,12.3167,75.1,0.0005014191325911
2154,leptospirosis_probable,2021-09-11,Kerala,Thrissur,Kodungallur,10.2333,76.2,0.0
2154,leptospirosis_probable,2021-09-14,Kerala,Ernakulam,North Paravur,10.1333,76.2,0.0006573278947702
2154,leptospirosis_probable,2021-09-14,Kerala,Ernakulam,Kochi,9.9312,76.2673,0.0
2155,leptospirosis_probable,2021-09-11,Kerala,Wayanad,Vythiri,11.6226,76.0813,0.0003051858788288
2156,leptospirosis_probable,2021-09-12,Kerala,Thiruvananthapuram,Neyyattinkara,8.4004,77.0872,0.0
2157,leptospirosis_probable,2021-09-14,Kerala,Idukki,Idukki,9.8497872,76.9797914,0.0
2158,leptospirosis_probable,2021-09-14,Kerala,Pathanamthitta,Ranni,9.3833,76.9667,2.6874663618796715e-05
2159,leptospirosis_probable,2021-09-15,Kerala,Alappuzha,Cherthala,9.6833,76.3333,0.0014369846059885
2160,leptospirosis_probable,2021-10-17,Kerala,Kollam,Kottarakkara,9.0002,76.7788,0.0
2161,leptospirosis_probable,2021-10-17,Kerala,Kollam,Karunagappally,9.0574,76.5334,0.0
2162,leptospirosis_probable,2021-10-17,Kerala,Ernakulam,Aluva,10.1075,76.3516,0.0053457607866578
2163,leptospirosis_probable,2021-10-18,Kerala,Palakkad,Alathur,10.6333,76.55,0.0030896555828302
2163,leptospirosis_probable,2021-10-19,Kerala,Palakkad,Chittur,10.7,76.75,0.0197015373380744
2163,leptospirosis_probable,2021-10-23,Kerala,Palakkad,Alathur,10.6333,76.55,0.0
2164,leptospirosis_probable,2021-10-18,Kerala,Malappuram,Perinthalmanna,10.9667,76.2167,0.0
2164,leptospirosis_probable,2021-10-21,Kerala,Palakkad,Pattambi,10.8,76.2,0.0663101582433043
2165,leptospirosis_probable,2021-10-19,Kerala,Kasaragod,Hosdurg,12.3167,75.1,0.0013687318200091
2166,leptospirosis_probable,2021-10-19,Kerala,Idukki,Thodupuzha,9.8955,76.7241,0.0076097462225563
2166,leptospirosis_probable,2021-10-21,Kerala,Ernakulam,Muvattupuzha,9.9833,76.5833,0.0031408035764438
2167,leptospirosis_probable,2021-10-20,Kerala,Malappuram,Tirur,10.9167,75.9167,0.000476221269563
2167,leptospirosis_probable,2021-10-27,Kerala,Malappuram,Tirur,10.9167,75.9167,0.0095400539851247
2168,leptospirosis_probable,2021-10-24,Kerala,Thiruvananthapuram,Neyyattinkara,8.4004,77.0872,0.8399452977560921
2168,leptospirosis_probable,2021-10-27,Kerala,Thiruvananthapuram,Kattakkada,8.5667,77.1,0.0
2169,leptospirosis_probable,2021-10-25,Kerala,Alappuzha,Cherthala,9.6833,76.3333,0.0005166132130238
2170,leptospirosis_probable,2021-11-29,Kerala,Malappuram,Tirur,10.9167,75.9167,0.0
2171,leptospirosis_probable,2021-11-29,Kerala,Palakkad,Mannarkkad,11.0,76.4667,0.0
2172,leptospirosis_probable,2021-11-29,Kerala,Idukki,Peerumade,9.5667,76.9667,0.0
2173,leptospirosis_probable,2021-11-30,Kerala,Malappuram,Perinthalmanna,10.9667,76.2167,0.0
2174,leptospirosis_probable,2021-11-30,Kerala,Idukki,Udumbanchola,9.8333,77.1333,0.0007595508429883
2175,leptospirosis_probable,2022-04-01,Kerala,Ernakulam,Muvattupuzha,9.9833,76.5833,0.0003048844355306
2175,leptospirosis_probable,2022-04-02,Kerala,Ernakulam,Kothamangalam,10.0667,76.6333,0.0001612479817127
2176,leptospirosis_probable,2022-04-01,Kerala,Idukki,Idukki,9.8497872,76.9797914,0.0221151969191843
2177,leptospirosis_probable,2022-06-04,Kerala,Malappuram,Tirurangadi,11.0,75.9333,0.0
2177,leptospirosis_probable,2022-06-04,Kerala,Malappuram,Tirurangadi,11.0,75.9333,0.0
2178,leptospirosis_probable,2022-06-05,Kerala,Wayanad,Mananthavady,11.8,76.0,8.062399085639016e-05
2179,leptospirosis_probable,2022-06-05,Kerala,Kozhikode,Vadakara,11.6,75.5833,0.010467464585919
2180,leptospirosis_probable,2022-07-07,Kerala,Thrissur,Chavakkad,10.5833,76.0167,0.9216462707441262
2180,leptospirosis_probable,2022-07-07,Kerala,Thrissur,Chavakkad,10.5833,76.0167,4.031199542819508e-05
2181,leptospirosis_probable,2022-07-07,Kerala,Kannur,Kannur,11.8763836,75.3737973,0.0
2181,leptospirosis_probable,2022-07-07,Kerala,Kannur,Kannur,11.8763836,75.3737973,0.1230725220422795
2181,leptospirosis_probable,2022-07-08,Kerala,Kannur,Thalassery,11.75,75.4833,0.0
2182,leptospirosis_probable,2022-09-08,Kerala,Idukki,Thodupuzha,9.8955,76.7241,0.0008040892143045
2183,leptospirosis_probable,2022-09-08,Kerala,Kollam,Pathanapuram,9.1,76.87,0.0010455840041916
2183,leptospirosis_probable,2022-09-10,Kerala,Kollam,Punalur,9.0089,76.9269,0.9999999983333334
2184,leptospirosis_probable,2022-09-11,Kerala,Palakkad,Alathur,10.6333,76.55,0.0
2185,leptospirosis_probable,2022-09-12,Kerala,Kozhikode,Thamarassery,11.2667,75.9333,0.0
2185,leptospirosis_probable,2022-09-13,Kerala,Kozhikode,Thamarassery,11.2667,75.9333,0.0005795279225613
2186,leptospirosis_probable,2022-09-13,Kerala,Malappuram,Tirurangadi,11.0,75.9333,0.0307625826874383
2186,leptospirosis_probable,2022-09-15,Kerala,Malappuram,Tirur,10.9167,75.9167,0.0011488561776688
2187,leptospirosis_probable,2022-09-14,Kerala,Ernakulam,North Paravur,10.1333,76.2,0.0
2188,leptospirosis_probable,2022-09-14,Kerala,Kannur,Payyanur,12.1,75.2,0.0009674878902766
2188,leptospirosis_probable,2022-09-15,Kerala,Kasaragod,Nileshwaram,12.25,75.1,0.0
2189,leptospirosis_probable,2022-09-14,Kerala,Kollam,Kunnathoor,9.0292,76.627,0.0
2190,leptospirosis_probable,2022-09-15,Kerala,Palakkad,Mannarkkad,11.0,76.4667,0.0033862076159683
2191,leptospirosis_probable,2022-09-15,Kerala,Kottayam,Kottayam,9.6287383,76.64553257,0.0
2192,leptospirosis_probable,2022-10-17,Kerala,Palakkad,Pattambi,10.8,76.2,0.0
2193,leptospirosis_probable,2022-10-18,Kerala,Ernakulam,Kunnathunad,10.1167,76.4833,0.0
2193,leptospirosis_probable,2022-10-20,Kerala,Ernakulam,Kothamangalam,10.0667,76.6333,0.0166632039782987
2194,leptospirosis_probable,2022-10-18,Kerala,Kozhikode,Vadakara,11.6,75.5833,0.0007235889058177
2194,leptospirosis_probable,2022-10-21,Kerala,Kannur,Thalassery,11.75,75.4833,0.0049983158315242
2195,leptospirosis_probable,2022-10-19,Kerala,Idukki,Udumbanchola,9.8333,77.1333,0.0
2196,leptospirosis_probable,2022-10-21,Kerala,Kottayam,Vaikom,9.75,76.4,0.0
2197,leptospirosis_probable,2022-10-22,Kerala,Malappuram,Nilambur,11.2833,76.2333,0.0
2198,leptospirosis_probable,2022-10-28,Kerala,Kozhikode,Thamarassery,11.2667,75.9333,0.0014820064082663
2199,leptospirosis_probable,2022-11-27,Kerala,Kannur,Taliparamba,12.0333,75.35,0.0
2200,leptospirosis_probable,2022-11-27,Kerala,Kasaragod,Manjeshwaram,12.7167,74.8833,0.0002821839679973
2201,leptospirosis_probable,2022-11-27,Kerala,Alappuzha,Karthikappally,9.2833,76.4667,0.0
2201,leptospirosis_probable,2022-11-28,Kerala,Alappuzha,Karthikappally,9.2833,76.4667,4.031199542819508e-05
2201,leptospirosis_probable,2022-11-30,Kerala,Alappuzha,Mavelikkara,9.2667,76.55,0.0054208262271884
2202,leptospirosis_probable,2022-11-27,Kerala,Kozhikode,Vadakara,11.6,75.5833,0.4795676486085656
2202,leptospirosis_probable,2022-11-30,Kerala,Kannur,Thalassery,11.75,75.4833,0.0202296388133321
2203,leptospirosis_probable,2023-04-02,Kerala,Kannur,Iritty,11.9333,75.7,0.0
2204,leptospirosis_probable,2023-04-02,Kerala,Ernakulam,Kanayannur,9.98408,76.2741457,0.0
2205,leptospirosis_probable,2023-06-03,Kerala,Ernakulam,Muvattupuzha,9.9833,76.5833,0.0311291366254869
2206,leptospirosis_probable,2023-06-03,Kerala,Thiruvananthapuram,Kattakkada,8.5667,77.1,0.0121805928545879
2207,leptospirosis_probable,2023-06-04,Kerala,Thrissur,Kunnamkulam,10.65,76.0667,0.0
2208,leptospirosis_probable,2023-06-06,Kerala,Kottayam,Vaikom,9.75,76.4,0.0200385472925326
2209,leptospirosis_probable,2023-06-06,Kerala,Kollam,Kunnathoor,9.0292,76.627,0.0
2210,leptospirosis_probable,2023-07-07,Kerala,Wayanad,Sulthan Bathery,11.6667,76.2667,0.0003838136646328
2211,leptospirosis_probable,2023-07-22,Kerala,Idukki,Udumbanchola,9.8333,77.1333,0.0
2212,leptospirosis_probable,2023-09-09,Kerala,Malappuram,Perinthalmanna,10.9667,76.2167,0.0010077998857048
2213,leptospirosis_probable,2023-09-12,Kerala,Palakkad,Alathur,10.6333,76.55,0.0102535985123724
2213,leptospirosis_probable,2023-09-13,Kerala,Palakkad,Ottapalam,10.7667,76.3667,0.0052237079897429
2214,leptospirosis_probable,2023-09-14,Kerala,Kasaragod,Hosdurg,12.3167,75.1,0.0
2215,leptospirosis_probable,2023-09-14,Kerala,Kollam,Kollam,8.8879509,76.5955013,0.0
2216,leptospirosis_probable,2023-09-14,Kerala,Kottayam,Kottayam,9.6287383,76.64553257,0.0035005959850464
2216,leptospirosis_probable,2023-09-23,Kerala,Kottayam,Changanassery,9.45,76.5333,0.0
2217,leptospirosis_probable,2023-09-15,Kerala,Idukki,Udumbanchola,9.8333,77.1333,0.0001463176130356
2218,leptospirosis_probable,2023-09-23,Kerala,Ernakulam,Kanayannur,9.98408,76.2741457,0.0145228554859673
2219,leptospirosis_probable,2023-10-07,Kerala,Kannur,Iritty,11.9333,75.7,8.062399085639016e-05
2220,leptospirosis_probable,2023-10-14,Kerala,Alappuzha,Ambalappuzha,9.5006651,76.41241429,0.0007659279131357
2220,leptospirosis_probable,2023-10-26,Kerala,Pathanamthitta,Thiruvalla,9.3833,76.5833,0.0004031199542819
2221,leptospirosis_probable,2023-10-16,Kerala,Palakkad,Alathur,10.6333,76.55,0.0
2222,leptospirosis_probable,2023-10-17,Kerala,Pathanamthitta,Ranni,9.3833,76.9667,0.0010372920682669
2222,leptospirosis_probable,2023-10-19,Kerala,Pathanamthitta,Ranni,9.3833,76.9667,0.0287332283178496
2223,leptospirosis_probable,2023-10-19,Kerala,Kollam,Kunnathoor,9.0292,76.627,0.9999999983333334
2223,leptospirosis_probable,2023-10-20,Kerala,Kollam,Kollam,8.8879509,76.5955013,0.0211401313102923
2224,leptospirosis_probable,2023-10-20,Kerala,Malappuram,Ernad,11.1201,76.1197,0.0
2225,leptospirosis_probable,2023-10-21,Kerala,Kasaragod,Nileshwaram,12.25,75.1,0.0
2225,leptospirosis_probable,2023-10-24,Kerala,Kasaragod,Vellarikundu,12.4167,75.2333,0.0
2226,leptospirosis_probable,2023-10-25,Kerala,Idukki,Devikulam,10.0667,77.1,0.0290351777582171
2227,leptospirosis_probable,2023-10-27,Kerala,Kottayam,Kanjirappally,9.5667,76.7833,0.001269861779297
2228,leptospirosis_probable,2023-11-29,Kerala,Idukki,Udumbanchola,9.8333,77.1333,0.0643522249236427
2229,leptospirosis_probable,2024-06-04,Kerala,Kannur,Iritty,11.9333,75.7,0.0068819422831404
2230,leptospirosis_probable,2024-07-07,Kerala,Kottayam,Kottayam,9.6287383,76.64553257,0.0095316754677648
2231,leptospirosis_probable,2024-07-07,Kerala,Alappuzha,Ambalappuzha,9.5006651,76.41241429,0.0
2232,leptospirosis_probable,2024-07-08,Kerala,Ernakulam,Kanayannur,9.98408,76.2741457,5.690032332686208e-05
2233,leptospirosis_probable,2024-09-10,Kerala,Pathanamthitta,Kozhenchery,9.2780841,76.9737443,0.0052976672849765
2234,leptospirosis_probable,2024-09-11,Kerala,Ernakulam,Muvattupuzha,9.9833,76.5833,0.0007091165453381
2235,leptospirosis_probable,2024-09-13,Kerala,Thrissur,Kodungallur,10.2333,76.2,0.0005442549265616
2236,leptospirosis_probable,2024-10-18,Kerala,Idukki,Thodupuzha,9.8955,76.7241,0.0112580413437706
2237,leptospirosis_probable,2024-10-26,Kerala,Kozhikode,Thamarassery,11.2667,75.9333,0.0049190435599402
2238,leptospirosis_probable,2024-10-27,Kerala,Kasaragod,Nileshwaram,12.25,75.1,0.0
2239,malaria,2020-01-01,Kerala,Malappuram,Perinthalmanna,10.9667,76.2167,0.0
2240,malaria,2020-01-02,Kerala,Kasaragod,Hosdurg,12.3167,75.1,0.0
2241,malaria,2020-03-02,Kerala,Kozhikode,Kozhikode,11.2450558,75.7754716,0.0
2242,malaria,2020-03-03,Kerala,Ernakulam,Muvattupuzha,9.9833,76.5833,0.0
2243,malaria,2020-04-04,Kerala,Kannur,Kannur,11.8763836,75.3737973,0.0
2244,malaria,2020-04-05,Kerala,Ernakulam,Kothamangalam,10.0667,76.6333,0.0
2245,malaria,2020-04-05,Kerala,Malappuram,Perinthalmanna,10.9667,76.2167,0.0006990364770895
2246,malaria,2020-04-05,Kerala,Kollam,Karunagappally,9.0574,76.5334,0.0
2247,malaria,2020-04-06,Kerala,Kollam,Pathanapuram,9.1,76.87,0.0
2248,malaria,2020-05-07,Kerala,Kozhikode,Vadakara,11.6,75.5833,0.0
2249,malaria,2020-05-07,Kerala,Palakkad,Mannarkkad,11.0,76.4667,0.0
2250,malaria,2020-05-07,Kerala,Thiruvananthapuram,Thiruvananthapuram,8.4882267,76.947551,0.0
2251,malaria,2020-06-08,Kerala,Thrissur,Chalakudy,10.3,76.3333,0.0
2252,malaria,2020-06-09,Kerala,Pathanamthitta,Kozhenchery,9.2780841,76.9737443,0.0
2253,malaria,2020-08-11,Kerala,Thrissur,Mukundapuram,10.3333,76.2167,0.0
2254,malaria,2020-08-11,Kerala,Malappuram,Ponnani,10.7667,75.9167,0.0
2255,malaria,2020-08-12,Kerala,Kasaragod,Manjeshwaram,12.7167,74.8833,0.0
2256,malaria,2020-08-12,Kerala,Kannur,Payyanur,12.1,75.2,0.0
2257,malaria,2020-09-13,Kerala,Kasaragod,Manjeshwaram,12.7167,74.8833,0.0
2258,malaria,2020-09-13,Kerala,Idukki,Idukki,9.8497872,76.9797914,0.0
2259,malaria,2020-09-14,Kerala,Kollam,Kottarakkara,9.0002,76.7788,0.0
2260,malaria,2020-10-15,Kerala,Thiruvananthapuram,Varkala,8.7379,76.7163,0.0
2261,malaria,2020-10-17,Kerala,Thrissur,Chavakkad,10.5833,76.0167,0.0
2261,malaria,2020-10-21,Kerala,Thrissur,Kunnamkulam,10.65,76.0667,0.0
2261,malaria,2020-10-23,Kerala,Malappuram,Ponnani,10.7667,75.9167,0.0
2262,malaria,2020-10-17,Kerala,Malappuram,Ernad,11.1201,76.1197,0.0
2263,malaria,2020-10-19,Kerala,Thrissur,Mukundapuram,10.3333,76.2167,0.0104769137845545
2264,malaria,2020-10-19,Kerala,Wayanad,Vythiri,11.6226,76.0813,0.0
2265,malaria,2020-10-20,Kerala,Kottayam,Meenachil,9.7167,76.6833,0.0
2266,malaria,2020-10-20,Kerala,Kollam,Punalur,9.0089,76.9269,0.0
2266,malaria,2020-10-21,Kerala,Kollam,Punalur,9.0089,76.9269,0.0025814316515966
2267,malaria,2020-10-21,Kerala,Idukki,Peerumade,9.5667,76.9667,0.0
2267,malaria,2020-10-22,Kerala,Pathanamthitta,Ranni,9.3833,76.9667,0.0
2268,malaria,2020-10-21,Kerala,Kozhikode,Thamarassery,11.2667,75.9333,0.0
2269,malaria,2020-10-21,Kerala,Ernakulam,Kanayannur,9.98408,76.2741457,0.0
2270,malaria,2020-10-22,Kerala,Alappuzha,Karthikappally,9.2833,76.4667,0.0
2271,malaria,2020-10-22,Kerala,Kollam,Karunagappally,9.0574,76.5334,0.693384436300067
2272,malaria,2020-10-23,Kerala,Kasaragod,Kasaragod,12.5035577,74.9907022,0.0
2273,malaria,2020-10-23,Kerala,Palakkad,Alathur,10.6333,76.55,0.0
2274,malaria,2020-11-24,Kerala,Ernakulam,Kanayannur,9.98408,76.2741457,0.0004919699339556
2275,malaria,2020-11-24,Kerala,Idukki,Peerumade,9.5667,76.9667,0.0
2275,malaria,2020-11-25,Kerala,Pathanamthitta,Ranni,9.3833,76.9667,0.0
2276,malaria,2020-12-28,Kerala,Thrissur,Chavakkad,10.5833,76.0167,0.0
2277,malaria,2020-12-28,Kerala,Thrissur,Mukundapuram,10.3333,76.2167,0.0
2277,malaria,2020-12-29,Kerala,Thrissur,Kodungallur,10.2333,76.2,0.0
2278,malaria,2020-12-28,Kerala,Ernakulam,Kunnathunad,10.1167,76.4833,0.0
2279,malaria,2020-12-29,Kerala,Palakkad,Pattambi,10.8,76.2,0.0
2280,malaria,2020-12-30,Kerala,Thiruvananthapuram,Kattakkada,8.5667,77.1,0.0
2281,malaria,2020-12-31,Kerala,Idukki,Devikulam,10.0667,77.1,0.0
2282,malaria,2020-12-31,Kerala,Kollam,Kollam,8.8879509,76.5955013,0.0
2283,malaria,2021-01-01,Kerala,Kottayam,Kanjirappally,9.5667,76.7833,0.0
2284,malaria,2021-04-04,Kerala,Thrissur,Talappilly,10.6667,76.25,0.0
2285,malaria,2021-04-04,Kerala,Kannur,Thalassery,11.75,75.4833,0.0
2285,malaria,2021-04-05,Kerala,Kannur,Thalassery,11.75,75.4833,0.8076103715230004
2286,malaria,2021-04-04,Kerala,Idukki,Thodupuzha,9.8955,76.7241,0.0
2287,malaria,2021-04-04,Kerala,Pathanamthitta,Mallappally,9.3833,76.6833,0.0
2287,malaria,2021-04-05,Kerala,Pathanamthitta,Adoor,9.1667,76.7333,0.0
2288,malaria,2021-04-04,Kerala,Ernakulam,North Paravur,10.1333,76.2,0.0
2289,malaria,2021-05-07,Kerala,Kannur,Payyanur,12.1,75.2,0.0
2290,malaria,2021-05-08,Kerala,Palakkad,Chittur,10.7,76.75,0.0
2291,malaria,2021-05-08,Kerala,Thiruvananthapuram,Nedumangad,8.6036,77.0031,0.0
2292,malaria,2021-06-08,Kerala,Ernakulam,Kunnathunad,10.1167,76.4833,0.0784086714046973
2293,malaria,2021-08-11,Kerala,Pathanamthitta,Mallappally,9.3833,76.6833,0.0018299317529314
2293,malaria,2021-08-12,Kerala,Pathanamthitta,Mallappally,9.3833,76.6833,0.0015528911380285
2293,malaria,2021-08-12,Kerala,Pathanamthitta,Adoor,9.1667,76.7333,0.2454915212871568
2294,malaria,2021-09-13,Kerala,Palakkad,Pattambi,10.8,76.2,0.0
2295,malaria,2021-09-13,Kerala,Kannur,Iritty,11.9333,75.7,0.0
2296,malaria,2021-09-14,Kerala,Thiruvananthapuram,Chirayinkeezhu,8.6963,76.8153,0.0
2297,malaria,2021-09-14,Kerala,Thrissur,Chalakudy,10.3,76.3333,6.0467993142292616e-05
2298,malaria,2021-09-15,Kerala,Kottayam,Kanjirappally,9.5667,76.7833,0.2523341636762637
2299,malaria,2021-10-15,Kerala,Wayanad,Vythiri,11.6226,76.0813,0.0
2299,malaria,2021-10-18,Kerala,Wayanad,Mananthavady,11.8,76.0,0.0
2300,malaria,2021-10-18,Kerala,Palakkad,Ottapalam,10.7667,76.3667,0.0
2301,malaria,2021-10-19,Kerala,Kottayam,Changanassery,9.45,76.5333,0.0
2302,malaria,2021-10-20,Kerala,Ernakulam,Kochi,9.9312,76.2673,0.0
2303,malaria,2021-10-21,Kerala,Alappuzha,Cherthala,9.6833,76.3333,1.6124798171278027e-05
2304,malaria,2021-10-21,Kerala,Kannur,Taliparamba,12.0333,75.35,0.0
2305,malaria,2021-10-21,Kerala,Kasaragod,Vellarikundu,12.4167,75.2333,0.0
2305,malaria,2021-10-24,Kerala,Kasaragod,Nileshwaram,12.25,75.1,0.0
2306,malaria,2021-10-21,Kerala,Pathanamthitta,Konni,9.2667,76.9333,0.0
2307,malaria,2021-11-24,Kerala,Thrissur,Kodungallur,10.2333,76.2,0.0003863519483742
2308,malaria,2021-11-24,Kerala,Thrissur,Thrissur,10.5256264,76.2132542,0.0017334158034123
2309,malaria,2021-11-24,Kerala,Pathanamthitta,Ranni,9.3833,76.9667,0.3185540050686183
2310,malaria,2021-11-25,Kerala,Ernakulam,Kothamangalam,10.0667,76.6333,0.0
2311,malaria,2021-11-25,Kerala,Idukki,Udumbanchola,9.8333,77.1333,0.0
2312,malaria,2021-11-25,Kerala,Kollam,Karunagappally,9.0574,76.5334,0.0
2313,malaria,2021-11-26,Kerala,Kottayam,Meenachil,9.7167,76.6833,0.0
2314,malaria,2021-12-27,Kerala,Pathanamthitta,Adoor,9.1667,76.7333,0.0010853125260804
2314,malaria,2022-01-01,Kerala,Pathanamthitta,Konni,9.2667,76.9333,0.0
2315,malaria,2021-12-29,Kerala,Thrissur,Talappilly,10.6667,76.25,0.0
2315,malaria,2022-01-02,Kerala,Palakkad,Ottapalam,10.7667,76.3667,0.002535039496635
2316,malaria,2021-12-30,Kerala,Wayanad,Mananthavady,11.8,76.0,0.0055394000719919
2317,malaria,2022-01-01,Kerala,Ernakulam,North Paravur,10.1333,76.2,0.0
2318,malaria,2022-04-03,Kerala,Palakkad,Pattambi,10.8,76.2,0.007360971382155
2319,malaria,2022-04-04,Kerala,Thrissur,Kodungallur,10.2333,76.2,0.0047905668625644
2319,malaria,2022-04-05,Kerala,Thrissur,Chalakudy,10.3,76.3333,0.006565096398306
2320,malaria,2022-04-04,Kerala,Kottayam,Changanassery,9.45,76.5333,0.2780111085731179
2321,malaria,2022-04-05,Kerala,Pathanamthitta,Konni,9.2667,76.9333,0.9999999983333334
2322,malaria,2022-04-06,Kerala,Thiruvananthapuram,Neyyattinkara,8.4004,77.0872,0.0
2323,malaria,2022-05-07,Kerala,Thrissur,Kunnamkulam,10.65,76.0667,0.0
2324,malaria,2022-06-10,Kerala,Pathanamthitta,Konni,9.2667,76.9333,0.0
2325,malaria,2022-08-11,Kerala,Kannur,Taliparamba,12.0333,75.35,0.0243599609749048
2326,malaria,2022-09-12,Kerala,Kollam,Kollam,8.8879509,76.5955013,8.958221206265572e-05
2327,malaria,2022-09-12,Kerala,Thiruvananthapuram,Kattakkada,8.5667,77.1,0.0006133365839295
2328,malaria,2022-09-13,Kerala,Kannur,Iritty,11.9333,75.7,0.0
2329,malaria,2022-09-13,Kerala,Idukki,Peerumade,9.5667,76.9667,0.0
2330,malaria,2022-09-14,Kerala,Kottayam,Changanassery,9.45,76.5333,0.0
2331,malaria,2022-09-14,Kerala,Wayanad,Vythiri,11.6226,76.0813,0.0
2332,malaria,2022-10-16,Kerala,Malappuram,Kondotty,11.15,75.9667,0.0
2333,malaria,2022-10-17,Kerala,Palakkad,Palakkad,10.78789845,76.47408711,0.0
2334,malaria,2022-10-17,Kerala,Thiruvananthapuram,Neyyattinkara,8.4004,77.0872,0.0
2335,malaria,2022-10-19,Kerala,Alappuzha,Kuttanad,9.5833,76.4167,0.0
2336,malaria,2022-10-23,Kerala,Malappuram,Nilambur,11.2833,76.2333,0.0
2337,malaria,2022-11-23,Kerala,Thrissur,Chavakkad,10.5833,76.0167,0.0
2338,malaria,2022-11-24,Kerala,Pathanamthitta,Kozhenchery,9.2780841,76.9737443,0.0
2339,malaria,2022-11-26,Kerala,Alappuzha,Kuttanad,9.5833,76.4167,0.0
2340,malaria,2022-11-26,Kerala,Thiruvananthapuram,Neyyattinkara,8.4004,77.0872,0.0151792691734696
2341,malaria,2022-12-27,Kerala,Thrissur,Kodungallur,10.2333,76.2,0.0293384553355912
2342,malaria,2022-12-28,Kerala,Kollam,Pathanapuram,9.1,76.87,0.0117216258944572
2343,malaria,2022-12-29,Kerala,Malappuram,Nilambur,11.2833,76.2333,0.0522932995101263
2343,malaria,2023-01-02,Kerala,Malappuram,Nilambur,11.2833,76.2333,0.0039744847946078
2344,malaria,2023-01-01,Kerala,Thiruvananthapuram,Varkala,8.7379,76.7163,0.0002015599771409
2345,malaria,2023-03-03,Kerala,Thiruvananthapuram,Nedumangad,8.6036,77.0031,0.0
2346,malaria,2023-03-03,Kerala,Pathanamthitta,Thiruvalla,9.3833,76.5833,0.0
2347,malaria,2023-04-05,Kerala,Malappuram,Tirurangadi,11.0,75.9333,0.0
2348,malaria,2023-06-03,Kerala,Kollam,Pathanapuram,9.1,76.87,2.5397914458045536e-05
2349,malaria,2023-06-09,Kerala,Malappuram,Tirur,10.9167,75.9167,0.0
2350,malaria,2023-06-10,Kerala,Thrissur,Chavakkad,10.5833,76.0167,0.5068967584829708
2351,malaria,2023-06-10,Kerala,Thiruvananthapuram,Nedumangad,8.6036,77.0031,0.0186938303780086
2352,malaria,2023-06-10,Kerala,Ernakulam,Aluva,10.1075,76.3516,0.0
2353,malaria,2023-06-24,Kerala,Palakkad,Chittur,10.7,76.75,0.0
2354,malaria,2023-08-12,Kerala,Thiruvananthapuram,Neyyattinkara,8.4004,77.0872,0.0
2355,malaria,2023-08-26,Kerala,Palakkad,Ottapalam,10.7667,76.3667,0.0
2356,malaria,2023-09-13,Kerala,Thrissur,Chalakudy,10.3,76.3333,0.0010291382965651
2357,malaria,2023-10-07,Kerala,Malappuram,Ernad,11.1201,76.1197,0.0004031199542819
2357,malaria,2023-10-18,Kerala,Malappuram,Perinthalmanna,10.9667,76.2167,0.0
2358,malaria,2023-10-16,Kerala,Alappuzha,Chenganoor,9.3167,76.6167,0.0
2358,malaria,2023-10-19,Kerala,Pathanamthitta,Thiruvalla,9.3833,76.5833,0.0022967066897444
2359,malaria,2023-10-18,Kerala,Thiruvananthapuram,Neyyattinkara,8.4004,77.0872,0.0002488005967833
2360,malaria,2023-10-20,Kerala,Ernakulam,Kunnathunad,10.1167,76.4833,0.010360192504756
2361,malaria,2023-11-26,Kerala,Wayanad,Vythiri,11.6226,76.0813,6.0467993142292616e-05
2362,malaria,2023-12-16,Kerala,Alappuzha,Karthikappally,9.2833,76.4667,0.0166401742220293
2363,malaria,2023-12-27,Kerala,Wayanad,Vythiri,11.6226,76.0813,6.910627787690584e-05
2364,malaria,2023-12-31,Kerala,Idukki,Udumbanchola,9.8333,77.1333,0.0128296679235552
2365,malaria,2024-01-01,Kerala,Thiruvananthapuram,Neyyattinkara,8.4004,77.0872,0.0
2366,malaria,2024-01-01,Kerala,Alappuzha,Chenganoor,9.3167,76.6167,0.0707404631799739
2367,malaria,2024-01-27,Kerala,Palakkad,Pattambi,10.8,76.2,0.000356442906944
2368,malaria,2024-04-04,Kerala,Kottayam,Changanassery,9.45,76.5333,0.0
2369,malaria,2024-04-20,Kerala,Kasaragod,Vellarikundu,12.4167,75.2333,0.0
2370,malaria,2024-05-07,Kerala,Wayanad,Sulthan Bathery,11.6667,76.2667,0.0
2371,malaria,2024-06-10,Kerala,Palakkad,Pattambi,10.8,76.2,0.0036780300621378
2372,malaria,2024-08-11,Kerala,Thrissur,Talappilly,10.6667,76.25,0.0110454190226683
2373,malaria,2024-09-13,Kerala,Ernakulam,Kanayannur,9.98408,76.2741457,8.062399085639016e-05
2374,malaria,2024-11-25,Kerala,Idukki,Udumbanchola,9.8333,77.1333,0.9999999983333334
2375,measles,2020-06-06,Kerala,Ernakulam,Kanayannur,9.98408,76.2741457,0.0
2376,measles,2020-10-19,Kerala,Palakkad,Pattambi,10.8,76.2,0.0
2377,measles,2020-12-31,Kerala,Kasaragod,Hosdurg,12.3167,75.1,0.0
2378,rabies_confirmed,2022-05-05,Kerala,Alappuzha,Mavelikkara,9.2667,76.55,0.0
2379,rabies_confirmed,2022-05-08,Kerala,Palakkad,Mannarkkad,11.0,76.4667,0.0
2380,rabies_confirmed,2022-08-13,Kerala,Kollam,Pathanapuram,9.1,76.87,0.0
2381,rabies_confirmed,2022-10-20,Kerala,Kasaragod,Manjeshwaram,12.7167,74.8833,0.0
2382,rabies_confirmed,2022-10-21,Kerala,Kannur,Iritty,11.9333,75.7,0.0
2383,rabies_confirmed,2022-11-28,Kerala,Thrissur,Chalakudy,10.3,76.3333,0.0
2384,rabies_confirmed,2023-10-22,Kerala,Kottayam,Vaikom,9.75,76.4,0.0
2385,rabies_confirmed,2023-11-25,Kerala,Kasaragod,Nileshwaram,12.25,75.1,0.0
2386,rabies_confirmed,2024-08-16,Kerala,Kozhikode,Kozhikode,11.2450558,75.7754716,0.0
2387,rabies_probable,2022-05-03,Kerala,Kasaragod,Vellarikundu,12.4167,75.2333,0.0
2387,rabies_probable,2022-05-12,Kerala,Kasaragod,Hosdurg,12.3167,75.1,0.0
2388,rabies_probable,2022-11-28,Kerala,Thiruvananthapuram,Thiruvananthapuram,8.4882267,76.947551,0.0
2389,rabies_probable,2023-05-08,Kerala,Kottayam,Changanassery,9.45,76.5333,0.0
2390,rabies_probable,2023-05-09,Kerala,Ernakulam,Kothamangalam,10.0667,76.6333,0.0
2391,rabies_probable,2024-11-23,Kerala,Kasaragod,Vellarikundu,12.4167,75.2333,0.0122514136778868
2392,rabies_unsplit,2021-07-08,Kerala,Ernakulam,North Paravur,10.1333,76.2,0.0
2393,scrub_typhus,2020-03-01,Kerala,Thiruvananthapuram,Kattakkada,8.5667,77.1,0.0
2393,scrub_typhus,2020-03-02,Kerala,Thiruvananthapuram,Neyyattinkara,8.4004,77.0872,0.0
2394,scrub_typhus,2020-03-01,Kerala,Kasaragod,Vellarikundu,12.4167,75.2333,0.0
2395,scrub_typhus,2020-05-04,Kerala,Thrissur,Thrissur,10.5256264,76.2132542,0.0
2396,scrub_typhus,2020-05-04,Kerala,Thiruvananthapuram,Kattakkada,8.5667,77.1,0.0
2397,scrub_typhus,2020-05-04,Kerala,Kollam,Pathanapuram,9.1,76.87,0.0
2398,scrub_typhus,2020-05-05,Kerala,Malappuram,Kondotty,11.15,75.9667,0.0
2399,scrub_typhus,2020-07-06,Kerala,Ernakulam,Kochi,9.9312,76.2673,0.0
2400,scrub_typhus,2020-07-06,Kerala,Idukki,Devikulam,10.0667,77.1,0.0
2401,scrub_typhus,2020-07-06,Kerala,Alappuzha,Mavelikkara,9.2667,76.55,0.0
2402,scrub_typhus,2020-08-07,Kerala,Palakkad,Pattambi,10.8,76.2,0.0
2403,scrub_typhus,2020-08-07,Kerala,Palakkad,Alathur,10.6333,76.55,0.0
2404,scrub_typhus,2020-09-09,Kerala,Kollam,Karunagappally,9.0574,76.5334,0.0
2405,scrub_typhus,2020-09-09,Kerala,Thiruvananthapuram,Nedumangad,8.6036,77.0031,0.0
2406,scrub_typhus,2020-09-11,Kerala,Kozhikode,Koyilandy,11.4333,75.7,0.0
2407,scrub_typhus,2020-10-14,Kerala,Ernakulam,Kochi,9.9312,76.2673,0.0
2408,scrub_typhus,2020-10-14,Kerala,Kottayam,Kottayam,9.6287383,76.64553257,0.0
2409,scrub_typhus,2020-10-16,Kerala,Wayanad,Vythiri,11.6226,76.0813,0.0
2410,scrub_typhus,2020-10-17,Kerala,Kasaragod,Manjeshwaram,12.7167,74.8833,0.0
2411,scrub_typhus,2020-10-17,Kerala,Alappuzha,Karthikappally,9.2833,76.4667,0.0
2412,scrub_typhus,2020-10-18,Kerala,Ernakulam,Muvattupuzha,9.9833,76.5833,0.0
2413,scrub_typhus,2020-11-20,Kerala,Thiruvananthapuram,Thiruvananthapuram,8.4882267,76.947551,0.0
2414,scrub_typhus,2020-11-20,Kerala,Pathanamthitta,Adoor,9.1667,76.7333,0.0
2415,scrub_typhus,2020-11-21,Kerala,Palakkad,Mannarkkad,11.0,76.4667,0.0
2416,scrub_typhus,2020-11-22,Kerala,Palakkad,Alathur,10.6333,76.55,0.0
2417,scrub_typhus,2020-11-22,Kerala,Kottayam,Changanassery,9.45,76.5333,0.0
2418,scrub_typhus,2020-12-25,Kerala,Kannur,Thalassery,11.75,75.4833,0.0
2419,scrub_typhus,2020-12-27,Kerala,Kollam,Karunagappally,9.0574,76.5334,0.0038778181429303
2420,scrub_typhus,2020-12-30,Kerala,Palakkad,Pattambi,10.8,76.2,0.0009839398679112
2421,scrub_typhus,2021-03-01,Kerala,Ernakulam,Kochi,9.9312,76.2673,0.0
2422,scrub_typhus,2021-05-04,Kerala,Kasaragod,Manjeshwaram,12.7167,74.8833,0.0
2423,scrub_typhus,2021-07-05,Kerala,Kozhikode,Vadakara,11.6,75.5833,0.0
2424,scrub_typhus,2021-07-06,Kerala,Kollam,Punalur,9.0089,76.9269,0.0
2425,scrub_typhus,2021-07-06,Kerala,Idukki,Udumbanchola,9.8333,77.1333,0.0
2426,scrub_typhus,2021-07-06,Kerala,Malappuram,Ernad,11.1201,76.1197,0.0
2427,scrub_typhus,2021-07-06,Kerala,Thrissur,Thrissur,10.5256264,76.2132542,0.9139773175505572
2428,scrub_typhus,2021-07-07,Kerala,Thiruvananthapuram,Chirayinkeezhu,8.6963,76.8153,0.0
2429,scrub_typhus,2021-08-07,Kerala,Kottayam,Meenachil,9.7167,76.6833,0.0
2430,scrub_typhus,2021-08-08,Kerala,Palakkad,Pattambi,10.8,76.2,0.0569872867110347
2431,scrub_typhus,2021-08-08,Kerala,Kozhikode,Koyilandy,11.4333,75.7,0.0
2432,scrub_typhus,2021-09-09,Kerala,Idukki,Idukki,9.8497872,76.9797914,0.0
2433,scrub_typhus,2021-09-09,Kerala,Malappuram,Tirurangadi,11.0,75.9333,0.0
2434,scrub_typhus,2021-09-10,Kerala,Thrissur,Chavakkad,10.5833,76.0167,0.0
2435,scrub_typhus,2021-09-11,Kerala,Malappuram,Perinthalmanna,10.9667,76.2167,0.0
2436,scrub_typhus,2021-09-12,Kerala,Kollam,Kollam,8.8879509,76.5955013,0.0
2437,scrub_typhus,2021-10-14,Kerala,Pathanamthitta,Mallappally,9.3833,76.6833,0.0002418719725691
2437,scrub_typhus,2021-10-16,Kerala,Kottayam,Changanassery,9.45,76.5333,0.0
2438,scrub_typhus,2021-10-15,Kerala,Kozhikode,Vadakara,11.6,75.5833,0.0148338129288856
2439,scrub_typhus,2021-10-17,Kerala,Kollam,Punalur,9.0089,76.9269,0.0048374870536255
2440,scrub_typhus,2021-10-18,Kerala,Kannur,Payyanur,12.1,75.2,0.0
2441,scrub_typhus,2021-10-19,Kerala,Malappuram,Tirur,10.9167,75.9167,0.0
2442,scrub_typhus,2021-11-19,Kerala,Palakkad,Alathur,10.6333,76.55,0.0781034788277056
2443,scrub_typhus,2021-11-19,Kerala,Kasaragod,Hosdurg,12.3167,75.1,0.0
2444,scrub_typhus,2021-11-20,Kerala,Pathanamthitta,Adoor,9.1667,76.7333,0.0
2445,scrub_typhus,2021-11-20,Kerala,Pathanamthitta,Ranni,9.3833,76.9667,0.0
2446,scrub_typhus,2021-11-21,Kerala,Ernakulam,Kothamangalam,10.0667,76.6333,0.0
2447,scrub_typhus,2021-11-21,Kerala,Idukki,Udumbanchola,9.8333,77.1333,0.0002030874393392
2448,scrub_typhus,2021-11-22,Kerala,Thrissur,Mukundapuram,10.3333,76.2167,2.015599771409754e-05
2449,scrub_typhus,2021-12-29,Kerala,Pathanamthitta,Adoor,9.1667,76.7333,0.0
2450,scrub_typhus,2022-03-01,Kerala,Malappuram,Tirur,10.9167,75.9167,0.0014333034637283
2450,scrub_typhus,2022-03-01,Kerala,Malappuram,Tirur,10.9167,75.9167,0.0018242610873959
2451,scrub_typhus,2022-03-01,Kerala,Kozhikode,Thamarassery,11.2667,75.9333,0.0
2452,scrub_typhus,2022-03-01,Kerala,Ernakulam,Kunnathunad,10.1167,76.4833,0.0
2453,scrub_typhus,2022-03-01,Kerala,Thrissur,Kodungallur,10.2333,76.2,0.0
2454,scrub_typhus,2022-05-04,Kerala,Alappuzha,Chenganoor,9.3167,76.6167,0.0
2455,scrub_typhus,2022-07-06,Kerala,Palakkad,Mannarkkad,11.0,76.4667,0.0372260549699021
2456,scrub_typhus,2022-08-07,Kerala,Alappuzha,Kuttanad,9.5833,76.4167,0.0
2457,scrub_typhus,2022-08-08,Kerala,Pathanamthitta,Kozhenchery,9.2780841,76.9737443,0.0
2458,scrub_typhus,2022-08-08,Kerala,Palakkad,Ottapalam,10.7667,76.3667,0.0
2459,scrub_typhus,2022-08-08,Kerala,Ernakulam,Kunnathunad,10.1167,76.4833,0.0
2460,scrub_typhus,2022-09-11,Kerala,Alappuzha,Kuttanad,9.5833,76.4167,0.003113928912825
2461,scrub_typhus,2022-09-12,Kerala,Malappuram,Nilambur,11.2833,76.2333,0.0
2462,scrub_typhus,2022-10-14,Kerala,Palakkad,Palakkad,10.78789845,76.47408711,0.0
2463,scrub_typhus,2022-10-15,Kerala,Palakkad,Chittur,10.7,76.75,0.0
2464,scrub_typhus,2022-10-15,Kerala,Kasaragod,Kasaragod,12.5035577,74.9907022,0.0
2465,scrub_typhus,2022-10-16,Kerala,Kannur,Iritty,11.9333,75.7,0.0
2465,scrub_typhus,2022-10-18,Kerala,Kannur,Iritty,11.9333,75.7,0.003743014161147
2466,scrub_typhus,2022-10-17,Kerala,Thrissur,Kunnamkulam,10.65,76.0667,0.0003838136646328
2467,scrub_typhus,2022-10-18,Kerala,Idukki,Peerumade,9.5667,76.9667,0.0
2468,scrub_typhus,2022-10-19,Kerala,Kollam,Pathanapuram,9.1,76.87,0.0003935759471644
2469,scrub_typhus,2022-11-19,Kerala,Pathanamthitta,Ranni,9.3833,76.9667,0.0004838708118359
2470,scrub_typhus,2022-11-20,Kerala,Alappuzha,Karthikappally,9.2833,76.4667,0.0
2471,scrub_typhus,2022-11-21,Kerala,Kottayam,Kottayam,9.6287383,76.64553257,0.0
2471,scrub_typhus,2022-11-23,Kerala,Kottayam,Meenachil,9.7167,76.6833,4.031199542819508e-05
2472,scrub_typhus,2022-11-22,Kerala,Palakkad,Palakkad,10.78789845,76.47408711,0.489863563098541
2473,scrub_typhus,2022-11-22,Kerala,Malappuram,Ernad,11.1201,76.1197,0.0
2474,scrub_typhus,2022-11-22,Kerala,Thrissur,Talappilly,10.6667,76.25,0.0
2475,scrub_typhus,2022-11-23,Kerala,Ernakulam,North Paravur,10.1333,76.2,0.0
2476,scrub_typhus,2022-12-26,Kerala,Kozhikode,Koyilandy,11.4333,75.7,0.0040295746483747
2477,scrub_typhus,2022-12-27,Kerala,Kasaragod,Hosdurg,12.3167,75.1,0.0
2478,scrub_typhus,2022-12-28,Kerala,Kollam,Kunnathoor,9.0292,76.627,0.0
2479,scrub_typhus,2022-12-28,Kerala,Idukki,Peerumade,9.5667,76.9667,0.0103945472849666
2480,scrub_typhus,2022-12-28,Kerala,Kottayam,Kottayam,9.6287383,76.64553257,0.0101404536637414
2481,scrub_typhus,2022-12-30,Kerala,Pathanamthitta,Konni,9.2667,76.9333,0.0
2482,scrub_typhus,2022-12-30,Kerala,Thrissur,Chavakkad,10.5833,76.0167,0.0
2483,scrub_typhus,2022-12-30,Kerala,Thiruvananthapuram,Thiruvananthapuram,8.4882267,76.947551,0.0
2484,scrub_typhus,2022-12-30,Kerala,Idukki,Idukki,9.8497872,76.9797914,0.4784777033413006
2485,scrub_typhus,2023-03-01,Kerala,Kasaragod,Nileshwaram,12.25,75.1,0.0
2486,scrub_typhus,2023-03-01,Kerala,Pathanamthitta,Kozhenchery,9.2780841,76.9737443,0.0
2486,scrub_typhus,2023-03-02,Kerala,Pathanamthitta,Ranni,9.3833,76.9667,0.0
2487,scrub_typhus,2023-05-04,Kerala,Pathanamthitta,Mallappally,9.3833,76.6833,0.015742614261839
2488,scrub_typhus,2023-07-05,Kerala,Ernakulam,North Paravur,10.1333,76.2,0.0021396833473771
2489,scrub_typhus,2023-07-06,Kerala,Kozhikode,Kozhikode,11.2450558,75.7754716,0.0
2490,scrub_typhus,2023-08-08,Kerala,Kannur,Iritty,11.9333,75.7,0.0
2491,scrub_typhus,2023-09-09,Kerala,Idukki,Peerumade,9.5667,76.9667,0.0
2492,scrub_typhus,2023-09-09,Kerala,Alappuzha,Chenganoor,9.3167,76.6167,0.0
2493,scrub_typhus,2023-09-12,Kerala,Pathanamthitta,Kozhenchery,9.2780841,76.9737443,0.2025074510612792
2494,scrub_typhus,2023-10-14,Kerala,Wayanad,Mananthavady,11.8,76.0,0.0
2495,scrub_typhus,2023-10-15,Kerala,Malappuram,Tirurangadi,11.0,75.9333,0.0
2496,scrub_typhus,2023-10-18,Kerala,Kozhikode,Thamarassery,11.2667,75.9333,0.0029925622628511
2497,scrub_typhus,2023-10-21,Kerala,Kasaragod,Hosdurg,12.3167,75.1,0.0
2498,scrub_typhus,2023-11-04,Kerala,Pathanamthitta,Konni,9.2667,76.9333,0.0001482413135926
2498,scrub_typhus,2023-11-11,Kerala,Pathanamthitta,Ranni,9.3833,76.9667,0.0062483592913702
2499,scrub_typhus,2023-11-19,Kerala,Pathanamthitta,Adoor,9.1667,76.7333,0.1599948279686945
2499,scrub_typhus,2023-11-19,Kerala,Kollam,Kottarakkara,9.0002,76.7788,0.0
2499,scrub_typhus,2023-11-21,Kerala,Kollam,Kunnathoor,9.0292,76.627,0.0002975133932991
2499,scrub_typhus,2023-11-23,Kerala,Kollam,Pathanapuram,9.1,76.87,0.0008625805031959
2500,scrub_typhus,2023-12-09,Kerala,Kollam,Kunnathoor,9.0292,76.627,0.006403498677576
2501,scrub_typhus,2023-12-23,Kerala,Alappuzha,Kuttanad,9.5833,76.4167,0.0
2502,scrub_typhus,2023-12-26,Kerala,Kollam,Kunnathoor,9.0292,76.627,0.0142159032723132
2503,scrub_typhus,2023-12-29,Kerala,Palakkad,Palakkad,10.78789845,76.47408711,0.0001074986544751
2503,scrub_typhus,2023-12-30,Kerala,Palakkad,Palakkad,10.78789845,76.47408711,0.0002418719725691
2504,scrub_typhus,2023-12-31,Kerala,Kottayam,Meenachil,9.7167,76.6833,0.0004057771455511
2505,scrub_typhus,2024-05-03,Kerala,Pathanamthitta,Konni,9.2667,76.9333,0.0118106402887549
2506,scrub_typhus,2024-05-03,Kerala,Ernakulam,Kanayannur,9.98408,76.2741457,0.0
2507,scrub_typhus,2024-05-04,Kerala,Kollam,Kottarakkara,9.0002,76.7788,0.0
2507,scrub_typhus,2024-05-04,Kerala,Kollam,Kottarakkara,9.0002,76.7788,0.0036280795885375
2508,scrub_typhus,2024-05-25,Kerala,Palakkad,Palakkad,10.78789845,76.47408711,0.0
2509,scrub_typhus,2024-07-05,Kerala,Alappuzha,Chenganoor,9.3167,76.6167,0.0818552627168685
2510,scrub_typhus,2024-07-05,Kerala,Malappuram,Tirurangadi,11.0,75.9333,0.000349661055923
2511,scrub_typhus,2024-07-06,Kerala,Palakkad,Alathur,10.6333,76.55,0.0027813773496549
2512,scrub_typhus,2024-08-07,Kerala,Thiruvananthapuram,Neyyattinkara,8.4004,77.0872,0.0
2513,scrub_typhus,2024-09-09,Kerala,Thrissur,Chavakkad,10.5833,76.0167,0.9999999983333334
2514,scrub_typhus,2024-09-11,Kerala,Kottayam,Meenachil,9.7167,76.6833,0.0363774635007506
2515,scrub_typhus,2024-10-16,Kerala,Kottayam,Kottayam,9.6287383,76.64553257,0.0009043620518078
2515,scrub_typhus,2024-10-18,Kerala,Kottayam,Kottayam,9.6287383,76.64553257,0.0
2516,scrub_typhus,2024-11-21,Kerala,Ernakulam,Kanayannur,9.98408,76.2741457,0.0103350406875632
2517,scrub_typhus,2024-12-27,Kerala,Malappuram,Tirurangadi,11.0,75.9333,0.0
2518,shigella,2020-03-06,Kerala,Ernakulam,Kothamangalam,10.0667,76.6333,0.0
2519,shigella,2020-04-09,Kerala,Thiruvananthapuram,Nedumangad,8.6036,77.0031,0.0
2520,shigella,2020-04-13,Kerala,Palakkad,Mannarkkad,11.0,76.4667,0.0
2521,shigella,2020-10-30,Kerala,Ernakulam,North Paravur,10.1333,76.2,0.0
2522,shigella,2020-10-31,Kerala,Kollam,Pathanapuram,9.1,76.87,0.0
2523,shigella,2020-10-31,Kerala,Idukki,Idukki,9.8497872,76.9797914,0.0
2524,shigella,2021-02-01,Kerala,Kottayam,Kottayam,9.6287383,76.64553257,0.0
2525,shigella,2021-02-01,Kerala,Alappuzha,Mavelikkara,9.2667,76.55,0.0
2526,shigella,2021-03-07,Kerala,Kollam,Pathanapuram,9.1,76.87,0.0008491358861279
2527,shigella,2021-04-13,Kerala,Kollam,Punalur,9.0089,76.9269,0.0
2528,shigella,2021-05-15,Kerala,Kozhikode,Kozhikode,11.2450558,75.7754716,0.0
2529,shigella,2021-05-16,Kerala,Kannur,Iritty,11.9333,75.7,0.0
2530,shigella,2021-05-17,Kerala,Thrissur,Chalakudy,10.3,76.3333,0.0
2531,shigella,2021-08-20,Kerala,Pathanamthitta,Konni,9.2667,76.9333,0.0
2532,shigella,2021-10-24,Kerala,Malappuram,Nilambur,11.2833,76.2333,0.0
2533,shigella,2021-10-28,Kerala,Malappuram,Tirur,10.9167,75.9167,0.0
2534,shigella,2021-10-28,Kerala,Ernakulam,Kochi,9.9312,76.2673,0.0
2535,shigella,2022-02-01,Kerala,Kollam,Karunagappally,9.0574,76.5334,0.0
2536,shigella,2022-04-08,Kerala,Ernakulam,Aluva,10.1075,76.3516,0.0
2537,shigella,2022-04-14,Kerala,Palakkad,Mannarkkad,11.0,76.4667,0.0348634663476588
2538,shigella,2022-08-20,Kerala,Kottayam,Meenachil,9.7167,76.6833,0.0
2539,shigella,2022-08-21,Kerala,Kottayam,Changanassery,9.45,76.5333,0.0
2540,shigella,2022-10-23,Kerala,Idukki,Peerumade,9.5667,76.9667,0.0
2541,shigella,2022-10-24,Kerala,Palakkad,Ottapalam,10.7667,76.3667,0.0
2542,shigella,2022-10-28,Kerala,Ernakulam,Kochi,9.9312,76.2673,0.3158199294957244
2543,shigella,2022-10-30,Kerala,Kasaragod,Manjeshwaram,12.7167,74.8833,0.0
2544,shigella,2022-10-30,Kerala,Alappuzha,Kuttanad,9.5833,76.4167,0.0001751159772114
2545,shigella,2023-03-07,Kerala,Alappuzha,Kuttanad,9.5833,76.4167,0.0017847066243839
2546,shigella,2023-04-10,Kerala,Malappuram,Ernad,11.1201,76.1197,8.755798860574261e-05
2547,shigella,2023-04-14,Kerala,Kasaragod,Nileshwaram,12.25,75.1,2.6874663618796715e-05
2548,shigella,2023-08-19,Kerala,Kollam,Kunnathoor,9.0292,76.627,0.0
2549,shigella,2023-08-19,Kerala,Kannur,Taliparamba,12.0333,75.35,0.0
2550,shigella,2023-08-21,Kerala,Thrissur,Talappilly,10.6667,76.25,0.0
2551,shigella,2023-08-21,Kerala,Kasaragod,Nileshwaram,12.25,75.1,0.1392503093336861
2552,shigella,2023-10-23,Kerala,Kannur,Payyanur,12.1,75.2,0.0
2553,shigella,2023-10-25,Kerala,Kottayam,Meenachil,9.7167,76.6833,0.0003828260817169
2554,shigella,2023-10-26,Kerala,Idukki,Udumbanchola,9.8333,77.1333,0.0
2555,shigella,2023-10-28,Kerala,Kasaragod,Manjeshwaram,12.7167,74.8833,0.0008289798884138
2556,shigella,2024-03-06,Kerala,Ernakulam,Muvattupuzha,9.9833,76.5833,0.0
2557,shigella,2024-03-07,Kerala,Idukki,Peerumade,9.5667,76.9667,0.000476221269563
2558,shigella,2024-04-09,Kerala,Malappuram,Ponnani,10.7667,75.9167,0.0
2559,shigella,2024-08-20,Kerala,Malappuram,Ponnani,10.7667,75.9167,0.076608973648337
2560,shigella,2024-08-21,Kerala,Thrissur,Mukundapuram,10.3333,76.2167,0.0
2561,typhoid,2020-02-02,Kerala,Kasaragod,Kasaragod,12.5035577,74.9907022,0.0
2562,typhoid,2020-06-04,Kerala,Kasaragod,Manjeshwaram,12.7167,74.8833,0.0
2563,typhoid,2020-09-09,Kerala,Ernakulam,Kothamangalam,10.0667,76.6333,0.0
2564,typhoid,2020-10-18,Kerala,Thiruvananthapuram,Varkala,8.7379,76.7163,0.0
2565,typhoid,2020-10-18,Kerala,Thiruvananthapuram,Kattakkada,8.5667,77.1,0.0
2566,typhoid,2020-11-23,Kerala,Thrissur,Kunnamkulam,10.65,76.0667,0.0
2567,typhoid,2020-11-24,Kerala,Kottayam,Changanassery,9.45,76.5333,0.0
2568,typhoid,2020-12-26,Kerala,Kozhikode,Vadakara,11.6,75.5833,0.0
2569,typhoid,2020-12-28,Kerala,Kottayam,Kottayam,9.6287383,76.64553257,0.0
2570,typhoid,2020-12-31,Kerala,Palakkad,Pattambi,10.8,76.2,0.0
2571,typhoid,2021-02-02,Kerala,Malappuram,Nilambur,11.2833,76.2333,0.0
2572,typhoid,2021-02-03,Kerala,Thrissur,Thrissur,10.5256264,76.2132542,0.0
2573,typhoid,2021-09-07,Kerala,Kannur,Thalassery,11.75,75.4833,0.0
2574,typhoid,2021-09-10,Kerala,Thiruvananthapuram,Kattakkada,8.5667,77.1,0.9515884092850632
2575,typhoid,2021-09-12,Kerala,Ernakulam,North Paravur,10.1333,76.2,0.0
2576,typhoid,2021-10-16,Kerala,Idukki,Devikulam,10.0667,77.1,0.0
2577,typhoid,2021-11-19,Kerala,Wayanad,Sulthan Bathery,11.6667,76.2667,0.0
2578,typhoid,2021-11-21,Kerala,Pathanamthitta,Konni,9.2667,76.9333,0.0
2578,typhoid,2021-11-24,Kerala,Pathanamthitta,Konni,9.2667,76.9333,0.0
2579,typhoid,2021-11-21,Kerala,Kannur,Taliparamba,12.0333,75.35,0.0
2580,typhoid,2021-12-25,Kerala,Kannur,Taliparamba,12.0333,75.35,0.0152731619369399
2581,typhoid,2021-12-26,Kerala,Thrissur,Kunnamkulam,10.65,76.0667,0.0
2582,typhoid,2021-12-27,Kerala,Kollam,Punalur,9.0089,76.9269,0.0
2583,typhoid,2021-12-29,Kerala,Wayanad,Mananthavady,11.8,76.0,0.0
2584,typhoid,2021-12-30,Kerala,Kasaragod,Nileshwaram,12.25,75.1,0.0
2585,typhoid,2022-02-01,Kerala,Wayanad,Sulthan Bathery,11.6667,76.2667,0.0066907480715805
2586,typhoid,2022-02-02,Kerala,Kozhikode,Thamarassery,11.2667,75.9333,0.0
2587,typhoid,2022-02-02,Kerala,Malappuram,Tirur,10.9167,75.9167,0.0
2588,typhoid,2022-02-03,Kerala,Thrissur,Kodungallur,10.2333,76.2,0.0
2589,typhoid,2022-06-04,Kerala,Thrissur,Talappilly,10.6667,76.25,0.0
2590,typhoid,2022-06-04,Kerala,Wayanad,Sulthan Bathery,11.6667,76.2667,0.0005312448588116
2591,typhoid,2022-06-05,Kerala,Kannur,Taliparamba,12.0333,75.35,0.0
2592,typhoid,2022-09-06,Kerala,Pathanamthitta,Adoor,9.1667,76.7333,0.0
2592,typhoid,2022-09-11,Kerala,Kollam,Kottarakkara,9.0002,76.7788,0.0
2593,typhoid,2022-09-08,Kerala,Thrissur,Chalakudy,10.3,76.3333,0.0
2593,typhoid,2022-09-11,Kerala,Thrissur,Chalakudy,10.3,76.3333,0.9999999983333334
2594,typhoid,2022-09-11,Kerala,Idukki,Peerumade,9.5667,76.9667,0.0
2595,typhoid,2022-10-13,Kerala,Kollam,Kunnathoor,9.0292,76.627,0.0
2595,typhoid,2022-10-13,Kerala,Kollam,Karunagappally,9.0574,76.5334,0.0
2596,typhoid,2022-10-14,Kerala,Thrissur,Kodungallur,10.2333,76.2,0.0
2596,typhoid,2022-10-17,Kerala,Thrissur,Chalakudy,10.3,76.3333,0.0
2597,typhoid,2022-10-18,Kerala,Kasaragod,Hosdurg,12.3167,75.1,0.0
2598,typhoid,2022-11-19,Kerala,Thiruvananthapuram,Neyyattinkara,8.4004,77.0872,0.0
2598,typhoid,2022-11-22,Kerala,Thiruvananthapuram,Kattakkada,8.5667,77.1,0.0
2599,typhoid,2022-11-20,Kerala,Wayanad,Vythiri,11.6226,76.0813,0.0
2600,typhoid,2022-11-20,Kerala,Pathanamthitta,Mallappally,9.3833,76.6833,0.0
2601,typhoid,2022-11-23,Kerala,Kollam,Kunnathoor,9.0292,76.627,0.0
2602,typhoid,2022-11-23,Kerala,Thrissur,Chalakudy,10.3,76.3333,0.0
2603,typhoid,2022-12-29,Kerala,Wayanad,Mananthavady,11.8,76.0,0.0060815322551733
2604,typhoid,2022-12-30,Kerala,Kottayam,Vaikom,9.75,76.4,0.0
2605,typhoid,2023-02-01,Kerala,Pathanamthitta,Kozhenchery,9.2780841,76.9737443,0.0
2606,typhoid,2023-02-03,Kerala,Wayanad,Sulthan Bathery,11.6667,76.2667,0.0
2607,typhoid,2023-06-04,Kerala,Wayanad,Vythiri,11.6226,76.0813,0.0702731865045223
2608,typhoid,2023-06-05,Kerala,Kannur,Iritty,11.9333,75.7,0.0
2609,typhoid,2023-06-05,Kerala,Kasaragod,Nileshwaram,12.25,75.1,0.0
2609,typhoid,2023-06-06,Kerala,Kasaragod,Vellarikundu,12.4167,75.2333,0.0
2610,typhoid,2023-09-07,Kerala,Alappuzha,Cherthala,9.6833,76.3333,0.0
2611,typhoid,2023-10-13,Kerala,Thiruvananthapuram,Thiruvananthapuram,8.4882267,76.947551,0.0
2612,typhoid,2023-10-13,Kerala,Thrissur,Chavakkad,10.5833,76.0167,0.0
2613,typhoid,2023-10-16,Kerala,Kozhikode,Kozhikode,11.2450558,75.7754716,0.0
2614,typhoid,2023-10-18,Kerala,Malappuram,Ernad,11.1201,76.1197,0.0
2615,typhoid,2023-10-18,Kerala,Palakkad,Palakkad,10.78789845,76.47408711,0.0
2616,typhoid,2023-11-19,Kerala,Ernakulam,Muvattupuzha,9.9833,76.5833,0.0014192119468498
2617,typhoid,2023-11-20,Kerala,Alappuzha,Karthikappally,9.2833,76.4667,0.0
2618,typhoid,2023-11-20,Kerala,Kottayam,Vaikom,9.75,76.4,0.0016579597768276
2619,typhoid,2023-11-22,Kerala,Kozhikode,Thamarassery,11.2667,75.9333,0.0543468333785981
2620,typhoid,2023-12-09,Kerala,Malappuram,Nilambur,11.2833,76.2333,0.0
2621,typhoid,2023-12-25,Kerala,Thrissur,Talappilly,10.6667,76.25,0.0
2622,typhoid,2023-12-26,Kerala,Pathanamthitta,Kozhenchery,9.2780841,76.9737443,0.4071764869327785
2623,typhoid,2023-12-27,Kerala,Kasaragod,Manjeshwaram,12.7167,74.8833,0.0
2624,typhoid,2024-02-01,Kerala,Thrissur,Thrissur,10.5256264,76.2132542,5.473771651465052e-05
2625,typhoid,2024-02-02,Kerala,Malappuram,Perinthalmanna,10.9667,76.2167,0.0
2626,typhoid,2024-02-03,Kerala,Wayanad,Mananthavady,11.8,76.0,0.0033484952650038
2627,typhoid,2024-09-12,Kerala,Wayanad,Mananthavady,11.8,76.0,0.0057825272463943
2628,typhoid,2024-10-13,Kerala,Malappuram,Kondotty,11.15,75.9667,0.0
2629,typhoid,2024-10-14,Kerala,Kasaragod,Hosdurg,12.3167,75.1,0.0
2630,typhoid,2024-10-17,Kerala,Thiruvananthapuram,Neyyattinkara,8.4004,77.0872,0.0
2631,west_nile_confirmed,2022-10-21,Kerala,Malappuram,Ponnani,10.7667,75.9167,0.0
2632,west_nile_confirmed,2022-10-22,Kerala,Kasaragod,Manjeshwaram,12.7167,74.8833,0.0
2633,west_nile_confirmed,2023-08-15,Kerala,Palakkad,Mannarkkad,11.0,76.4667,0.0
2634,west_nile_confirmed,2024-08-13,Kerala,Kollam,Pathanapuram,9.1,76.87,0.0
2635,west_nile_probable,2024-04-04,Kerala,Kasaragod,Manjeshwaram,12.7167,74.8833,0.0
2636,west_nile_probable,2024-09-13,Kerala,Palakkad,Chittur,10.7,76.75,0.0
2637,west_nile_probable,2024-10-16,Kerala,Thrissur,Chalakudy,10.3,76.3333,0.0
2638,west_nile_probable,2024-11-24,Kerala,Thrissur,Chavakkad,10.5833,76.0167,0.0
2639,zika,2021-09-03,Kerala,Malappuram,Ernad,11.1201,76.1197,0.0
2640,zika,2021-09-10,Kerala,Kasaragod,Hosdurg,12.3167,75.1,0.0
2641,zika,2022-11-28,Kerala,Thiruvananthapuram,Neyyattinkara,8.4004,77.0872,0.0
2642,zika,2023-10-13,Kerala,Kannur,Kannur,11.8763836,75.3737973,0.0
2643,zika,2023-10-21,Kerala,Pathanamthitta,Thiruvalla,9.3833,76.5833,0.0
